smiles,name,bioactivity_class
C[C@H]1C(=c2cc(ccc2=[NH+]1)Cl)CCN(Cc3ccc[nH+]c3)C(=S)Nc4cc(ccc4OC)OC,C63655273,inactive
Cn1cc(c2c1cccc2)C(=O)NNC(=O)CCNS(=O)(=O)c3ccc(cc3)OC(F)(F)F,C10736994,inactive
Nc1nccc2n(cnc12)[C@@H]1C=C(CO)[C@@H](O)[C@H]1O,50096906,active
c1ccc(cc1)CC(=O)NC(=S)Nc2ccccc2C(=O)Nc3ccc(cc3)Nc4ccccc4,C14006018,inactive
Cc1cccc(c1NC(=O)C[NH+](C)Cc2nc(c3c(csc3n2)c4ccc(cc4)Cl)[O-])C,C57293376,inactive
COc1ccc(cc1OC)[C@@H]2C[C@@H](n3c(c(c(n3)C(=O)Nc4ccc5c(c4)OCO5)Cl)N2)C(F)(F)F,C00867132,inactive
C[C@H]1Cc2cc(ccc2O1)C(=O)C3=C(C(=O)N([C@H]3c4ccc(cc4)OCC=C)c5nc6ccc(cc6s5)F)O,C97956550,inactive
Cc1ccc(cc1)S(=O)(=O)NC(C)(C)C[NH+]2CCN(CC2)CC(C)(C)NS(=O)(=O)c3ccc(cc3)C,C19832601,inactive
C[NH+]1CCN(CC1)c2ccc(cc2)NC(=S)NC(=O)c3cc4ccccc4c(c3OC)Br,C08898277,inactive
COc1cc(cc(c1OC)OC)C(=O)c2cc(ccc2N/C=C(/C#N)\c3nc(cs3)c4cccc(c4)Br)Cl,C97966521,inactive
Cc1c([nH+]c(nc1N(C)CCc2ccc(c(c2)OC)OC)SCc3ccc(cc3)C(=O)NCC(C)C)C,C36064148,inactive
Cc1ccc(c(c1)NC(=O)CSC2=C([C@@H](C(=C(N2)C)C(=O)OCC=C)c3ccc(c(c3)OC)O)C#N)C,C20080879,inactive
c1ccc2c(c1)c(cc(n2)c3cccc[nH+]3)c4nn(c(=S)o4)C[NH+]5CCC[C@@H]5c6cccs6,C13070092,inactive
[H]/N=C/CCN(CCC=[NH2+])c1ccc(cc1)/C=C\2/CN(C(=[NH+]2)c3ccccc3)NC(=O)c4ccc(cc4)Cl,C16957850,inactive
COc1cc(cc(c1OC[C@@H](c2ccc3c(c2)OCCO3)O)Br)C[NH2+]Cc4ccco4,C20877198,inactive
C[C@@H]1C[C@@H]2[C@@H](c3ccc(c(c3O[C@@]24[C@@H](C1)[C@@H](NC(=[NH+]4)SCC=C)c5ccc(cc5)OC)O)O)c6ccc(cc6)OC,C97966182,inactive
CC(C)(C)CC(C)(C)NC(=O)[C@H](c1ccc(c(c1)OC)O)N(C)C(=O)Cc2ccc(cc2)Br,C36528527,inactive
COc1cc(C)[nH]c(=O)c1CN1CCc2c(Cl)cc([C@@H](OC)C3COC3)c(Cl)c2C1=O,CHEMBL4062204,active
CCN([C@H]1CC[C@@H](CC1)N(C)Cc1cccc(OC)c1)c1cc(Cl)cc(C(=O)NCc2c(C)n(CC)[nH]c2=O)c1C,310777,active
COc1ccc(cc1)N2CC[NH+](CC2)CC(=O)Nc3c4cc(ccc4[nH]c3C(=O)OC)Br,C02272260,inactive
CS(=O)(=O)Nc1ccc(c(c1)NS(=O)(=O)c2ccccc2Cl)Cl,C55588141,inactive
c1ccc2c(c1)CC[NH+](C2)[C@@H](CNC(=O)c3ccc(cc3)S(=O)(=O)N4CCCC4)c5ccsc5,C38674093,inactive
Cc1c(c2ccccc2[nH]1)C(=O)/C(=c/3\n(c(=O)/c(=C/c4cccc[nH+]4)/s3)c5ccc(cc5)Cl)/C#N,C13139819,inactive
c1cc(sc1)c2cc(c(c([nH+]2)SCc3nc(nc(n3)N4CCOCC4)N)C#N)C(F)(F)F,C12374995,inactive
CCOc1cc(ccc1OCc2ccccc2)[C@H]3C(=C(C(=O)N3CCC[NH+](C)C)O)C(=O)c4ccc5c(c4)C[C@@H](O5)C,C97969881,inactive
CCN1CC[NH+](CC1)[C@H](c2cccs2)[C@H](C)NC(=S)Nc3ccc(cc3)Br,C22784399,inactive
CC(C)C[C@@H](C(=O)NC[C@H]1CCCO1)NC(=O)[C@@H]2CC3=c4ccccc4=[NH+][C@@H]3[C@@H]5N2C(=O)c6c5cccc6,C63383564,inactive
CN(C)C12CCC(CC1)(CC2)C1(C)Oc2c(O1)c(Cl)c1CCN(Cc3c(C)cc(C)[nH]c3=O)C(=O)c1c2C,588031,active
Cc1cc(C)c(CNC(=O)c2cccc3c2ncn3C(C)C)c(=O)[nH]1,CHEMBL3770275,inactive
Cc1cc(n([nH+]1)[C@H](C)C(=O)Nc2ccc(cc2Cl)NC(=O)C[C@H](C)c3ccccc3OC)C,C97547521,inactive
CCN(C1CCOCC1)c1cc(cc(C(=O)NCc2c(C)cc(C)[nH]c2=O)c1C)-c1ccc(CNCC(F)F)cc1,172097,active
CC[NH+](CC)CCOc1cc(ccc1OC)NC(=O)c2c(c3cc(ccc3[nH]2)Br)Cl,C62626343,inactive
CN1[C@H]([C@@H](c2cc(c(cc2C1=O)OC)OC)C(=O)Nc3cc(ccc3OC)Cl)c4ccc(c(c4)OC)OC,C03621431,inactive
c1ccc(cc1)C[C@@H]2[C@H]3[C@@H](C(=O)N(C3=O)c4cccc(c4)Cl)[C@@]5([NH2+]2)c6ccccc6N(C5=O)Cc7ccccc7,C33354996,inactive
c1cc(ccc1NC(=O)CN2CC[NH+](CC2)CC(=O)NCC3(CCCCC3)[NH+]4CCCCC4)F,C22791260,inactive
CCOc1cccc(c1O)[C@H]2CC(=N[C@H]([NH2+]2)c3ccc(c(c3)Br)OC)c4cccc(c4)OC,C09542577,inactive
c1cc(ccc1NC(=O)N2CCN(CC2)c3cc[nH+]c4c3ccc(c4)Cl)OC(F)(F)F,C08618184,inactive
CCOC(=O)c1ccc(cc1)NC(=O)CN2c3ccccc3/C(=C/4\C(=O)N(C(=S)S4)CCc5ccccc5)/C2=O,C98226692,inactive
Cc1cc(C)c(CNC(=O)c2cc(cc3n(ncc23)C2CCCC2)C2=CC(C)(C)NC(C)(C)C2)c(=O)[nH]1,326104,active
C=C1C([C@@H]([C@@H](C(=N1)SCC(=O)Nc2ccc(cc2)Br)C#N)c3cc[nH+]cc3)C(=O)Nc4ccc(cc4)Cl,C11024236,inactive
C/C(=N/NC(=[NH2+])S[C@@H]1CC(=O)N(C1=O)c2ccc(cc2)Cl)/c3ccc(s3)Br,C12378764,inactive
c1cc(ccc1C2=C[C@H](N=N2)[C@@H]3N=N[C@@H](N3[NH3+])SCC(=O)Nc4ccc(cn4)Br)Cl,C38990393,inactive
Cc1c(c(=O)n(n1C)c2ccccc2)NC(=S)N/C(=N/S(=O)(=O)c3ccc(cc3)Cl)/c4ccccc4,C17527756,inactive
C[NH+](C)CC[NH+]1CCN(CC1)c2nc(c3c(n(nc3n2)c4cccc(c4)F)N)c5cccc(c5)F,C37361190,inactive
Cc1ccc(cc1)N2C(=O)[C@@H]3[C@H]([NH2+][C@@]([C@H]3C2=O)(c4ccccc4)C(=O)OC)c5ccc(c(c5)OC)O,C12497392,inactive
COc1ccccc1CNC(=O)[C@@H](CC2=c3ccccc3=[NH+]C2)NS(=O)(=O)c4ccc(cc4)Cl,C63780733,inactive
C[C@@H](C(=O)NC1CCCCCC1)NC(=O)[C@H]2C(S[C@@H]3N2C(=O)c4c3cccc4)(C)C,C16021817,inactive
COc1ccc(cc1)CCC(=O)N[C@@H](CCSC)C(=O)N2CCC3(CC2)c4c([nH]cn4)CC[NH2+]3,C95190777,inactive
CN(Cc1ccccc1)S(=O)(=O)c2ccc(cc2)C(=O)Nc3ccccc3C4[NH+]=c5ccccc5=[NH+]4,C63667475,inactive
CCCC[NH2+]CC(=O)Nc1nnc(s1)SCC(=O)Nc2ccc(cc2)Br,C59435194,inactive
c1cc(ccc1F)S(=O)(=O)N2CCC3(CC2)C(=[NH+]CCN3)NCc4ccc(c(c4)Cl)F,C65074637,inactive
CCC1=C[C@H]2C[C@@](c3c(c4ccccc4[nH]3)CC[NH+](C2)C1)(c5cc6c(cc5OC)N([C@H]7[C@]68CCN9[C@@H]8[C@@](C=CC9)([C@H]([C@@]7(C(=O)OC)O)OC(=O)C)CC)C=O)C(=O)OC,C94303128,inactive
c1cc(cc(c1)F)NC(=O)N2Cc3c([nH]c[nH+]3)C[C@H]2c4nc(no4)c5ccc(cc5)C(F)(F)F,C15675774,inactive
CCOC(=O)c1c2c(sc1NC(=O)CSc3nncn3c4ccccc4F)C([NH2+]C(C2)(C)C)(C)C,C12562884,inactive
c1cc(sc1)[C@@H](CC(=O)NCCC2=CCCCC2)NS(=O)(=O)c3ccc(cc3)Br,C02938856,inactive
c1cc(ccc1N2CC[NH+](CC2)CC(=O)Nc3c(cc(cc3Br)[N+](=O)[O-])Br)F,C21265607,inactive
COc1cc(cc(c1OC)OC)CN(Cc2ccc[nH+]c2)C(=S)Nc3ccc(cc3)Oc4ccccc4,C59170043,inactive
c1ccc(cc1)COc2ccc3c(c2)c(c[nH]3)[C@@H](C(=O)[O-])[NH+]4CCN(CC4)CC[NH+]5CCCC5,C31816084,inactive
c1ccc(cc1)Cn2c(=O)c3ccc(cc3[nH]c2=S)/C(=[NH+]/Cc4ccccc4Cl)/O,C20102254,inactive
C[NH+]1CCc2cc(c(cc2[C@H]1Cc3ccc(cc3)OC)Oc4cc(ccc4O)C[C@H]5c6cc(c(cc6CCN5C)OC)OC)OC,C98230017,inactive
Cn1ccnc1[C@@H](c2ccc(cc2)Cl)NC(=O)CCCNc3cc[nH+]c4c3ccc(c4)Cl,C36397179,inactive
c1cc(ccc1NC(=O)[C@@H]2[C@H]3C=C[C@@]4([C@@H]2C(=O)N([C@@H]4C(=O)NC5CCCCC5)CC[NH+]6CCCCC6)O3)Cl,C38147214,inactive
Cc1cc(nc(n1)SCC(=O)N(Cc2ccc[nH+]c2)[C@@H](c3ccc(c(c3)OC)OC)C(=O)Nc4ccc(cc4)OC)C,C08695669,inactive
COc1ccc(cc1)C(c2ccccc2)(c3ccc(cc3)OC)OC[C@@H]4[C@H]([C@@H]([C@@H]([C@H](O4)Oc5ccc(cc5)[N+](=O)[O-])O)O)O,C77311673,inactive
CC[C@@H](c1c2c(sc1n3cccc3)C[NH+](CC2)CC)NC(=O)NC45CC6CC(C4)CC(C6)C5,C20532226,inactive
CC(=O)NNC(=O)CSc1nnc(n1N)N/N=C/c2cc(c(c(c2)OC)OC)OC,C20920245,inactive
CCN(C1CCOCC1)c1cc(cc(C(=O)NCc2c(C)cc(C)[nH]c2=O)c1C)-c1ccc(CN2CCN(CCCCCCOc3cccc4C(=O)N(C5CCC(=O)NC5=O)C(=O)c34)CC2)cc1,50582388,active
Cc1cccc(c1)Nc2c3ccccc3c([nH+]n2)c4ccc(c(c4)S(=O)(=O)NCc5[nH]c6ccccc6n5)C,C06023432,inactive
COc1ccc(cc1O)[C@@H]2[C@H]3CC=C[C@@H]3c4cc(ccc4N2)S(=O)(=O)NCCc5ccccc5,C14456954,inactive
C/C(=N\NC(=[NH2+])S[C@@H]1CC(=O)N(C1=O)c2ccc(cc2)OC)/c3ccc(cc3)C4CCCCC4,C59489297,inactive
Cc1cc(ccc1OCC(=O)NCc2ccc[nH+]c2)S(=O)(=O)Nc3ccc(cc3)F,C16552416,inactive
Cc1ccc(cc1)OCCCn2cccc2/C=C\3/C(=[NH2+])N4C(=[NH+]SC4=NC3=O)SCc5ccccc5,C13514523,inactive
c1ccc(cc1)CSc2nnc(s2)NC(=O)CSc3nc([nH]n3)N/N=C/c4cccc(c4)O,C20906441,inactive
CCc1ccccc1N(C)S(=O)(=O)c2ccc3c(c2)c(=O)c(c[nH]3)/C(=[NH+]/CCc4ccccc4)/O,C09543252,inactive
Cc1[nH]c(=O)c(CN2CCc3c(Cl)cc(N4CC5(C4)CCOCC5)c(Cl)c3C2=O)c2CCNc12,378893,active
C[C@H]1Cc2cc(ccc2O1)C(=O)C3=C(C(=O)N([C@H]3c4ccc(cc4)C(=O)OC)c5nnc(s5)SCc6cccc7c6cccc7)O,C97970087,inactive
C[C@@H](C(=O)Nc1cc(ccc1F)F)OC(=O)c2cccc(c2)S(=O)(=O)Nc3cccc(c3)Cl,C22195576,inactive
CCCCn1c(nnc1SCC(=O)Nn2c(nc3c(c2=O)cc(s3)C)C)c4cc(nc5c4c(nn5C)C)C,C98046242,inactive
CCCCOc1ccc(cc1)C(=O)Oc2ccc(cc2)/C=N/NC(=O)C(=O)Nc3ccccc3C(=O)Nc4ccc(cc4)C,C04260911,inactive
C[C@H](C(=O)Nc1nccs1)N2C(=O)/C(=C/c3cc(ccc3O)Cl)/SC2=S,C15048863,inactive
c1ccc(cc1)OCCCOc2ccc(cc2)/C=c\3/c(=[NH2+])n-4[nH]/c(=C/C(=O)N5CCCC5)/sc4nc3=O,C49694352,inactive
CCn\1c(=O)/c(=C/2\C=Cc3cc(ccc3N2CC)OC)/s/c1=C/4\C(=O)N(C(=S)S4)N,C17282378,inactive
Cc1cc(c(cc1S(=O)(=O)Nc2cc(c(cc2Cc3c4cc(c(cc4cc[nH+]3)OC)OC)OC)OC)OC)OC,C98043058,inactive
CCN(C1CCOCC1)c1cc(cc(C(=O)NCc2c(cc(C)[nH]c2=O)C(C)C)c1C)-c1ccc(nc1)N1CCC(CC1)N(C)C,172185,active
COc1cc(ccc1O)[C@H]2[C@@H]3CC=C[C@@H]3c4cc(ccc4N2)S(=O)(=O)NCCc5ccccc5,C14458873,inactive
CCN(C1CCN(CC1)C(C)=O)c1cc(cc(C(=O)NCc2c(C)cc(C)nc2=O)c1C)-c1ccc(CN2CCOCC2)cc1,172119,active
CCOc1ccc(cc1OC)c2c3c([nH]n2)OC(=C([C@@H]3c4cccc(c4OC)OC)C#N)[NH3+],C09361365,inactive
COc1ccc(cc1)CCN\2C(=O)[C@@H](S/C2=N\c3ccc(cc3)F)CC(=O)Nc4ccc(cc4)C(=O)OC,C97960239,inactive
CCN(c1cc(/C=C/c2ccc(/C=C/C(=O)OC)cc2)cc(C(=O)NCc2c(C)c3c([nH]c2=O)CCCC3)c1C)C1CCOCC1,CHEMBL4646348,active
CN(C1CCCCC1)c1cc(cc(C(=O)NCc2c(C)cc(C)[nH]c2=O)c1C)-c1cnn(C)c1,172006,active
COc1cc(ccc1O)C[C@]2(C(=O)NC(=O)N(C2=O)c3ccccc3)C[NH+]4C[C@H]5C[C@@H](C4)c6cccc(=O)n6C5,C70680791,inactive
COc1ccc(cc1)c2c3c([nH]n2)OC(=C([C@H]3c4ccc(c(c4)CSC5=[NH+]CCS5)OC)C#N)N,C08437641,inactive
c1ccc2c(c1)cccc2OC[C@H](N3CC[NH+](CC3)C[C@H](O)Oc4cccc5c4cccc5)O,C19362829,inactive
c1cc(cc(c1)F)c2nc(on2)c3cn(c[nH+]3)Cc4ccc(cc4)NS(=O)(=O)c5ccc(cc5)Cl,C32974786,inactive
CCN(CC)c1ccc(cc1)/[NH+]=C\2/N(C(=O)/C(=C/3\N(c4cc(ccc4S3)OC)C)/S2)c5ccc(cc5)O,C04124796,inactive
CC(CN(C)CCO)c1cc(Cl)c2CCN(Cc3c(C)cc(C)[nH]c3=O)C(=O)c2c1Cl,435510,active
c1cc(ncc1S(=O)(=O)N2CCOCC2)SCc3nc(c4c5c(sc4n3)CCCCC5)N,C10536338,inactive
CCc1c(C(=O)NCc2c(C)cc(C)[nH]c2=O)cc(Cl)cc1N(CC)[C@H]1CC[C@H](N(C)C)CC1,CHEMBL3896120,active
Cc1ccc(cc1I)C(=O)NC(=S)Nc2ccc(cc2C)[N+](=O)[O-],C12500528,inactive
CC(c1cc(c(cc1)OCCOCCOc2c(cc(cc2)C(C)(C)C)/N=C/c3c(cccc3)O)/N=C/c4c(cccc4)O)(C)C,C04013842,inactive
C1CN(CC[NH+]1CCCNC(=O)C(C(C(F)(F)F)(F)F)(F)F)CCCNC(=O)C(C(C(F)(F)F)(F)F)(F)F,C22790430,inactive
CC(C)n1ncc2c(cc(nc12)-c1ccc(CN(C)CCCN(C)C)cc1)C(=O)NCc1c(C)cc(C)[nH]c1=O,325819,active
Cc1cccc(c1OCCn2cc(c3c2cccc3)/C=C\4/C(=[NH2+])N5C(=[NH+]SC5=NC4=O)S(=O)(=O)C)C,C20205882,inactive
Cc1ccc(cc1)S(=O)(=O)CNC(=O)[C@H](c2ccccc2C)N(C(=O)c3ccccc3O)C(C)(C)C,C36584106,inactive
CCN(C1CCOCC1)c1cc(cc(C(=O)NCc2c(C)cc(C)[nH]c2=O)c1C)C#CC1CCN(C)CC1,155255,active
CCc1ccc(cc1)NC(=O)CSc2nc3ccc(cc3s2)NC(=O)[C@H](CC)Sc4[nH+]ccn4C,C59854085,inactive
Cc1c(c(n(n1)c2ccccc2)Oc3ccc(cc3F)F)C[NH+](C[C@@H]4CCCO4)C[C@@H](COC(C)C)O,C36304208,inactive
Cc1ccc2cccc(c2[nH+]1)NC(=O)[C@H]3CCCN(C3)S(=O)(=O)c4ccc(s4)Br,C72090894,inactive
Cc1cc(cc(c1Cl)C)OCC(=O)Nc2ccc(cc2)C(=O)N/N=C\c3ccc(c(c3)CSc4nc5ccccc5o4)OC,C98236623,inactive
CC[C@H](C)N1C(=O)[C@@H]2[C@H]([NH2+][C@]3([C@@H]2C1=O)c4cc(ccc4NC3=O)Cl)Cc5ccc(cc5)O,C16024885,inactive
CCOc1cccc2c1nc(s2)N3CC[NH+](CC3)CCNC(=O)CCS(=O)(=O)c4ccc(cc4)F,C38774953,inactive
C[C@H](C1CCN(CC(F)(F)F)CC1)n1c(C)c(C(=O)NCc2c(C)cc(Cl)[nH]c2=O)c2ccccc12,50541916,active
Cc1ccc2cccc(c2[nH+]1)OC(=O)c3c(c\4c(o3)CCC/C4=N\NC(=S)Nc5ccccc5)C,C40825323,inactive
c1cc(cc(c1)Br)C(=O)N/C(=C\c2ccc[nH+]c2)/C(=O)Nc3ccc(cc3)Br,C08400265,inactive
CC(C)(C)c1ccc(cc1)S(=O)(=O)NCCC(=O)N[C@@H](c2ccc(cc2)F)c3[nH+]ccn3C,C14404855,inactive
c1cc(ccc1[C@H]2C=c3cc(ccc3=[NH+]2)Cl)NC(=O)Nc4ccc(cc4)F,C63743847,inactive
Cc1cccc(c1)[C@]2(c3ccccc3N(C2=O)CC(=O)Nc4cc(ccc4OC)Cl)O,C65154944,inactive
COc1cc(C)[nH]c(=O)c1CNC(=O)c1c(C)n(C(C)C2CCN(C)C(C2)C(F)(F)F)c2ccccc12,50594141,active
CC(C)(C)[C@@H]1CCc2c(sc3c2C(=[NH+][C@H](N3)c4ccccc4OC(=O)c5cc(c(c(c5)OC)OC)OC)O)C1,C98043441,inactive
CCOc1ccc(cc1)/C=C/C(=O)NC(=S)Nc2ccc(cc2)S(=O)(=O)N3CCc4c3cccc4,C13620864,inactive
CCOc1ccc(cc1)/C=C/C(=O)NC(=S)NNC(=O)COc2ccc(cc2Br)C(C)C,C13621174,inactive
C[C@@H]1CC[C@@]23CCC(=O)[C@H]2[C@@]1([C@@H](C[C@@]([C@H]([C@@H]3C)O)(C)C=C)OC(=O)CSC(C)(C)CNC(=O)[C@@H](C(C)C)[NH3+])C,C30727788,inactive
COc1cc(cc(c1OC)OC)[C@@H]2[C@@H]3CC=C[C@@H]3c4cc(ccc4N2)S(=O)(=O)Nc5ccc(cc5)F,C58847155,inactive
COC(=O)c1ccccc1NC(=O)[C@H]2CN(CCN2S(=O)(=O)c3ccccc3)S(=O)(=O)c4ccccc4,C08454146,inactive
Cc1c(c(n2c[nH+]c(c2n1)C(=O)N)C)CCC(=O)Nc3nc(cs3)c4ccc(s4)CNC(=O)C,C15584058,inactive
CCOc1cccc(c1)c2cc([nH]n2)C(=O)NNC3=c4cc(ccc4=[NH+]C3=O)Br,C02590755,inactive
Cc1ccc(c(c1)C(=O)C2=C(C(=O)N([C@@H]2c3ccc(c(c3)Cl)Cl)CCCn4cc[nH+]c4)O)C,C33698714,inactive
CCOc1ccc(cc1)n2cc(c3c2ncnc3NC[C@@H](c4cccs4)[NH+]5CCOCC5)c6ccccc6,C35681693,inactive
c1cc(ccc1[C@H]2CC(=[NH+]c3n2nc(n3)NC(=O)c4ccc(cc4)Cl)c5ccc(cc5)Cl)Cl,C09014148,inactive
CCCCc1cc(C)[nH]c(=O)c1CNC(=O)c1cc(cc2n(ncc12)C(C)C)-c1ccc(nc1)N1CCN(CC1)C(C)C,50536585,active
Cc1ccc(cc1)[C@@H]2CC(=NN2C(=O)CSc3nnc(n3c4ccccc4)CNC(=O)Cc5ccccc5)c6cccs6,C97961718,inactive
C[C@H](C(=O)Nc1cccc(c1)S(=O)(=O)Nc2ccc(cc2)Br)NC(=O)c3ccco3,C25260070,inactive
C[C@@H]1[C@@H]([C@@H](C[C@@H](O1)O[C@@H]2CC[C@@]3([C@H]4CC[C@@]5([C@@H](CC[C@@]5([C@@H]4CC[C@@]3(C2)O)O)C6=CC(=O)OC6)C)/C=N/Cc7cccnc7)OC)O,C70708426,inactive
CCCCOc1ccc(cc1)C(=O)NC(=S)NNC(=O)c2ccccc2I,C14030104,inactive
Cc1ccc(cc1)c2[nH]c(c([nH+]2)S(=O)(=O)c3ccccc3)SCC(=O)Nc4ccccc4C,C12112528,inactive
c1c(cc(c(c1/C=N\Nc2[nH+]c(nc(n2)N3CCCC3)N4CCCC4)O)Br)Br,C97070944,inactive
COc1ccc2ccccc2c1[C@@H]3[C@@H]4CC=C[C@H]4c5cc(ccc5N3)S(=O)(=O)NC[C@@H]6CCCO6,C20719434,inactive
Cc1ccc(cc1N(CC(=O)Nc2ccc(cc2)S(=O)(=O)Nc3ccc(cc3)OC)S(=O)(=O)C)Cl,C01093502,inactive
CC(C)n1ncc2c(cc(nc12)C1=CC(C)(C)NC(C)(C)C1)C(=O)NCc1c(C)cc(C)[nH]c1=O,50149616,active
Cc1cc(c(c([nH+]1)SCC(=O)c2ccc(cc2)c3ccc(cc3)C(=O)CSc4c(c(cc(n4)C)C(F)(F)F)C#N)C#N)C(F)(F)F,C08396835,inactive
Cn1c2c(c(=O)[nH]c1=O)n(c([nH+]2)N/N=C/c3ccc(cc3)O)Cc4ccccc4Cl,C12558803,inactive
CN1CCCc2c1ccc(c2)[C@@H](CNC(=O)C(=O)Nc3ccc(cc3)[N+](=O)[O-])[NH+]4CCCC4,C09135481,inactive
Cc1c(c(sc1C(=O)N)NC(=O)CN[C@H](Cc2ccccc2)c3ccccc3)C(=O)OCCOC,C57289923,inactive
COC(C1CCOC1)c1cc(C)c2CCN(Cc3c(OC)cc(C)[nH]c3=O)C(=O)c2c1Cl,435574,active
C[C@@H]1CCCN(C1)S(=O)(=O)c2ccc(cc2)C(=O)Nc3c(c4c(s3)C([NH2+]C(C4)(C)C)(C)C)C(=O)OC,C09391502,inactive
C[C@H]1[C@@H]([C@H]([C@H]([C@@H](O1)O[C@H]2[C@@H]([C@@H](CO[C@@H]2O[C@H]3CC[C@]4([C@H](C3(C)C)CC[C@@]5([C@@H]4CC=C6[C@]5(CC[C@@]7([C@H]6CC(CC7)(C)C)C(=O)O)C)C)C)O)O)O)O)O,C85341251,inactive
CC[C@@H](C)NS(=O)(=O)c1ccc(cc1)NC(=S)NC(=O)C(C)(C)CCCOc2cc(ccc2C)C,C66201708,inactive
COC(C1CN(C)C1)c1cc(Cl)c2CCN(Cc3c(C)cc(C)[nH]c3=O)C(=O)c2c1Cl,435668,active
CC(C)(C)c1ccc(cc1)[C@@H]2C(=C(c3ccc(c(c3)Cl)OC)O)C(=O)C(=O)N2CCCn4cc[nH+]c4,C09292774,inactive
c1cc(sc1CCNS(=O)(=O)c2c(ccs2)Br)S(=O)(=O)N,C49061008,inactive
c1cc(c[nH+]c1)N([C@@H](c2ccco2)C(=O)NCc3cccs3)C(=O)C(=O)Nc4ccc(cc4)F,C12641572,inactive
CC(C)n1ncc2c(cc(nc12)C1CCN(CC1)C1CCN(CC1)S(C)(=O)=O)C(=O)NCc1c(C)cc(C)[nH]c1=O,325941,active
c1ccc(c(c1)[C@@H](CNC(=O)[C@H]2CCCN(C2)S(=O)(=O)c3ccc(cc3)F)[NH+]4CCCC4)Cl,C13003628,inactive
C[C@@H]1C[C@H](C[NH+](C1)CCCNC(=O)[C@@]2(Cn3c4cc(ccc4cc3C(=O)N2Cc5ccccc5Br)OC)C)C,C33355707,inactive
c1ccc2=[NH+]CC(=c2c1)C[C@H](C(=O)[O-])NC(=O)CS[C@@H]3NN[C@@H](N3C4CC4)Cc5cccs5,C64684747,inactive
Cc1cc(C)c(CNC(=O)c2cc(cc3n(ncc23)C2CCN(CC2)C(=O)C(C)(C)C)-c2cnn(CCN3CCOCC3)c2)c(=O)[nH]1,326101,active
CCCCOc1ccc(cc1OC)[C@@H]2C(=C(C(=O)N2CC[NH+](C)C)O)C(=O)c3ccc(cc3C)OC(C)C,C35025179,inactive
CC[C@@H]1[C@@]([C@@H]([C@H](/C(=N/OC)/[C@@H](C[C@@]([C@@H]([C@H]([C@@H]([C@H](C(=O)O1)C)O[C@H]2C[C@@]([C@H]([C@@H](O2)C)O)(C)OC)C)O[C@H]3[C@@H]([C@H](C[C@H](O3)C)N(C)C)O)(C)OC)C)C)O)(C)O,C94303209,inactive
Cn1c(=O)c(c(n(c1=O)Cc2ccccc2)N)C(=O)CN3CC[NH+](CC3)C(c4ccccc4)c5ccccc5,C22927382,inactive
c1ccn2cc(nc2c1)c3ccc(cc3)NC(=O)C[C@@H]4C(=O)Nc5cc(ccc5S4)Cl,C10322472,inactive
COc1ccc(cc1)[C@@H]2[C@@H](/C(=C\3/C=[NH+]c4c3cccc4)/NN2C(=O)COC(=O)CCC5CCCC5)O,C12542396,inactive
CC[C@H](C(=O)Nc1ccc2c(c1)sc(n2)SCC(=O)Nc3nccs3)Sc4[nH+]ccn4C,C59854092,inactive
CCCCCCCCCC/N=C/[C@]12CC[C@@H](C[C@]1(CC[C@@H]3[C@@H]2CC[C@]4([C@@]3(CC[C@@H]4C5=CC(=O)OC5)O)C)O)O,C70692154,inactive
COc1cc(cc(c1OC[C@@H](c2ccc3c(c2)OCO3)O)Br)C[NH2+]CCc4ccc(cc4)F,C20877051,inactive
c1cc(ccc1/C=N/[NH+]=C(\N)/S[C@H]2CC(=O)N(C2=O)c3ccc(cc3)Br)Br,C03204710,inactive
CC(C)n1ncc2c(cc(nc12)C1=CCN(CCC(F)(F)F)CC1)C(=O)NCc1c(C)cc(C)[nH]c1=O,325993,active
CC[NH+](CC)CCN1[C@H](C(=C(C1=O)O)C(=O)c2ccc3c(c2)C[C@@H](O3)C)c4ccc(c(c4)OCC)O,C35006082,inactive
Cc1c(c2c(s1)[C@]3(c4ccccc4N(C3=O)CC(=O)Nc5ccc(cc5)OC)C(=C(O2)N)C#N)C(=O)OC,C98008979,inactive
COc1ccc(cc1OC)CCN2CC(=O)N3[C@@H](C2=O)Cc4c5ccccc5[nH]c4[C@@H]3c6ccc(cc6)[N+](=O)[O-],C01874842,inactive
Cc1cc([nH+]c2c1cc(cc2)NC(=O)CCC(=O)NCCc3ccc(c(c3)OC)OC)N4C[C@@H](C[C@@H](C4)C)C,C20138681,inactive
c1ccc2c(c1)C[C@H](NC2)C(=O)N[C@H](Cc3c[nH]c4c3cccc4)C(=O)NC5CCCCC5,C35807353,inactive
CN(C)c1ccc(cc1)[C@@H](CNC(=O)C(=O)Nc2ccc(c(c2)[N+](=O)[O-])F)[NH+]3CCc4ccccc4C3,C38667086,inactive
C[C@H](c1ccccc1)/[NH+]=C(/c2ccccc2/N=C(/c3ccccc3Cl)\O)\O,C01119099,inactive
COc1ccc(cc1)[C@@H]2C3[C@@H](N[C@H](C(C3=O)[C@H](N2)c4ccc(cc4)OC)c5ccc(cc5)OC)c6ccc(cc6)OC,C59641109,inactive
C[C@@H](C(=O)N1[C@@H](CN(C1=O)C)C(=O)OC(C)(C)C)[NH2+][C@@H](CCc2ccccc2)C(=O)OCc3ccccc3,C72131435,inactive
c1ccc(cc1)c2c3cc(ccc3nc(n2)N/N=C/C4=N[C@H]5C=CC=C[C@H]5N4)Br,C25337410,inactive
Cc1ccc(cc1)CN([C@H](c2cc(c(c(c2)OC)OC)OC)C(=O)Nc3ccc(cc3)OC)C(=O)CSc4nc(cc(n4)C)C,C08694463,inactive
Cc1ccc(c(c1)NC(=O)CCC(=O)NNC(=S)NC(=O)[C@@H](C)Oc2ccc(cc2Cl)Cl)C,C12570099,inactive
CCN(C(=O)C1CCCC1)c1cc(cc(C(=O)NCc2c(C)cc(C)[nH]c2=O)c1C)-c1ccc(nc1)N1CCC(CC1)N(C)C,441960,active
Cc1ccc(o1)CN([C@@H](c2c(cccc2Cl)Cl)C(=O)NC(C)(C)C)C(=O)CCc3ccc(cc3)OC,C36598080,inactive
CCN([C@H]1CC[C@@H](CC1)N(C)C)c1cc(cc(C(=O)NCc2c(C)cc(C)[nH]c2=O)c1C)-c1nccn1C,172161,active
CCOc1cc(ccc1OCC[NH+]2CCOCC2)[C@@H]3c4c(n[nH]c4OC(=C3C#N)[NH3+])C(C)(C)C,C19852613,inactive
COc1ccc(cc1OC)S(=O)(=O)N/[NH+]=c/2\c(cc3ccccc3o2)C(=O)Nc4ccccc4F,C02688820,inactive
CC(C)COC(=O)c1ccc(cc1)OCc2cc(ccc2OC)[C@@H]3c4c([nH]nc4OC(=C3C#N)N)c5ccc6ccccc6c5,C97948738,inactive
Cc1ccccc1COc2ccc(cc2)/C(=C/3\[C@H](N(C(=O)C3=O)Cc4cccnc4)c5ccc[nH+]c5)/O,C09359424,inactive
C[C@@H]1CC[C@@]2(CC[C@@]3(C(=CC[C@@H]4[C@]3(CC[C@H]5[C@@]4(C[C@H]([C@@H]([C@]5(C)C(=O)[O-])O)O)C)C)[C@@H]2[C@]1(C)O)C)C(=O)O[C@H]6[C@@H]([C@H]([C@@H]([C@H](O6)CO)O)O)O,C67902729,inactive
c1ccc(cc1)CCN(Cc2ccco2)C(=O)CN(CC[NH+]3CCOCC3)C(=O)c4cc(cc(c4)C(F)(F)F)C(F)(F)F,C98018034,inactive
CN(C)CCN1CCC(=CC1)c1cc(C(=O)NCc2c(C)cc(C)[nH]c2=O)c2cnn(C3CCCC3)c2c1,326158,active
CC1(C)CC(NC(=O)c2ccc(Oc3cccc(-c4ccncn4)c3C#N)c(Cl)c2)CC(C)(C)N1,CHEMBL3264788,active
Cc1cc(C)c(CNC(=O)c2cc(Br)cc3n(ncc23)C2CCN(CC2)C(=O)C2CCOCC2)c(=O)[nH]1,326130,active
CC(C)n1ncc2c(cc(nc12)-c1ccc2OCOc2c1)C(=O)NCc1c(C)cc(C)nc1=O,325841,active
Cc1ccc(cc1)[C@H]2/C(=C(\c3ccc(cc3)Br)/O)/C(=O)C(=O)N2CCCn4cc[nH+]c4,C08996482,inactive
Cc1ncsc1-c1ccc(CNC(=O)[C@@H]2C[C@@H](O)CN2C(=O)[C@@H](NC(=O)CCCNC(=O)c2ccc(cc2)-c2cnc(NCc3ccco3)n3cnnc23)C(C)(C)C)cc1,50562612,active
Cc1ccc(cc1)S(=O)(=O)/N=C(/C[NH+]2CCCCC2)\N3CCN([C@@H]3c4ccccc4)S(=O)(=O)c5ccc(cc5)C,C59503878,inactive
COc1cc2c(cc1OC)[nH+]c(oc2=O)c3ccc4c(c3)C(=O)N(C4=O)c5ccc(cc5)Sc6ccc(cc6)[N+](=O)[O-],C98002556,inactive
CC(C)Cn1c(c(c(=O)n(c1=O)C)C(=O)COC(=O)c2cc(cc(c2)C(F)(F)F)C(F)(F)F)N,C15182895,inactive
Cc1ccc(cc1n2cnnn2)NC(=O)NC[C@@H](c3ccccc3F)O,C58894456,inactive
c1cc(ccc1C(=O)NNC(=O)CNC(=O)c2ccc(o2)Br)Br,C08825474,inactive
CCN(C(=O)C1CC1)c1cc(-c2ccc(N3CCN(CC4CC4)CC3)nc2C)cc(C(=O)NCc2c(C)cc(C)[nH]c2=O)c1C,CHEMBL4862681,active
Cc1c(sc([nH+]1)NCc2c[nH]nc2c3ccc(cc3)OC)c4ccn(n4)Cc5cccc(c5)F,C15001451,inactive
c1cc2c(cc1NC(=O)CN3CCc4c3ccc(c4)S(=O)(=O)N)OCO2,C27549495,inactive
CCOc1ccc(cc1)NC(=O)C[C@@H]2C(=O)N(C(=S)N2CCC[NH+]3CCC(CC3)C(=O)N)c4ccc(cc4)F,C98005925,inactive
CCc1ccc(cc1)C2=N[C@@H]([NH2+][C@H](C2)c3cc(ccc3O)Br)c4ccc(c(c4)OC)OC,C20763345,inactive
Cc1cc(c(c(c1)C)S(=O)(=O)N2CCN(CC2)[C@H](C)c3[nH+]c(nc(n3)N)Nc4ccccc4)C,C22010499,inactive
C[C@](Cc1nc2ccccc2s1)(c3ccccc3)C(=O)NCCc4ccc(cc4)S(=O)(=O)N,C71804387,inactive
CCN(C1CCN(CC1)C(=O)C(C)(C)C)c1cc(cc(C(=O)NCc2c(C)cc(C)nc2=O)c1C)-c1ccc(CN2CCOCC2)cc1,172121,active
C=CCn1c(nnc1SCC(=O)N2CC[NH+](CC2)C(c3ccccc3)c4ccccc4)c5ccc(cc5)N,C09290990,inactive
Cc1c2c(n(n1)c3ccccc3)[NH+]=C4C(=Nc5ccccc5N4[C@@H]2c6ccc(cc6)Cl)Nc7ccc(c(c7)OC)OC,C01892188,inactive
c1cc(oc1)CNC(=O)CN(c2ccc(c(c2)C(F)(F)F)Cl)C(=O)Cn3nc(nn3)c4cccs4,C01337524,inactive
COc1cc(C)[nH]c(=O)c1CNC(=O)c1cccc2c1cc(C)n2[C@H](C)C1CCOCC1,CHEMBL5200425,active
CCCCN1C(=O)[C@H]2[C@@H]([NH2+][C@@]3([C@@H]2C1=O)c4cc(ccc4NC3=O)Br)CCSC,C08971751,inactive
CCOc1ccc(cc1OC)[C@@H]2[C@@H]3C(=c4ccccc4=[NH+]3)C[C@@H]5N2C(=O)CN(C5=O)C[C@@H](c6ccccc6)O,C63142009,inactive
CSc1cc(C)[nH]c(=O)c1CNC(=O)c1c(C)n([C@H](C)[C@H]2CCC(CC2)N2CC(C2)OC(F)(F)F)c2ccccc12,574865,active
c1ccc(c(c1)NS(=O)(=O)c2cccc3c2nccc3)[N-]S(=O)(=O)c4cccc5c4[nH+]ccc5,C39908688,inactive
Cc1cc(C)c(CNC(=O)c2cc(-c3ccc(CN4CCOCC4)nc3)cc(N(C)C3CCNCC3)c2C)c(=O)[nH]1,CHEMBL3697419,active
Cc1c2c(c(cn1)CO)Cc3c(nc(nc3SCC(=O)Nc4ccc(c(c4)Cl)OC)c5ccccc5)O2,C08589095,inactive
CC(C)(C)c1ccc(cc1)S(=O)(=O)NCCC(=O)N2CCC(CC2)[NH+]3CCC(CC3)Oc4cc[nH+]cc4,C98298418,inactive
c1ccc(cc1)N2CCN(CC2)[C@H]3[C@H](O[C@H]([C@H]3O)CO)C[NH+](Cc4ccc(cc4)Cl)Cc5cccc(c5)Cl,C67890376,inactive
CC1CCc2cc(cc(-c3ccc(nc3)N3CCNCC3)c2OC1)C(=O)NCc1c(C)cc(C)[nH]c1=O,359794,active
C[NH+]1CCN(CC1)c2ccc(cc2Cl)NC(=S)NC(=O)c3cc(ccc3Cl)Br,C08898158,inactive
CCN(C1CCOCC1)c1cc(cc(C(=O)NCc2c(C)cc(C)nc2=O)c1C)-c1ccc(CN2CCOCC2)cc1,190183,active
c1ccc2c(c1)[nH]c([nH+]2)Cc3ccc(cc3)N[C@H]4CC(=O)N(C4=O)c5ccc(cc5)Br,C01133268,inactive
CC[NH+](CC)CCCN1[C@@H](C(=C(C1=O)O)C(=O)c2c(c([nH]c2C)C(=O)OCC)C)c3ccc(cc3)OCC=C,C33515725,inactive
CC[C@H](C)CN1C(=O)[C@H]([NH2+]C12CCN(CC2)C(=S)Nc3cccc(c3)Cl)CC(C)C,C36032781,inactive
C[C@H]1[C@@H]([C@@H]([C@@H]([C@@H](O1)O[C@@H]2CC[C@@]3([C@@H]4CC[C@@]5([C@@H](CC[C@@]5([C@@H]4CC[C@@]3(C2)O)O)C6=CC(=O)OC6)C)C=O)OC)OC)O,C85940989,inactive
c1ccc(cc1)CCn2c(nnc2SCC(=O)Nc3ncc4c(n3)C[C@@H](CC4=O)c5cccs5)c6cccs6,C01893830,inactive
C[NH+](C)[C@H](CNC(=O)c1cccc(c1)S(=O)(=O)Nc2ccc(cc2)F)c3ccc(cc3)OC,C17913409,inactive
c1cc[nH+]c(c1)CCNC(=O)CN2CCN(CC2)C(=O)c3csc(n3)Nc4ccc(cc4)Cl,C34831610,inactive
Cc1cc(ccc1N2C(=O)/C(=C/c3cc(c(c(c3)I)OCc4ccc(cc4)Cl)OC)/C(=O)NC2=S)Br,C97961007,inactive
COc1ccc(cc1)[C@@H]2CC(=NN2C(=O)CSc3nnc(n3c4ccc(cc4)F)CNC(=O)COc5ccccc5)c6cccs6,C97961982,inactive
CSc1cc(C)[nH]c(=O)c1CNC(=O)c1c(C)n([C@H](C)C2CCC(O)CC2)c2nc(C)ccc12,574890,active
CN(C1CCOCC1)c1cc(cc(C(=O)NCc2c(C)cc(C)nc2=O)c1C)-c1ccc(CN2CCOCC2)nc1,514169,active
CCCc1cc(C)[nH]c(=O)c1CNC(=O)c1cc(-c2ccc(N3CCN(C(C)C)CC3)nc2)cc2c1cnn2C(C)C,CHEMBL3414619,active
CCCCn1c2ccc(cc2[nH+]c1COC(=O)/C=C/c3ccc(o3)Br)S(=O)(=O)N,C21166503,inactive
Cc1ccc(cc1C)c2csc(n2)NC(=O)C[NH+](C)CC(=O)Nc3ccccc3Br,C12806072,inactive
c1cc(ccc1[C@H]2C[C@@H](N3C(=[NH+]2)C(=CN3)C(=O)Nc4ccc(cc4Cl)Cl)C(F)(F)F)F,C12846119,inactive
CN(C1CCCCC1)c1cc(cc(C(=O)NCc2c(C)cc(C)[nH]c2=O)c1C)-c1ccc(CN2CCOCC2)cc1,172010,active
CC(C)C[NH+](Cc1[nH]c(=O)c2c(csc2n1)c3ccc(cc3)OC)C[C@H](Cc4ccccc4)O,C36206271,inactive
COc1ccc(cc1)CN(Cc2ccc[nH+]c2)[C@@H](c3cc4cc(ccc4[nH]c3=O)OC)c5nnnn5CCc6ccccc6,C01382193,inactive
C[NH+](C)CCCN1[C@@H](c2c(=O)c3cc(ccc3oc2C1=O)F)c4cc(c(c(c4)Br)O)OC,C35487034,inactive
CCN(C1CCOCC1)c1cc2oc(CN3CCCCC3)cc2c(C(=O)NCc2c(CC)cc(C)[nH]c2=O)c1CC,458788,active
Cc1cc(c(c([nH+]1)OCC(=O)N/N=C/c2cc(c(c(c2)Br)O)Br)C#N)COC,C01502028,inactive
Cc1c(sc(n1)N2[C@@H](C(=C(c3ccc4c(c3)C[C@@H](O4)C)O)C(=O)C2=O)c5ccc[nH+]c5)C(=O)OCC=C,C16741328,inactive
Cc1ccccc1COc2ccc(cc2)C(=O)C3=C(C(=O)N([C@H]3c4cccc(c4)O)CCCn5cc[nH+]c5)[O-],C09425042,inactive
C[C@H]1[C@H]([C@@H](C[C@@H](O1)O[C@H]2CC[C@@]3([C@H]4CC[C@@]5([C@H](CC[C@@]5([C@@H]4CC[C@@]3(C2)O)O)C6=CC(=O)OC6)C)C=[NH+]Cc7ccco7)O)O,C70673495,inactive
CC(C)C[NH+](CCCNC(=O)c1ccc2c(c1)N(C(=O)/C(=C\c3ccc(cc3)OC)/S2)C)CC(C)C,C96457109,inactive
[H]/N=C\1/N(C(=O)/C(=C/c2cc3ccccc3nc2O)/S1)c4ccc(cc4)C(=O)OCC,C02969790,inactive
CSc1cc(C)[nH]c(=O)c1CNC(=O)c1c(C)n([C@H](C)[C@H]2CCC(O)CC2)c2ncccc12,574885,active
COc1cc(c(cc1OC)OC)/C=N\NC(=O)CSc2[nH+]c3ccccc3n2Cc4ccccc4Cl,C19826008,inactive
Cc1ccc(cc1)N(C[C@H](C[NH+](Cc2ccccc2)Cc3ccccc3)O)S(=O)(=O)c4ccc(cc4)[N+](=O)[O-],C01843735,inactive
CC[C@H](C)[C@@H](C(=O)NCCOC)NC(=O)[C@@H]1CC2=c3ccccc3=[NH+][C@H]2[C@@H]4N1C(=O)c5c4cccc5,C63383711,inactive
c1ccc(cc1)C(=O)COC(=O)CNC(=O)CN2C(=O)c3ccc(cc3C2=O)C(=O)OCC(=O)c4ccccc4,C04211676,inactive
COC(=O)c1ccc(cc1)CN[C@H]2C[C@H]([NH+](C2)C3Cc4ccccc4C3)C(=O)NCc5cccnc5,C32516095,inactive
Cc1cccc(c1C)N(CCC#N)C(=O)C[NH+](C)[C@@H](C)c2ccc(cc2)S(=O)(=O)N,C97473773,inactive
CC1(CC(=O)[C@@H]2[C@H](N3C(=[NH+]C2=C1)N=C(N3)SCc4ccccc4)c5ccc(c(c5)OC)O)C,C22570821,inactive
c1cc(ccc1C(=O)Nc2ccc3c(c2)[nH]c([nH+]3)c4cc(ccc4F)F)S(=O)(=O)C(F)F,C68739880,inactive
Cc1ccc(o1)[C@H](C)NC(=O)C(=O)Nc2ccc(cc2)c3nc([nH]n3)C,C77686327,inactive
Cc1c(c(=O)n(n1C)c2ccccc2)C(=O)CSc3[nH]c(c([nH+]3)c4ccc(cc4)OC)c5ccc(cc5)OC,C00984800,inactive
c1ccc(cc1)COc2ccc(cc2)NC(=O)CSc3nnc(n3c4ccc(cc4)Br)c5ccncc5,C01751340,inactive
CC(=O)N[C@@H]1[C@H]([C@@H]([C@@H](O[C@@H]1O[C@@H]2CC[C@@]3([C@@H](C2(C)C)CC[C@@]4([C@@H]3CC=C5[C@@]4(C[C@@H]([C@@]6([C@@H]5CC(CC6)(C)C)C(=O)O)O)C)C)C)CO)O)O,C67911735,inactive
CSc1cc(C)[nH]c(=O)c1CNC(=O)c1c(C)n([C@H](C)[C@H]2CC[C@H](N3CC(OC(F)(F)F)C3)CC2)c2ccccc12,CHEMBL4637958,active
CCc1cc(c(s1)SCC)[C@@H]2C(=C(N(C3=C2C(=O)CCC3)c4cccc(c4)[N+](=O)[O-])[NH3+])C#N,C02381716,inactive
CC(=O)Nc1cc(ccc1Cl)NS(=O)(=O)c2cc(ccc2Cl)Cl,C63444049,inactive
COc1ccc(cc1COc2c(c(c(c(c2F)F)F)F)F)[C@@H]3C4C(=NC(=C)C3C(=O)Nc5cccc[nH+]5)C[C@H](CC4=O)c6ccccc6,C08450326,inactive
c1ccc(c(c1)CON/C=N/C(=O)[C@@H](c2ccc(cc2)Cl)c3c(nc4ccccc4n3)C(F)(F)F)Br,C12959191,inactive
CSCC[C@@H](C(=O)Nc1ccccc1N2CCCC2)NS(=O)(=O)c3cccc(c3)C(F)(F)F,C12536436,inactive
c1ccc(cc1)n2c(nnc2SCC(=O)NCc3cccnc3)CSc4nc(c5c6c(sc5n4)CCC6)N,C01805478,inactive
CN(C)[C@H]1CC[C@@H](CC1)[C@]1(C)Oc2c(O1)c(-c1cccnc1)c1CCN(Cc3c(C)cc(C)[nH]c3=O)C(=O)c1c2C,588047,active
CCc1cccc(c1NC(=O)Cn2c3ccccc3nc2SCC(=O)Nc4ccc(cc4)OC)C,C33050634,inactive
COc1cccc(c1)N2C(=O)[C@@](C(=O)NC2=O)(Cc3ccc(cc3OC)OC)C[NH+]4C[C@@H]5C[C@H](C4)c6cccc(=O)n6C5,C01323469,inactive
CC[C@H](c1nnnn1C(C)(C)C)[NH+](CCc2ccc(c(c2)OC)OC)Cc3cc4cc(cc(c4[nH]c3=O)C)C,C13494576,inactive
c1ccc(cc1)n2cc(c(n2)c3ccc(cc3)F)/C=N/NC(=O)C(=O)Nc4ccc(c(c4)Cl)Cl,C02521839,inactive
C[C@H](CC[C@H](C(C)(C)O)O)[C@H]1[C@H](C[C@@]2([C@@]1(CC[C@]34[C@H]2C[C@@H]([C@@H]5[C@]3(C4)CC[C@@H](C5(C)C)O[C@H]6[C@@H]([C@H]([C@@H](CO6)O)O)O)OC(=O)C)C)C)O,C67910671,inactive
COC1CC(C1)N1CC[C@H]([C@@H](C)n2c(C)c(C(=O)NCc3c(SC)cc(C)[nH]c3=O)c3ccccc23)[C@H](F)C1,575041,active
Cc1c2cc(sc2n(n1)c3ccc(cc3)F)C(=O)NN4C(=O)[C@@](NC4=O)(C)c5cccc(c5)OC,C14136615,inactive
CSc1cc(C)[nH]c(=O)c1CNC(=O)c1c(C)n([C@H](C)[C@H]2CC[C@H](N3CC(OC4CC4)C3)CC2)c2ncc(Cl)cc12,CHEMBL4635102,active
COc1ccc(cc1)[C@H](C(=O)Nc2ccc3c(c2)OCO3)N(Cc4ccc[nH+]c4)C(=O)Cc5ccccc5,C01420064,inactive
COC(C1CCS(=O)CC1)c1cc(Cl)c2CCN(Cc3c(C)cc(C)[nH]c3=O)C(=O)c2c1Cl,435605,active
CSc1cc(C)[nH]c(=O)c1CNC(=O)c1c(C)n([C@H](C)C2CCN(CC2)C2COC2)c2ccccc12,50541903,active
Cc1cc(C)c(CNC(=O)c2cc(cc3n(ncc23)C2CCCC2)-c2cccc(CO)c2)c(=O)[nH]1,326075,active
CC(C)(C)[C@H]1CCc2c(sc3c2C(=[NH+][C@@H](N3)c4ccccc4OC(=O)c5cc(c(c(c5)OC)OC)OC)O)C1,C98043440,inactive
c1cc(cc(c1)[N+](=O)[O-])NC(=O)COc2ccc(cc2/C=C\3/C(=O)NC(=S)S3)Br,C39794011,inactive
CCc1c(c(n(n1)c2ccccc2)O)/C=C\3/C(=O)N(C(=O)N3)Cc4ccc(c(c4)F)F,C35829507,inactive
COC(=O)Cn1c(c[nH+]c1SCC(=O)Nc2cccc(c2)Cl)c3ccc(cc3)Br,C44085986,inactive
CSc1cc(C)[nH]c(=O)c1CNC(=O)c1c(C)n([C@H](C)[C@H]2CC[C@H](CC2)N2CC(C2)OC(F)F)c2ncccc12,574875,active
c1ccc2c(c1)CCO[C@H]2CNC(=O)c3cc(cc(c3)S(=O)(=O)NC4CCCCC4)[C@H]5C=CN=[NH+]5,C39344906,inactive
COc1cc(C)[nH]c(=O)c1CN1CCc2c(C)cc(C(C)C3COC3)c(Cl)c2C1=O,435691,active
Cc1ccc(cc1S(=O)(=O)NC(C)C)c2c3ccccc3c(n[nH+]2)Nc4ccc(cc4)OC(F)(F)Cl,C02191550,inactive
Cc1c\2c(oc1C(=O)[NH2+]NC(=O)c3ccco3)CCC/C2=N\NS(=O)(=O)c4ccc(cc4)F,C40826201,inactive
COc1cc2ccccc2cc1C(=O)NC(=S)Nc3ccc(cc3)N4CCN(CC4)C(=O)c5ccco5,C14277013,inactive
c1ccc2c(c1)[nH]c([nH+]2)SCC(=O)Nc3ccc4c(c3)sc(n4)SCC(=O)NC[C@@H]5CCCO5,C59489666,inactive
Cc1cc(C)c(CNC(=O)c2cc(-c3ccc(CN4CCOCC4)cc3)cc3c2cnn3C2CCCC2)c(=O)[nH]1,CHEMBL3360855,active
Cc1c(c2ccccc2[nH]1)[C@H]3[C@H](C3(C)C)CC(=O)N(Cc4ccc[nH+]c4)CC(=O)NC56CC7CC(C5)CC(C7)C6,C08696011,inactive
c1cc(c(c(c1)Cl)C(=O)NCC(=O)N/N=C/c2ccc(cc2)Br)F,C08791552,inactive
CN1CC[NH+](CC1)CCCN2[C@@H](C(=O)N(C2=S)c3ccc(cc3)Cl)CC(=O)Nc4ccc(cc4)Cl,C33357133,inactive
Cc1cc(c(cc1C)S(=O)(=O)Nc2ccc(c(c2)[C@@H](C(=O)C(F)(F)F)C(=O)OC(C)C)O)C,C02483502,inactive
COc1ccc(cc1)[C@@H]2[C@@H](c3ccccc3C(=O)N2c4ccc(cc4)OC)C(=O)NC[C@@H]5COc6ccccc6O5,C59522034,inactive
Nc1ncnc2c1ncn2[C@@H]1O[C@H](CSCC[C@H](N)C(=O)O)[C@@H](O)[C@H]1O,CHEMBL418052,active
CC1(C)CC(NC(=O)c2ccc(Oc3ccccc3C#N)c3ccccc23)CC(C)(C)N1,CHEMBL3264774,active
c1ccc(cc1)c2c3c(n(n2)c4ccccc4Cl)N(C(=O)CS[C@H]3c5ccc(cc5)F)CC(=O)NCc6cccc[nH+]6,C98011049,inactive
COc1ccc(cc1)CCN2C(=O)/C(=C/3\c4ccccc4N(C3=O)CC(=O)NCCc5ccccc5)/SC2=S,C98218388,inactive
CCc1ccc(cc1)NS(=O)(=O)c2ccc3c(c2)c(=O)c(c[nH]3)/C(=[NH+]/C4CCC(CC4)C)/O,C09680065,inactive
CSc1cc(C)[nH]c(=O)c1CNC(=O)c1c(C)n([C@H](C)[C@H]2CC[C@@H](CC2)N2CC(C2)OC2CC2)c2ncc(F)cc12,50541915,active
CCN(C1CCOCC1)c1c(C)c(cc2n(C)nc(F)c12)C(=O)NCc1c(C)cc(C)[nH]c1=O,516867,active
CC(OCc1ccnn1C)c1c(C)c(cc2cccn12)C(=O)NCc1c(C)cc(C)[nH]c1=O,490143,active
c1cc(ccc1/C=N\NC(=O)C[NH+]2CCN(CC2)S(=O)(=O)c3ccc(cc3)Br)O,C32577002,inactive
Cc1c2c([nH]n1)NC(=O)[C@@H](S[C@H]2c3ccc(cc3)OCc4ccc(cc4)F)C,C06678731,inactive
C[C@@H]1C[C@H](C[NH+](C1)C[C@@H](C)NC(=O)CCNS(=O)(=O)c2ccc(cc2)Br)C,C60015808,inactive
CN(C1CCCCC1)c1cc(cc(C(=O)NCc2c(C)cc(C)[nH]c2=O)c1C)-c1ccc(CN2CCOCC2)nc1,172027,active
C[C@@H]1C[C@H](C[NH+](C1)CCCNC(=O)CN2c3ccccc3O/C(=C/c4cccc(c4)Br)/C2=O)C,C20726077,inactive
Cc1ccc2=[NH+][C@@H]([NH+]=c2c1)SCc3nc(on3)CCC(=O)Nc4cccc(c4)Br,C64604202,inactive
C[NH+](C)CCN(c1nc2cc3c(cc2s1)OCCO3)C(=O)c4ccc(cc4)S(=O)(=O)N(C)c5ccccc5,C17376286,inactive
CCCOc1ccc(cc1)C(=O)C2=C(C(=O)N([C@H]2c3cccc(c3)OCCC(C)C)CCCn4cc[nH+]c4)O,C34932047,inactive
c1cc(cc(c1)S(=O)(=O)/N=C\2/CCCN2)NC(=O)Cc3coc4c3cc5c(c4)CCC5,C16006019,inactive
Cc1cc(C)c(CNC(=O)c2cc(C)n(-c3ccccc3)c2C)c(=O)[nH]1,CHEMBL4641719,inactive
C[C@H]1Cc2c3ccccc3[nH]c2[C@H]([NH+]1C[C@H](COc4ccccc4)O)c5ccc(c(c5)OC)OC,C12659553,inactive
Cc1cccc(c1)n2c(nnc2SCC(=O)Nc3ccc(cc3)NC(=O)C)C4=c5ccccc5=[NH+]C4,C63864627,inactive
COC(c1cc(Cl)c2c(c1Cl)C(=O)N(Cc1c(C)cc(C)[nH]c1=O)CC2)C1CCN(C(=O)CO)CC1,CHEMBL4094432,active
COc1ccc(cn1)-c1cc(cc2CCCC(C)Oc12)C(=O)NCc1c(C)cc(C)[nH]c1=O,359791,active
C[C@@H]1C[C@H]2[C@H]3CC[C@@H]4CC(=O)C=C[C@]4([C@@H]3[C@@H](C[C@]2([C@]1(C(=O)COC(=O)C)O)C)O)C,C13467096,inactive
CCCCN(CC(=O)N1CCc2c(ccs2)[C@H]1c3ccccc3)S(=O)(=O)c4ccc(cc4)NC(=O)C,C16489916,inactive
c1cc(cc(c1)S(=O)(=O)N)NC(=O)COc2ccc(cc2C=O)Br,C10646184,inactive
CCN(c1cc(Br)cc(C(=O)NCc2c(C)cc(C)[nH]c2=O)c1Cl)[C@H]1CC[C@H](N(C)C)CC1,CHEMBL3909279,active
CN1c2ccccc2[C@@]3(C1=O)C(=C(C(=O)N3CC[NH+]4CCOCC4)[O-])C(=O)c5ccc(cc5)Cl,C24147821,inactive
COc1cc(c(c(c1O)/C=[NH+]/CCNc2ccc(cc2)[N+](=O)[O-])Br)Br,C16194671,inactive
CCOc1ccc(cc1)N2C(=O)[C@H](N(C2=S)CC[NH+]3CCC(CC3)C)CC(=O)Nc4ccc(cc4)Cl,C20114929,inactive
COC(=O)c1ccc(cc1)NC(=O)C[NH+]2CCC(CC2)Cn3c4ccccc4[nH+]c3COc5ccccc5,C38535830,inactive
C/C(=N\N=C\1/NC(=O)C[C@@H](S1)C(=O)Nc2ccc(c(c2)Cl)Cl)/c3ccc(cc3)Cl,C09428695,inactive
Cc1cc(C)c(CNC(=O)c2cnn(C(C)C)c2C)c(=O)[nH]1,CHEMBL5179616,inactive
Cc1cccc(c1)NC(=O)C2=CNN3C2=[NH+]C(=C([C@@H]3c4cccc(c4OC)OC)C(=O)Nc5ccc(cc5C)C)C,C08595206,inactive
c1ccc(cc1)NC(=O)C[C@@H]2C(=O)N(/C(=N/c3ccc[nH+]c3)/S2)CCc4c[nH]c5c4cccc5,C09562338,inactive
CCCc1cc(C)[nH]c(=O)c1CNC(=O)c1cc(cc2n(ncc12)C(C)C)-c1ccc(nc1)N1CCN(CC)CC1,50536579,active
c1ccc(cc1)C(=O)NCCc2nnc3n2nc(cc3)SCC(=O)Nc4cc(ccc4Cl)C(F)(F)F,C97990167,inactive
c1ccc(c(c1)n2c(c3c(nc(nc3n2)NCC[NH+]4CCOCC4)c5ccc(cc5)F)N)Cl,C35929959,inactive
CCOC(=O)N1CC=C2[C@H](C1)[C@@H](C(C(=C2C#N)[NH3+])(C#N)C#N)c3ccc(c(c3)OC)OCc4ccccc4,C09008589,inactive
CN(C)S(=O)(=O)c1cccc(c1)[C@@H]2C(=CN(N2)c3ccccc3)/C=C(/C#N)\C4[NH+]=c5ccccc5=[NH+]4,C39143181,inactive
COc1ccc(cc1)[C@@H]2[C@H]([C@@H]3C=CC=C[NH+]3[C@@H]2C(=O)NCCc4ccccc4)C(=O)c5ccc(cc5)OC,C32117002,inactive
CCCOc1ccc(cc1)N2C(=O)C[C@@H](C2=O)SC(=[NH2+])N/N=C(\C)/c3ccc(cc3)Br,C59489443,inactive
Cc1ccc(cc1[n+]2c(c3c(n[nH]c3nc2SCC(=O)Nc4ccc(cc4OC)OC)C)N)Cl,C49539590,inactive
c1cc2n(c(=O)c1)C[C@H]3C[C@@H]2C[NH+](C3)[C@@H](c4c[nH]c5c4ccc(c5)Cl)C(=O)[O-],C36575275,inactive
Cc1c(nc(o1)c2ccccc2NC(=O)c3ccsc3)C[NH+](C)C/C=C/c4ccc(c(c4)OC)O,C14999914,inactive
CN(C)[C@H]1CC[C@@H](CC1)[C@]1(C)Oc2c(O1)c(-c1cccn1C)c1CCN(Cc3c(C)cc(C)[nH]c3=O)C(=O)c1c2C,588048,active
COc1ccc(cc1)N2C(=O)[C@@](C(=O)NC2=O)(Cc3ccc4c(c3)OCO4)C[NH+]5C[C@H]6C[C@@H](C5)c7cccc(=O)n7C6,C70669782,inactive
CCN(C1CCOCC1)c1cc(cc(C(=O)NCc2c(C)cc(C)nc2=O)c1C)-c1ccc(CO)cc1,514249,active
CCN(C1CCN(CC1)C(C)C)c1cc(Cl)cc(C(=O)NCc2c(C)cc(C)[nH]c2=O)c1C,190214,active
Cc1ccc(cc1C)OCCOc2c(cc(cc2Cl)/C=C\3/C(=O)NC(=O)N(C3=O)c4ccc(cc4)Br)OC,C97958965,inactive
CC1(CC(=O)C(=CNCCN2CCN(CC2)[C@H]3CC(=O)N(C3=O)c4cccc(c4)Br)C(=O)C1)C,C22947460,inactive
CCOC(=O)c1c(csc1NC(=O)CSc2nc3c(c(cs3)c4ccc(cc4)C)c(=O)n2c5ccccc5)c6ccc(cc6)Cl,C08431939,inactive
Cc1cc(C)c(CNC(=O)c2cc(-c3ccc(CN4CCOCC4)cc3)cc(NC3CCCC3)c2C)c(=O)[nH]1,CHEMBL3697400,active
Cc1cccc(c1C(=O)N)NC(=O)CCc2nc(no2)c3ccccn3,C97428789,inactive
COc1ccc(c(c1)O)C[NH2+][C@@H]2[C@H]3CO[C@H](O3)[C@@H]([C@H]2O)N4CCN(CC4)c5ccccc5,C20463861,inactive
C=CCNC(=O)c1ccc(cc1)NC(=O)NCc2nnc3n2cccc3,C48159339,inactive
CCN(c1cc(-c2ccc(CN3CCCOCC3)cc2)cc(C(=O)NCc2c(C)cc(C)[nH]c2=O)c1C)C1CCOCC1,CHEMBL3697477,active
Cc1ccc(cc1)S(=O)(=O)C2=C(C(=O)N([C@@H]2c3ccccc3)c4ccccc4)NN,C01413389,inactive
Cc1ncc(n1CCOC(=O)N[C@@H](C(Cl)(Cl)Cl)[NH2+]C[C@H]2COc3ccccc3O2)[N+](=O)[O-],C01750488,inactive
C[C@H]1CCCC[NH+]1Cc2c(nnn2c3c(non3)N)C(=O)N/N=C\c4ccc(c(c4)OC)OCc5c(cccc5Cl)F,C98216248,inactive
Cc1ccc(c(c1)C)n2c3c(cn2)c(=O)n4c(n3)SC[C@@H]4CC(=O)Nc5ccc(cc5)NC(=O)C,C14014558,inactive
CSc1cc(C)[nH]c(=O)c1CNC(=O)c1c(C)n([C@H](C)C2CCN(CC2)C2CC2)c2cc(F)ccc12,574911,active
CC[C@H](C)NC(=O)[C@H](CCSC)NC(=O)[C@@H]1CC2=c3ccccc3=[NH+][C@@H]2[C@@H]4N1C(=O)c5c4cccc5,C63384341,inactive
CN([C@H]1CC[C@H](N)CC1)c1cc(cc(C(=O)NCc2c(C)cc(C)[nH]c2=O)c1C)-c1cnn(CCN2CCOCC2)c1,172045,active
C/C(=[NH+]\Cc1ccccc1C(F)(F)F)/C2C(=O)NC(=O)N(C2=O)c3ccc(cc3)C(F)(F)F,C08694993,inactive
Cc1cc(C)c(CNC(=O)c2cc(-c3ccc(CN4CCOCC4)cc3)cc(N(CC(C)C)C3CCOCC3)c2C)c(=O)[nH]1,CHEMBL3697450,active
CN(C)c1ccc(cc1)[C@@H](CNS(=O)(=O)CBr)[NH+]2CCN(CC2)c3ccc(cc3)F,C21755169,inactive
Cc1cc(C)c(CNC(=O)c2cc(C3CC(C)(C)NC(C)(C)C3)nc3c2cnn3C(C)C)c(=O)[nH]1,CHEMBL3918857,active
C[C@@H]1Cc2cc(ccc2O1)C(=O)C3=C(C(=O)N([C@@H]3c4ccc(c(c4)OC)OCCC(C)C)c5nc6ccc(cc6s5)OC)O,C97969989,inactive
Cc1cc(C)c(CNC(=O)c2cc3CC(C)(Oc3c(c2)-c2ccc(CN3CCOCC3)cc2)C=C)c(=O)[nH]1,359797,active
Cc1ccc(c(c1)[N+](=O)[O-])OCc2ccc(o2)C(=O)Nc3c(nn(c3C)Cc4c(c(c(c(c4F)F)F)F)F)C,C02785283,inactive
C[NH+]1CCc2c(c(c3c(c(sc3n2)C(=O)C45CC6CC(C4)CC(C6)C5)N)c7ccsc7)C1,C33528864,inactive
c1ccc(cc1)N2CC[NH+](CC2)C[C@H]3C[NH+]4CC[C@@H]3C[C@@H]4CNS(=O)(=O)c5ccc(cc5)Cl,C43527308,inactive
CC(=O)Nc1ccc(cc1)S(=O)(=O)/N=C\2/[C@H]([NH+]=c3ccccc3=[NH+]2)Nc4ccc(cc4)C(=O)O,C39984371,inactive
[H]/N=c\1/c(cc2c(n1CCc3ccc(c(c3)OC)OC)nc4c(cccn4c2=O)C)S(=O)(=O)c5ccc(cc5)C,C97954529,inactive
c1ccc(cc1)COc2ccc(cc2)[C@H]3c4c([nH]nc4C(=O)N3CCCn5cc[nH+]c5)c6ccc(cc6)Cl,C40343810,inactive
CC(C)c1c(c(n(n1)c2ccccc2)Oc3ccccc3F)C[NH+](C[C@@H](COc4ccccc4)O)C5CC5,C36307869,inactive
Cc1csc(n1)NC(=O)CSC2=NN[C@H](N2Cc3ccccc3)c4cc[nH+]cc4,C39980373,inactive
c1ccc2c(c1)CCN([C@H]2CC(=O)NCc3cccc[nH+]3)S(=O)(=O)c4ccc(cc4)Br,C35559615,inactive
COc1cccc(c1)[C@H]2C(=C(C(=O)N2c3nnc(s3)SCc4cccc5c4cccc5)O)C(=O)c6ccc(c(c6)OC)OC,C98047814,inactive
Cc1cc(ccc1[N+](=O)[O-])OCc2cc(ccc2OC)[C@H]3C(=C(N(C4=C3C(=O)CC(C4)(C)C)c5ccc(c[nH+]5)Br)N)C#N,C08456121,inactive
C[C@@H]1C[NH+](CCN1C[C@@H](COCc2ccc(cc2)Cl)O)C[C@@H](COCc3ccc(cc3)Cl)O,C34872251,inactive
CCCCOc1ccc(cc1OC)[C@@H]2C(=C(C(=O)N2CCCn3cc[nH+]c3)O)C(=O)c4ccc5c(c4)C[C@H](O5)C,C97955707,inactive
C[C@@H](c1nnc(o1)c2ccccc2)S[C@@H]3NN=C(N3c4ccc(cc4)Cl)C5=c6ccccc6=[NH+]C5,C39586079,inactive
Cc1cccc(c1)n2c(nnc2SCC(=O)c3ccc4c(c3)[nH]c(=O)[nH]4)C5=c6ccccc6=[NH+]C5,C63180965,inactive
c1ccc2=[NH+]CC(=c2c1)CCN3[C@@H](C(=C(C3=O)O)C(=O)c4ccc(cc4)F)c5cccc(c5)O,C63980208,inactive
CCN(CCC(=O)N(C)Cc1ccc(cc1)[C@H]2C[NH+](C[C@@H]2C(=O)N)C)c3ccc(cc3)F,C19699217,inactive
CSCC[C@H]1[C@@H]2[C@@H](C(=O)N(C2=O)c3ccc(cc3)[N+](=O)[O-])[C@@]4([NH2+]1)c5ccccc5NC4=O,C16009663,inactive
Cc1cc(Cl)c(CNC(=O)c2cc(Cl)c3OC(C)(Oc3c2C)C2CCN(CC(F)(F)F)CC2)c(=O)[nH]1,542484,active
CCCn1c2cc(ccc2[nH+]c1SCc3nc4ccccc4c(=O)n3CC(=O)N)C(F)(F)F,C24758742,inactive
CCCCn1c2ccc(cc2[nH+]c1COC(=O)COc3cccc(c3)Br)S(=O)(=O)N,C23261019,inactive
Cc1ccc(c(c1)C(=O)C2=C(C(=O)N([C@H]2c3ccc(c(c3)OC)OCCC(C)C)CCCn4cc[nH+]c4)O)C,C33699733,inactive
CCc1ccc(cc1)S(=O)(=O)N2CC[NH+](CC2)[C@@H](C)c3nc4ccccc4c(n3)Nc5ccc(cc5)C,C22052833,inactive
Cc1cc(C)c(CNC(=O)c2cc(-c3ccc(CN4CCOCC4)cc3)nc3c2cnn3C(C)C)c(=O)[nH]1,CHEMBL3769849,active
CC(=O)C(=C1NC(=C(C(=O)C)C(=O)OC(C)(C)C)NC(=C(C(=O)C)C(=O)OC(C)(C)C)N1)C(=O)OC(C)(C)C,C33355453,inactive
CC(=C1CN(C1)S(C)(=O)=O)c1cc(C)c2CCN(Cc3c(C)cc(C)[nH]c3=O)C(=O)c2c1Cl,435567,active
CC(=O)NCC[NH2+][C@H]1C[C@H](N2[C@@H](Cc3c4ccccc4[nH]c3[C@H]2C1)C(=O)OC)c5ccc(cc5)C(F)(F)F,C35977322,inactive
CCN(c1cc(/C=C/c2ccc(CN3C[C@@H](C)O[C@@H](C)C3)cc2)cc(C(=O)NCc2c3c(c(C)[nH]c2=O)CCCC3)c1C)C1CCOCC1,CHEMBL4640284,active
COc1cc(C)[nH]c(=O)c1CNC(=O)c1c(C)n([C@H](C)C2CCN(CC2)C(=O)N(C)C)c2ccccc12,50563821,active
CCN([C@H]1CC[C@@H](CC1)N(C)C)c1cc(cc(C(=O)NCc2c(C)cc(C)[nH]c2=O)c1C)-c1ccc(C)cc1,172141,active
C[NH+]1CCN(CC1)C(=O)c2ccc(cc2)Nc3c(cnn(c3=O)c4ccc(cc4)OC)Oc5ccc6c(c5)CCC6,C98015597,inactive
c1ccc2c(c1)cc([nH]2)C(=O)N3CCC4(CC3)C(=O)N(C(=O)N4)Cc5ccc(cc5)Cl,C96105297,inactive
c1cc(c(cc1NCC(=O)Nc2ccc(cc2F)Br)S(=O)(=O)N3CCCC3)Cl,C09508665,inactive
COc1ccc(cc1)n2c(nnc2SCC(=O)Nc3cc(cc(c3)OC)OC)COc4ccc(cc4)Cl,C97954978,inactive
CCC[C@@H](C(=O)N1CC[NH+](CC1)C/C=C/c2ccccc2)NC(=O)Nc3ccccc3Br,C34952714,inactive
c1cc(cc(c1)S(=O)(=O)N)NC(=O)CSc2c(c(cc([nH+]2)c3cccs3)C(F)(F)F)C#N,C18025938,inactive
CN(Cc1ccccc1)S(=O)(=O)c2ccc(cc2)C(=O)Nc3nc4ccc5c(c4s3)sc(n5)SC,C97986429,inactive
CCCC[NH+](CCCC)CN1c2ccccc2/C(=N\NC(=O)CO/N=C(\C)/c3ccc(c(c3)OC)OC)/C1=O,C09435972,inactive
CC(C)n1ncc2c(cc(nc12)-c1ccnc(c1)N1CCNCC1)C(=O)NCc1c(C)cc(C)[nH]c1=O,325843,active
Cc1ccc2ccc(N[C@H]3CC[C@H](CNc4ncc(cn4)C(F)(F)C(=O)NC4COC4)CC3)nc2c1Cl,50597032,active
c1cc(c(cc1c2cc(c(c([nH+]2)SCC[NH+]3CCOCC3)C#N)C(F)(F)F)Cl)Cl,C08666653,inactive
CC(=O)c1cccc(c1)N[C@@H](C(Cl)(Cl)Cl)NC(=O)CN2C(=O)c3ccccc3S2(=O)=O,C00956029,inactive
CCN(C1CCOCC1)c1cc(Cl)cc(C(=O)NCc2c(C)cc(C)n(C)c2=O)c1C,50149909,active
CSc1cc(C)[nH]c(=O)c1CNC(=O)c1c(C)n([C@H](C)[C@H]2CC[C@@H](N3CC(F)(F)C3)CC2)c2ccccc12,CHEMBL4639569,active
c1ccc2=[NH+]CC(=c2c1)c3nnc(n3C4CC4)SCC(=O)N[C@H]5C(=C6CCCC[C@@H]6S5)C(=O)N,C63896768,inactive
CCN(CC)c1ccc(cc1)NC=C2C(=O)N(C(=S)N(C2=O)c3ccccc3OC)c4ccccc4OC,C97951112,inactive
CCOc1ccc(cc1)/C=C\2/C(=O)NC(=O)N(C2=O)c3ccc(cc3)Br,C33322256,inactive
C[C@@H]1CCCCN1C(=O)c2ccc(cc2)NC(=O)C3CCN(CC3)C(=O)C(C)C,C97011835,inactive
c1ccc2c(c1)CCN(C2)S(=O)(=O)c3ccc(cc3)NC(=O)CCSc4nnc(n4N)N[NH3+],C20922598,inactive
CCN(C1CCOCC1)c1cc(cc(C(=O)NCc2c(C)cc(C)[nH]c2=O)c1C)-c1ccc(CNCCCN)cc1,172096,active
COc1ccc(cc1F)C(=O)C2=C(C(=O)N([C@H]2c3ccc(c(c3)OC)OCc4ccccc4)c5nnc(s5)SCc6ccccc6Cl)O,C98046505,inactive
CCc1cccc(c1NC(=S)N/N=C\2/c3ccccc3N(C2=O)C[NH+]4C[C@H](C[C@@H](C4)C)C)CC,C20685319,inactive
CSc1cc(C)[nH]c(=O)c1CNC(=O)c1c(C)n([C@H](C)[C@H]2CCC(CC2)N2CC(C2)OC(F)F)c2c(F)cccc12,574995,active
Cc1ccc(cc1/C=C/n2cnc3c2ncnc3NC4CC4)C(=O)Nc5cc(cc(c5)n6cc([nH+]c6)C)C(F)(F)F,C42919869,inactive
c1cc([nH+]cc1)N/N=C\c2ccc(cc2)O[C@H]3OCCO[C@H]3Oc4ccc(cc4)/C=N\Nc5[nH+]cccc5,C59347464,inactive
CCCCCCOc1ccc(cc1)[C@@H]2C(=C(C(=O)N2CCC[NH+](C)C)O)C(=O)c3cc4cccc(c4o3)OC,C33522787,inactive
CC(=O)Nc1ccc(cc1)C(=O)OCC(=O)Nc2nc3c(s2)cc(c(c3F)F)F,C03235845,inactive
COC(=O)[C@@H]1[C@H](SC2=C1CCCCC2)NC(=O)CN3C(=O)[C@@H](NC3=O)CC4=c5ccccc5=[NH+]C4,C63874924,inactive
Cc1ccc(cc1)c2c([nH+]c([nH]2)c3ccc(c(c3)OC)OC)SCC(=O)Nc4ccc(cc4)OC,C08594641,inactive
C[C@H]1c2c(c3cc(ccc3[nH]2)Cl)CC[NH+]1[C@@H]4CC(=O)N(C4=O)c5cccc(c5)OC(F)(F)F,C72459621,inactive
COc1cc(cc(c1O)Br)[C@H]2C(=C(C(=O)N2Cc3ccccc3)O)C(=O)/C=C/c4ccccc4,C35444625,inactive
CCOc1ccccc1[C@@H]2[NH2+][C@H](CC(=N2)c3ccc(cc3)OC)c4cccc(c4O)OCC,C09542738,inactive
Cc1cccc2c1[nH]c(=O)c(c2)[C@H](c3nnnn3CCOC)[NH+](Cc4ccccc4)Cc5ccc(cc5)Cl,C06444004,inactive
c1cc(cc(c1)Cl)S(=O)(=O)NNC(=O)c2cc3c(s2)cc(cn3)C(F)(F)F,C01031533,inactive
COc1ccccc1N2CCN(CC2)C[C@H]3C[NH+]4CC[C@@H]3C[C@@H]4CNC(=O)Nc5ccccc5,C43527362,inactive
CCn1c(nnc1SCC(=O)Nc2nc(cs2)c3ccc(cc3)Br)c4ccc(o4)Br,C97959313,inactive
Nc1ncnc2c1ncn2[C@@H]1O[C@H](CSCC[C@H](N)C(=O)NCc2ccccc2)[C@@H](O)[C@H]1O,CHEMBL3397318,inactive
c1ccc(cc1)C(=O)C[C@@H](c2ccccc2Cl)/C(=C(\NC(=O)c3ccccc3)/SCC(=O)Nc4ccc(cc4)Cl)/C#N,C33354543,inactive
C[C@H]1[C@@H]([C@@H](C[C@@H](O1)O[C@H]2CC[C@]3([C@@H](C2)CC[C@@H]4[C@@H]3CC[C@]5([C@@]4(C[C@@H]([C@@H]5C6=CC(=O)OC6)OC(=O)C)O)C)C)OC)O,C67902580,inactive
Cc1cc(cc(c1Cl)C)OCC(=O)NC(=S)Nc2ccc(c[nH+]2)I,C09452221,inactive
C[C@@H](c1ccc(cc1)n2cc[nH+]c2)[NH2+][C@H](C)C(=O)Nc3ccc(cc3)S(=O)(=O)N4CCCC4,C12627429,inactive
CC(C)CCOc1ccc(cc1OC)[C@@H]2C(=C(C(=O)N2CCCn3cc[nH+]c3)O)C(=O)c4cccc(c4)OC,C33467866,inactive
CCOc1cc2c(cc1[C@H]3c4c(n[nH]c4N=C(CS3)O)C)O[C@H](C2)C,C49548121,inactive
C[C@@H]1C(=c2ccccc2=[NH+]1)CCN[C@@H](c3ccc(cc3Cl)Cl)[C@@H]4NNNN4c5ccc(cc5)OC,C63513985,inactive
CCCCOc1cccc(c1)[C@H]2C(=C(C(=O)N2CCCn3cc[nH+]c3)O)C(=O)c4cc5cccc(c5o4)OC,C33522428,inactive
C[C@H](Cn1ccc2c1c(ncn2)Nc3ccc(c(c3)Cl)Oc4cccc(c4)C(F)(F)F)NC(=O)CS(=O)(=O)C,C98239216,inactive
COc1ccc2cc(ccc2c1)C(=O)C3=C(C(=O)N([C@@H]3c4cccc(c4)Cl)CCCn5cc[nH+]c5)O,C39847817,inactive
CSc1cc(C)[nH]c(=O)c1CN1CCc2c(Cl)c3c(c(C)c2C1=O)O[C@@](C)([C@H]1CC[C@H](N(C)C)CC1)O3,CHEMBL5172110,active
Cc1cc(c(c(c1)C)NC(=O)CSC2=C([C@@H](CC(=O)N2)c3ccc(c(c3)OC)OCc4ccccc4)C#N)C,C01144884,inactive
Cc1ccc(c(c1)N([C@H](c2ccc[nH+]c2)C(=O)NC3CCCC3)C(=O)/C=C/C(=O)Nc4cc(on4)C)C,C13505908,inactive
COc1cc(cc(c1OC[C@@H](c2ccc3c(c2)OCO3)O)Br)C[NH2+]C4CCCCCCC4,C20877079,inactive
C[NH+](C)CC/N=C/C(C(=O)Nc1ccc(cc1Cl)Cl)C(=O)Nc2ccc(cc2Cl)Cl,C08654321,inactive
Cn1c(nnc1SCC(=O)Nc2cc(cc(c2)C(F)(F)F)C(F)(F)F)Cn3cnc(c3Cl)Cl,C02152202,inactive
Cc1cccc(c1C)[NH+]2CCN(CC2)[C@@H](C)C(=O)Nc3ccc(cc3)C(=O)Nc4ccccc4OC,C16484499,inactive
C[C@H](c1[nH+]c2ccccc2c(n1)NC3CCCCC3)N4CCN(CC4)S(=O)(=O)c5ccc(cc5)C(C)(C)C,C22052811,inactive
Cc1cc(c2c(n1)S[C@@H]([C@@H]2[NH3+])C(=O)NCCC3=c4cc(ccc4=[NH+][C@@H]3C)OC(F)(F)F)COC,C63514835,inactive
CCN(C1CCOCC1)c1cc(cc(C(=O)NCc2c(C)cc(C)[nH]c2=O)c1C)-c1ccc(CN2CC(O)C2)c(F)c1,601702,active
Cc1cc(c2c(c(sc2[nH+]1)C(=O)c3c(c4c(cc(nc4s3)C)COC)NC(=O)c5ccccc5)N)COC,C98008279,inactive
Cc1cc(C)c(CNC(=O)c2cc(cc3n(ncc23)C2CCCC2)-c2cnc(N)nc2)c(=O)[nH]1,326097,active
C/C(=N/[NH+]=C(\N)/S[C@H]1CC(=O)N(C1=O)c2ccc(cc2)Br)/C=C/c3ccc(cc3)N(C)C,C59516367,inactive
CCOc1cccc(c1OCc2ccc(cc2)Cl)C[NH2+]CCNc3ccc(cc3Cl)[N+](=O)[O-],C13730193,inactive
CC1(C)CC(CC(C)(C)N1)NC(=O)c1ccc(Oc2cccc(Cl)c2C#N)c(Cl)c1,50010820,active
CCNC(=O)C[NH+]1CCCN(CC1)C(=O)/C=C/c2cn(nc2c3ccc[nH+]c3)Cc4ccccc4,C71998452,inactive
CCOc1cc(cc(c1OCc2ccc(cc2)C)Br)/C=N/[NH+]=C(/c3c(non3)N)\N,C13943599,inactive
CCN(c1cc(-c2ccc(CO)cc2)cc(C(=O)NCc2c(C)cc(C)[nH]c2=O)c1C)C1CCOCC1,CHEMBL3697500,active
[H]/N=C\1/N(C(=O)/C(=C/c2cccc(c2)OCc3ccccc3)/S1)c4ccc(cc4)S(=O)(=O)N,C15053762,inactive
COc1ccc(cc1)[C@H](c2c(n3c(s2)ncn3)O)N4CC[NH+](CC4)C(c5ccccc5)c6ccccc6,C19367044,inactive
CCN(Cc1ccccc1)C(=O)CSc2nc3c(c([nH]n3)C)c(=[NH2+])n2c4cccc(c4)C,C02927347,inactive
CCN(C(=O)C1CCCC1)c1cc(cc(C(=O)NCc2c(C)cc(C)[nH]c2=O)c1C)-c1ccc(nc1)N1CCN(CC1)C(C)C,441964,active
CN([C@@H]1CC[C@@H](CC1)NC(C)=O)c1cc(cc(C(=O)NCc2c(C)cc(C)[nH]c2=O)c1C)-c1cnn(CCN2CCOCC2)c1,172032,active
CS(=O)(=O)N/[NH+]=C\1/N(N[C@H](S1)c2ccc(cc2)N)CCCS(=O)(=O)[O-],C25667512,inactive
C[C@H](c1ccc(cc1)n2ccnc2)NC(=O)CCCNS(=O)(=O)c3ccc(c(c3)Cl)Cl,C09462633,inactive
CN([C@@H]1CC[C@H](N)CC1)c1cc(cc(C(=O)NCc2c(C)cc(C)nc2=O)c1C)-c1cnn(C)c1,514185,active
Cc1cc(cc(c1C)S(=O)(=O)N)C(=O)OCc2cc(ccc2OC)Br,C19241038,inactive
CC(C)N1CCN(c2ccc(-c3cc(C(=O)NC4CC(C)(C)NC(C)(C)C4)c4cnn(C(C)C)c4c3)cn2)CC1,CHEMBL4542936,inactive
Cn1c2ccc(cc2[nH+]c1[C@@H]([C@H](c3nc4cc(ccc4n3C)Cl)O)O)Cl,C82086826,inactive
Cc1ccc(cc1)S(=O)(=O)Nc2ccc(cc2)S[C@@H](C)C(=O)Nc3ccc4ccccc4c3,C22713040,inactive
c1ccc(c(c1)C(F)(F)F)N2C3=C([C@H](C(=C2N)C#N)c4cc(cs4)Cn5c[nH+]c6c5cccc6)C(=O)CCC3,C98008127,inactive
CC1([C@@H](N2[C@@H](S1)c3ccc(c(c3C2=O)OC)OC)C(=O)Nc4ccc5c(c4)cc[nH]5)C,C36569519,inactive
CCOc1cccc(c1)N2C(=O)C[C@@H](C2=O)SC(=[NH2+])N/N=C(\C)/c3ccc4ccccc4c3,C59489388,inactive
CC(C)n1ncc2c(cc(nc12)-c1ccc(cc1)C(=O)NCCN(C)C)C(=O)NCc1c(C)cc(C)[nH]c1=O,325822,active
C[C@H](CCCC(C)(C)O)[NH2+]Cc1cc2ccc(cc2n(c1=O)CCS(=O)(=O)c3ccccc3)Cl,C20362936,inactive
CNC(=S)N1[C@@H](CC(=N1)[C@H]2C(=c3cc(ccc3=[NH+]C2=O)Cl)c4ccccc4)c5ccc(cc5)N(C)C,C39365049,inactive
CN(C)CCN1CCC(CC1)c1cc(C(=O)NCc2c(C)cc(C)[nH]c2=O)c2cnn(C3CCCC3)c2c1,326148,active
CCOc1ccc(cc1)/C=c/2\c(=O)n3c(=C([C@H](C(=C3N)C(=O)OCC)c4ccc(cc4)OCC)C(=O)OC)s2,C01872544,inactive
COC1CN([C@H]2CC[C@H]([C@@H](C)c3scc(C(=O)NCc4c(C)cc(C)[nH]c4=O)c3C)CC2)C1,CHEMBL5188124,active
Cc1cc(nc(n1)SCC(=O)N(Cc2ccc[nH+]c2)[C@H]([C@H]3CCC=CC3)C(=O)Nc4ccc(cc4OC)OC)C,C08694475,inactive
CSc1cc(C)[nH]c(=O)c1CNC(=O)c1c(C)n([C@H](C)[C@H]2CCN(CC2(F)F)C2CC2)c2ncccc12,574928,active
CCCc1nc([nH]n1)SCC(=O)NC[C@@H](c2ccc(cc2Cl)Cl)C3=c4ccccc4=[NH+]C3,C63182703,inactive
CC(C)CCn1c2ccccc2[nH+]c1SCC(=O)NNC(=O)c3ccccc3Br,C32950404,inactive
Cc1cc(=O)c2c(cc(c(c2o1)I)O)OC(=O)C,C00692272,inactive
CC[C@@H]1[C@]([C@@H]([C@@H](C(=O)[C@@H](C[C@@]([C@@H]([C@@H]([C@@H]([C@@H](C(=O)O1)C)O[C@@H]2C[C@@]([C@@H]([C@@H](O2)C)O)(C)OC)C)O[C@@H]3[C@@H]([C@@H](C[C@@H](O3)C)[NH+](C)C)O)(C)O)C)C)O)(C)O,C08101087,inactive
Cc1cc(c(n1c2ccc(cc2)OC)C)/C=c/3\c(=[NH2+])n-4[nH]/c(=C/C(=O)N5CCCCC5)/sc4nc3=O,C49686871,inactive
c1cc(ccc1COc2[nH+]c(n(n2)c3ccc(cc3)NC(=O)c4ccc(cc4)[N+](=O)[O-])c5ccc(cc5)C(F)(F)F)F,C98009936,inactive
CCOc1cc(cc(c1OCc2ccc(cc2Cl)Cl)Br)CNCC[NH2+]C[C@H](C)O,C23471931,inactive
c1ccc(cc1)/C=C\c2nc(c3c4c(sc3n2)CCCC4)NCC[NH2+][C@@H]5CCS(=O)(=O)C5,C97035725,inactive
Cc1ccc(c(c1)C)c2csc(n2)/C(=C/Nc3ccc(cc3)S(=O)(=O)/N=c/4\[nH]ccs4)/C#N,C13659319,inactive
c1cc(ccc1NC(=O)CCCC[C@@H]2[C@H]3[C@@H](CS2(=O)=O)NC(=O)N3)I,C12776072,inactive
COc1ccc(c(c1)[C@@H]2C(=C(N(C3=C2C(=O)CCC3)c4nnc(s4)SCc5ccccc5Cl)N)C#N)OC,C98006251,inactive
CCOc1ccc(cc1)NS(=O)(=O)c2ccc(cc2)NC(=S)NC(=O)Cc3ccc(cc3)OC,C12497341,inactive
c1ccc(cc1)[C@@H](c2ccc(cc2)Cl)[NH+]3CCN(CC3)C(=O)C4CCC(CC4)CNS(=O)(=O)c5ccc(s5)Br,C98050214,inactive
Cc1cc(nc(n1)/N=C(/NCCc2ccc(c(c2)OC)OC)\NS(=O)(=O)c3ccc(cc3)Br)C,C06166525,inactive
C[C@]1(CCS(=O)(=O)C1)NC(=O)C[NH+]2CCN(CC2)CC(=O)Nc3ccc(cc3)OC(F)(F)F,C22800945,inactive
Cc1cc(ccc1NC(=O)[C@H]2CC(=O)N(C2)c3ccc(cc3)NC(=O)C)Br,C11099147,inactive
COc1ccc(cn1)-c1cc(cc2CCC(C)COc12)C(=O)NCc1c(C)cc(C)[nH]c1=O,359793,active
C[NH+](Cc1nc(c2c(csc2n1)c3ccc(cc3)F)[O-])[C@@H]4CCS(=O)(=O)C4,C20680134,inactive
COC(=O)c1ccc(cc1)[C@H](C(=O)NC2CCCCC2)N(CC[NH+]3CCCCC3)C(=O)Cc4cccs4,C12477481,inactive
C[C@H](C(=O)Nc1ccccc1SC)[NH+](C)CC(=O)Nc2ccc(c(c2)C(F)(F)F)Cl,C16625609,inactive
C[NH+]1CCc2c(c(c3c(c(sc3n2)C(=O)c4ccc(cc4)Cl)N)c5cccc(c5OC)OC)C1,C40570164,inactive
CN(C)c1nc([nH+]c(n1)N/N=C/c2cc(c(cc2O)O)Br)NCc3ccccc3,C16186624,inactive
C=CCN(CC=C)S(=O)(=O)c1ccc(cc1)C(=O)Nc2nc3ccc(cc3s2)S(=O)(=O)N,C16890286,inactive
COc1ccc(cc1)CCN2C(=O)/C(=C/c3c(nc4ccccn4c3=O)NCc5ccco5)/SC2=S,C02520588,inactive
Cc1cc(ccc1S(=O)(=O)Nc2ccc3c(c2)C(=O)Nc4cc(ccc4O3)Cl)F,C08961406,inactive
CSc1cc(C)[nH]c(=O)c1CNC(=O)c1c(C)n([C@H](C)C2CCN(CCO)CC2)c2ccccc12,574905,active
c1ccc(cc1)N/C(=[NH+]\NC(=O)CN2c3ccccc3Sc4c2cccc4)/SCC(=O)c5ccc(cc5)Cl,C08636634,inactive
CCOc1ccc(cc1)C2=N[C@H]([NH2+][C@@H](C2)c3cccc(c3O)OCC)c4ccc(c(c4)Br)OC,C09542607,inactive
COc1ccc(cc1)C(=O)NNC(=O)CSc2c(cc3ccccc3[nH+]2)Cc4ccccc4,C01339856,inactive
c1ccc(c(c1)C(F)(F)F)Nc2nc(cs2)c3cc([nH]c3)C(=O)N4CCCC4,C08232491,inactive
CN(Cc1[nH]c2ccccc2n1)C(=O)C3=NN([C@H](C3)C(=O)N)c4ccccc4,C30660250,inactive
Cc1cccc(c1)/C(=[NH+]/[C@@H](c2ccccc2)/N=C(/c3cccc(c3)C)\O)/O,C01170780,inactive
C[C@H]1[C@@H]([C@H]([C@H]([C@@H](O1)OC[C@@H]2[C@H]([C@@H]([C@H]([C@@H](O2)OC(C)(C)C=C)O)O)O)O)O)O,C49601394,inactive
CC1(CC(CC([NH2+]1)(C)C)N(Cc2cccc[nH+]2)C(=S)Nc3ccc(cc3)Br)C,C59087604,inactive
CC[C@@H](C)[C@@H](C(=O)Nc1ccc[nH+]c1)NC(=O)[C@H]2CCCN(C2)S(=O)(=O)c3ccc(cc3)OC,C09306634,inactive
CCN([C@H]1CC[C@@H](CC1)N(C)C)c1cc(Cl)cc(C(=O)NCc2c(C)[nH]nc2OC)c1C,310747,active
CCOC(=O)C1=c2n(c(=O)/c(=C/c3cccnc3)/s2)C(=C([C@@H]1c4ccc[nH+]c4)S(=O)(=O)c5ccccc5)N,C08448705,inactive
CC(=O)[C@@H]1CC[C@@H]2[C@@]1(CC[C@@H]3[C@@H]2CCC4=C/C(=N\OCC(=O)N[C@@H](Cc5c[nH]c[nH+]5)C(=O)OC)/CC[C@]34C)C,C08740276,inactive
CCN1c2ccccc2[C@]3(C1=O)C(=C(C(=O)N3CC[NH+](C)C)O)C(=O)c4cccc(c4)S(=O)(=O)N5CCCCC5,C98046784,inactive
C[C@@]1(C(=O)N(C(=O)N1)NC(=O)Cc2csc(n2)c3cc(cs3)Br)c4ccccc4,C71964663,inactive
c1ccc2c(c1)CCC[C@@H]2NC(=O)C3CCC(CC3)CNS(=O)(=O)c4cccc5c4nsn5,C08680552,inactive
COc1cc(cc(c1OC)OC)C(=O)Nc2ccccc2[C@@H](c3ccc(cc3)Cl)[NH2+]CC(=O)OC,C95946340,inactive
c1ccn2cc([nH+]c2c1)c3ccc(cc3)/N=C/c4cc(cc(c4O)Br)Br,C08834472,inactive
CN(C1CCCCC1)c1cc(cc(C(=O)NCc2c(C)cc(C)nc2=O)c1C)-c1ccc(CN2CCOCC2)nc1,514172,active
Cc1cc(C)c(CNC(=O)c2cc(cc3n(ncc23)C2CCN(CC2)C(=O)C(C)(C)C)C2=CC(C)(C)NC(C)(C)C2)c(=O)[nH]1,326127,active
COc1cccc(c1OC)CN[C@H]2C[C@H]([NH+](C2)Cc3ccccc3)C(=O)NCCc4ccccc4F,C32580979,inactive
Cc1ccc(cc1)c2nnc(o2)c3[nH+]c4ccccc4c(n3)NCc5cc(ccc5OC)Br,C35475895,inactive
CCOC(=O)c1c(/c(=C\c2ccccc2)/c3=C(S[C@H](C(=O)n31)c4ccccc4)C(=O)OC(C)C)N,C20167923,inactive
COc1ccc(cc1N2CCN3c4ccc(cc4C[C@@H]([C@@H]3C2)C(=O)NCC[NH+]5CCCCC5)[N+](=O)[O-])Cl,C35894787,inactive
COc1ccc(cc1)c2cn(c([nH+]2)/N=C/c3cc(ccc3O)Cl)/N=C/c4ccc(cc4Cl)Cl,C08437370,inactive
c1ccc(cc1)Cn2c3ccccc3[nH+]c2SCC(=O)N/N=C\c4ccc(cc4)OCc5ccccc5,C33089336,inactive
CCO[C@@H]1CCCN(C1)S(=O)(=O)c2c(cc(cc2Br)Br)N,C42408747,inactive
COc1cccc(c1OC)[C@@H]2[C@@H]3[C@@H](N[C@@H]([C@@H](C3=O)[C@@H]([NH2+]2)c4cccc(c4OC)OC)c5cccc(c5OC)OC)c6cccc(c6OC)OC,C95100681,inactive
C[C@@H]1Cc2cc(ccc2O1)C(=O)C3=C(C(=O)N([C@H]3c4ccccc4F)c5nnc(s5)SCc6ccccc6Cl)O,C97967884,inactive
CC(C)O/C(=C/1\[C@@H](C2C(=NC1=C)CC(CC2=O)(C)C)c3ccccn3)/O,C13285520,inactive
CCCCOc1ccc(cc1)C(=O)NN2[C@@H](Nc3ccc(cc3C2=O)Br)c4ccc(cc4)[N+](=O)[O-],C02747252,inactive
COc1ccccc1[C@H]2[C@@H]3CCCC[C@@]3(CCN2CC(=O)N[C@@H](CC4=c5ccccc5=[NH+]C4)C(=O)OC)O,C63351341,inactive
CC(C)(C)C(=O)N1CSC[C@H]1C(=O)Nc2ccc3c(c2)COC3,C92511753,inactive
CC(C)CC[C@@H](c1c2c(sc1n3cccc3)C[NH+](CC2)C)NC(=O)Nc4ccc5c(c4)OCCO5,C20532178,inactive
CCCN([C@H]1CC[C@@H](CC1)N(C)C)c1cc(cc(C(=O)NCc2c(C)n(C)[nH]c2=O)c1C)-c1ccc(CN2CCOCC2)cc1,310775,active
C[NH+]1[C@@H]2CC(C[C@H]1[C@H]3[C@@H]2O3)OC(=O)[C@@H]4CC[C@](c5c4cccc5)(c6ccccc6)C(=O)OC7C[C@@H]8[C@@H]9[C@@H](O9)[C@H](C7)[NH+]8C,C79216641,inactive
Cc1cc(C)c(CNC(=O)c2cc(cc3n(ncc23)C2CCCC2)-c2ccc(CN3CCOCC3)cc2Cl)c(=O)[nH]1,326099,active
Cc1cc(cc(c1)N([C@@H](C)C(=O)Nc2ccccc2C(=O)N[C@@H](C)c3ccccc3)S(=O)(=O)C)C,C06768085,inactive
CN1[C@H]2[C@H](C(=O)N(C1=O)C)N(C(=[NH+]2)NCCc3c[nH]c4c3cccc4)Cc5ccc(cc5)Br,C39354627,inactive
COc1ccc(c(c1)OC)NC(=O)C2(CCCCC2)N(Cc3ccc[nH+]c3)C(=O)CN4C[C@@H](NC4=S)c5ccccc5,C08695920,inactive
COc1ccc(cc1O)/C=N/c2ccc(cc2)S(=O)(=O)Nc3ccc(cc3)I,C12482431,inactive
Cc1cc(n(n1)[C@H](C)C(=O)Nc2ccc(cc2Cl)NC(=O)c3ccc(nc3)Cl)C,C72038706,inactive
CC(C)C[C@@H]1c2c(cc(c(c2O)Oc3c4c(cc(c3OC(=O)C)OC)CCN([C@@H]4CC(C)C)C)OC)CC[NH+]1C,C68568475,inactive
CCOc1cc(cc(c1OCc2ccc(cc2)[N+](=O)[O-])I)/C=N/Nc3[nH+]cc(c(n3)NC)F,C59222181,inactive
CC(C)n1ncc2c(cc(nc12)C1CCN(CC1)C(=O)C1CCCNC1)C(=O)NCc1c(C)cc(C)[nH]c1=O,325957,active
CCOc1ccc(cc1)C2=N[C@@H]([NH2+][C@H](C2)c3cccc(c3O)OCC)c4ccc(c(c4)Br)OC,C09542610,inactive
C[C@@]12CC[C@H]([C@@]([C@H]1Cc3c(nc(s3)NC(=O)c4c(cccc4F)F)[C@H]2CC(=O)NCc5ccc[nH+]c5)(C)CO)O,C04147249,inactive
CC(C)n1cc(C)c2c(cc(cc12)-c1ccc(nc1)N1CCNCC1)C(=O)NCc1c(C)cc(C)[nH]c1=O,190197,active
CC#CCN1C(=O)[C@@](NC1=O)(CCc2ccccc2)C3CC[NH+](CC3)C[C@@H]4C=c5ccccc5=[NH+]C4=O,C39355568,inactive
CCCc1cc(C)[nH]c(=O)c1CNC(=O)c1cc(cc2n(CC3CCC3)ncc12)-c1ccc(nc1)N1CCN(CC1)C(C)C,50536575,active
CCOc1ccc2c(c1)sc(n2)N3[C@@H](C(=C(C3=O)O)C(=O)c4c(nc(s4)C)C)c5cccc(c5)O,C35566337,inactive
Cc1cc(C)c(CNC(=O)c2cc(-c3ccc(CN4CCOCC4)cc3)cc(N(C)C3CCOCC3)c2C)c(=O)[nH]1,CHEMBL3697408,active
C[NH+](CCOc1ccc(cc1)Br)CC(=O)Nc2cccc(c2)S(=O)(=O)/N=C/3\CCCN3,C13135825,inactive
Cc1cc(c(c(c1)C)S(=O)(=O)N2CCN(CC2)c3c(c([nH+]c(n3)c4ccc(cc4)C(F)(F)F)C)C(C)C)C,C98021324,inactive
Cc1cc(C)c(CNC(=O)c2cc(-c3ccc(N4CCNCC4)nc3)nc3c2cnn3C(C)C)c(=O)[nH]1,CHEMBL3770239,active
COC(=O)COc1cc([nH+]c2c1cc(cc2)NC(=O)NCCc3ccccc3)c4cccc(c4)Cl,C33278707,inactive
CCN(C1CCOCC1)c1cc2oc(cc2c(C(=O)NCc2c(OC)cc(C)[nH]c2=O)c1C)C(F)(F)F,50287071,active
CC1([C@H](N2[C@H](S1)c3ccccc3C2=O)C(=O)N[C@@H](Cc4ccccc4)C(=O)NCc5cc[nH+]cc5)C,C09409811,inactive
C/C=c/1\[nH]n-2c(=[NH2+])/c(=C/c3ccc(c(c3)OC)OCCOc4ccc(cc4)Br)/c(=O)nc2s1,C01752679,inactive
C/C(=N/Nc1[nH]nc(n1)SCC(=O)Nc2ccc(c(c2)C(F)(F)F)Cl)/C=C/c3ccccc3,C59023126,inactive
c1ccc(cc1)/C=C/C(=O)Oc2ccc3c(c2)OC(=C([C@H]3c4cccs4)C#N)N,C38656307,inactive
CC[NH+](CC)c1ccc(c(c1)OS(=O)(=O)c2cccc(c2)C(F)(F)F)CN(Cc3ccco3)C(=O)C,C96288114,inactive
COc1ccc(cc1OC)c2nc(on2)c3c(n([nH+]c3SC)CC(=O)Nc4ccc(c(c4)F)F)N,C46914823,inactive
c1cc2cccc3c2c(c1)C(=O)N(C3=O)CCN4CC[NH+](CC4)C[C@@H](COc5c(cc(cc5F)Br)F)O,C97985354,inactive
CC(C)c1ccc(cc1)NC(=O)[C@H]2[C@@H]3C=C[C@]4([C@@H]2C(=O)N([C@@H]4C(=O)NC5CCCCC5)CCC[NH+](C)C)O3,C97962433,inactive
CCCC(=O)N[C@H](C)c1[nH+]c2ccccc2n1CC(=O)Nc3ccc(cc3)Br,C40298460,inactive
Cc1cc(C)c(CN2CCc3c(Cl)cc([C@H](CO)[C@H]4CCCO4)c(Cl)c3C2=O)c(=O)[nH]1,CHEMBL4093757,active
c1ccc(cc1)NC(=O)[C@H]2[C@H]3C=C[C@@]4([C@H]2C(=O)N([C@@H]4C(=O)NC5CCCCC5)Cc6ccc[nH+]c6)O3,C12642252,inactive
c1ccc(cc1)n2c(nnn2)SCCC[NH2+]Cc3c4ccccc4ccc3OCc5ccc(cc5)Cl,C22108827,inactive
c1cc2n(c(=O)c1)C[C@@H]3C[C@H]2CN(C3)C(=O)CSc4nc(cc(=O)n4c5ccc(cc5)Cl)O,C15955459,inactive
Cc1ccc(cc1)c2[nH]c(c([nH+]2)S(=O)(=O)c3ccccc3)SCC(=O)Nc4ccc(cc4)C(=O)C,C12252181,inactive
Cc1ccccc1NS(=O)(=O)c2ccc(cc2)N/C=C\3/C(=C(C(=O)N(C3=O)CCc4ccccc4)C#N)C,C08437844,inactive
CCN([C@H]1CC[C@@H](CC1)N(C)C)c1cc(cc(C(=O)NCc2c(C)cc(C)[nH]c2=O)c1C)-c1ccc(nc1)N1CC(O)C1,601735,active
C[C@H](C(=O)N)Sc1nnc(n1c2ccc(c(c2)Cl)OC)c3ccc(cc3)Br,C08761232,inactive
C/C(=N\NC(=[NH2+])S[C@@H]1CC(=O)N(C1=O)c2ccc(cc2)Cl)/c3ccc(cc3)C4CCCCC4,C59489283,inactive
Cc1c(sc(n1)c2ccccc2)C(=O)C3=C(C(=O)N([C@H]3c4cc(c(c(c4)OC)OC)OC)CCC[NH+](C)C)[O-],C59735399,inactive
C[C@H]1Cc2cc(ccc2N1S(=O)(=O)c3ccc(cc3C(=O)OC)Br)S(=O)(=O)N,C22023501,inactive
COc1ccc(cc1OC)C(=O)NCC(=O)N/N=C/c2cc(ccc2OC(=O)c3ccccc3Cl)Br,C02565216,inactive
Cc1ccc(cc1)S(=O)(=O)Oc2ccc3c(c2)c(=O)c4c(ccc(c4o3)CO)NCC[NH+](C)C,C05486762,inactive
CCCOc1c(cc(cc1Cl)/C=C/C(=O)N2CCC(CC2)[NH+]3CCC[C@H]3C(=O)N)OC,C89960257,inactive
CC1(C)CC(NC(=O)c2ccc(Oc3cccc(Cl)c3C#N)c(Cl)c2)CC(C)(C)N1,CHEMBL3264784,active
COc1cc(cc(c1)OC)C(=O)Nc2nnc(s2)SCC(=O)Nc3ccc(cc3)Br,C08792944,inactive
Cc1cc[nH+]c(c1)N[C@H](c2cc(ccc2OC)OC)c3c(c(sc3NC(=O)c4ccco4)C)C,C38547712,inactive
CC(C)[NH2+]CCCNc1c2c(nc(c(n2)c3ccccc3)c4ccccc4)nc(n1)NCCC[NH2+]C(C)C,C05743137,inactive
C[NH+](Cc1cc2ccccc2[nH]1)C[C@@H]3NN=C(N3c4cccc(c4)Cl)SCc5ccncc5,C39399705,inactive
Cc1cc([nH+]c(c1C#N)SCc2cc(ccc2OC)C=NNC(=O)[C@H]3C[C@@H]3c4ccc(cc4)C(C)(C)C)C(F)F,C08456044,inactive
CCN(C1CCC(CC1)N(C)C)c1cc(OC2CN(C)C2)cc(C(=O)NCc2c(C)cc(C)[nH]c2=O)c1C,190202,active
Cn1c2ccc(cc2c(=O)n(c1=O)C)S(=O)(=O)Nc3cc(c(cc3Cc4c5cc(c(cc5cc[nH+]4)OC)OC)OC)OC,C98043290,inactive
Cc1cc([nH+]c(c1C#N)SCC2=C([C@H](C(=C(O2)N)C#N)c3ccccc3F)C(=O)OC)C,C00659966,inactive
c1ccc(cc1)n2c(nnc2SCC(=O)Nc3ccc4c(c3)OCO4)c5cc(ccc5O)Br,C59617200,inactive
COc1ccc(cc1Cl)Cn2c(=[NH2+])c3cc(c(cc3nc2SCc4cccc(c4)C(F)(F)F)OC)OC,C12952469,inactive
CC[NH+]1C[C@@]2(CC[C@@H]([C@@]34[C@@H]2[C@@H]([C@@]([C@H]31)([C@]5(C[C@@H]([C@H]6C[C@@H]4[C@@H]5[C@H]6OC)OC)O)O)OC)OC)COC(=O)c7ccccc7N,C29748943,inactive
Cc1ccnc(c1)N[C@@H](c2ccc3ccc([nH+]c3c2O)C)c4cc(c(c(c4)Cl)OC)OC,C18208675,inactive
CCC[NH+]1CCC(CC1)CN2[C@@H](C(=O)N(C2=S)c3ccc(cc3)OC)CC(=O)Nc4ccc(cc4)F,C20595078,inactive
C[C@@]1(CC(=[NH+]CCc2ccc(c(c2)OC)OC)C([C@H]([C@H]1C(=O)OCC=C)c3ccccc3)C(=O)OCC=C)O,C15080024,inactive
Cn1c(cc(n1)c2ccc(cc2)OC)[C@H]3C[NH+]4CC[C@@H]3C[C@@H]4CNC(=S)Nc5cccc(c5)C#N,C43525593,inactive
c1ccc(cc1)C(=O)NNC(=O)CSc2nc3ccccc3c(=O)n2c4ccc(cc4)OC(F)F,C08952846,inactive
c1cc(cc(c1)OCc2ccc[nH+]c2)/C(=N\OCc3coc(n3)c4ccc(cc4)Br)/N,C72054496,inactive
c1ccc(cc1)CNc2c3ccccc3oc(=O)c2NS(=O)(=O)c4ccc(cc4)Cl,C45961910,inactive
c1ccc2c(c1)C(=O)C(=O)N2CC(=O)N(Cc3ccc[nH+]c3)[C@H]([C@@H]4CCC=CC4)C(=O)Nc5ccc6c(c5)OCO6,C08695828,inactive
CCCCCCC(=O)NCCC1=c2ccccc2=[NH+][C@H]1/C=C\3/C(=NC(=S)N(C3=O)c4ccccc4F)[O-],C38676014,inactive
CCS(=O)(=O)N1CCC(CC1)[C@@H](C)n1c(C)c(C(=O)NCc2c(C)cc(C)[nH]c2=O)c2ccccc12,50110357,active
Cn1c(cc(n1)c2ccc(cc2)F)[C@H]3C[NH+]4CC[C@@H]3C[C@@H]4CNS(=O)(=O)c5cc(ccc5OC)OC,C43525943,inactive
c1ccc(cc1)c2cn(c3c2c(nc[nH+]3)NCCc4ccc(cc4)S(=O)(=O)N)c5ccc(cc5)Br,C02974772,inactive
Cc1c(c(n[nH]1)C)CCC(=O)Nc2cccc(c2)S(=O)(=O)Nc3ccc(cc3)Br,C09467600,inactive
c1ccc(cc1)NC(=O)N2CSC[C@@H]2C(=O)Nc3cccc(c3)C(F)(F)F,C97123849,inactive
CCOc1ccc(cc1)NC(=O)[C@H]2CC(=O)[N+](=C(S2)Nc3ccc(cc3)OC)CCc4ccc(cc4)Cl,C97959652,inactive
COc1ccc(cc1)CC(=O)NCc2ccccc2c3ccccc3C(=O)NCCc4ccc[nH+]c4,C03986746,inactive
c1ccc(c(c1)C(=O)OCC(=O)Nc2cccc(c2)S(=O)(=O)N)Nc3cccc(c3)C(F)(F)F,C11478150,inactive
CC(C)CCN1C(=O)N(C(=O)C12CC[NH+](CC2)C/C(=C/c3ccccc3)/Cl)Cc4ccc[nH+]c4,C14741529,inactive
Cc1ccc(cc1NC(=O)C(=O)NCCc2[nH]nc(n2)c3ccco3)F,C77841775,inactive
Cc1cc(C)c(CNC(=O)c2cc(Br)c3OC(COc3c2)C=C)c(=O)[nH]1,359842,active
CC(C)n1ncc2c(cc(nc12)C1CCN(CC1)C1CCN(CCS(C)(=O)=O)CC1)C(=O)NCc1c(C)cc(C)[nH]c1=O,325961,active
COc1ccc(c(c1)/C=C\2/C(=O)N(C(=S)S2)NC(=O)c3cccc(c3)O)OC,C13689798,inactive
Cc1ccc(cc1)S(=O)(=O)N2CC[NH+](CC2)[C@H](C)c3nc4ccccc4c(n3)Nc5ccc(cc5)OC,C22052698,inactive
CS(=O)(=O)N1CCCc2c1cc(cc2)NC(=O)C(=O)NCC[NH+]3CCN(CC3)c4ccc(cc4)Cl,C49512503,inactive
C[C@H](C(=O)NC(=O)NC1CCCCC1)N2CC[NH+](CC2)C(c3ccccc3)c4ccccc4,C22802540,inactive
CC(=O)c1cccc(c1)NC(=O)[C@]2(C(=O)Nc3cc(ccc3O2)Cl)C,C41550165,inactive
c1cc(ccc1COc2ccc(cc2[C@H]3[C@H]4CCCC=C4C(=C(C3(C#N)C#N)[NH3+])C#N)Br)Cl,C02758612,inactive
CCn1c(nnc1SCC(=O)Nc2cc(ccc2Cl)C(F)(F)F)CC(=O)Nc3cccc(c3)OC,C02859278,inactive
C[C@H](C1CCN(CC(F)(F)F)CC1)n1c(C)c(C(=O)NCc2c(cc(C)[nH]c2=O)S(C)(=O)=O)c2ccccc12,50541901,active
C[C@H]1Cc2cc(ccc2O1)C(=O)C3=C(C(=O)N([C@H]3c4ccc(c(c4)OC)OCCC(C)C)CCCn5cc[nH+]c5)O,C97967387,inactive
CN(C)c1ccc(cc1)[C@H](CNS(=O)(=O)c2cccc3c2cccc3)[NH+]4CCN(CC4)c5ccc(cc5)F,C21755208,inactive
c1cc(oc1)CN([C@@H](c2cccs2)C(=O)NC3CCCC3)C(=O)Cn4nc(nn4)c5ccc(cc5)Cl,C12704364,inactive
c1cc(sc1)[C@@H](c2ccc(cc2)F)NC(=O)CN3CC[NH+](CC3)CC(=O)Nc4ccc(cc4)F,C22785261,inactive
COc1ccc(cc1N2C(=O)C[C@@H](C2=O)SC(=[NH2+])N/N=C/c3cccc(c3)[N+](=O)[O-])c4ccccc4,C96592279,inactive
CC(c1ccccc1)c1c(C)c(cc2cccn12)C(=O)NCc1c(C)cc(C)[nH]c1=O,490147,active
c1ccc(cc1)/C=C/C=N\NC(=O)c2cc(n[nH]2)c3ccc(cc3)Br,C33382541,inactive
c1cc(ccc1Cn2c(c[nH+]c2SCC(=O)Nc3ccc(cc3)OC(F)(F)F)CO)Cl,C10019875,inactive
Cc1cc(=O)c(CNC(=O)c2cc(Cl)cc(O[C@H]3CC[C@H](N(C)C)CC3)c2C)c(C)[nH]1,CHEMBL5177482,active
CCCC[NH2+][C@@H](c1ccccc1)c2c(c3c(cc(nc3s2)C)COC)NC(=O)c4ccc(cc4)[N+](=O)[O-],C12420156,inactive
CSc1cc(C)[nH]c(=O)c1CNC(=O)c1c(C)n([C@H](C)C2CCC(CC2)N2CC(F)C2)c2ncccc12,574922,active
COc1ccc(cc1)n2c3c(c(=O)[nH]c2=O)C([NH+]=C(N3)c4ccncc4)(C(F)(F)F)C(F)(F)F,C08846783,inactive
Cc1nc(cs1)CSc2ccccc2C(=O)OCC(=O)NC(=O)Nc3ccc4c(c3)OCCO4,C10574005,inactive
CC(=O)N[C@@H]1[C@H]([C@@H]([C@H](O[C@H]1OC[C@@H]2[C@H]3[C@@H]([C@@H]4[C@H](O2)OC5(O4)CCCCC5)OC6(O3)CCCCC6)COC(=O)C)OC(=O)C)OC(=O)C,C85893418,inactive
CC1COc2c1cc(cc2-c1ccc(nc1)N1CCNCC1)C(=O)NCc1c(C)cc(C)[nH]c1=O,359759,active
CCN(c1cc(C(F)(F)F)cc(C(=O)NCc2c(C)cc(C)[nH]c2=O)c1C)[C@H]1CC[C@H](N(C)C)CC1,CHEMBL3971620,active
CCCc1cc(C)[nH]c(=O)c1CNC(=O)c1cc(-c2ccccc2)cc2c1cnn2C(C)C,CHEMBL4535507,active
CC(C)(C)[C@H]1CC=C2[C@@H](C1)[C@@H](C(C(=C2C#N)[NH3+])(C#N)C#N)[C@@H]3CCC=CC3,C39325153,inactive
COc1ccc(cc1)[C@H](CC(=O)NCc2ccc[nH+]c2)c3cc(ccc3O)Br,C27517430,inactive
CC[C@@H](C)[C@@H]1C(=O)N(C2([NH2+]1)CCN(CC2)S(=O)(=O)c3ccc(cc3)OC)Cc4ccc(cc4)F,C40399652,inactive
c1cc(c[nH+]c1)Nc2c(c(ncn2)NNC(=O)c3ccc(cc3)Br)[N+](=O)[O-],C40628382,inactive
CCc1c(c(n(n1)c2ccccc2)Oc3ccc(cc3)OC)C[NH+](C[C@@H](COc4ccccc4)O)C5CC5,C36316402,inactive
CCOc1cc(cc(c1OCc2ccccc2)Cl)[C@H](c3ccc4cccnc4c3O)Nc5cc(cc[nH+]5)C,C09601831,inactive
c1cc(sc1CNS(=O)(=O)c2c(ccs2)Br)S(=O)(=O)N,C48443987,inactive
CC(C)CCN1[C@H]([C@@]23C=C[C@@H](O2)[C@@H]([C@@H]3C1=O)C(=O)Nc4cccc(c4)SC)C(=O)NC5CCCCC5,C36066371,inactive
C=CCc1cccc(c1O)/C=N/NC(=O)CCCSc2nnc(n2N)c3ccc(cc3)Br,C58988399,inactive
c1ccc2c(c1)/C(=C/3\C(=O)N(C(=S)S3)CCCCCCCCCCC(=O)O)/C(=O)N2CC(=O)Nc4cccc(c4)Cl,C98218713,inactive
c1c(ccc(c1)NC(=O)/C=C\c2oc(cc2)Br)NC(=O)/C=C\c3oc(cc3)Br,C97994663,inactive
Cc1cc(c(cc1N2C(=O)[C@@H]3[C@H]([NH2+][C@]4([C@@H]3C2=O)c5ccccc5NC4=O)CCSC)OC)[N+](=O)[O-],C16012203,inactive
Cc1cccc(c1)COc2ccc(cc2)C(=O)C3=C(C(=O)N([C@@H]3c4cccc(c4)Cl)CCC[NH+](C)C)O,C08996842,inactive
CNc1ncc(-c2cc(C(=O)NCc3c(C)cc(C)[nH]c3=O)c(C)c(-c3c(C)cnn3C)c2)cn1,CHEMBL5208386,active
CN(C)[C@H]1CC[C@@H](CC1)[C@@]1(C)Oc2c(O1)c(C)c(cc2Br)C(=O)NCc1c(C)cc(C)[nH]c1=O,50594132,active
Cc1cc(nc(n1)SCC(=O)N(Cc2ccc[nH+]c2)[C@H](c3ccc4c(c3)OCO4)C(=O)Nc5ccc6c(c5)OCO6)C,C08695868,inactive
Cc1cc([nH+]c2c1c(c(cc2N[C@@H](C)CCC[NH3+])OC)Oc3cccc(c3)C(F)(F)F)OC,C09294040,inactive
CCN(C1CCOCC1)c1cc(cc(C(=O)NCc2c(C)cc(C)nc2=O)c1C)-c1ccc(CN2CCOCC2)cc1F,172115,active
CCN(c1cc(-c2ccc(CN3CCC3)cc2)cc(C(=O)NCc2c(C)cc(C)[nH]c2=O)c1C)C1CCOCC1,CHEMBL3697472,active
c1cc(ccc1[C@H]2[NH+]=c3ccc(cc3=[NH+]2)/N=C/c4cc(c(c(c4O)Br)[O-])Br)F,C63428579,inactive
Cc1ccc(cc1)Oc2c(c(nn2C)c3ccccc3)C[NH+](C[C@@H](COc4ccccc4C)O)C(C)C,C36316026,inactive
Cc1ccc(c(c1)NC(=O)CSc2nnc(s2)NC(=O)[C@H]3CC(=O)N(C3)c4cccc(c4)OC)C,C08907502,inactive
C/C(=N\NC(=[NH2+])S[C@@H]1CC(=O)N(C1=O)c2ccc(cc2)F)/c3ccc(cc3)C4CCCCC4,C59489471,inactive
CC(C)OC[C@@H](Cn1c2c(=O)[nH]c(=O)n(c2[nH+]c1N/N=C/c3ccc(cc3)Br)C)O,C08661019,inactive
CC(C1CN(C)C1)c1cc(Cl)c2CCN(Cc3c(C)cc(C)[nH]c3=O)C(=O)c2c1Cl,435681,active
C[C@H](c1nnc(n1c2ccc(cc2)F)S[C@@H](C)C(=O)Nc3cccc(c3)Br)[NH+](C)C,C12635254,inactive
c1cc(ccc1C2=NN([C@@](C2)(C(F)(F)F)O)C(=O)CC#N)Cl,C05008185,inactive
c1cc(ccc1C(=O)NCCC[NH+]2CCCC2)NC(=O)c3nnc(s3)COc4ccc(cc4)Cl,C33027933,inactive
c1ccc2=[NH+]C(=O)[C@@H]([NH+]=c2c1)CSc3nnc(s3)NC(=O)Nc4ccc(cc4)Br,C63752115,inactive
c1cc(cc(c1)Br)NC(=O)CSc2[nH+]c(c(cn2)S(=O)(=O)c3cccs3)N,C16842157,inactive
CCOc1ccc(cc1C[NH+]2C[C@H]3C[C@@H](C2)c4cccc(=O)n4C3)/C=N/NC(=O)c5ccc(cc5)O,C20615936,inactive
CN1CCCc2c1ccc(c2)[C@@H](CNC(=O)Nc3cc(c(c(c3)OC)OC)OC)[NH+]4CCCCC4,C38517602,inactive
c1ccc(cc1)C(=O)N2[C@@H]3CCCC[C@H]3C[C@@H]2C(=O)NCCC(=O)NCc4ccc[nH+]c4,C72091978,inactive
C[C@H](c1nc2ccccc2c(n1)Nc3ccc(cc3)OC)[NH+]4CCN(CC4)S(=O)(=O)c5ccc(cc5)F,C22052443,inactive
CC(C)(C)NS(=O)(=O)c1ccc2c(c1)[C@H]3C=CC[C@H]3[C@H](N2)c4ccccc4OCc5ccccc5,C20710546,inactive
CCN(c1ccc(Cl)c(C(=O)N(C)Cc2c(C)cc(C)[nH]c2=O)c1C)C1CCOCC1,CHEMBL3770109,active
CC(C)(C)c1csc(n1)[C@H]2CCCCN2C(=O)[C@@H]3CCC(=O)N3,C84284702,inactive
CCOC(=O)c1cnc([nH+]c1N)SCC(=O)OCC(=O)Nc2ccc(cc2F)Br,C10021588,inactive
c1ccc(cc1)C[C@@H](C(=O)N2CC[NH+](CC2)C/C=C/c3ccccc3)NC(=O)COc4ccc(cc4)Cl,C34970066,inactive
Cc1cccc(c1)COc2ccc(cc2OC)/C=C\3/C(=[NH2+])N4C(=[NH+]SC4=NC3=O)S(=O)(=O)C,C20205981,inactive
c1cc(ccc1[C@H]2[C@H](c3ccc(cc3S2)O)C(=O)c4ccc(cc4)OCC[NH+]5CCCCC5)O,C15919387,inactive
Cc1ccc(cc1)n2c(c(c(n2)C)NC(=O)CSc3nnc(n3N)C)C,C05993002,inactive
c1ccc(cc1)CN2CC=C3[C@H](C2)[C@H](C(C(=C3C#N)[NH3+])(C#N)C#N)c4cccc(c4)Br,C17118645,inactive
CC(C)C[C@@H](C(=O)NC(C)C)NC(=O)[C@@H]1CC2=c3ccccc3=[NH+][C@H]2[C@H]4N1C(=O)c5c4cccc5,C63383607,inactive
Cc1ccc2cccc(c2[nH+]1)Oc3c(c(ncn3)NNC(=O)COc4ccc(cc4Cl)Cl)[N+](=O)[O-],C40618675,inactive
CCCCOC(=O)C1[C@@H](C2C(=NC1=C)C[C@@H](CC2=O)c3ccc(c(c3)OC)OC)c4cc(c(c(c4)Br)O)OC,C06161971,inactive
C[C@@H]1C[C@@H](C[NH+](C1)CCCNC(=O)[C@@]2(Cn3c4cc(ccc4cc3C(=O)N2CCc5ccccc5)OC)C)C,C20918498,inactive
c1cc(cc(c1)Br)C(=O)N/C(=C\c2ccc[nH+]c2)/C(=O)Nc3cccc(c3)C(F)(F)F,C08387636,inactive
CC[C@@H]1CCCC[NH+]1CCCNC(=O)C2CCC(CC2)CNS(=O)(=O)c3c(cc(cc3C)C)C,C08813387,inactive
CCOc1ccc(cc1)NC[C@@H](Cn2c(c(c3c2cccc3)C4=CCN(CC4)S(=O)(=O)c5ccc(cc5)C)C)O,C33356494,inactive
COc1ccc(cc1)NC(=O)C[C@@H]2C(=O)N(/C(=N/N=C/c3ccc(o3)c4ccccc4Cl)/S2)CC=C,C39856808,inactive
CCOC(=O)C[NH+]1[C@H](c2cc(ccc2N[C@H]1c3ccccc3O)Br)c4ccccc4,C12311685,inactive
c1ccc(c(c1)C[NH2+][C@H]2CC(=O)N(C2=O)c3ccc(cc3)C(=O)OCC(=O)c4ccccc4Cl)Cl,C22835344,inactive
c1cc[nH+]c(c1)N[C@H](c2cccc(c2)F)c3c4c(sc3NC(=O)c5ccco5)CCCC4,C38550628,inactive
Cc1cc(ccc1NC(=O)[C@H]2CCC(=O)N([C@@H]2c3ccc(c(c3)OC)OC)c4ccc(cc4)OC)Br,C04756599,inactive
CCNC(=O)[C@@H]1C[C@@H](CN1Cc2ccccc2Cl)NC3CC[NH+](CC3)CCc4ccccc4,C19939079,inactive
c1cc(sc1S(=O)(=O)N2CCC[C@H](C2)C(=O)Nc3nc(cs3)CC(=O)N)Br,C25177887,inactive
CCOC(=O)N1CCN(CC1)S(=O)(=O)c2ccc(cc2)C(=O)N(CC[NH+](C)C)c3nc4c(cccc4s3)C,C38144549,inactive
CCOC(=O)c1ccc(cc1)NC(=O)C[C@@H]2C(=O)N(/C(=N/c3ccc(cc3)F)/S2)CCc4ccc(c(c4)OC)OC,C97960267,inactive
COc1ccc(c(c1OC)OC)[C@H]2[C@@H]3CN(CC=C3[C@@H](C(=[NH2+])C2(C#N)C#N)C#N)C(=O)OCc4ccccc4,C09246390,inactive
CCOc1cc(ccc1OC(=O)c2cccs2)[C@H]3c4c(n[nH]c4OC(=C3C#N)[NH3+])c5ccc(cc5)OC,C08569255,inactive
CC[C@@H]1[C@@](/C=C(/C(=O)[C@@H](C[C@@]([C@@H]([C@H]([C@@H]([C@H](C(=O)O1)C)O[C@H]2C[C@@]([C@H]([C@@H](O2)C)O)(C)OC)C)O[C@H]3[C@@H]([C@H](C[C@H](O3)C)[NH+](C)C)O)(C)OC)C)\C)(C)O,C94303266,inactive
COc1cccc(c1)c2c3c([nH]n2)OC(=C([C@@H]3c4ccc(cc4)OCc5ccc(cc5)F)C#N)[NH3+],C09281043,inactive
COc1ccccc1N(C[C@H](C[NH+]2CCC(CC2)(c3ccc(cc3)Cl)O)O)S(=O)(=O)c4ccccc4,C71281372,inactive
Cc1ccc(cc1)[C@H]2[NH2+][C@H](CC(=N2)c3ccc4c(c3)OCO4)c5cc(ccc5O)Br,C13831067,inactive
CCN(C1CCOCC1)c1cc(cc(C(=O)NCc2c(C)cc(C)[nH]c2=O)c1C)-c1cnc(OC(C)C)cn1,601726,active
C[C@H]1C[C@@H](CN(C1)C(=O)Nc2ccc(cc2)S(=O)(=O)C(F)F)C,C76034965,inactive
CCN(C1CCOCC1)c1cc(\C=C\c2ccc(\C=C\C(=O)OC)cc2)cc(C(=O)NCc2c(C)c3CCCCc3[nH]c2=O)c1C,50544757,active
CCN(C(=O)C1CC1)c1cc(-c2ccc(N3CCOCC3)cc2)cc(C(=O)NCc2c(C)cc(C)[nH]c2=O)c1C,CHEMBL4877191,active
[H]/N=C\1/C(=C\c2cc(ccc2OCCOc3ccccc3CC=C)[N+](=O)[O-])/C(=O)N=C4N1N=C(S4)C(F)(F)F,C01875178,inactive
Cc1c\2c(oc1C(=O)NCCCn3cc[nH+]c3)CCC/C2=N\NC(=O)COc4ccc(cc4Cl)Cl,C40816276,inactive
CCOc1ccc(cc1OC)c2c3c([nH]n2)OC(=C([C@H]3c4ccc(c(c4OC)OC)OC)C#N)[NH3+],C09411354,inactive
Cc1cc2c(c(=O)n1Cc3ccc[nH+]c3)[C@@H](C(=C(O2)N)C#N)c4ccc(c(c4OC)OC)OC,C00730216,inactive
CCCN1c2ccccc2[C@@]3(C1=O)C(=C(C(=O)N3CCC[NH+](C)C)O)C(=O)c4ccc(cc4)S(=O)(=O)N5CCCC5,C98046921,inactive
Cc1cc(ccc1NC(=O)CN(c2ccc(c(c2)OC)OC)S(=O)(=O)c3ccccc3)I,C01127218,inactive
CCN1CCN(Cc2c(OC)cc(C)[nH]c2=O)C(=O)c2c1ccc(-c1c(C)noc1C)c2Cl,CHEMBL5094306,active
CC(C)n1ncc2c(cc(nc12)C1=CCN(CC1)C(=O)C1CCN(C)C1)C(=O)NCc1c(C)cc(C)[nH]c1=O,325937,active
c1ccc(c(c1)N2CCN(CC2)c3cc([nH+]cn3)SCC(=O)Nc4ccc(cc4Cl)F)F,C33174766,inactive
Cc1cc(no1)NC(=O)[C@@H](c2ccccc2)[NH+]3CCC(CC3)C(=O)Nc4ccccc4O,C27373857,inactive
COc1ccc(cc1OC)c2cc([nH+]c3c2c(c(s3)C(=O)Nc4ccccc4C(F)(F)F)N)c5cccs5,C98045041,inactive
c1ccc2c(c1)[C@@H]([C@H](N2Cc3ccc(cc3Cl)F)C(=O)O)C[NH2+]CCC4=c5ccccc5=[NH+]C4,C65321889,inactive
CCc1ccc(cc1)NC(=O)CSC2=NC3=C([C@H](C2C#N)c4ccc(c(c4)OC)OC)C(=O)CC(C3)(C)C,C12250337,inactive
Cn1c2c(c(=O)n(c1=O)C)n(c([nH+]2)C[NH+](C)Cc3ccccc3)Cc4c(cccc4Cl)Cl,C10104334,inactive
Cc1cc(c2c(c1)c(cc([nH+]2)S[C@H](C)C(=O)Nc3ccc(cc3)S(=O)(=O)NCC(C)C)C)C,C32529282,inactive
COc1ccc(cc1)N(CC(=O)N/N=C/c2ccc(cc2Cl)Cl)S(=O)(=O)c3ccc(c(c3)OC)OC,C97960495,inactive
CC(C)(C)Nc1c(nc2n1N[C@@H](S2)N3CCN(CC3)C(=O)[C@@H]4C=c5ccccc5=[NH+]4)c6ccccc6,C64450874,inactive
CCCCCOc1ccc(cc1OC)Cn2c3ccccc3[nH+]c2S[C@H]4[C@@H]([C@@H]([C@@H]([C@@H](O4)CO)O)O)O,C39915945,inactive
COc1ccc(cc1OC)c2cc(c3c(nc[nH+]c3n2)N)c4cc(c(c(c4)Br)OC)OC,C09694493,inactive
Cc1c2c(c(c[nH+]1)CO)Cc3c(nc(nc3SCC(=O)Nc4ccc(cc4)OC)c5ccc(cc5)Cl)O2,C97987125,inactive
COc1cc(cc(c1O)OC)[C@H]2c3c(ncn3c4cccc(c4)F)N=C(CS2)O,C95480853,inactive
COC(C1CCN(C)CC1)c1cc(Br)c2CCN(Cc3c(C)cc(C)[nH]c3=O)C(=O)c2c1Cl,435640,active
COC1CC(C1)N1CCC(CC1)[C@@H](C)n1c(C)c(C(=O)NCc2c(SC)cc(C)[nH]c2=O)c2cccnc12,575021,active
COc1cc2cc[nH+]c(c2cc1OC)Cc3cc(c(cc3NC(=O)CS[C@H]4CCS(=O)(=O)C4)OC)OC,C71418214,inactive
CC(=O)N[C@H]1CC[C@H](N(C)c2cc(-c3cnn(CCN4CCOCC4)c3)cc(C(=O)NCc3c(C)cc(C)[nH]c3=O)c2C)CC1,CHEMBL3697429,active
CCOc1ccc(cc1)n2c(=O)c3c(nc2SCC(=O)NCc4ccco4)n(c(=S)s3)c5ccccc5,C03018723,inactive
c1ccc(cc1)/C=C/C(=O)Oc2ccc(cc2/C=N/NC(=O)C(=O)Nc3ccccc3C(=O)Nc4ccccc4)Br,C98228443,inactive
CN(C)[C@H]1CC[C@@H](CC1)[C@]1(C)Oc2c(O1)c(-c1ccsc1)c1CCN(Cc3c(C)cc(C)[nH]c3=O)C(=O)c1c2C,588049,active
Cc1cc(c2c(c1)occ2CC(=O)N/N=C/3\CCCc4c3c(c(o4)C(=O)NCCCn5cc[nH+]c5)C)C,C40826849,inactive
c1ccc(c(c1)/C=C\S(=O)(=O)Nc2[nH]c3ccc(cc3n2)Br)Cl,C96035255,inactive
c1cc(ccc1C(=O)NCCC2=c3cc(ccc3=[NH+]C2)Cl)NC(=O)C4=CSCCO4,C63666677,inactive
C[C@@]1(CS/C(=N/OC(=O)Nc2ccc(c(c2)Cl)Cl)/S1)/C=N/OC(=O)Nc3ccc(c(c3)Cl)Cl,C01887144,inactive
Cc1cc[nH+]c(c1)N[C@H](c2ccc3cccnc3c2O)c4cc(ccc4OC)I,C15016936,inactive
Cc1ccn2c(c1)[nH+]c(c2NC(C)(C)CC(C)(C)C)c3ccc(c(c3)OC)OC(=O)C45CC6CC(C4)CC(C6)C5,C35703250,inactive
CCN(c1cc(-c2cnn(C)c2)cc(C(=O)NCc2c(C)cc(C)[nH]c2=O)c1C)[C@H]1CC[C@H](N(C)C)CC1,CHEMBL3701005,active
CC[NH+](CC)c1ccc(cc1)NC(=O)CSc2nc([nH]n2)N/N=C/c3ccc(cc3)N(CC)CC,C59005629,inactive
CC(=O)Oc1ccc(cc1OC)/C=N\NC(=O)CSc2[nH+]c3ccccc3n2Cc4ccc(cc4)Cl,C33571714,inactive
C[C@H](c1ccccc1)/[NH+]=C(/c2c(c3n(n2)[C@@H](C[C@@H](N3)c4ccc(cc4)OC)C(F)(F)F)Cl)\O,C08444590,inactive
COc1ccc(cc1OC)CC/[NH+]=C(/Nc2ccc(cc2)F)\S[C@@H]3CC(=O)N(C3=O)c4ccc(cc4)Cl,C08425066,inactive
COc1cc(cc(c1OC)OC)[C@@H]2c3c(nc([nH+]c3OC(=C2C#N)N)SCc4ccccc4Cl)N,C12418730,inactive
Cn1c2c(c(=O)n(c1=O)C)n(c([nH+]2)NCCc3ccc(cc3)S(=O)(=O)N)Cc4ccccc4Cl,C08774906,inactive
COc1ccc(cc1)NC(=O)[C@H](c2ccc(c(c2)OC)OC)N(Cc3ccc[nH+]c3)C(=O)CN4c5ccccc5C(=O)C4=O,C08695817,inactive
c1ccc(c(c1)C(=O)Nc2ccc(cc2)Br)NC(=O)C(=O)N/N=C/c3ccc(cc3)OC(=O)c4ccc(cc4)Cl,C04282667,inactive
c1ccc(c(c1)[C@H]2[C@@H]([C@@](NC(=C2C#N)SCC(=O)Nc3cccc(c3)Cl)(C(F)(F)F)O)C(=O)c4cccs4)Cl,C98045727,inactive
c1ccc(cc1)C[NH+]2CCN(CC2)[C@@H](c3ccc(cc3Cl)Cl)c4c(n5c(s4)nc(n5)c6ccco6)O,C22795447,inactive
C[C@@H]1Cc2cc(ccc2O1)C(=O)C3=C(C(=O)N([C@@H]3c4ccc(cc4)C(=O)OC)c5nnc(s5)SCc6cccc7c6cccc7)O,C97970088,inactive
c1cc(cc(c1)Br)Cc2nnc(s2)NC(=O)Nc3ccc(cc3)F,C01236938,inactive
c1ccc2c(c1)c3c([nH]2)c(ncn3)SCC(=O)Nc4ccc(cc4)C(F)(F)F,C33172451,inactive
c1ccc(cc1)/C=c\2/c(=O)n3c(=C([C@H](C(=C3N)S(=O)(=O)c4ccccc4)c5ccccc5)S(=O)(=O)c6ccccc6)s2,C08448711,inactive
c1ccc2c(c1)c(cc(n2)[C@@H]3CN(CCO3)S(=O)(=O)c4ccc(cc4)Cl)C(=O)N,C19762879,inactive
c1ccc(cc1)NC(=O)C[C@@H]2C(=O)N/C(=N\N=C\c3cccc(c3)OCc4ccccc4Cl)/S2,C16115252,inactive
CN1[C@@H]2[C@H](C(=O)N(C1=O)C)N(C(=N2)N3CCC(CC3)C(=O)N)CCSC4[NH+]=c5ccccc5=[NH+]4,C63458346,inactive
Cc1ccccc1N2CCN(CC2=O)C(=O)[C@@H](c3ccc(cc3)Cl)O,C77339300,inactive
Cc1cc(nc2c1cc(cc2)N/C(=[NH+]/CCN3CCc4ccccc4C3)/[S-])N5CC[NH+](CC5)C,C15961505,inactive
CCOC(=O)c1c2c(sc1NC(=O)[C@H]3CCCN3S(=O)(=O)c4ccc(cc4)F)C[NH+](CC2)C(C)C,C36660331,inactive
c1ccc2c(c1)c(c[nH]2)CCNC(=O)Cc3ccc(cc3)NC4=N[C@H]5CS(=O)(=O)C[C@H]5S4,C09860564,inactive
CNS(=O)(=O)c1cc(cc(c1)NCc2cccc3c2OCO3)C(=O)Nc4ccc5c(c4)CCC5,C14539479,inactive
c1ccc(cc1)c2c3c(n(n2)c4ccc(cc4)F)N(C(=O)CS[C@@H]3c5ccccc5F)CC(=O)NCc6cc[nH+]cc6,C98011196,inactive
Cc1cccc(c1C)n2c(nnc2SCC(=O)N3[C@@H](CC(=N3)c4cccs4)c5ccc(cc5)OC)CNC(=O)COc6ccccc6,C97962017,inactive
CCOc1ccc(cc1)C(=O)[C@@H]2[C@@H](N(C(=O)C2=O)CCc3c[nH]c4c3cccc4)c5ccc(cc5)C(=O)OC,C01411049,inactive
CC[NH+](C[C@H](C[NH+](CCc1ccccc1)S(=O)(=O)[O-])O)C[C@H](COc2ccc(cc2)C(C)(C)C)O,C13739550,inactive
C[C@@H](c1nnc(n1c2ccc(cc2)Cl)S[C@H](C)C(=O)Nc3ccc4c(c3)CCC4)[NH+](C)C,C16920051,inactive
Cc1c(c(=O)n([nH]1)c2ccccc2)[C@@H](c3cc(ccc3OCC#C)Cl)c4c(nn(c4O)c5ccccc5)C,C59116598,inactive
COc1ccccc1CNC(=O)[C@@H]2C[C@H](C[NH+]2Cc3cccc(c3)F)Sc4[nH]c5ccccc5n4,C11911166,inactive
CC[C@@H](c1nnc(n1Cc2ccccc2)S[C@@H](C)C(=O)Nc3ccccc3c4ccccc4)[NH+](C)C,C09375646,inactive
C[NH+]1CCO[C@@H](C1)CNS(=O)(=O)c2c(cc(cc2Br)Br)N,C97996835,inactive
Cc1c2c(n(n1)c3ccccc3)[NH+]=C4C(=Nc5ccccc5N4[C@@H]2c6ccccc6F)Nc7cccc(c7)OC,C02317870,inactive
CCN(c1cc(Cl)cc(C(=O)NCc2c(C)cc(C)[nH]c2=O)c1C)[C@H]1CC[C@H](N2CCC2)CC1,CHEMBL3963830,active
COc1cc(C)[nH]c(=O)c1CN1CCN(C)c2c(Cl)cc(-c3ccc(CN4CCOCC4)cc3)c(Cl)c2C1=O,CHEMBL5079867,active
CCOc1cc(c(cc1OCC#N)Br)[C@H]2[C@@H]3C[C@@H](CC=C3[C@H](C(=[NH2+])C2(C#N)C#N)C#N)C(C)(C)C,C05920862,inactive
c1cc(cc(c1)C(F)(F)F)C(=O)NNC(=O)C2=NO[C@H](C2)CNc3c(cc(c[nH+]3)C(F)(F)F)Cl,C08781485,inactive
CN(C1CCNCC1)c1cc(cc(C(=O)NCc2c(C)cc(C)[nH]c2=O)c1C)-c1ccc(CN2CCOCC2)cc1,172007,active
C[C@@H]1[C@H]([C@@H](C[C@@H](O1)O[C@H]2CC[C@@]3([C@H]4CC[C@@]5([C@H](CC[C@@]5([C@@H]4CC[C@@]3(C2)O)O)C6=CC(=O)OC6)C)/C=N/CC[NH+]7CCCCC7)O)O,C70698077,inactive
C[C@H](/C(=N/C1=c2cc(ccc2=[NH+][C@@H]1C(=O)OC)Br)/[O-])[NH+]3CCC(CC3)C(=O)N,C38600708,inactive
Cc1ccc(cc1)c2c3c([nH]n2)C(=O)N([C@H]3c4ccc(c(c4)OC)OCCC(C)C)CCC[NH+]5CCOCC5,C40341714,inactive
Cc1cc(C)c(CNC(=O)c2cc(nc3n(ncc23)C2COC2)C2CC(C)(C)NC(C)(C)C2)c(=O)[nH]1,325953,active
C[C@H]1CCc2c(sc(c2C(=O)N)NC(=O)CSc3nnc(n3C)Cc4ccccc4)C1,C14091351,inactive
c1ccc(cc1)C[C@H]2[C@@H]3[C@@H](C(=O)N(C3=O)C4CCCC4)[C@@]5(N2)c6ccccc6NC5=O,C20611411,inactive
c1ccc(cc1)C[NH+]2CCc3c(c(nc(n3)N4CC[NH+](CC4)Cc5ccc6c(c5)OCO6)OCC(=O)[O-])C2,C73709398,inactive
COc1cc(ccc1O)/C=N/NC(=O)C2CCN(CC2)S(=O)(=O)c3ccc(cc3)Br,C59922079,inactive
COc1cccc(c1OC)[C@H]2[C@H]3[C@H](N[C@H]([C@H](C3=O)[C@@H]([NH2+]2)c4cccc(c4OC)OC)c5cccc(c5OC)OC)c6cccc(c6OC)OC,C95100682,inactive
c1ccc(cc1)Oc2ccc(cc2)Nc3nnc(s3)SCC(=O)Nc4c(ccs4)C(=O)N,C09632667,inactive
CCc1c(c(nc(n1)c2ccc(c(c2)O)OC)NCC)I,C97625962,inactive
CCN(C1CCOCC1)c1cc(cc(C(=O)NCc2c3CCCCc3c(C)[nH]c2=O)c1C)-c1ccc(nc1)N1CCN(C)CC1,50590377,active
c1ccc(cc1)C(=O)Oc2ccc(cc2/C=N/NC(=O)c3ccccc3NS(=O)(=O)c4ccc(cc4)Cl)Br,C04232344,inactive
Cc1ccccc1n2c(n[nH]c2=S)c3cnn4c3N[C@H](C[C@H]4C(F)F)c5ccccc5,C02791086,inactive
c1ccc(cc1)/N=N/c2ccc(cc2)N[C@@H](C(Cl)(Cl)Cl)NC(=O)CN3C(=O)c4ccccc4S3(=O)=O,C98228605,inactive
c1cc2c(cc1Br)c3cc(ccc3n2C[C@@H](C[NH+]4CCN(CC4)CCO)O)Br,C22798223,inactive
Cc1cc(c(c(c1)C)NC(=O)CSc2nnc(s2)NC(=O)[C@H]3CC(=O)N(C3)c4ccc(cc4)F)C,C08908631,inactive
C[NH+]1CCN(CC1)C(=S)Sc2nc(nc(n2)Nc3ccc(cc3)OC)Nc4ccc(cc4)OC,C58979098,inactive
c1ccc(cc1)CNS(=O)(=O)c2ccc(cc2)NC(=S)NC(=O)c3ccc(cc3)c4ccccc4,C13989834,inactive
Cc1cc(C(=O)NC2CC(C)(C)NC(C)(C)C2)ccc1Oc1ccccc1C#N,CHEMBL3264776,active
COc1ccc(cc1OC)NC(=O)CN(c2ccc(cc2)I)S(=O)(=O)c3ccccc3,C01142028,inactive
c1ccc(cc1)CCN2C(=O)N(C(=O)C23CC[NH+](CC3)Cc4cccc(c4)F)Cc5cccc[nH+]5,C14533063,inactive
CC(C)c1ccc(cc1)N\2[C@@H]3CS(=O)(=O)C[C@@H]3S/C2=[NH+]\C=C(\C#N)/C(=O)Nc4ccc(cc4)Cl,C36596956,inactive
CSc1cc(C)[nH]c(=O)c1CNC(=O)c1c(C)n([C@H](C)C2CCN(CC2)C2CC2)c2ncncc12,574902,active
CC(C)CNC(=O)c1ccccc1N2C(=O)[C@@H]3CC4=c5ccccc5=[NH+][C@@H]4[C@@H](N3C2=O)c6ccc(cc6)OC,C63375742,inactive
COc1ccc2nc(Nc3nc(O)cc(CSc4nnnn4-c4ccccc4)n3)nc(C)c2c1,CHEMBL1602143,inactive
Cc1ccc(cc1)S(=O)(=O)Nc2ccc(cc2)NC(=O)[C@@H]3[C@H](C3=C)C(=O)Nc4ccc(cc4)NS(=O)(=O)c5ccc(cc5)C,C08431397,inactive
COc1ccccc1NC(=O)CSc2[nH+]ccn2c3ccc(cc3)C(=O)NCc4cccs4,C96324441,inactive
Cc1cccc(n1)CNc2cc3c(c(n(c3[nH+]c2)CC(C)C)C(=O)OC)NC(=O)Cc4ccccc4,C14540883,inactive
COc1ccccc1CNC(=O)[C@@H]2C[C@@H](C[NH+]2Cc3cccc(c3)F)Sc4[nH]c5ccccc5n4,C11911934,inactive
COc1ccc(cc1OC)[C@H]2C[C@@H](n3c(c(c(n3)/C(=[NH+]/Cc4cccs4)/O)Cl)N2)C(F)(F)F,C00867115,inactive
c1ccc2=[NH+]CC(=c2c1)CC[NH2+]C[C@H](Cn3c4ccc(cc4c5c3ccc(c5)Cl)Cl)O,C63934838,inactive
Cc1c(sc2c1c(nc(n2)CSc3ccc(cc3)Cl)NCCN[C@@H]4CCS(=O)(=O)C4)C,C32809990,inactive
c1cc2cccc3c2c(c1)C(=O)N(C3=O)c4ccc5c(c4)sc(n5)SCC(=O)c6ccc(c(c6)O)O,C59417612,inactive
Cc1cccc(c1Nc2c3ccccc3nc(n2)[C@H](C)[NH+]4CCN(CC4)S(=O)(=O)c5ccc(cc5)F)C,C22052519,inactive
c1cc(c(cc1NC(=O)C[NH+]2CCN(CC2)C(=O)NCCC(=O)N3CCCC3)C(F)(F)F)Cl,C09515669,inactive
[H]/N=C\1/C(=C\c2cc(c(c(c2)Br)OCCOc3ccccc3Cl)OC)/C(=O)N=C4N1N=C(S4)C,C97959073,inactive
Cc1cc(ccc1C(=O)C2=C(C(=O)N([C@@H]2c3ccc(cc3)O)CCC[NH+](C)C)O)OCc4ccccc4,C09312001,inactive
CCOc1ccc(c(c1)[C@@H]2C(=C(NC(=O)N2)CSc3[nH]c4cc(ccc4[nH+]3)C)C(=O)OCC)OCC,C01425290,inactive
c1ccc(cc1)CC(=O)Nc2nnc(s2)S[C@@H]3C[C@H]4C[NH+]([C@@H]3[C@@H]4Br)Cc5ccccc5,C04288648,inactive
CC[C@@H](C(=O)N1CCC(CC1)C)Sc2nc3c(c([nH]n3)C)c(=[NH2+])n2c4ccc(cc4)OC,C20759762,inactive
c1cc(ccc1C(=O)N)NC(=O)[C@@H]2CCCN(C2)S(=O)(=O)Cc3ccc(cc3Cl)Cl,C13678640,inactive
Cc1cc(c(c(c1)C)c2csc(n2)NC(=O)c3ccc(cc3)NC(=O)CSc4[nH+]ccn4C)C,C24959807,inactive
COc1cc(cc(c1OC)OC)C(=O)c2cc(ccc2N/C=C(/C#N)\c3nc(cs3)c4ccc(c(c4)Cl)Cl)Cl,C97966537,inactive
CCCCOc1ccc(cc1)[C@H]2C(=C(C(=O)N2Cc3cc[nH+]cc3)O)C(=O)c4cccc(c4)OCCCC,C33459435,inactive
COCCNC(=O)[C@@H](c1ccc(cc1)F)N(c2cccc(c2)F)C(=O)CCC(=O)Nc3cccc[nH+]3,C13501540,inactive
CCOC(=O)c1c([nH+]c(nc1N)c2c(c3c(nc(nc3s2)c4ccccc4)Nc5nc(cc(n5)C)C)C)C,C03625354,inactive
CN(C)S(=O)(=O)c1ccc(cc1)C(=O)Nc2nc3c(s2)c(cc([nH+]3)c4cccs4)C(F)(F)F,C13015665,inactive
c1ccc2c(c1)C=C[NH+]3[C@H]2[C@@]4(c5ccccc5NC4=O)[C@@H]([C@@H]3C(=O)c6ccco6)C(=O)c7ccc(cc7)Cl,C09087734,inactive
c1ccc(cc1)N(c2ccccc2)c3[nH+]c(nc(n3)N)C[NH+]4CCN(CC4)c5ccccc5F,C19891008,inactive
CC(C)(C)[C@H]1CC=C2[C@H](C1)[C@H](C(C(=C2C#N)[NH3+])(C#N)C#N)c3ccc(cc3)OC(F)(F)F,C08442016,inactive
Cc1c(cc(s1)c2cc([nH]n2)C(F)(F)F)S(=O)(=O)Nc3cccc(c3)F,C33173803,inactive
CC[C@@H]1[C@@]([C@@H]([C@@H](C(=O)[C@@H](C[C@@]([C@@H]([C@@H]([C@@H]([C@@H](C(=O)O1)C)O[C@@H]2C[C@@]([C@@H]([C@@H](O2)C)O)(C)OC)C)O[C@@H]3[C@@H]([C@@H](C[C@@H](O3)C)[NH+](C)C)OC(=O)CC)(C)O)C)C)O)(C)O,C08101097,inactive
c1ccc2c(c1)CN(C2=[NH2+])c3ccc(c(c3)S(=O)(=O)[N-]c4cccc(c4)Cl)Cl,C12592109,inactive
CCOc1cc(c(c(c1OCC)Br)Br)[C@@H]2C(=C(OC(=C2C(=O)OCC)C)N)C#N,C00679294,inactive
CC[C@@H]1[C@@]([C@@H]([C@H](/C(=N/OC)/[C@@H](C[C@@]([C@@H]([C@H]([C@@H]([C@H](C(=O)O1)C)O[C@H]2C[C@@]([C@H]([C@@H](O2)C)O)(C)OC)C)O[C@H]3[C@@H]([C@H](C[C@H](O3)C)[NH+](C)C)O)(C)OC)C)C)O)(C)O,C94303209,inactive
COc1ccc(cc1OC)n2c(=O)c3ccccc3nc2SCC(=O)Nc4ccc(cc4)C(=O)N,C02633558,inactive
Cc1ccc(cc1)S(=O)(=O)NCCc2nnc3n2nc(cc3)SCC(=O)Nc4ccc(cc4)Br,C33355723,inactive
CC(C)C[C@@H](C(=O)NCC(C)C)NC(=O)[C@@H]1CC2=c3ccccc3=[NH+][C@H]2[C@H]4N1C(=O)c5c4cccc5,C63383574,inactive
CCN(C1CCC(CC1)N1CCCCC1)c1c(C)c(cc2n(C)ncc12)C(=O)NCc1c(C)cc(C)[nH]c1=O,516861,active
COc1ccc(cc1N(C[C@H](CN(Cc2ccccc2)Cc3ccccc3)O)S(=O)(=O)c4ccccc4)[N+](=O)[O-],C33354087,inactive
CN(C)c1ccc(cc1)/N=C/2\C=C(C(=O)C=C2NC(=O)c3cccc(c3)[S@@](=O)OF)NC(=O)c4ccco4,C06287055,inactive
COc1cc(c(c(c1)OC)C2=CC[NH+](CC2)CC(=O)Nc3ccc(cc3)C(=O)N)OC,C12768122,inactive
c1ccc2c(c1)C(=O)N([C@@H](N2)c3ccco3)NC(=O)c4ccc(cc4)Cl,C39919832,inactive
Cc1ccc(cc1F)C(=O)C2=C(C(=O)N([C@@H]2c3cc(c(c(c3)Br)O)OC)CCCn4cc[nH+]c4)O,C98218442,inactive
C[NH+]1CCc2c(sc3c2C(=O)N[C@H](N3)c4ccc(cc4)OC(=O)c5cc(c(c(c5)OC)OC)OC)C1,C19816747,inactive
COc1ccc(cc1)SCCCC(=O)Nc2c(c3c(s2)C[NH+](CC3)Cc4ccccc4)C(=O)OC,C09473022,inactive
Cc1cc(C)c(CNC(=O)c2cc(-c3cnn(CCN4CCOCC4)c3)cc(N(C)[C@H]3CC[C@@H](N)CC3)c2C)c(=O)[nH]1,CHEMBL3697439,active
CSc1cc(C)[nH]c(=O)c1CNC(=O)c1c(C)n([C@H](C)c2ccc(cc2)N(C)C)c2ccccc12,574898,active
CC[C@@H]1[C@@]([C@@H]([C@H](C(=O)[C@](C[C@@]([C@H]([C@H]([C@@H]([C@H](C(=O)O1)C)O[C@@H]2C[C@]([C@@H]([C@@H](O2)C)O)(C)OC)C)O[C@@H]3[C@@H]([C@@H](C[C@@H](O3)C)[NH+](C)C)O)(C)O)(C)F)C)O)(C)O,C76821045,inactive
[H]/N=C\1/C(=C/c2cn(c3c2cccc3)CCCOc4ccc(cc4)CC)/C(=O)N=C5N1N=C(S5)SCc6ccccc6,C97964343,inactive
COc1ccc(cc1)n2c(nnc2SCC(=O)Nc3cccc(c3)C(F)(F)F)COc4ccc(cc4)Cl,C97958397,inactive
CCN(CC)S(=O)(=O)c1ccc(cc1)Nc2c(c(nc[nH+]2)N(Cc3ccccc3)c4ccccn4)N,C40759545,inactive
c1ccc(cc1)C(=O)N2[C@H]3CCCC[C@@H]3C[C@@H]2C(=O)N4CCC[C@@H](C4)C(=O)N,C78498156,inactive
COc1ccc2cc(ccc2c1)C(=O)C3=C(C(=O)N([C@@H]3c4ccc(cc4)Cl)CCCn5cc[nH+]c5)O,C39847819,inactive
c1ccc2c(c1)nc(n2C(=O)CCN3C(=O)/C(=C/c4cccs4)/SC3=S)SCC(=O)Nc5cccc(c5)Br,C97957638,inactive
Cc1ccc(cc1)c2nc(s[n+]2c3ccccc3)N[C@@H](C(Cl)(Cl)Cl)NC(=O)OCc4ccccc4,C59222258,inactive
CC(=O)N[C@@H](CC1=c2ccccc2=[NH+]C1)C(=O)OC[C@@H]3CC(=O)N4C=C(C=C[C@@H]4N3)Br,C63731499,inactive
CC1(C)CC(NC(=O)c2ccc(Oc3cccc(-c4ccnnc4)c3C#N)c(Cl)c2)CC(C)(C)N1,CHEMBL3264787,active
COc1ccc(cc1)N2C(=O)[C@](C(=O)NC2=O)(Cc3cccc4c3cccc4)C[NH+]5C[C@H]6C[C@@H](C5)c7cccc(=O)n7C6,C70669793,inactive
c1cc(cc(c1)NS(=O)(=O)c2ccc(c(c2)Cl)Cl)C(=O)NCCCn3cc[nH+]c3,C28201876,inactive
CC(C)(C)c1ccc(cc1)c2nnc(n2c3ccc(cc3)OC)SCC(=O)N/N=C/c4cccc(c4OC)OC,C01870962,inactive
CCN(c1cc(-c2ccc(CN3CCN(CCCCCCOc4cccc5c4C(=O)N(C4CCC(=O)NC4=O)C5=O)CC3)cc2)cc(C(=O)NCc2c(C)cc(C)[nH]c2=O)c1C)C1CCOCC1,CHEMBL5090885,active
CC(=O)[C@H]1CC[C@@H]2[C@@]1(CC[C@@H]3[C@@H]2CCC4=C/C(=N\OCC(=O)NCCc5c[nH]c[nH+]5)/CC[C@]34C)C,C08917858,inactive
CCn1c(nnc1SCC(=O)Nc2c(c3c(s2)C[C@@H](CC3)C(C)(C)C)C#N)CC(=O)Nc4ccccc4,C02859376,inactive
COc1cc(c(cc1OC)Br)c2[nH+]cc(c(n2)N)I,C97626911,inactive
CC[C@@H](C)CNc1cc2c([nH+]c1)N([C@@H]([C@@H]2NC(=O)COC)C(=O)OC)CCC3=c4ccccc4=[NH+]C3,C63985768,inactive
CS(=O)(=O)Nc1ccc(c(c1)NC(=O)[C@@H](CC(=O)[O-])[NH3+])Cl,C85813701,inactive
C[C@H](C(=O)Nc1ccccc1C(=O)N)Sc2ccc(cc2)NS(=O)(=O)c3cccs3,C22569300,inactive
CCc1ccccc1NC(=O)CSc2c([nH+]c([nH]2)c3ccc(cc3)C)S(=O)(=O)c4ccccc4,C12112518,inactive
CCN(C1CCOCC1)c1cc(cc(C(=O)NCc2c(C)cc(C)[nH]c2=O)c1C)C#CCN1CCCCC1,601738,active
Cc1ccc(c(c1)Br)NC(=O)CSc2[nH]c3cc(ccc3n2)OC,C04274567,inactive
CC(C)[C@@H](C(=O)NNC(=O)Cc1c[nH]c2c1cccc2)NS(=O)(=O)c3ccc4ccccc4c3,C22698614,inactive
CCc1ccc(cc1)OCC(=O)Nc2c(c3c(s2)C[C@@H](CC3)C)C(=O)N[C@H]4CCS(=O)(=O)C4,C39836393,inactive
COc1ccc(cc1OC)CC[n+]2cnc3c(c2N)c(c(n3Cc4ccccc4)c5ccccc5)c6ccccc6,C02255004,inactive
Cc1cc(C)c(CN2CCc3c(Cl)cc(C(F)C4CCN(CC4)C(=O)CO)c(Cl)c3C2=O)c(=O)[nH]1,435497,active
CCOc1cccc(c1)C(=O)NC(=S)Nc2ccc3c(c2)nc(o3)c4cc(cc(c4)C)C,C08831138,inactive
c1ccc2c(c1)nc3n2c4c(s3)c(=[NH2+])n(cn4)NC(=O)Nc5cccc(c5)C(F)(F)F,C08426324,inactive
COc1cc(C)[nH]c(=O)c1CNC(=O)c1cc2c(ccn2c(C(C)N2CCN(CC(F)(F)F)CC2)c1C)-c1ccc(F)cc1,490283,active
COc1ccc(cc1)C(=O)/N=C(\NCCC2=c3ccccc3=[NH+]C2)/Nc4ccc(c(c4)Cl)OC,C63589300,inactive
CN(C1CCOCC1)c1cc(cc(C(=O)NCc2c(C)cc(C)nc2=O)c1C)-c1cnn(C)c1,514150,active
Cc1ccc(cc1)NC(=O)[C@@H](c2cccc[nH+]2)N(Cc3ccccc3)C(=O)c4ccc(cc4)NC(=O)C,C00722294,inactive
COc1ccc(cc1OC)[C@H]2[C@H]([C@@]([NH+]=C(N2)O)(C(F)(F)F)O)C(=O)c3ccc(cc3)F,C09380299,inactive
Cc1ccc(cc1)C(=O)[C@H]2[C@@H](NC(=[NH+][C@@]2(C(F)(F)F)O)O)c3cn(nc3c4ccccc4)c5ccccc5,C08915334,inactive
CC(=O)N[C@@H](CC1=c2ccccc2=[NH+]C1)C(=O)NNC(=O)CSc3nc4ccccc4s3,C63806710,inactive
COc1cc(C)[nH]c(=O)c1CNC(=O)c1c(C)n([C@H](C)C2CCN(C)CC2)c2ccccc12,50563818,active
COc1cccc(c1OCc2ccc(cc2Cl)Cl)/C=C/3\C(=O)N(C(=S)S3)NC(=O)c4ccccc4,C97962102,inactive
CN1CCCc2c1ccc(c2)[C@@H](CNC(=O)Nc3ccccc3C(F)(F)F)[NH+]4CCCC4,C38670707,inactive
c1ccc(c(c1)c2nnc(n2N)SCC(=O)Nc3ccc4c(c3)OCCO4)Br,C09092132,inactive
c1cc(sc1)[C@H]2CC3=C([C@H](C4=C(N=N[C@H]4N3)O)c5ccc(s5)Br)C(=O)C2,C39359202,inactive
CN(C)Cc1ccc(cn1)-c1cc(N(C)C2CCNCC2)c(C)c(c1)C(=O)NCc1c(C)cc(C)nc1=O,514180,active
c1ccc2c(c1)c(ccn2)C[NH+]3C[C@@H](C[C@H]3C(=O)NCCc4cccc(c4)F)Sc5[nH]c6ccccc6n5,C11785084,inactive
c1cc2cccc3c2c(c1)C(=O)N(C3=O)CC[NH+]4CCN(CC4)C[C@H](COc5c(cc(cc5F)Br)F)O,C97985355,inactive
C[C@@H]([C@H]1CC[C@@]2([C@@]1(CC[C@@H]3C2=CC(=O)[C@@H]4[C@@]3(CC[C@@H](C4)OC(=O)C)C)C)O)[C@@H](CCC(C)(C)O)OC(=O)C,C34704085,inactive
CC(=O)Nc1ccc(cc1OC)S(=O)(=O)NC[C@H](c2cccs2)C3=c4ccccc4=[NH+]C3,C63850103,inactive
CCOC(=O)c1ccc(cc1)N2[C@@H](C(=C(C2=O)O)C(=O)c3ccc(cc3)[N+](=O)[O-])c4ccc(cc4)Br,C53335452,inactive
CCOc1ccc(cc1)[C@H](CCC(=O)N/N=C\c2cc(c(c(c2)Br)OC)Br)O,C58892894,inactive
CCOC(=O)C1=C(n2c(=O)/c(=C/c3ccc(cc3)Cl)/sc2=C([C@@H]1c4ccc(cc4)Cl)C(=O)OC)N,C01823141,inactive
CC[C@@H](c1scc(C(=O)NCc2c(C)cc(C)[nH]c2=O)c1C)C1CCN(Cc2ccc(Cl)cn2)CC1,CHEMBL4127201,active
Cc1ccc(c(c1)n2cc[nH+]c2SCC(=O)Nc3cccc(c3)S(=O)(=O)/N=C\4/CCCN4)C,C36386986,inactive
Cc1cccc(c1)n2cc[nH+]c2S[C@@H](C)C(=O)Nc3ccc(cc3)C(=O)Nc4ccccc4OC,C23224082,inactive
Cc1cc(C)c(CNC(=O)c2cc3CC4(CCCC4)Oc3c(Br)c2)c(=O)[nH]1,359810,active
C[C@H]1CCc2c(sc3c2C(=[NH+][C@H](N3)c4ccc(c(c4)OC)OC(=O)c5ccc(cc5Cl)Cl)O)C1,C15947727,inactive
CCn1c(nnc1SCC(=O)Nc2ccc(cc2)Br)CC(=O)Nc3ccccc3OC,C02867082,inactive
CC(=O)[C@]1(CC[C@@H]2[C@@]1(CC[C@@H]3[C@H]2CCC4=C/C(=N\OCC(=O)NCc5cccc[nH+]5)/CC[C@@]34C)C)O,C15957647,inactive
C[C@H]1CCc2c(sc3c2c(=O)n(c(n3)SCc4[nH+]c(c5ccccc5n4)N)C[C@@H]6CCCO6)C1,C18327942,inactive
CCN(c1cc(-c2ccc(CN3CC(F)C3)cc2)cc(C(=O)NCc2c(C)cc(C)[nH]c2=O)c1C)C1CCOCC1,CHEMBL3697474,active
CC(=O)Nc1ccc(cc1)S(=O)(=O)N(CC(=O)NN=C2CCC(CC2)C(C)(C)C)c3ccc(cc3)OC,C20231846,inactive
C/C(=N/Nc1[nH]nc(n1)SCC(=O)Nc2cccc(c2)Br)/C=C/c3ccccc3,C59022932,inactive
CC1(CC2=C([C@H](C(=C(N2c3cccc(c3)C(F)(F)F)[NH3+])C#N)c4ccc(cc4)OCC=C)C(=O)C1)C,C02387636,inactive
CCN(c1cc(-c2ccc(CN3CCN(CCCCCCCCCCOc4cccc5c4C(=O)N(C4CCC(=O)NC4=O)C5=O)CC3)cc2)cc(C(=O)NCc2c(C)cc(C)[nH]c2=O)c1C)C1CCOCC1,CHEMBL5076514,active
CSc1cc(C)[nH]c(=O)c1CNC(=O)c1c(C)n([C@H](C)[C@H]2OCC(CO2)N(C)C)c2ccccc12,574844,active
COC(C1CCOCC1)c1cc(Cl)c2CCN(Cc3c(C)cc(C)[nH]c3=O)C(=O)c2c1Cl,50246941,active
CCOc1cccc(c1O)[C@@H]2CC(=N[C@H]([NH2+]2)c3ccc(cc3)Cl)c4ccc(cc4)Br,C09541404,inactive
CC(C)n1ncc2c(C(=O)NCc3c(C)cc(C)[nH]c3=O)c(Cl)c(nc12)-c1ccc2OCCOc2c1,382150,active
CCCOc1ccc(cc1OCC)[C@H]2C(=C(C(=O)N2CCC[NH+](C)C)O)C(=O)c3c(n4cccc(c4n3)C)C,C35484083,inactive
CCOC(=O)[C@@H]1[C@H](SC2=C1CCCCC2)NC(=O)CSC3=NC(=O)CC(=[NH+]3)N,C63289546,inactive
c1cc(cc(c1)Cl)C(=O)N2CCN(CC2)C(=O)c3cc(n[nH]3)c4cccs4,C97466530,inactive
CC(C)c1cc(n[nH]1)NC(=O)[C@H]2CCCN2C(=O)c3cc(cc(c3)Cl)Cl,C97544914,inactive
CSc1cc(C)[nH]c(=O)c1CNC(=O)c1c(C)n([C@H](C)C2CCN(CC(F)(F)F)CC2)c2cccc(Cl)c12,574972,active
CCCS(=O)(=O)c1c2ccc(cn2c(c1S(=O)(=O)CCC)C(=O)c3ccc(cc3)F)C(=O)N,C00783597,inactive
COC(=O)CC[C@H](C(=O)OC)NC(=O)N1CCc2c([nH]c[nH+]2)[C@@H]1c3ccc(cc3F)Cl,C36580056,inactive
C[C@H](c1ccccc1Cl)NC(=O)[C@@H](CCC(=O)N)NS(=O)(=O)c2ccc3ccccc3c2,C09387033,inactive
COc1ccc(cc1COc2ccccc2C3CCCCC3)[C@@H]4[C@H]5C(=c6ccccc6=[NH+]5)C[C@@H]([NH2+]4)C(=O)[O-],C63361962,inactive
c1ccc2c(c1)CCN(C2)C(=O)c3ccc(cc3)N4CCC(CC4)[NH2+]C[C@H]5c6ccccc6CCO5,C12456805,inactive
CCOCCCn1c(n[nH]c1=S)c2cc3n(n2)[C@H](C[C@@H](N3)c4ccc(cc4)C(C)C)C(F)(F)F,C02791696,inactive
CC(C)Oc1ccc(cc1OC)[C@@H]2[C@@H]3CN(CC=C3C(=C(C2(C#N)C#N)[NH3+])C#N)C(=O)OCc4ccccc4,C26607741,inactive
CCOc1cccc(c1)N2C(=O)C[C@@H](C2=O)SC(=[NH2+])N/N=C(\C)/c3ccc(c(c3)Br)OC,C59489259,inactive
COc1cc(cc(c1OC)OC)[C@@H]2[C@H]3CN(CC=C3C(=C(C2(C#N)C#N)[NH3+])C#N)C(=O)OCc4ccccc4,C26712968,inactive
c1ccc(cc1)CCNC(=O)CSc2nc3ccc(cc3s2)NC(=O)c4ccccc4C(=O)N5CCCC5,C97951488,inactive
CCN(c1cc(-c2cccc3cccnc23)cc(C(=O)NCc2c(C)cc(C)[nH]c2=O)c1C)[C@H]1CC[C@H](N(C)C)CC1,CHEMBL3701013,active
C[C@H]1CC[C@H]([C@@H](C1)OC(=O)C2=C(N=C3[NH+]=CNN3[C@@H]2c4cc(ccc4OC)Br)C)C(C)C,C09942100,inactive
CC1CCN(CC1)S(=O)(=O)c2ccc(cc2)NC(=O)CCNS(=O)(=O)c3ccc(cc3)Cl,C20628701,inactive
Cc1cc(cc(c1)NC(=O)[C@@H]2[C@H]3C=C[C@@]4([C@@H]2C(=O)N([C@@H]4C(=O)NC5CCCCC5)CC[NH+]6CCCCC6)O3)C,C15962879,inactive
c1ccc2c(c1)c(c3c(n2)/C(=C\c4cccs4)/CCC3)C(=O)OCC(=O)Nc5ccc(cc5)C(=O)N,C08685224,inactive
c1ccc(cc1)COc2ccc(cc2)/C=N/NC(=O)CSc3[nH+]c4ccccc4n3Cc5ccccc5Cl,C51075727,inactive
CCOc1ccc(cc1)c2nnc(o2)SCC(=O)Nc3ccc(cc3)N4CCN(CC4)S(=O)(=O)C,C33597800,inactive
CCN([C@H]1CC[C@@H](CC1)N(C)C)c1cc(cc(C(=O)NCc2c(C)cc(C)[nH]c2=O)c1C)-c1ccc(cc1)C(=O)NCCCO,172174,active
C=CCSc1nnc(s1)N2C3=C([C@H](C(=C2[NH3+])C#N)c4c(cccc4Cl)Cl)C(=O)CCC3,C39425973,inactive
CCN(c1cc(/C=C/c2ccc(S(=O)(=O)N3CCOCC3)cc2)cc(C(=O)NCc2c(C)c3c([nH]c2=O)CCCC3)c1C)C1CCOCC1,CHEMBL4635261,active
CC(C)c1ccc(cc1)NC(=O)CSc2nc3ccc(cc3s2)NC(=O)CSc4[nH+]ccn4C,C59488371,inactive
Cc1c2c(n(n1)c3ccccc3)[NH+]=C4C(=Nc5ccccc5N4[C@@H]2c6ccco6)Nc7cccc(c7)C(F)(F)F,C02220367,inactive
CC[C@H]1c2cc(ccc2N(N1S)Nc3c(cc(cn3)C(F)(F)F)Cl)CO,C64220219,inactive
CN(C)CCn1c(c(cn1)Br)[C@@H](c2cn[nH]c2N)NN,C97556620,inactive
Cc1cc(SC2CCC2)c(CNC(=O)c2c(C)n([C@H](C)C3CCN(CC(F)(F)F)CC3)c3ccccc23)c(=O)[nH]1,CHEMBL4634390,active
C[C@@H](C(=O)Nc1ccc2c(c1)sc(n2)SCC(=O)Nc3ccccc3)Sc4nnnn4c5ccccc5,C33353652,inactive
Cc1cc(n([nH+]1)[C@@H](C)C(=O)Nc2ccc(cc2Cl)NC(=O)[C@@H](C(C)C)[NH+]3C[C@H](O[C@H](C3)C)C)C,C72071669,inactive
CC[NH+]1[C@@H](N=N[C@@H]1S[C@@H]2C(=c3cc(ccc3=[NH+]C2=O)Cl)c4ccccc4)c5cc(cc(c5)OC)OC,C39237549,inactive
CCOc1cc(ccc1OCCC(C)C)[C@H]2C(=C(C(=O)N2CCCn3cc[nH+]c3)[O-])C(=O)c4ccc5c(c4)C[C@@H](O5)C,C97967709,inactive
CC(C)N1CCN(CC1)c1ccc(cn1)-c1cc(C(=O)NCc2c(cc(C)[nH]c2=O)C(C)C)c2cnn(C(C)C)c2c1,50536563,active
Cc1cc(ccc1Br)NC(=O)c2c(n(nn2)CC(=O)Nc3ccccc3C(F)(F)F)C,C67323393,inactive
CCN(C(=O)C1CC1)c1cc(cc(C(=O)NCc2c(C)cc(C)[nH]c2=O)c1C)-c1cnc(cc1C)N1CCN(CC2CC2)CC1,50575224,active
Cc1ccc(cc1NC(=O)CSc2[nH+]ccn2c3cc(cc(c3)C)C)C(=O)NCC(F)(F)F,C68705026,inactive
Cc1cc(C)c(CNC(=O)c2cc3c(c(-c4ccc(N5CCNCC5)cc4)c2)OC(C)(C)C3)c(=O)[nH]1,CHEMBL5189557,active
C=CCn1c(nnc1SCC(=O)N/N=C/c2cccc(c2)Oc3ccccc3)CNc4ccc(cc4)I,C98045845,inactive
c1ccc(c(c1)Cc2nc(no2)c3ccc[nH+]c3)NC(=O)c4ccccc4I,C96356779,inactive
CCOc1cc(ccc1O)[C@@H]2[C@@H](C(=O)C(=O)N2c3nnc(s3)SCc4ccccc4)C(=O)c5cc6ccccc6o5,C08441228,inactive
C/C(=N\NC(=O)CSc1[nH+]c2ccccc2n1Cc3ccccc3Cl)/c4ccc(c(c4)OC)O,C54382121,inactive
CC[NH+](CC)CCCN1[C@H](/C(=C(/c2c(c([nH]c2C)C(=O)OC)C)\O)/C(=O)C1=O)c3ccccc3F,C08837298,inactive
COC(=O)[C@@H]1Cc2c3ccccc3[nH]c2[C@@H]4N1[C@@H](C[C@@H](C4)[NH2+]CCc5c[nH]c[nH+]5)c6ccc(c(c6)F)F,C67879293,inactive
c1ccc2c(c1)c3ccccc3n2C[C@@H](C[NH+]4CCN(CC4)C[C@H](Cn5c6ccccc6c7c5ccc(c7)Br)O)O,C22873395,inactive
CC(C)NC(=O)O[C@@H]1CC[C@@]2([C@H]([C@]1(C)CO)CC[C@H]([C@H]2CC(=O)N3CCC[C@H]3CO)O)C,C04236634,inactive
C[NH+](C)CCNC(=O)c1ccc(cc1)Nc2c(cnn(c2=O)c3ccc(cc3)Cl)Oc4ccc(cc4)OC,C98015551,inactive
C=C1C([C@@H]([C@@H](C(=N1)SCC(=O)Nc2ccc(cc2)Cl)C#N)c3cc[nH+]cc3)C(=O)Nc4ccccc4,C08857442,inactive
CCN([C@@H]1CC[C@@H](CC1)N(C)C)c1cc(Cl)cc(C(=O)NCc2c(C)cc(C)[nH]c2=O)c1CC,190201,active
CC[C@H](C(=O)Nc1ccc(cc1)F)Sc2c3c(nc(n2)c4cccc(c4)OC)Oc5c([nH+]cc(c5C3)CO)C,C97986988,inactive
C[NH+](C)[C@H](CNC(=O)c1cccc(c1)S(=O)(=O)Nc2ccc(cc2)Br)c3ccco3,C12605303,inactive
CCN(C1CCC(C)(C)CC1)c1cc(Cl)cc(C(=O)NCc2c(C)cc(C)[nH]c2=O)c1C,190212,active
C/C(=N/[NH+]=C(/N)\S[C@@H]1CC(=O)N(C1=O)CCc2ccc(c(c2)OC)OC)/CCc3ccc4c(c3)OCO4,C83316361,inactive
Cc1ccc(cc1N/C(=N\C(=O)c2ccc3c(c2)OCO3)/NCCC4=c5ccccc5=[NH+]C4)Cl,C63588992,inactive
Cc1ccc(cc1)NC(=O)C(=O)NC[C@@H](c2ccc3c(c2)OCO3)[NH+]4CCN(CC4)c5ccccc5F,C38621030,inactive
CCNCc1ccc(-c2cc(C(=O)NCc3c(C)cc(C)[nH]c3=O)c(C)c(N(CC)C3CCOCC3)c2)cc1,CHEMBL3697480,active
COc1ccc(cc1OC)[C@@H]2C[C@H](n3c(c(c(n3)C(=O)Nc4ccc5c(c4)OCO5)Cl)N2)C(F)(F)F,C00867130,inactive
COc1ccc(cc1)c2cc(no2)C[C@@H]3CC[C@@H]([C@H](O3)C[NH+](Cc4ccccc4OC)Cc5ccccc5OC)O,C77262373,inactive
CCCCN(CC)S(=O)(=O)c1ccc(cc1)C(=O)Nc2c(c3c(s2)C([NH2+]C(C3)(C)C)(C)C)C(=O)OC,C09391496,inactive
CCCc1cc(C)[nH]c(=O)c1CNC(=O)c1cc(-c2ccc(C(F)(F)F)cc2)cc2c1cnn2C(C)C,CHEMBL4566302,active
Cc1cc(ncc1Br)N[C@@H](c2cccc[nH+]2)c3cc(c4cccnc4c3O)Cl,C54200454,inactive
CCCCN1C(=O)[C@@H]2[C@@H]([NH2+][C@@]3([C@@H]2C1=O)c4ccccc4N(C3=O)Cc5ccccc5Cl)CCSC,C12420029,inactive
COCCCN1C(=O)[C@@H]([NH2+]C12CCN(CC2)S(=O)(=O)c3cccc(c3Cl)Cl)Cc4ccccc4,C36027326,inactive
c1cc(ccc1/C=N/NC(=O)c2c(n(nn2)c3c(non3)N)CN4CCCCC4)OCc5ccc(cc5Cl)Cl,C97966645,inactive
CCCc1cc(C)[nH]c(=O)c1CNC(=O)c1cc(-c2ccc(N3CCN(C(C)C)CC3)nc2)cc2c1cnn2CC1CCCC1,CHEMBL4568471,active
CC(C)COc1ccc(cc1)/C(=C/2\[C@H](N(C(=O)C2=O)CCC[NH+](C)C)c3ccc(c(c3)OC)O)/O,C09360235,inactive
c1ccc(cc1)C[NH+]2CCc3c(sc(n3)NC(=O)Cn4c5ccccc5nc4C(F)(F)F)C2,C11762699,inactive
COc1ccc(cc1)c2cc(c(c([nH+]2)SC[C@H](CS(=O)(=O)Cc3ccc(cc3)Cl)O)C#N)c4ccccc4,C08589858,inactive
c1ccc(cc1)C(=O)N/C(=C\[P+](c2ccccc2)(c3ccccc3)c4ccccc4)/C(=O)Nc5ccc(cc5Cl)[N+](=O)[O-],C98229541,inactive
c1ccc(c(c1)N2CCN(CC2)c3cc(c4cc(ccc4[nH+]3)NS(=O)(=O)c5cccs5)C(=O)[O-])F,C32985211,inactive
Cc1c2c(cc(=O)n1CC[C@H]3C=[NH+]c4c3cccc4)n(n(c2=O)c5ccccc5)Cc6ccc(cc6)Br,C01411414,inactive
CCCCCOc1ccccc1Cn2c3ccccc3[nH+]c2S[C@@H]4[C@H]([C@@H]([C@@H]([C@@H](O4)CO)O)O)O,C39915890,inactive
CN(CC(=O)Nc1ccccc1Cl)C(=O)CSc2[nH+]c(cn2N)c3ccccc3,C08966155,inactive
c1ccc(cc1)C[NH+]2CCc3c(sc(c3c4nc5ccccc5s4)NC(=O)c6ccc(cc6)C#N)C2,C33366611,inactive
CCN([C@H]1CC[C@@H](CC1)N(C)C)c1scc(C(=O)NCc2c(C)[nH]c(C)c(N)c2=O)c1C,227712,active
Cc1ccc(c(c1)C)NC(=O)C2=C3N(C(=O)[C@H](S3)CC(=O)OC)C(=C([C@H]2c4c(cccc4F)F)C#N)N,C03764246,inactive
CCCc1cc(C)[nH]c(=O)c1CNC(=O)c1cc(-c2ccc(CN3CCOCC3)cc2)cc(N(CC)C2CCOCC2)c1C,CHEMBL3701035,active
C=C1C([C@H](C(C(=N1)SCC(=O)Nc2ccc(cc2)F)C#N)c3cc[nH+]cc3)C(=O)Nc4ccccc4,C08411415,inactive
CCc1ccccc1Nc2nc(nc(n2)N)CSc3nnc(n3c4ccccc4)C[NH+]5CCCC5,C09874151,inactive
CSc1cc(C)[nH]c(=O)c1CNC(=O)c1c(C)n([C@H](C)c2cnc(C)nc2)c2ccccc12,574884,active
CSCC[C@@H](C(=O)N1CC[NH+](CC1)C/C=C\c2ccccc2)NC(=O)c3ccccc3Br,C96536664,inactive
CCCCc1[nH]c(c[nH+]1)C[NH+]2CCC(CC2)[C@@]3(C(=O)N(C(=O)N3)C4CCCC4)Cc5ccc(cc5)F,C19841681,inactive
COC1CN(C1)[C@H]1CC[C@@H](CC1)[C@@H](C)n1c(C)c(C(=O)NCc2c(SC)cc(C)[nH]c2=O)c2ccccc12,50541907,active
C[C@H](c1[nH+]c2ccccc2c(n1)NCc3ccccc3OC)N4CCN(CC4)S(=O)(=O)c5ccc(cc5)C(C)(C)C,C98230959,inactive
COc1ccc(cc1CSc2c(c(cc([nH+]2)C(F)(F)F)c3ccccc3)C#N)/C=N/NC(=O)[C@H]4C[C@@H]4c5ccccc5,C08456184,inactive
CCOC(=O)N1CC=C2[C@H](C1)[C@H](C(C(=C2C#N)[NH3+])(C#N)C#N)c3ccc(c(c3)OC)OCc4ccccc4,C08411333,inactive
c1ccc(c(c1)NC(=O)C[C@H]2C(=O)N(C(=S)N2NC(=O)c3cccc(c3)F)c4ccc(cc4)Cl)F,C33552559,inactive
COc1ccc(cc1)C(c2ccccc2)(c3ccc(cc3)OC)OC[C@@H]4[C@H]([C@H]([C@@H](O4)n5ccc(=O)[nH]c5=O)F)O,C04016692,inactive
C[NH+](C)CCCN1C(=O)C(=C([C@@]12c3ccccc3N(C2=O)Cc4ccccc4F)C(=O)c5ccc(cc5)S(=O)(=O)N6CCCCC6)O,C98047223,inactive
CCc1c(c(n[nH]1)NC(=O)Cc2csc(n2)c3nc[nH]n3)Br,C78976097,inactive
C[C@@H](c1ccccc1)NC(=O)[C@H](CC2=c3ccccc3=[NH+]C2)NC(=O)[C@@H]4C(S(=O)(=O)[C@H]5N4C(=O)C5)(C)C,C63384379,inactive
CC(=O)Nc1ccc(cc1)NC(=O)[C@@H](C2CCCC2)[NH+]3CCN(CC3)C(=O)COc4ccc(cc4)Cl,C36311992,inactive
Cc1noc(C)c1-c1cc(Cl)c2c(c1Cl)C(=O)N(Cc1c(C(F)(F)F)cc(C)n(C)c1=O)CC2,CHEMBL5093457,active
C[C@H]1CCc2c(cc(s2)C(=O)NNS(=O)(=O)c3ccc4c(c3)CCCC4)C1,C06316158,inactive
C[C@@H](C(=O)Nc1ccc2c(c1)OCO2)NC(=O)[C@H]3CCCN(C3)S(=O)(=O)c4ccc(cc4)F,C09341062,inactive
COCCC(=O)N[C@@H]1c2cc(c[nH+]c2N([C@@H]1C(=O)OC)CCc3c[nH]c4c3cccc4)NCc5ccccn5,C39344831,inactive
c1ccc(cc1)C[C@@H]2[C@@H]3[C@@H](C(=O)N(C3=O)C4CCCCCC4)[C@]5(N2)c6ccccc6NC5=O,C20611461,inactive
c1cc(c(c(c1)Cl)Cl)/C=C\2/C(=O)N(C(=O)S2)CC(=O)Nc3ccc(cc3)S(=O)(=O)N,C15050022,inactive
CC[C@@]1(C(=O)N(C(=O)N1)NC(=O)c2ccc(cc2)S(=O)(=O)Nc3ccc(cc3)F)c4ccccc4,C18206629,inactive
Cc1cc(ccc1C(=O)[C@@H]2[C@H](N(C(=O)C2=O)CCC[NH+](C)C)c3ccc(c(c3)OC)O)OCc4ccccc4,C09312970,inactive
CCN(c1cc(-c2ccc(N3CCN(C)CC3)cc2)cc(C(=O)NCc2c3c(c(C)[nH]c2=O)CCCC3)c1C)C1CCOCC1,CHEMBL5203667,active
CC[C@H](C)n1cc(C)c2c(C(=O)NCc3c(C)cc(C)[nH]c3=O)cc(-c3ccc(N4CCN(CCCCCCCCCCCCOc5cccc6c5C(=O)N(C5CCC(=O)NC5=O)C6=O)CC4)nc3)cc21,CHEMBL5086887,active
Cc1ccc(cc1)[C@@H]2[C@H]3C(=c4ccccc4=[NH+]3)CCN2S(=O)(=O)C5=CNN([C@@H]5C)C(F)F,C63625005,inactive
CSc1cc(C)[nH]c(=O)c1CNC(=O)c1c(C)n([C@H](C)[C@H]2CCN(C)[C@@H](C2)C(F)(F)F)c2ccccc12,574930,active
c1cc(sc1)S(=O)(=O)c2c[nH+]c(nc2N)SCC(=O)Nc3ccc(cc3Cl)F,C16842474,inactive
CCOC(=O)N1CCC(CC1)[NH2+]C2CCN(CC2)c3ccc(cc3)NC(=O)Cc4ccc(cc4)OC,C12152037,inactive
COc1ccccc1Oc1ccc(C(=O)NC2CC(C)(C)NC(C)(C)C2)cc1,CHEMBL3264766,inactive
CCOc1ccc(cc1)NS(=O)(=O)c2ccc(cc2)C(=O)NC[C@H](c3ccccc3OC)[NH+](C)C,C18011488,inactive
CS(=O)(=O)Nc1ccc(cc1)c2csc(n2)NC(=O)c3ccc(cc3)I,C12630477,inactive
C[C@H]1C(=N[C@H](O1)c2ccccc2NS(=O)(=O)N(C)C)CNC(=O)CC3=c4ccccc4=[NH+]C3,C64006730,inactive
COc1ccc(cc1)C(=O)Oc2ccc(cc2OC)/C=N/NC(=O)CNC(=O)c3ccccc3I,C02542675,inactive
COc1ccc(cc1)C2=N[C@@H]([NH2+][C@@H](C2)c3cc(ccc3O)Cl)c4ccc(cc4)C(F)(F)F,C20764570,inactive
Cn1c(nnc1SCC(=O)Nc2ccc(c(c2)Br)Cl)CCNC(=O)c3ccc(cc3)OC,C59211790,inactive
Cc1ccc(cc1)c2csc([n+]2c3ccccc3)Nc4c([nH]c[nH+]4)C(=O)Nc5ccccc5Cl,C53631500,inactive
c1cc2c(cc1C(=C3[C@H](N(C(=O)C3=O)CC[NH+]4CCOCC4)c5ccc(cc5Cl)Cl)O)OCCO2,C16741952,inactive
CN([C@H]1CC[C@H](N)CC1)c1cc(cc(C(=O)NCc2c(C)cc(C)[nH]c2=O)c1C)-c1ccc(CN2CCOCC2)nc1,172044,active
c1ccc(cc1)C(=O)OC[C@H]2[C@H]([C@@H]([C@@H](O2)n3c(=O)nc(cn3)N)OC(=O)c4ccccc4)OC(=O)c5ccccc5,C70664749,inactive
CC[C@@H](C1CCC(CC1)N1CC(C1)OC(F)F)n1c(C)c(C(=O)NCc2c(SC)cc(C)[nH]c2=O)c2cccnc12,574990,active
Cc1ccccc1Nc2nc(nc(n2)N)CN3CC[NH+](CC3)[C@H](C)c4nc5ccccc5s4,C32759560,inactive
CCN(C1CCC(CO)CC1)c1cc(Cl)cc(C(=O)NCc2c(C)cc(C)[nH]c2=O)c1C,190223,active
c1cc(c(cc1Cl)Cl)C(=O)NNc2c(c(nc[nH+]2)Nc3c(cc(cn3)C(F)(F)F)Cl)N,C40793538,inactive
c1cc2cccc3c2c(c1)[C@H]([C@@H]3N4CC[NH+](CC4)CCO)NS(=O)(=O)c5ccc(cc5)Cl,C19811178,inactive
CC(C)(C)[NH2+]C[C@@H](COc1c(ccc2c1sc3c2c(=O)n4c(n3)CCCCC4)Br)O,C00846748,inactive
Cc1ccc(cc1)N([C@H]2C[C@H](N(c3c2cc(cc3)C)C(=O)c4ccco4)C)C(=O)C[NH+]5CCC(CC5)C(=O)N,C10383882,inactive
CC[C@@H](C)[C@@H](C(=O)NCCCn1cc[nH+]c1)NC(=O)c2ccccc2NC(=O)c3ccc(cc3)OC,C08816957,inactive
CCN(C1CCOCC1)c1cc(cc(C(=O)NCc2c(C)cc(C)[nH]c2=O)c1C)-c1ccc(CN2CCOCC2)nc1,172058,active
Cc1cc(c2c(c1)c(c(n2C[C@@H](C[NH2+]CCc3ccc(c(c3)OC)OC)O)c4ccccc4)c5ccccc5)C,C28296689,inactive
CS(=O)(=O)Cc1nc2ccccc2n1CC(=O)Nc3ccc4c(c3)[nH+]c([nH]4)Cc5ccccc5F,C68773725,inactive
CCOc1ccc(cc1)NC(=O)C[C@@H]2C(=O)N(C(=S)N2CCC[NH+]3CCC(CC3)C(=O)N)c4cccc(c4)Cl,C59596607,inactive
Cc1ccc(c(c1)NC(=O)C(=O)NN/C(=C/C(=O)Nc2ccc(cc2)Br)/C)OC,C35225372,inactive
c1ccc(cc1)C(=O)[C@H]2[C@@H]([NH+]=C(N[C@@]2(C(F)(F)F)O)O)c3ccc(o3)c4ccccc4[N+](=O)[O-],C01464593,inactive
C[C@@H](C(=O)Nc1ccc(c(c1)Cl)NC(=O)c2cccc(c2)S(=O)(=O)C)Oc3ccc(cc3)F,C22974872,inactive
Cc1cc(C)c(CNC(=O)c2cc(-c3ccc(CN4CCOCC4)cc3)cc(N(CC3CC3)C3CCOCC3)c2C)c(=O)[nH]1,CHEMBL3697451,active
C[NH2+][C@@H]1CCc2cc(c(c(c2-c3c1cc(/c(=N/CCCN4CC[NH+](CC4)C)/cc3)[O-])OC)OC)OC,C19370277,inactive
CCOc1ccc(cc1)N2C(=O)[C@](C(=NC2=O)[O-])(Cc3ccc(cc3)C)C[NH+]4C[C@@H]5C[C@H](C4)c6cccc(=O)n6C5,C70670137,inactive
c1ccc2c(c1)nc(n2C(=O)CCN3C(=O)/C(=C/c4ccc(cc4)Cl)/SC3=S)SCC(=O)Nc5cccc(c5)Br,C97946377,inactive
C[C@@H]1[C@@H]2[C@@H](C(=O)[C@@]3([C@@H]([C@@]2(CCC1=O)C)CC[C@@H]\4[C@@]3(C[C@@H](/C4=C(\CCC=C(C)C)/C(=O)O)OC(=O)C)C)C)O,C35457239,inactive
c1cc(cc(c1)S(=O)(=O)NC[C@H](CO)O)S(=O)(=O)N,C90281500,inactive
CC[C@H](C)n1cc(C)c2c(cc(cc12)-c1ccc(nc1)N1CCN(CCCCCCOc2cccc3C(=O)N(C4CCC(=O)NC4=O)C(=O)c23)CC1)C(=O)NCc1c(C)cc(C)[nH]c1=O,50582379,active
C#Cc1ccccc1Oc1ccc(C(=O)NC2CC(C)(C)NC(C)(C)C2)cc1,CHEMBL3264769,inactive
Cc1ccc(c(c1)c2csc3c2c(=O)[nH]c(n3)C[NH+](Cc4ccco4)C[C@@H](Cc5ccccc5)O)C,C36206507,inactive
CCCc1cc(C)[nH]c(=O)c1CNC(=O)c1cc(cc2n(ncc12)C(C)C)-c1ccc(nc1)N1CCN(CC1)C(=O)CCOCCOCCOCCOCCOCCOCCOCCOCCOCCOCCOCCOCCNC(=O)CCCC[C@@H]1SC[C@@H]2NC(=O)N[C@H]12,50075074,active
CC[NH+](CC)CCCN1[C@H](C(=C(C1=O)O)C(=O)c2ccc(cc2)OCc3ccc(cc3)C)c4cccc(c4)Oc5ccccc5,C98046407,inactive
CC(C)N1C(=CCN1)NC(=O)CSc2nnc(n2c3ccc(cc3)Cl)C4=c5ccccc5=[NH+]C4,C63122543,inactive
COc1ccc(cc1OC)/C=C/C(=O)NC(=S)NNC(=O)CCCOc2ccc(cc2Cl)Cl,C13977361,inactive
Cc1cccc([nH+]1)NC(=O)CSc2c(c(ns2)SCC(=O)Nc3cccc(n3)C)C#N,C16362445,inactive
CC1(CC2(CC([NH2+]1)(C)C)[C@](N(C(=O)O2)CCN3C(=O)OC4([C@@]3(C)O)CC([NH2+]C(C4)(C)C)(C)C)(C)O)C,C08444186,inactive
Cn1c2c(c(=O)[nH]c1=O)n(c([nH+]2)NCc3ccc[nH+]c3)C[C@@H](COc4ccc(cc4)OC)O,C10385372,inactive
C[NH+](C)c1ccc(cc1)[C@H]2NC[C@@H](O2)CSc3c(c(cc(n3)c4cccs4)C(F)(F)F)C#N,C55212187,inactive
CCc1ccc(cc1)S(=O)(=O)N2CC[NH+](CC2)[C@H](C)c3nc4ccccc4c(n3)Nc5cccc(c5)OC,C22052872,inactive
CC[C@H](C)[C@@H](C(=O)NC1CCCCC1)NC(=O)[C@@H]2CC3=c4ccccc4=[NH+][C@H]3[C@@H]5N2C(=O)c6c5cccc6,C63375686,inactive
CN(c1cccc(c1)NC(=O)CN(c2ccc(c(c2)Cl)Cl)S(=O)(=O)c3ccccc3)S(=O)(=O)C,C02838318,inactive
C[C@H]1[C@H](N([C@@H]([C@@H]1C2[NH+]=c3ccccc3=[NH+]2)NC(=O)c4ccco4)CCc5ccc(cc5)OC)C,C63272550,inactive
COc1cc(Oc2ccccc2C#N)ccc1C(=O)NC1CC(C)(C)NC(C)(C)C1,CHEMBL3264773,inactive
c1ccc2c(c1)cccc2CSc3nnc(s3)NC(=O)C[C@H]4C(=O)NC(=O)S4,C39885871,inactive
CC[NH+](CC)CCN(c1nc2ccc(cc2s1)OC)C(=O)c3ccc(cc3)S(=O)(=O)N4C[C@@H](C[C@@H](C4)C)C,C60209686,inactive
Cc1ccc(c(c1)S(=O)(=O)Nc2ccc(cc2)CN3C(=O)C(NC3=O)(C)C)F,C19134489,inactive
CCOC(=O)c1cnc([nH+]c1N)SCC(=O)OCC(=O)Nc2c(c3c(s2)CCCCC3)C#N,C09224268,inactive
Cc1c2c(n[nH]1)OC(=C([C@H]2c3cc(c(c(c3)Br)OCc4ccccc4)OC)C#N)[NH3+],C09554069,inactive
CC1(CC(CC([NH2+]1)(C)C)Nc2c(c([nH+]cn2)NN(c3ccccc3)c4ccccc4)[N+](=O)[O-])C,C40629950,inactive
CCOC(=O)[C@H](Cc1ccccc1)NC(=O)CSc2nc3c(n2Cc4ccccc4F)c(=O)n(c(=O)n3C)C,C98007018,inactive
Cc1ccc(cc1)NC(=O)C[NH+](CC(=O)Nc2ccc(cc2)C)[C@H](CO)[C@@H](c3ccc(cc3)[N+](=O)[O-])O,C12311592,inactive
CCCc1cc(C)[nH]c(=O)c1CNC(=O)c1cc(cc2n(ncc12)C(C)C)-c1ccc(F)cc1,50536592,active
COC(=O)c1c(c2cc(ccc2[nH]1)Br)NC(=O)C[NH+]3C[C@H]4C[C@@H](C3)c5cccc(=O)n5C4,C12660491,inactive
COc1cc2cc[nH+]c(c2cc1OC)Cc3cc(c(cc3NC(=O)c4cc(ccc4Cl)SC)OC)OC,C01440037,inactive
Cc1cccc(c1)C/[NH+]=C(/c2cc(c(cc2OC)/N=C(/C3=C(OCCS3)C)\O)Cl)\O,C20919887,inactive
CN(C1CCCC1)c1cc(cc(C(=O)NCc2c(C)cc(C)nc2=O)c1C)-c1cnn(CCN2CCOCC2)c1,514159,active
COc1ccc(cc1OC)CN(CC[NH+]2CCOCC2)C(=S)Nc3cc(ccc3C(F)(F)F)Cl,C35109655,inactive
C[C@H](C(=O)Nc1c(c2c(s1)CCCCC2)C#N)[NH+]3CCC(CC3)C(=O)Nc4ccc5c(c4)OCO5,C09577820,inactive
CCOc1cccc(c1O)[C@H]2[C@@H]3[C@H](C(=O)N(C3=O)Cc4ccccc4)[C@]([NH2+]2)(Cc5c[nH+]c[nH]5)C(=O)[O-],C15240806,inactive
CN1CC=C2[C@H](C1)[C@H](C(C(=C2C#N)N)(C#N)C#N)c3ccc(c(c3)Br)OC,C19816125,inactive
CC(C)c1cc(ccc1OC)S(=O)(=O)Nc2ccc(cc2)S(=O)(=O)Nc3ccccc3Cl,C09094984,inactive
CCOC(=O)c1ccc(cc1)NC(=O)c2cc(ccc2NC(=O)C[NH2+]CCc3ccccc3)[N+](=O)[O-],C20155067,inactive
Cc1cccc(c1)NS(=O)(=O)c2ccc(cc2)NC(=O)c3ccc(cc3)N(C)S(=O)(=O)c4ccc(c(c4)OC)OC,C59626380,inactive
C=C1C([C@H](C(C(=N1)SCC(=O)Nc2ccc(cc2)Br)C#N)c3cc[nH+]cc3)C(=O)Nc4ccc(cc4)Cl,C11024235,inactive
COc1cc2cc[nH+]c(c2cc1OC)Cc3cc(c(cc3NC(=O)c4cc(c(cc4Cl)F)F)OC)OC,C01062587,inactive
CC[NH+]1CCc2c(sc(c2C(=O)OC)NC(=O)c3ccc(cc3)S(=O)(=O)N4C[C@@H](C[C@@H](C4)C)C)C1,C13374449,inactive
CCn1c(c(c(c(c1=O)C#N)C)/C=C/2\C(=O)N(C(=S)S2)CCCCCC(=O)O)N3CC[NH+](CC3)CC,C33812510,inactive
CC[C@H](CO)Nc1c(c(=O)n2cccc(c2n1)C)/C=C/3\C(=O)N(C(=S)S3)Cc4ccccc4Cl,C97464710,inactive
C[C@H](C(=O)Nc1ccc(cc1Cl)Cl)[NH+]2CCC(CC2)NS(=O)(=O)c3cccs3,C11718112,inactive
CCCCN1c2ccccc2[C@@]3(C1=O)C(=C(C(=O)N3CCC[NH+](C)C)O)C(=O)c4ccc5c(c4)OCCO5,C19897764,inactive
C[C@]1(C[C@@H](c2cccc(c2O1)OC)/[NH+]=C/c3cccc(c3O)OC)/[NH+]=C/c4cccc(c4O)OC,C16577785,inactive
C[C@@H]1CCc2c(sc3c2c(=O)n(c(n3)SCc4[nH+]c(c5ccccc5n4)N)C[C@@H]6CCCO6)C1,C18327939,inactive
CCN(C(=O)C(C)C)c1cc(cc(C(=O)NCc2c(C)cc(C)[nH]c2=O)c1C)-c1ccc(CN2CCOCC2)cc1,50575205,active
CC(C)[C@@H](C(=O)NC1CCCCC1)NC(=O)[C@@H]2CC3=c4ccccc4=[NH+][C@H]3[C@H]5N2C(=O)c6c5cccc6,C63375952,inactive
CC(C)(C)c1ccc(cc1)S(=O)(=O)N2CCC3(CC2)C(=[NH+]CCN3)NCc4ccc(cc4)OC,C65074718,inactive
Cc1cc(C)n(C)c(=O)c1CN1CCc2c(Cl)cc(-c3c(C)noc3C)c(Cl)c2C1=O,CHEMBL5078476,active
CCN(C1CCOCC1)c1cc(cc(C(=O)NCc2c(C)cc(C)[nH]c2=O)c1C)-c1ccc(CN(CCO)CCO)cc1,172094,active
c1ccc(cc1)Cn2c3c(c(=O)[nH]c2=O)C(NC(=[NH+]3)c4cccs4)(C(F)(F)F)C(F)(F)F,C57084036,inactive
CCCCOc1cccc(c1)[C@H]2C(=C(C(=O)N2c3nc(c(s3)C(=O)OC)C)O)C(=O)c4ccc5c(c4)C[C@H](O5)C,C97969381,inactive
CC(=O)Nc1ccc(cc1)S(=O)(=O)Nc2ccccc2C(=O)N3CCCCCC3,C04938254,inactive
CCCCOc1ccc(cc1)C(=O)C2=C(C(=O)N([C@@H]2c3ccc(cc3)Cl)c4nnc(s4)SCc5ccc(cc5)F)O,C98046486,inactive
c1ccc2c(c1)ccc3c2c(co3)CC(=O)Nc4c(c5c(s4)CCC5)C(=O)NCc6ccc[nH+]c6,C39882955,inactive
c1ccc(cc1)N2[C@H](NN=C2C3=c4ccccc4=[NH+]C3)SCC(=O)Nc5ccc(cc5)N6CCCC6=O,C39933487,inactive
COc1ccc(cc1/C=N\NC(=O)CSc2[nH+]c3ccccc3n2Cc4ccc(cc4)Cl)Br,C50861384,inactive
CC(=O)Nc1ccc(cc1)S(=O)(=O)NCCC(=O)N2CC[NH+](CC2)C(c3ccccc3)c4ccccc4,C13146522,inactive
CCOc1cc(cc(c1OCc2ccc(cc2)F)Br)C[NH2+]CCc3ccc(c(c3)OC)OC,C16688496,inactive
COCCN(C)C1CO[C@@H](OC1)[C@@H](C)n1c(C)c(C(=O)NCc2c(SC)cc(C)[nH]c2=O)c2ccccc12,574857,active
C[C@H]1C[C@@H](C[NH+](C1)CCCNC(=O)[C@@]2(Cn3c4cc(ccc4cc3C(=O)N2Cc5cccs5)OC)C)C,C37006595,inactive
Cc1cc(C)c(CNC(=O)c2cc(-c3ccc(CN4CCOCC4)cc3)cc3c2C(C)CN3CC2CC2)c(=O)[nH]1,CHEMBL3896239,inactive
C[NH+](CC(=O)Nc1c(c2c(s1)CCCC2)C(=O)Nc3ccc(cc3)Cl)[C@@H]4CCS(=O)(=O)C4,C09665929,inactive
COc1ccc(cc1OC)c2c3cc(c(=O)[nH]c3n(n2)c4ccccc4)C[NH2+]Cc5cccs5,C57721042,inactive
CCCOc1ccc(cc1)C(=O)Oc2ccc(cc2/C=N/NC(=O)C(=O)Nc3ccc(cc3)OC)Br,C04330523,inactive
C[NH+]1CCc2c3ccccc3[nH]c2[C@H]1c4c(nc(n(c4=O)c5cc(c(c(c5)OC)OC)OC)O)O,C09087079,inactive
C[C@@H]1CCC[C@@H]([C@@H]1C)NC(=O)[C@@H]2[C@@]34C=C[C@@H](O3)[C@@H]([C@@H]4C(=O)N2CC[NH+]5CCCCC5)C(=O)Nc6cccc(c6)SC,C59790700,inactive
Cc1cc(c(c(c1)Br)O)/C=[NH+]/CCNc2ccc(cc2C(F)(F)F)[N+](=O)[O-],C09720810,inactive
C[C@@H]1CN(C[C@H](O1)C)S(=O)(=O)Nc2ccc(cc2)Br,C74050001,inactive
Cc1c(c(sc1C(=O)N(C)C)NC(=S)Nc2ccc(cc2)S(=O)(=O)NC34CC5CC(C3)CC(C5)C4)C(=O)OC,C59895846,inactive
COc1cccc(c1)CNC2=[NH+]CCNC23CCN(CC3)S(=O)(=O)c4ccc5c(c4)CCCC5,C65074802,inactive
CCOC(=O)c1c(c2cc(ccc2[nH]1)Br)NC(=O)CC[NH+]3CCN(CC3)c4ccccc4OC,C97952084,inactive
CN1c2ccc(cc2CCC1=O)S(=O)(=O)Nc3ccccc3F,C49649624,inactive
Cc1cccc(c1)NS(=O)(=O)c2ccc3c(c2)[C@@H]4C=CC[C@H]4[C@H](N3)c5cccc(c5OC)OC,C01461932,inactive
CC(=O)Nc1cc(ccc1OC)NC(=O)c2ccc(c(c2)S(=O)(=O)NCc3ccccc3)Cl,C25573048,inactive
CC1=C([C@H](n2c(nc(n2)SCc3ccccc3F)N1)c4ccc(cc4)[N+](=O)[O-])C(=O)Nc5ccc[nH+]c5,C06144747,inactive
CCOc1cccc(c1)[C@H]2C(=C(C(=O)N2c3nc(c(s3)C(=O)OCC=C)C)O)C(=O)c4ccc5c(c4)OCCO5,C97969818,inactive
Cc1ccc(cc1)S(=O)(=O)N/[NH+]=c\2/c(cc3ccccc3o2)C(=O)Nc4ccc(cc4OC)OC,C12437706,inactive
c1ccc(c(c1)C(=O)NCC(=O)N/N=C/c2cc(cc(c2OC(=O)c3cccc(c3)Br)Br)Br)Br,C98001714,inactive
CCOc1cc(ccc1O)c2c3cc(c(cc3c4c(nn(c4[nH+]2)c5ccccc5)c6ccc(cc6)Cl)OC)OC,C33355221,inactive
COc1ccc(cc1NC(=S)N[C@H](C(Cl)(Cl)Cl)NC(=O)c2cccc(c2)I)[N+](=O)[O-],C98221429,inactive
CCCc1cc(C)[nH]c(=O)c1CNC(=O)c1cc(cc2n(C)ncc12)-c1ccc(nc1)N1CCN(CC1)C(C)C,50536590,active
Cc1cc(ccc1NC(=O)CNC(=O)C[NH+](C)CC(=O)Nc2ccc(c(c2F)F)F)Br,C12895665,inactive
COc1cc2c(cc(c(n2)N3CCC[C@H](C3)O)C[NH2+]Cc4ccccc4C(F)(F)F)c(c1OC)OC,C12131982,inactive
CN(C1CCNCC1)c1cc(cc(C(=O)NCc2c(C)cc(C)nc2=O)c1C)-c1cnn(C)c1,514167,active
CS(=O)(=O)Cc1[nH+]c2ccccc2n1CC(=O)NC[C@H](c3c(cccc3Cl)F)[NH+]4CCCC4,C69599497,inactive
c1ccc2c(c1)C=CN3[C@H]2[C@@H]4[C@H]([C@H]3C(=O)N)C(=O)N(C4=O)c5ccc(c(c5)Cl)F,C16033620,inactive
C[NH+]1CCN(CC1)c2ccc(c(c2)OC)Nc3ncc(c(n3)Oc4cccc(c4)NC(=O)C=C)Cl,C52509385,inactive
CC(C)NC(=O)c1ccc(c(c1)c2ccc(c(n2)C(=O)Nc3c[nH+]ccc3N4CCC[C@@](C4)(C(F)(F)F)O)N)F,C00155443,inactive
CCCCOC[C@H](C[NH+](Cc1c(nn(c1Oc2ccccc2)c3cccc(c3)Cl)C)CC4CC4)O,C36313858,inactive
c1cc(c(cc1Br)/C=C/C(=O)OCC(=O)Nc2c(c3c(s2)CCC3)C(=O)N)F,C10663211,inactive
Cc1c(c(=O)n([nH]1)c2ccccc2)[C@@H](c3ccc(cc3)OCC=C)c4c(nn(c4O)c5ccccc5)C,C09601179,inactive
CCc1cccc(c1NC(=O)Cn2c(c(c([nH+]2)SC)c3nc(no3)c4cccc(c4)C)N)C,C46915252,inactive
CCN(c1cc(-c2ccc(CN(C)CC3CC3)cc2)cc(C(=O)NCc2c(C)cc(C)[nH]c2=O)c1C)C1CCOCC1,CHEMBL3697486,active
Cc1ccc(cc1)n2c3c(c(n2)C(C)(C)C)[C@@H](SCC(=O)N3CC(=O)NCC[NH+](C)C)c4ccccc4F,C98011380,inactive
CC(C)(C)N1CCN(CC1)[C@H](C[NH3+])c2cc(c(o2)Br)Br,C50362137,inactive
CCCOc1ccc(cc1OC)[C@@H]2c3c([nH]nc3C(=O)N2CCCn4cc[nH+]c4)c5ccc(cc5)Cl,C40343279,inactive
c1ccc2c(c1)-c3ccccc3C2=NOC[C@@H](C[NH2+]C[C@H](CON=C4c5ccccc5-c6c4cccc6)O)O,C95117284,inactive
CSc1cc(C)[nH]c(=O)c1CNC(=O)c1c(C)n([C@H](C)[C@@H]2OC[C@@H](CO2)N2CCC22COC2)c2ccccc12,575036,active
[2H]C([2H])(NC(=O)c1c(C)n([C@H](C)C2CCC(CC2)OC)c2ccccc12)c1c(SC)cc(C)[nH]c1=O,50594113,active
CC[C@H]1CC2=c3ccccc3=[NH+][C@@H]2[C@@H]([NH2+]1)c4c([nH]c(=S)n(c4=O)c5ccc(cc5)OC)[O-],C63386034,inactive
C[C@@H](c1nc2ccccc2s1)[NH+](C)CC(=O)Nc3ccccc3C(=O)Nc4ccc5c(c4)OCO5,C08719083,inactive
CCN(C1CCOCC1)c1c(C)c(cc2cc(Br)cn12)C(=O)NCc1c(C)cc(C)[nH]c1=O,490181,active
CC(C)(CNS(=O)(=O)c1ccc(cc1)S(=O)(=O)/N=c\2/cccc[nH]2)O,C95944806,inactive
c1cc(ccc1/C=N/NC(=[NH2+])S[C@H]2CC(=O)N(C2=O)c3ccc(cc3)Br)Cl,C18011179,inactive
Cc1cc(c(cc1COc2ccc(cc2)Br)[C@@H]3[C@H]4CCCC=C4[C@@H](C(=[NH2+])C3(C#N)C#N)C#N)C,C08440867,inactive
CCN(c1cc(-c2cccnc2)cc(C(=O)NCc2c(C)cc(C)[nH]c2=O)c1C)[C@H]1CC[C@H](N(C)C)CC1,CHEMBL3701021,active
CCOc1ccc(cc1)C[NH+](CCc2c[nH]c3c2cccc3)Cc4nc(co4)C(=O)N(C)Cc5ccccc5,C36065641,inactive
CC1([C@H](N2[C@H](S1(=O)=O)CC2=O)C(=O)N[C@@H](CC3=c4ccccc4=[NH+]C3)C(=O)NC5CCCCC5)C,C63384082,inactive
CCCOc1ccc(cc1)C(=O)Oc2ccc(cc2/C=N/NC(=O)CNS(=O)(=O)c3ccccc3)Br,C04283331,inactive
CNC(=O)Cc1csc(n1)NC(=O)C2CCN(CC2)C(=O)NC3CC3,C44458092,inactive
CC(=O)Nc1ccc(cc1)NC(=O)NC2CCN(CC2)C(=O)c3ccco3,C43653203,inactive
Cc1c(c(n(n1)Cc2ccc(c(c2)Cl)Cl)C)NC(=O)CCCS(=O)(=O)c3nc(cc(n3)C(F)(F)F)c4ccc(c(c4)OC)OC,C98043190,inactive
C[C@H](COC)NS(=O)(=O)c1ccc(cc1)NC(=O)C2(CCCC2)c3ccc(cc3)Br,C69547708,inactive
CCn1c2ccc(cc2n(c1=O)CC)C(=O)[C@@H](C)Sc3nc([nH]n3)N,C40169280,inactive
Cc1ccccc1OC[C@H](C[NH+](Cc2[nH]c(=O)c3c(csc3n2)c4ccccc4F)C(C)C)O,C36207812,inactive
c1cc(cc(c1)Cl)NC(=O)CCSc2nnc(s2)NC(=O)CCc3nc(no3)c4ccc[nH+]c4,C21122738,inactive
COc1cc(ccc1OCCOc2ccccc2Cl)[C@H]3C=C([NH+]=C4N3NN=N4)c5ccc(cc5)Cl,C02661487,inactive
c1ccc(cc1)Sc2ccccc2NC(=O)CN3CC[NH+](CC3)CC(=O)Nc4ccc(cc4)F,C22792253,inactive
C[C@@H](C(=O)NC1=c2cc(ccc2=[NH+][C@H]1C(=O)OC)Br)N3CCN(CC3)c4ccc(cc4)F,C38604850,inactive
COc1ccc(cc1)NC(=O)[C@@](C(F)(F)F)(N2C(C(N(C(C2(F)F)(F)F)[C@](C(=O)Nc3ccc(cc3)OC)(C(F)(F)F)F)(F)F)(F)F)F,C97950859,inactive
c1cc(sc1)/C=C/2\CCC[C@@H]3C2=NN([C@@H]3c4cccs4)C(=O)C[NH+]5CCC[C@@H](C5)C(=O)N,C34896537,inactive
CN(C)Cc1ccc(cc1)-c1cc(N(C)C2CCCCC2)c(C)c(c1)C(=O)NCc1c(C)cc(C)nc1=O,514157,active
C[C@@H]1C[C@H]2[C@@H]3CCC4=CC(=O)C=C[C@@]4([C@H]3[C@H](C[C@@]2([C@]1(C(=O)COC(=O)C)O)C)O)C,C35635740,inactive
C[NH+]1CCN(CC1)NC(=O)CCSc2nc(cc(n2)C(F)(F)F)c3ccc(cc3Cl)Cl,C58969093,inactive
Cc1ccc(cc1)Nc2cc([nH+]c(n2)C)N3CCN(CC3)C(=O)Nc4ccccc4C(F)(F)F,C21795346,inactive
CC(=O)N[C@@H]1[C@H]([C@@H]([C@H](O[C@@H]1OCc2ccccc2)COC(c3ccccc3)(c4ccccc4)c5ccccc5)O)O,C04262107,inactive
c1ccc(cc1)C(c2ccccc2)[NH+]3CCN(CC3)C(=O)c4cc5n(n4)[C@H](C[C@@H](N5)c6ccc(cc6)Br)C(F)(F)F,C08444494,inactive
COc1ccccc1[C@@H](CNC(=O)[C@H](CCSC)NS(=O)(=O)c2ccccc2F)[NH+]3CCCC3,C12980106,inactive
CC(C)N1C/C(=C\c2ccc(cc2OC)OC)/C3=C(C1)[C@H](C(=C(O3)[NH3+])C#N)c4ccc(cc4OC)OC,C39326710,inactive
Cc1ccc2c(coc2c1C)CC(=O)N/N=C/3\CCCc4c3c(c(o4)C(=O)Nc5cccc6c5nccc6)C,C40826786,inactive
Cc1cccc(c1)NC(=O)CSc2[nH+]ccn2c3ccc(cc3)C(=O)NCc4ccc(o4)C,C38653344,inactive
COc1cc(C)[nH]c(=O)c1CN1CCc2c(C)cc(C(C)=C3CN(C3)S(C)(=O)=O)c(Cl)c2C1=O,435568,active
CCOC(=O)C1=C(OC(=C([C@H]1c2ccccc2I)C#N)N)CSc3c(ccc(n3)c4cccs4)C#N,C97966069,inactive
CC[C@@H](C)NS(=O)(=O)c1ccc(cc1)NC(=O)CSc2nc([nH]n2)N/N=C(\C)/c3ccc(cc3)F,C21081926,inactive
c1ccc2c(c1)[C@@H](OC2=O)[C@@H](C(=O)c3ccc(c(c3)Cl)Cl)/C(=N\N)/C(=O)Nc4ccc(cc4C#N)[N+](=O)[O-],C05809668,inactive
c1cc2cccc3c2c(c1)C(=O)N(C3=O)CCN4CCN(CC4)C[C@@H](COc5c(cc(cc5F)Br)F)O,C97985354,inactive
COc1ccc(cc1)/C=C\2/C(=O)NC(=S)N(C2=O)c3ccc(cc3)F,C17159514,inactive
CC(C)Oc1ccc2CCN(Cc3c4occc4c(C)[nH]c3=O)C(=O)c2c1Cl,378895,active
COc1cc(cc(c1OC)OC)CN(Cc2ccc[nH+]c2)C(=S)Nc3ccc(c(c3)Cl)Cl,C59093058,inactive
CCC1([C@@H]([C@H]([NH2+][C@H]([C@@H]1C)c2ccc(cc2)N(C)C)c3ccc(cc3)N(C)C)C)O,C13451634,inactive
CC[NH2+][C@H](C(=O)COc1ccc(cc1OC)[C@@H]2c3c([n-]c(n3)C(F)(F)F)OC(=C2C#N)[NH3+])NCC,C19330025,inactive
C/C(=N\Nc1[nH]nc(n1)SCCC(=O)Nc2cccc(c2)Br)/c3cc[nH+]cc3,C21082524,inactive
COc1ccc2c(c1Cl)C(=O)N(Cc1c(C)cc(C)[nH]c1=O)CC2,CHEMBL3973277,active
Nc1nccc2c1ncn2[C@@H]1C=C(CO)[C@@H](O)[C@H]1O,CHEMBL154745,active
CCCOc1ccc(cc1)[C@@H]2C(=C(c3ccc(cc3)Br)O)C(=O)C(=O)N2CCCn4cc[nH+]c4,C09209862,inactive
CSc1cc(C)n(C)c(=O)c1CN1CCc2c(Cl)cc(-c3c(C)noc3C)c(Cl)c2C1=O,CHEMBL5088217,active
CC(=O)N1CCC(=CC1)c1cc(C(=O)NCc2c(C)cc(C)[nH]c2=O)c2cnn(C3CCCC3)c2c1,326106,active
CCOc1cccc(c1)C(=O)C2=C(C(=O)N([C@@H]2c3cccc(c3)Oc4ccccc4)CCCn5cc[nH+]c5)[O-],C33468927,inactive
CN(C)S(=O)(=O)c1ccc(cc1)C(=O)C2=C(C(=O)N([C@H]2c3ccccc3F)CC[NH+]4CCCCC4)O,C06161629,inactive
CCOc1cc(ccc1OCc2ccccc2)[C@@H]3C(=C(C(=O)N3c4nc(c(s4)C(=O)OCC)C)O)C(=O)c5ccc6c(c5)C[C@H](O6)C,C97970293,inactive
CCOc1ccc(cc1)n2c(nnc2SCC(=O)Nc3ccc(cc3)S(=O)(=O)N)COc4ccc(cc4)C,C97958447,inactive
COc1ccc(cc1)NC(=O)CSc2c([nH]c([nH+]2)c3cc(c(c(c3)OC)OC)OC)c4ccc(cc4)F,C08594651,inactive
CC(=O)Nc1cccc(c1)OCCCNS(=O)(=O)c2ccc(s2)N(C)C(=O)c3ccc(cc3)Cl,C12340429,inactive
CCN(c1cc(Cl)c2c(c1Cl)C(=O)N(Cc1c(OC)cc(C)[nH]c1=O)CCN2C)C1CCOCC1,CHEMBL5074786,active
CCc1ccc(cc1)OCC(=O)/N=C(\NCCc2c[nH]c3c2cc(cc3)Cl)/Nc4nc(cc(n4)C)C,C14730347,inactive
CCOc1ccc2c(c1)[nH]c([nH+]2)SCC(=O)N3CCN([C@H]3c4ccccc4)S(=O)(=O)c5ccc(cc5)C,C97994749,inactive
c1ccc(cc1)Cn2c(nnc2SCC(=O)NC(=O)NCCc3cccs3)C[NH+]4CCCCC4,C12136234,inactive
CCCCN1[C@@H]([C@@]23C=C[C@@H](O2)[C@@H]([C@@H]3C1=O)C(=O)Nc4cccc(c4)SC)C(=O)N[C@@H]5CCC[C@@H]([C@@H]5C)C,C35238652,inactive
C[C@H]1Cc2cc(ccc2O1)C(=O)C3=C(C(=O)N([C@H]3c4ccc(cc4)C(=O)OC)c5nnc(s5)SCc6ccccc6Cl)O,C97969235,inactive
Cc1ccccc1COc2ccc(cc2)C(=O)C3=C(C(=O)N([C@H]3c4ccc(c(c4)OC)O)CCCn5cc[nH+]c5)[O-],C97966749,inactive
CCOc1ccc(cc1)[C@@H](CCC(=O)N/N=C\c2ccc(c(c2)I)OCC#N)O,C58893956,inactive
CCCOC(=O)c1ccc(cc1)N2C(=O)C[C@H](C2=O)[NH+]3C[C@@H](c4c5ccccc5[nH]c4[C@@H]3C)c6ccccc6,C72459734,inactive
Cc1cc(C)c(CNC(=O)c2cc(-c3ccc(CN(C)C)cc3)cc(N(C)C3CCOCC3)c2C)c(=O)[nH]1,CHEMBL3697409,active
CCN(c1cc(-c2ccc(CNCCCN)cc2)cc(C(=O)NCc2c(C)cc(C)[nH]c2=O)c1C)C1CCOCC1,CHEMBL3697491,active
CCN([C@H]1CC[C@@H](CC1)N(C)CC(F)F)c1cc(Cl)cc(C(=O)NCc2c(C)cc(C)[nH]c2=O)c1C,190210,active
c1ccc2c(c1)ccc(n2)C(=O)Nc3ccc(cc3)NS(=O)(=O)c4ccc(c(c4)F)F,C15744116,inactive
COc1ccc(cc1)C(c2ccccc2)(c3ccc(cc3)OC)OC[C@H]4[C@@H](C[C@@H](O4)n5ccc(nc5=O)N)O,C59601422,inactive
C[C@@]1(C(=O)N(C(=O)N1)NC(=O)C[NH+]2CCN(CC2)Cc3cccs3)CCc4ccccc4,C22804944,inactive
c1ccc(cc1)S(=O)(=O)CC[NH+]2CCC(CC2)N3CCc4ccccc4[C@@H]3CC(=O)NCc5ccco5,C24897981,inactive
C[C@@H](C(=O)Nc1ccc(cc1)N2CCOCC2)[NH+]3CCC[C@@H](C3)C(=O)Nc4ccc(cn4)Cl,C40149622,inactive
C[C@H]1c2c(c3ccccc3[nH]2)[C@@H](C[NH+]1[C@@H]4CC(=O)N(C4=O)c5cc(ccc5OC)Cl)c6ccccc6,C72459817,inactive
CCN([C@H]1CC[C@@H](CC1)N1CC(C1)OC)c1c(CC)c(cc2n(C)ncc12)C(=O)NCc1c(C)cc(C)[nH]c1=O,516848,active
CSc1cc(C)[nH]c(=O)c1CNC(=O)c1c(C)n([C@H](C)C2CCC(CC2)N2CC(C2)OC(F)F)c2ncncc12,574979,active
Cc1ccc(cc1)[C@H]2/C(=C(\c3ccc(cc3)OCc4cccc(c4)C)/O)/C(=O)C(=O)N2CCCn5cc[nH+]c5,C13571431,inactive
C[C@@]12CCC3(C[C@H]1CC[C@@H]4[C@H]2[C@H](C[C@]5([C@H]4CC[C@H]5C6(OCCO6)C)CO)O)OCCO3,C16031025,inactive
Cc1noc(C)c1-c1cc(Cl)c2CCN(Cc3c4occc4c(C)[nH]c3=O)C(=O)c2c1Cl,378911,active
Cc1ccc2c(c1)sc(n2)NC(=O)CCNS(=O)(=O)c3ccc4c(c3)C[C@@H](N4C(=O)C5CC5)C,C20529860,inactive
CCOC(=O)c1c2c(sc1NC(=O)c3cccc(c3)S(=O)(=O)N(C)C)C([NH2+]C(C2)(C)C)(C)C,C03273640,inactive
CCCOc1ccc(cc1)NC(=O)C[C@@H]2C(=O)N(C(=S)N2CCC[NH+]3CCC(CC3)C(=O)N)C,C04176751,inactive
CCN(c1cc(-c2ccc(C)nc2)cc(C(=O)NCc2c(C)cc(C)[nH]c2=O)c1C)[C@H]1CC[C@H](N(C)C)CC1,CHEMBL3701017,active
c1ccc2c(c1)cc(o2)C(=O)N3CCC(CC3)CNC(=O)C(=O)Nc4cc(ccc4F)F,C43942467,inactive
COc1cc2c(cc1OC)nc([n+](c2N)Cc3cccc(c3)C(F)(F)F)SCc4ccc(cc4)Cl,C49772153,inactive
Cc1cc(C)c(CNC(=O)c2cc3CC4(CCCC4)Oc3c(c2)-c2ccc(nc2)N2CCNCC2)c(=O)[nH]1,359818,active
CCN(C(=O)C1CC1)c1cc(-c2ccc(NC(=O)C3CCOCC3)cc2)cc(C(=O)NCc2c(C)cc(C)[nH]c2=O)c1C,CHEMBL4867934,active
CSc1cc(C)[nH]c(=O)c1CNC(=O)c1c(C)n([C@H](C)[C@H]2CC[C@@H](CC2)N2CC(C2)OC2CC2)c2c(F)cccc12,50541912,active
Cc1cc(ccc1[N+](=O)[O-])OCc2cc(ccc2OC)[C@H]3C(=C(N(C4=C3C(=O)CC(C4)(C)C)c5cccc(c5)C(F)(F)F)N)C#N,C08456030,inactive
c1ccc(cc1)[C@@H](C(=O)N)NC(=O)Cn2c3ccccc3c(cc2=O)C(=O)N4CCc5ccccc5C4,C64605451,inactive
C[NH+](C)CCN1[C@@H](C(=C(C1=O)O)C(=O)c2ccc(cc2)Br)c3ccc(c(c3)OC)OCC=C,C35025415,inactive
CN(Cc1ccc[nH+]c1)S(=O)(=O)c2c(cc(cc2Br)Br)N,C36771168,inactive
CCc1nc2cc(cc(c2n1C)NC(=O)c3ccccc3OC)C(=O)NC[C@@H]4C=c5ccccc5=[NH+]4,C64002478,inactive
C#CCNS(=O)(=O)c1cccc(c1)C(=O)Nc2ccc3c(c2)[nH]c([nH+]3)c4cc(ccc4F)F,C71938786,inactive
CCOc1ccc(cc1)n2c(nnc2SCC(=O)Nc3c(cc(cc3Br)F)F)c4cccnc4,C01476616,inactive
CCN(C(=O)C1CCCC1)c1cc(-c2ccc(CN3CCOCC3)cc2)cc(C(=O)NCc2c(C)cc(C)[nH]c2=O)c1C,CHEMBL4876399,active
CCN(C(=O)C1CC1)c1cc(cc(C(=O)NCc2c(C)cc(C)[nH]c2=O)c1C)-c1ccc(NC(=O)c2cccs2)cc1,50575213,active
c1cc(cnc1)C(=O)n2c(nc(n2)NCc3ccc(cc3)Br)NCc4ccc(cc4)Br,C97995273,inactive
c1cc(ccc1S(=O)(=O)NCCC[NH+]2CCN(CC2)CCCNS(=O)(=O)c3ccc(cc3)Cl)Cl,C22789541,inactive
COc1ccc2c(c1)[nH]c([nH+]2)SCC(=O)Nc3cc(cc(c3)Br)Br,C59434876,inactive
CN(C)[C@H]1CC[C@@H](CC1)[C@]1(C)Oc2c(O1)c(-c1cncs1)c1CCN(Cc3c(C)cc(C)[nH]c3=O)C(=O)c1c2C,588050,active
CCOc1cccc(c1O)[C@H]2CC(=N[C@H]([NH2+]2)c3ccc(cc3)Br)c4ccc(cc4)OC,C20762998,inactive
COc1ccc(cc1)C(=O)Oc2ccc(cc2OC)/C=C\3/C(=[NH2+])N4C(=[NH+]SC4=NC3=O)SC,C20154814,inactive
CCCOC(=O)C1[C@@H](C2C(=NC1=C)C[C@@H](CC2=O)c3ccc(c(c3)OC)OC)c4cc(c(c(c4)Br)O)OC,C06162329,inactive
[H]/N=C\1/C(=C\c2cc(n(c2C)c3cc(c(cc3OC)OC)Cl)C)/C(=O)N=C4N1N=C(S4)SC,C09309776,inactive
CCn1c2ccc(cc2[nH+]c1SCCOc3cccc(c3)Br)S(=O)(=O)N,C22309266,inactive
COc1ccc(cc1)CCN2C(=O)/C(=C/c3c(nc4ccccn4c3=O)NC[C@@H](c5ccccc5)O)/SC2=S,C97947272,inactive
Cc1cc(C)c(CNC(=O)c2cc(cc3n(ncc23)C2CCCC2)-c2ccc(COCCCN3CCOCC3)cc2)c(=O)[nH]1,326085,active
CCN(C1CCOCC1)c1cc2occc2c(C(=O)NCc2c(OC)cc(C)[nH]c2=O)c1C,50287277,active
CCOc1ccc(cc1OC)c2c3c([nH]n2)OC(=C([C@@H]3c4ccc(c(c4)OC)OC)C#N)[NH3+],C09328606,inactive
Cc1ccccc1NCC(=O)N/N=C/c2cc(cc(c2OC(=O)c3ccccc3I)Br)Br,C98001734,inactive
C[C@]12C[C@H](CC(C1)(C)C)[NH+](C2)CN3c4ccc(cc4/C(=N/NC(=O)COc5ccc(cc5)OC)/C3=O)Br,C53338350,inactive
CCOC(=O)CC[C@H](C)[C@H]1CC[C@H]2[C@@]1([C@H](C[C@@H]3[C@@H]2[C@@H]([C@@H]([C@H]4[C@@]3(CC[C@H](C4)OC(=O)C)C)Br)O)OC(=O)C)C,C68569370,inactive
CCCCOc1ccc(cc1OC)[C@@H]2C(=C(C(=O)N2CCCn3cc[nH+]c3)O)C(=O)c4ccc5c(c4)C[C@@H](O5)C,C97955705,inactive
c1ccc(cc1)C[C@H](C(=O)Nc2ncc(s2)Br)NS(=O)(=O)c3ccc(s3)Br,C33356119,inactive
c1ccc(cc1)[C@H](CNC(=O)c2cccc(c2)S(=O)(=O)Nc3ccccc3F)[NH+]4CCCC4,C22464455,inactive
c1ccc(cc1)S(=O)(=O)Nc2cc(ccc2Cl)C(=O)Nc3ccc(cc3)F,C00683221,inactive
c1cc(sc1)C(=O)Nc2nnc(s2)[C@H]3CC(=O)N(C3)c4ccc(cc4)Cl,C17945869,inactive
c1ccc2=[NH+]CC(=c2c1)C[C@H]3[C@@H]4[C@@H](C(=O)N(C4=O)c5cccc(c5)Cl)[C@]6(N3)c7ccccc7NC6=O,C63479879,inactive
CSc1cc(C)[nH]c(=O)c1CNC(=O)c1c(C)n([C@@H](C)c2ccc(cc2)N(C)C)c2ccccc12,574899,active
CCOc1cc(ccc1OCc2ccc(cc2)Cl)/C=N/NC(=O)c3ccc(cc3)NS(=O)(=O)c4ccccc4,C02553118,inactive
COC(=O)c1cc(cc(c1)Nc2c(c([nH+]cn2)Nc3cc(ccc3Cl)C(F)(F)F)N)C(=O)OC,C40682383,inactive
Cc1ccc2c(c1)[nH]c([nH+]2)CSc3nc([nH]n3)N/N=C/c4ccc(c(c4)OCn5cccn5)OC,C20424555,inactive
CCN(c1cc(-c2ccc(OCCCCNC(=O)C[C@@H]3N=C(c4ccc(Cl)cc4)c4c(sc(C)c4C)-n4c(C)nnc43)cc2)cc(C(=O)NCc2c(C)cc(C)[nH]c2=O)c1C)C1CCOCC1,CHEMBL5206741,active
Cc1ccc(cc1)N2CCN(C[C@@H]2C)S(=O)(=O)c3cc(cnc3N)Br,C20467679,inactive
Cc1ccc(cc1C)n2c3c(c(c(c([nH+]3)C)CCC(=O)Nc4ccc(cc4)NC(=O)C)C)c(n2)C,C20437121,inactive
CCOc1ccc(cc1Cl)/C(=C/2\[C@@H](N(C(=O)C2=O)CCC[NH+](C)C)c3ccc(cc3)Br)/O,C09302015,inactive
[H]/[O+]=c/1\c(c(c1=O)[NH+]2CCC(CC2)Nc3c4ccc(nc4c(cn3)c5ccccc5)C(F)(F)F)NC6CC6,C24904509,inactive
c1cc(cc(c1)F)c2nc3cc(ccc3o2)NC(=S)NC(=O)COc4ccc(cc4)Br,C16399190,inactive
CCN([C@H]1CC[C@@H](CC1)N(C)C)c1cc(cc(C(=O)NCc2c(C)cc(C)[nH]c2=O)c1C)S(=O)(=O)CC,190194,active
c1ccc(cc1)/C=C/C=C/2\C(=O)N(C(=S)S2)CC(=O)Nc3ccc(cc3)S(=O)(=O)N,C33344009,inactive
Cc1ccc(c(c1)S(=O)(=O)NCCNc2cc([nH+]c(n2)C)Nc3ccccn3)OC,C77101397,inactive
CCOC(=O)c1ccc(cc1)NC(=O)C(=O)N/N=C/c2ccc(cc2)OCC(=O)Nc3ccccc3Cl,C59960385,inactive
C[NH+](Cc1ccc[nH+]c1)[C@H](Cc2ccccc2)C3CCN(CC3)C(=O)c4ccccc4n5cccn5,C14990417,inactive
C[NH2+]Cc1cn(nn1)C[C@@H]2[C@H]([C@H]([C@@H](O2)CC(=O)N3CCN(CC3)c4ccc(cc4)F)O)O,C08627190,inactive
Cc1cccc(c1)N([C@@H](c2ccc(cc2)F)C(=O)NC(C)(C)C)C(=O)CCC(=O)Nc3cccc[nH+]3,C13501450,inactive
Cc1ccccc1[C@@H]2N([C@@H](CS2)C(=O)NCC[NH+]3CCCC3)C(=O)Nc4ccccc4OC,C09251696,inactive
CCN([C@H]1CC[C@@H](CC1)N(C)C)c1cc(cc(C(=O)NCc2c(C)cc(C)[nH]c2=O)c1C)C(F)(F)F,190191,active
C[C@@H]1[C@H]2[C@H](C(=O)N(C2=O)Cc3ccccc3)[C@]4(N1)c5ccccc5N(C4=O)CC=C,C15276062,inactive
c1cc(oc1)[C@H]2C[C@@H]([NH+]=C(N2)SCCCC(=O)Nc3ccc(c(c3)Cl)Cl)C(F)(F)F,C18209829,inactive
COc1ccc(cc1)OCCCn2c3ccccc3[nH+]c2CCCCCNC(=O)Cc4ccc(cc4)Cl,C40221820,inactive
c1cc(ccc1SCC(=O)NN2C(=O)C3(CCCCC3)NC2=O)Br,C04836728,inactive
C=C/C=C(/c1cc(nc2c1c3c(s2)c(nc[nH+]3)N)c4ccccc4)\OCc5ccc(cc5)Br,C16138236,inactive
CN(C)c1ccc(cc1)[C@H](CNS(=O)(=O)c2ccc(cc2F)F)[NH+]3CCN(CC3)c4ccccc4,C21754947,inactive
Cc1cc(C)c(CNC(=O)c2cc(-c3ccc(CN4CCOCC4)cc3)cc3c2CCN3C(=O)C2CC2)c(=O)[nH]1,CHEMBL4851199,active
COC(=O)[C@@H]1Cc2c3ccccc3[nH]c2[C@H]4N1[C@@H](C[C@@H](C4)[NH2+]CCc5c[nH]cn5)c6ccc(cc6)C(F)(F)F,C67879360,inactive
c1cc(cnc1)CNC(=O)[C@@H]2C[C@@H](C[NH+]2Cc3ccc(cc3)Cl)NCc4ccc(c(c4)F)F,C32565160,inactive
CCOc1ccc(cc1)NC(=O)[C@@H]2CN(CCN2S(=O)(=O)c3ccccc3)S(=O)(=O)c4ccccc4,C00666131,inactive
c1ccc(cc1)[C@H](c2ccc3c(c2)[nH]c[nH+]3)NC(=O)Cn4c5ccccc5nc4COc6ccccc6,C25146434,inactive
CCN(c1cc(/C=C/c2ccc(CN3C[C@@H](C)O[C@@H](C)C3)cc2)cc(C(=O)NCc2c(C)c3c([nH]c2=O)CCCC3)c1C)C1CCOCC1,CHEMBL4642615,active
Cn1cc[nH+]c1[C@H](c2ccc(cc2)Cl)NC[C@H](COC(c3ccc(cc3)F)c4ccc(cc4)F)O,C28656083,inactive
Nc1ncnc2c1ncn2[C@@H]1O[C@H](COP(=O)(O)SCC[C@H](N)C(=O)O)[C@@H](O)[C@H]1O,CHEMBL4639520,inactive
CCN(C1CCOCC1)c1cc(cc(C(=O)NCc2c(C)cc(C)[nH]c2=O)c1C)-c1ccc(cc1)C(=O)NCCOCCNC(=O)C[C@@H]1N=C(c2c(C)c(C)sc2-n2c(C)nnc12)c1ccc(Cl)cc1,50605636,active
c1ccc(cc1)C[NH+](C[C@@H]([C@H]2CCc3cc(ccc3O2)F)O)C[C@@H]([C@@H]4CCc5cc(ccc5O4)F)O,C38211801,inactive
Cc1cc([nH+]cc1Br)N[C@H](c2ccccn2)c3cc(c4cccnc4c3O)Cl,C54200455,inactive
c1cc(cc(c1)S(=O)(=O)Nc2ccc(cc2)Br)C(=O)NC[C@H](c3ccco3)[NH+]4CCCC4,C12544801,inactive
CCN(C1CCS(=O)CC1)c1cc(cc(C(=O)NCc2c(C)cc(C)nc2=O)c1C)-c1ccc(CN2CCOCC2)cc1,172127,active
Cc1c(c(n(n1)c2ccccc2)Oc3ccc(cc3F)F)CN(C[C@H](C[NH+]4CCOCC4)O)CC(C)C,C36304003,inactive
COc1cc(c(cc1Cl)OC)NC(=O)CSC2=NC(=C)C([C@@H]([C@@H]2C#N)c3cccs3)C(=O)OCC=C,C08400605,inactive
CCSc1c(ccs1)[C@H]2C(=C(N(C3=C2C(=O)CC(C3)(C)C)c4cc(ccc4C)[N+](=O)[O-])[NH3+])C#N,C27550611,inactive
c1ccc2c(c1)c(c[nH]2)CC/[NH+]=C/C3C(=NC(=O)N(C3=O)c4ccc(cc4)I)O,C09374611,inactive
C[NH+](CC(=O)Nc1cccc(c1)C(F)(F)F)CC(=O)Nc2ccc(c(c2)C(F)(F)F)Cl,C13040318,inactive
CS(=O)(=O)c1ccccc1c2ccc(c(c2)F)NC(=O)c3cc(nn3c4cccc(c4)C[NH3+])C(F)(F)F,C01490578,inactive
CCOC(=O)CNC(=O)CC[C@@H](C)[C@H]1CC[C@@H]2[C@@]1(CC[C@H]3[C@H]2[C@@H](C[C@H]4[C@@]3(CC[C@H](C4)O)C)OC=O)C,C77292853,inactive
C[C@H](CSc1[nH+]c2c(n1C[C@@H](COc3ccc(cc3)Cl)O)c(=O)[nH]c(=O)n2C)O,C00829835,inactive
CN([C@@H]1CC[C@@H](CC1)NC(C)=O)c1cc(cc(C(=O)NCc2c(C)cc(C)nc2=O)c1C)-c1cnn(C)c1,514163,active
C[C@@H]1Cc2cc(ccc2N1C(=O)C)S(=O)(=O)N[C@H](Cc3ccccc3)C(=O)Nc4cccc[nH+]4,C09118193,inactive
CCN1CCN(CC1)c2ccc(cc2NC(=O)/C=C/c3ccc(cc3)[N+](=O)[O-])S(=O)(=O)N4CCCCC4,C12526626,inactive
CC[C@H](C)NC(=O)CSc1nc2c3ccccc3sc2c(=O)n1CCCC(=O)NC4CCCCC4,C09938610,inactive
COc1cccc(c1)CN(Cc2ccccc2OC)S(=O)(=O)c3ccc(cc3)S(=O)(=O)NCc4ccccc4,C00934016,inactive
Cc1cc(c(c(c1)Br)NC(=S)N[C@@H](C(Cl)(Cl)Cl)NC(=O)c2cc(c(c(c2)OC)OC)OC)Br,C98225675,inactive
CN(C)[C@H]1CC[C@@H](CC1)[C@]1(C)Oc2c(O1)c(-c1ccncc1)c1CCN(Cc3c(C)cc(C)[nH]c3=O)C(=O)c1c2C,588045,active
CC(=O)c1ccc(cc1)NC(=O)NC[C@H]2C[C@@H]3CC[NH+]2C[C@@H]3CN4CCC[C@@H]4COC,C71405314,inactive
CC(C)n1ncc2c(cc(nc12)C1CCN(C)CC1)C(=O)NCc1c(C)cc(C)[nH]c1=O,325982,active
CC(=O)c1cccc(c1)NC(=O)c2cc(cc(c2)NC(=O)c3ccc(cc3)[N+](=O)[O-])C(=O)Nc4cccc(c4)C(=O)C,C03142869,inactive
c1ccc(cc1)C(c2ccccc2)N3CC[NH+](CC3)[C@H](c4c[nH]c5c4ccc(c5)Br)C(=O)[O-],C20677837,inactive
C[C@]12CC[C@](C1(C)C)(CC2=O)C(=O)NCC[NH+](CCNC(=O)[C@]34CC[C@](C3(C)C)(C(=O)C4)C)CCNC(=O)[C@@]56CC[C@@](C5(C)C)(C(=O)C6)C,C97999940,inactive
Cc1cccn2c1nc(c(c2=O)/C=C\3/C(=O)N(C(=S)S3)CCc4ccccc4)NCCCn5cc[nH+]c5,C59821264,inactive
CCOc1cc(ccc1OCc2c(cccc2Cl)F)[C@H]3c4c([nH]nc4OC(=C3C#N)[NH3+])C,C01086202,inactive
COc1ccc(cc1S(=O)(=O)N2CCCC2)c3ccc(n[nH+]3)Nc4ccc(cc4)S(=O)(=O)N,C35512737,inactive
CCOC(=O)c1c2c(sc1N3C4=C([C@H](C(=C3N)C#N)c5ccc[nH+]c5)C(=O)CCC4)CCCCC2,C00714780,inactive
CC(C)(c1ccccc1)c2ccc(cc2)OC[C@@H](C[NH2+][C@H](Cc3ccccc3)c4nc(no4)c5ccccc5)O,C03384382,inactive
Cc1ccc(cc1)N(C)S(=O)(=O)c2ccc3c(c2)NC(=O)CS3,C06892730,inactive
Cc1cc(C)c(CNC(=O)c2cc(-c3ccc(CN(C)C)nc3)cc(N(C)C3CCNCC3)c2C)c(=O)[nH]1,CHEMBL3697433,active
Cc1cc(C)c(CNC(=O)c2cc(cc3N(CCc23)C(=O)c2ccco2)-c2ccc(CN3CCOCC3)cc2)c(=O)[nH]1,50575210,active
COc1cc(cc(c1)OC)NC(=O)CCSc2nc([nH]n2)N/N=C/c3cccc(c3)Oc4ccccc4,C20832064,inactive
c1cc(ccc1c2ccc(cc2)/N=N\c3c(ccc4c3c(cc(c4)S(=O)(=O)[O-])O)N)/N=N/c5c(ccc6c5c(cc(c6)S(=O)(=O)[O-])O)N,C95101003,inactive
CCC(=O)Nc1c2ccc(nc2sc1C(=O)OC)C[NH+]3CCC(CC3)(c4ccc(cc4)Cl)O,C11881305,inactive
C/C(=N/NC(=[NH2+])S[C@H]1CC(=O)N(C1=O)c2ccc(cc2)Br)/c3ccc(cc3)Cl,C12378874,inactive
c1cc(sc1)[C@@H]2CC(=[NH+]c3n2ncc3C(=O)Nc4ccc(cc4)Cl)C(=O)[O-],C65102295,inactive
CCN(C1CCC(CC1)N(C)C)c1c(C)c(cc2n(C)nc(C)c12)C(=O)NCc1c(C)cc(C)[nH]c1=O,516868,active
Cc1c(c(n(n1)c2ccccc2)C)C(=O)C(=O)Nc3ccc4c(c3)[nH]c([nH+]4)Cc5ccccc5F,C59335089,inactive
CCCc1cc(C)[nH]c(=O)c1CNC(=O)c1cc(cc(NC(C)C)c1C)-c1ccc(nc1)N1CCN(C)CC1,420310,active
COCC(=O)Nc1c2cc(c[nH+]c2n(c1C(=O)OC)CCc3c[nH]c4c3cccc4)NC5CCSCC5,C14532628,inactive
Cc1cc(ccc1OCc2ccccc2)C(=C3[C@H](N(C(=O)C3=O)Cc4ccc[nH+]c4)c5cccc(c5)Oc6ccccc6)O,C08433425,inactive
CSc1cc(C)[nH]c(=O)c1CNC(=O)c1cc(Cl)c2OC(C)(Oc2c1C)C1CCC(CC1)NC1(CF)COC1,542478,active
c1ccc2c(c1)/C(=C/3\C(=O)N(C(=S)S3)CCCCCCCCCCC(=O)O)/C(=O)N2CC(=O)Nc4ccccc4Cl,C98218363,inactive
c1ccc(cc1)[C@H](C[NH+]2CCC(CC2)CCCC3CC[NH+](CC3)C[C@@H](c4ccccc4)O)O,C13132765,inactive
COc1ccc(cc1)C/[NH+]=C(/c2c(c3n(n2)[C@@H](C[C@@H](N3)c4ccc(cc4)OC)C(F)(F)F)Cl)\O,C00675004,inactive
CC\1=NN(C(=O)/C1=C(\c2ccccc2)/NNC(=O)c3ccc(cc3)Cl)c4ccccc4,C17418998,inactive
CCOc1ccc(cc1)[C@H]2C(=C(C(=O)N2CCc3c[nH]c4c3cc(cc4)OC)O)C(=O)c5cccc(c5)OC,C35163993,inactive
COCCC[NH+](Cc1ccccc1OC)Cc2ccc(o2)C(c3cccc(c3)F)(c4cccc(c4)F)O,C36167841,inactive
Cc1ccccc1Cc2c(nc(nc2N3CCN(CC3)C[C@H](C[NH+]4CCCCC4)O)c5ccccc5)C,C36340161,inactive
CCCCSc1ccccc1NC(=O)CSc2nc([nH]n2)N/N=C/c3ccc(c(c3)OC)O,C58995333,inactive
c1ccc(cc1)Oc2cccc(c2)[C@@H]3C(=C(C(=O)N3Cc4cc[nH+]cc4)O)C(=O)c5ccc6c(c5)OCCO6,C35025826,inactive
CCN1CCN(c2ccc(-c3cc(C(=O)NCc4c(C)cc(C)[nH]c4=O)c(C)c4c3O[C@](C)(CN3CCOCC3)O4)cn2)CC1,CHEMBL5197902,active
CCOC(=O)c1c(c(c(s1)NC(=O)CSc2c(c(cc(n2)c3ccc(c(c3)OC)OC)C(F)(F)F)C#N)C#N)C,C08451159,inactive
CCN(C1CCOCC1)c1cc2oc(cc2c(C(=O)NCc2c(C)cc(C)[nH]c2=O)c1C)C1CCN(C)CC1,458807,active
CC(=O)O[C@H]1CC[C@]23C[C@]24CC[C@@]5([C@H]([C@H](C[C@]5([C@@H]4C[C@@H]([C@@H]3C1(C)C)OC(=O)C)C)OC(=O)C)[C@]6(CC[C@H](O6)C(C)(C)O)C)C,C70691586,inactive
Cc1cc(c(cc1COc2c(cccc2OC)OC)[C@@H]3[C@H]4CCCC=C4C(=C(C3(C#N)C#N)[NH3+])C#N)C,C00651005,inactive
Cc1cc(C)c(CNC(=O)c2cc(NC(C)C)nc(-c3ccc(CN(C)C)cc3)c2)c(=O)[nH]1,CHEMBL3697403,inactive
c1cc(cc(c1)NC(=O)c2ccc(cc2)N3CCCC3=O)C(=O)Nc4cccc(c4)F,C55771136,inactive
c1cc(c[nH+]c1)CNC(=O)c2c3c(sc2NC(=O)Cc4coc5c4cc(cc5)F)CCCC3,C39882837,inactive
CCOc1ccc(cc1OCC)[C@@H]2c3c(n[nH]c3C(=O)N2Cc4ccc[nH+]c4)c5cc(cc(c5O)C)C,C09124533,inactive
CC(=O)O[C@H]1C[C@@H]2[C@@H]3CCC(=O)[C@@]3(CC[C@@H]2[C@@]4([C@@]1(CC(=O)CC4)O)C)C,C06158926,inactive
CC(C)(C)c1ccc(cc1)[C@@H]2[C@H](C(=O)C(=O)N2CC[NH2+]CCO)C(=O)c3ccc(cc3)Cl,C04635152,inactive
CC[C@H]1[C@]([C@@H]([C@@H]([NH+](C[C@@H](C[C@@]([C@@H]([C@@H]([C@@H]([C@@H](C(=O)O1)C)O[C@@H]2C[C@@]([C@@H]([C@@H](O2)C)O)(C)OC)C)O[C@@H]3[C@@H]([C@@H](C[C@@H](O3)C)N(C)C)O)(C)O)C)C)C)O)(C)O,C40163240,inactive
COC(C1CCN(CC1)C=O)c1cc(Cl)c2CCN(Cc3c(C)cc(C)[nH]c3=O)C(=O)c2c1Cl,435562,active
CCN(c1cc(-c2ccc(CN3CCNCC3)cc2)cc(C(=O)NCc2c(C)cc(C)[nH]c2=O)c1C)C1CCOCC1,CHEMBL3697463,active
Cc1c(sc(n1)c2ccc(cc2)OC)C(=O)NNC(=O)c3cc(cn3C)Br,C16271347,inactive
c1cc(cc(c1)Cl)c2nnc(o2)SCC(=O)Nc3ccc(cc3)N4CC[NH+](CC4)C5CCCCC5,C33761978,inactive
c1cc(oc1)CNS(=O)(=O)c2cc(ccc2Br)C(=O)Nc3ccc(cc3)Br,C00990498,inactive
Cc1cccc(c1)COc2ccc(cc2)C(=C3[C@H](N(C(=O)C3=O)Cc4ccc[nH+]c4)c5ccc(cc5)Cl)O,C09477523,inactive
Cc1ccc(cc1)n2c3c(c(=O)[nH]c2=O)[C@@](C(=O)N3)(C(F)(F)F)NS(=O)(=O)c4ccc(cc4)C,C01880746,inactive
c1ccc(cc1)N2C(=O)/C(=C/c3ccccc3C(F)(F)F)/N=C2SCC(=O)Nc4ccc(cc4)S(=O)(=O)N,C08416861,inactive
CCn1cc(c(n1)C(=O)NC(=S)Nc2c(c3c(s2)C[C@@H](CC3)C)C(=O)OCC)Br,C01002756,inactive
c1ccc2c(c1)nc(s2)C(=O)Nc3ccncc3NC(=O)c4nc5ccccc5s4,C09404647,inactive
c1ccc(cc1)[C@H](C(=O)Nc2ccc(cc2)S(=O)(=O)/N=C/3\CCCCCN3)Sc4ccccc4,C14866677,inactive
c1ccc2c(c1)c(nc(=S)[nH]2)NCC3CCC(CC3)C(=O)N4CC[NH+](CC4)C5CCCCC5,C20646096,inactive
COc1ccc(cc1)[C@@H]2CC(=NN2C(=O)C[NH+]3CCC(CC3)c4[nH]c5ccccc5n4)c6cccs6,C09713580,inactive
c1ccc(cc1)NC(=O)CCCN2C(=O)/C(=C\3/C(=O)N(C(=S)S3)CCCC(=O)Nc4ccccc4)/SC2=S,C06143163,inactive
Cc1ccc(c(c1)c2csc(c2C(=O)OC(C)C)NC(=O)[C@H]3CC=CC[C@H]3C(=O)O)C,C19634521,inactive
CCCOc1ccc(cc1)N2C(=O)C[C@@H](C2=O)SC(=[NH2+])N/N=C(/C)\c3ccc(cc3)O,C83331885,inactive
CCOc1ccc(cc1)S(=O)(=O)NCCC(=O)Nc2nc(cs2)c3ccc(cc3)C(C)(C)C,C13014614,inactive
CC1(CC(CC([NH2+]1)(C)C)N(Cc2cc[nH+]cc2)C(=S)Nc3ccc(cc3Cl)C(F)(F)F)C,C39422066,inactive
CCN(C1CCC(CC1)N1CC(F)(F)C1)c1c(C)c(cc2n(C)ncc12)C(=O)NCc1c(C)cc(C)[nH]c1=O,516860,active
CCN([C@@H]1CC[C@@H](CC1)N(C)C)c1c(C)c(cc2n(C)ncc12)C(=O)NCc1c(C)cc(C)[nH]c1=O,516841,active
C[NH+]1CCc2c(sc3c2C(=N[C@H](N3)c4cc5c(cc4Br)OCO5)O)C1,C36093593,inactive
CCOc1cc(ccc1OCCC(C)C)[C@H]2c3c([nH]nc3C(=O)N2CCCOC)c4cc(ccc4O)Cl,C39898304,inactive
Cc1ccc(cc1S(=O)(=O)Nc2ccc(cc2)Cl)NC(=O)c3ccsc3,C13003167,inactive
C[C@@H](C/N=C/1\N=C(S1)N(Cc2ccc(c(c2OC)OC)OC)C3CCCC3)NC4CC([NH2+]C(C4)(C)C)(C)C,C20285987,inactive
C[C@]12CC[C@@H]3[C@@H]([C@@H]1CC[C@@H]2OC(=O)CCC(=O)NCCC4=c5ccccc5=[NH+]C4)CCC6=CC(=O)CC[C@]36C,C63350097,inactive
[H]/N=C/1\C(=C/c2cc(c(c(c2)Cl)O)Cl)\C(=O)N=C3N1N=C(S3)c4ccccc4,C96445356,inactive
CCCc1cc(C)[nH]c(=O)c1CNC(=O)c1cc(cc(N(CC)C2CCOCC2)c1C)-c1ccc(nc1)N1CCNCC1,172176,active
Cc1cc(ccc1N/C(=N\C(=O)c2ccc3c(c2)OCO3)/NCCC4=c5ccccc5=[NH+]C4)Cl,C63588635,inactive
CC[C@H](C)n1cc(C)c2c(C(=O)NCc3c(C)cc(C)[nH]c3=O)cc(-c3ccc(N4CCN(CCCCCCCCCOc5cccc6c5C(=O)N(C5CCC(=O)NC5=O)C6=O)CC4)nc3)cc21,CHEMBL5085848,active
CC[NH+](CC)Cc1nc(c2c(c(sc2n1)C)C)N[C@H](CO)[C@H](c3ccc(cc3)[N+](=O)[O-])O,C09647492,inactive
COc1ccccc1c2c3c(n(nc3nc(n2)N4CC[NH+](CC4)Cc5ccccc5)c6ccc(cc6)Cl)N,C37357866,inactive
CCOc1cc(ccc1OCC[NH+]2CCOCC2)[C@@H]3[C@H]4C[C@@H](CC=C4C(=C(C3(C#N)C#N)N)C#N)C(C)(C)C,C33781367,inactive
Cc1cccc(c1NC(=O)CS[C@H]2N=N[C@H](O2)[C@H](CC3=c4ccccc4=[NH+]C3)NC(=O)OC(C)(C)C)C,C63425963,inactive
CCCc1cc(C)[nH]c(=O)c1CNC(=O)c1cc(Cl)cc(N(CC)[C@H]2CC[C@@H](CC2)N(C)C)c1C,190206,active
Cc1ccc(cc1)CN(c2ccc3c(c2)cc(s3)C(=O)Nc4ccc(cc4)NC(=O)C)S(=O)(=O)C,C13584243,inactive
CC[NH+](CCCNC(=O)[C@@H]1c2ccccc2C(=O)N([C@@H]1c3cccs3)C4CCCC4)Cc5ccccc5,C09433504,inactive
c1cc([nH+]cc1S(=O)(=O)N2CCCCC2)SCC(=O)Nc3c(c4c(s3)CCC4)C(=O)N,C08707768,inactive
Cc1ccc(cc1)CN2c3ccsc3C(=O)/C(=C/Nc4ccc(cc4)S(=O)(=O)N)/S2(=O)=O,C20575723,inactive
COCC(=O)Nc1c2cc(c[nH+]c2n(c1C(=O)OC)CCc3ccc(cc3)OC)NCc4ccsc4,C14540717,inactive
CCOc1cc(c(c(c1O)/C=[NH+]/CCCNc2ccc(cc2)[N+](=O)[O-])Br)Br,C16688121,inactive
CCOC(=O)c1ccc(cc1)NC(=O)C[C@@H]2C(=O)N(C(=O)N2Cc3ccc(c(c3)OC)OC)c4ccc(cc4)OC,C97995821,inactive
Cn1cc[nH+]c1[C@@H](c2ccc(cc2)Cl)NC(=O)CCCNC(=O)C34CC5CC(C3)CC(C5)C4,C12507109,inactive
c1ccc(cc1)C(c2ccccc2)[NH+]3CCN(CC3)C(=O)c4cnn5c4N[C@@H](C[C@H]5C(F)(F)F)c6ccc7c(c6)OCO7,C29747415,inactive
Cn1ccnc1[C@@H](c2ccc(cc2)Cl)[NH2+]C[C@H](COC(c3ccc(cc3)F)c4ccc(cc4)F)O,C28656092,inactive
C[C@H](C1CCN(CC2(C)CC2)CC1)c1sc2CCCN(Cc3c(C)cc(C)[nH]c3=O)C(=O)c2c1C,439197,active
COc1ccc(cc1)c2nnc(n2CCC(=O)NC[C@H](c3cccc(c3)Cl)[NH+]4CCCC4)[S-],C71892157,inactive
CCOC(=O)C1=C(OC(=C([C@@H]1c2ccc(cc2)SC)C#N)N)CSc3c(ccc([nH+]3)c4cccs4)C#N,C08443121,inactive
Cc1ccc(cc1)[C@@H]2C[C@@H](n3c([nH+]cn3)N2)c4ccc(c(c4)OCc5ccccc5)OCc6ccccc6,C13097432,inactive
Cc1c2c(n(n1)c3ccccc3)[NH+]=C4C(=Nc5ccccc5N4[C@@H]2c6cccc(c6)OC)Nc7ccc(c(c7)Cl)OC,C01876286,inactive
Cc1cc(C)c(CNC(=O)c2cc(-c3ccc4c(c3)OCCO4)nc3c2cnn3C(C)C)c(=O)[nH]1,CHEMBL3414618,active
c1ccc(cc1)[C@H](CNC(=O)CCNS(=O)(=O)c2ccc(cc2)Br)[NH+]3CCCC3,C16259340,inactive
c1cc(oc1)c2nc3n(n2)c(c(s3)[C@H](c4ccc(cc4Cl)Cl)[NH+]5CCC(CC5)C(=O)N)O,C09808543,inactive
C/C(=N\NC(=O)CSc1nnc(n1c2ccccc2)c3ccc(c(c3)OC)OC)/c4ccc5ccccc5c4,C98225293,inactive
Cc1cc(C)c(CNC(=O)c2cc(cc3n(ncc23)C2CCCC2)-c2ccc(CN3CCNC(=O)C3)cc2)c(=O)[nH]1,326092,active
Cc1ccc(c(c1)C)S(=O)(=O)N2CC[NH+](CC2)Cc3nc(nc(n3)Nc4ccc(cc4)Cl)N,C25677485,inactive
CCc1c[nH+]c2c(c1NOCC(=O)Nc3ccc(cc3)Br)c(=O)n(c(=O)n2C)C,C12309573,inactive
Cc1cc(ccc1NC(=O)C[NH+](C)CC(=O)N(C)CC(=O)Nc2ccc(cc2)Cl)Br,C08767689,inactive
Cc1cc(C)c(CNC(=O)c2cc(Br)c3c(c2C)O[C@@](C)([C@H]2CC[C@H](N(C)C)CC2)O3)c(=O)[nH]1,CHEMBL5197386,active
CC(=O)c1ccc(cc1)NC(=O)[C@@H](Cc2ccccc2)NS(=O)(=O)c3ccc4c(c3)CCN4C(=O)C,C20232201,inactive
Cc1ccc(cc1)C2=N[C@H]([NH2+][C@@H](C2)c3ccccc3O)c4cc(ccc4OC)Br,C20764724,inactive
COc1ccc(cc1)[C@H](CCc2ccc(cc2OC)O)c3cc(c(cc3O)OC)CCC(=O)c4ccc(cc4)O,C28968107,inactive
Cc1cc(C)c(CNC(=O)c2cc(-c3ccc(CN(C)C)cc3)cc(N(C)[C@H]3CC[C@@H](N)CC3)c2C)c(=O)[nH]1,CHEMBL3697438,active
CCCCCN1C(=C(c2ccccc2S1(=O)=O)NC(=O)CN3C(=O)c4ccccc4C3=O)C(=O)c5ccccc5,C01845407,inactive
c1cc(c(cc1NC(=O)C[NH+]2CCCN(CC2)S(=O)(=O)c3ccc(s3)Br)Cl)F,C09775569,inactive
COc1ccc(cc1OC)CC[n+]2c(csc2Nc3ccc(cc3)OC(F)(F)Cl)c4ccc(cc4)S(=O)(=O)N5CCCCC5,C97966133,inactive
CC(C)[NH2+][C@H]1C[C@H](N2[C@@H](Cc3c4ccccc4[nH]c3[C@H]2C1)C(=O)OC)c5ccc(cc5)OC(F)(F)F,C12603177,inactive
CN(C)C12CCC(CC1)(CC2)C1(C)Oc2c(O1)c(Br)c1CCN(Cc3c(C)cc(C)[nH]c3=O)C(=O)c1c2C,588041,active
CC(=O)Nc1ccc(cc1)NC(=S)NC(=O)c2ccccc2[N+](=O)[O-],C00674548,inactive
c1ccc(cc1)n2c3c(c(n2)C(F)(F)F)[C@H](C(=C(O3)[NH3+])C#N)c4cccc(c4)C(F)(F)F,C34953312,inactive
CCOc1ccc(cc1)S(=O)(=O)Nc2c(nc3ccccc3n2)n4ccc(=[NH+]C(=O)c5ccccc5C)cc4,C81049005,inactive
Cc1nc(cs1)COc2ccccc2/C=C/C(=O)NC[C@@H](c3ccc(cc3)Cl)[NH+]4CCOCC4,C72044789,inactive
Cc1ccccc1NC(=O)C2=C([NH+]=C3N=C(NN3[C@H]2c4cccs4)SCc5ccccc5)C,C08591570,inactive
c1c(cc(cc1Cl)Cl)NC(=O)[C@H]2[C@H]3C=C[C@@]4([C@@H]2C(=O)N([C@@H]4C(=O)NC5CCCCC5)C[C@@H]6CCCO6)O3,C03658510,inactive
COc1cccc2c1oc(c2)C(=O)C3=C(C(=O)N([C@@H]3c4cc(c(c(c4)Br)O)OC)CCCn5cc[nH+]c5)O,C01110464,inactive
C[C@@H](C(=O)Nc1ccc(cc1)NC(=O)C)S[C@@H]2NN=C(N2c3ccccc3)C4=c5ccccc5=[NH+]C4,C39933409,inactive
Cc1cc(c(s1)C)[C@H]2C(=C(N(C3=C2C(=O)C[C@H](C3)c4ccccc4)c5cccnc5)N)C#N,C09981763,inactive
COC(=O)[C@@H](CCSC)NC(=O)N1CCc2c([nH]c[nH+]2)[C@@H]1c3ccc(cc3Cl)Cl,C36575690,inactive
CC(=O)N[C@@H]1[C@H]([C@@H]([C@H](O[C@H]1O[C@H]2CC[C@]3([C@@H](C2(C)C)CC[C@@]4([C@H]3CC=C5[C@]4(C[C@H]([C@@H]6[C@@H]5CC(C[C@H]6C(=O)[O-])(C)C)O)C)C)C)CO)O)O,C95725685,inactive
c1ccc(cc1)NC(=O)C[C@H]2C(=O)N(/C(=N\[NH+]=C\c3ccccc3O)/S2)c4ccc(cc4)O,C38182896,inactive
Cc1cccn2c1nc(c(c2=O)/C=C\3/C(=O)N(C(=S)S3)Cc4ccccc4)NC[C@H](c5ccccc5)O,C02260212,inactive
c1ccc(cc1)COc2cccc(c2)C(=O)NC(=S)Nc3ccc(cc3)N4CCN(CC4)C(=O)c5ccccc5F,C97995797,inactive
C[C@@H](C(=O)Nc1ccccc1C(=O)c2ccccc2)[NH+](C)CC(=O)Nc3ccccc3Br,C16633283,inactive
CN(C)c1ccc(cc1)[C@@H](CNC(=O)Nc2cc(c(c(c2)OC)OC)OC)[NH+]3CCc4ccccc4C3,C22419114,inactive
Cc1cc(C)c(CN2CCc3c(Cl)cc(-c4c(C)noc4C)c(Cl)c3C2=O)c(=O)[nH]1,CHEMBL3911017,active
CC(C)/C(=[NH+]/c1ccc(cc1OC)/N=C(/c2cc(ccc2Cl)I)\O)/O,C01108411,inactive
CCN1c2ccccc2[C@]3(C1=O)C(=C(C(=O)N3CCC[NH+](C)C)O)C(=O)c4ccc(cc4)S(=O)(=O)N5CCCCCC5,C98046928,inactive
Cc1ccc(o1)C[NH+](Cc2ccco2)Cc3ccc(o3)C(c4ccc(cc4)OC)(c5ccc(cc5)OC)O,C36202443,inactive
c1cc(ccc1NC(=O)CN2C(=O)C3(CCCC3)NC2=O)I,C03611076,inactive
CC(C)(CCl)C(=O)Nc1ccc2c(c1)c(c[nH]2)CC[NH+]3CCN(CC3)c4ccc(cc4)OC,C23322868,inactive
C[C@@H](C(=O)NC)NS(=O)(=O)c1c(nc2n1ccs2)NN,C49102113,inactive
CC(=[NH2+])C(C#N)C(=O)COC(=O)c1ccc(cc1)CNS(=O)(=O)c2ccc(c(c2)Cl)Cl,C08825509,inactive
CCCC[C@]12C=CC[NH+]3[C@@H]1[C@@]4(CC3)c5ccc(cc5N([C@@H]4[C@@]([C@@H]2O)(C(=O)OC)O)C)OC,C04109208,inactive
Cc1ccccc1OCCOc2c(cc(cc2OC)/C=C\3/C(=[NH2+])N4C(=[NH+]SC4=NC3=O)SC)OC,C20205517,inactive
C[NH+](C)[C@@H](CNC(=O)CSc1nnc(s1)Nc2ccc(cc2)OC(F)(F)F)c3ccccc3,C09672620,inactive
C[C@@H](Cc1cccs1)[NH+](Cc2ccc(cc2)Cl)CC(=O)Nc3cc(ccc3OC)NC(=O)C,C32836185,inactive
CSc1c(c(nn1CNC(=O)Nc2cc(cc(c2)C(F)(F)F)C(F)(F)F)c3cccs3)C#N,C01037394,inactive
COc1ccc(cc1OC)CC(=O)NC[C@@H](c2ccc3c(c2)OCO3)[NH+]4CCN(CC4)c5ccccc5F,C38620703,inactive
c1ccc(c(c1)C(F)(F)F)NC(=O)NCC[NH+]2CCN(CC2)c3nc(ns3)Cc4ccc(cc4)F,C35768300,inactive
c1ccc(cc1)CCN(CC(=O)N/N=C/c2ccccc2O)S(=O)(=O)c3ccc(cc3)Br,C16479043,inactive
CSc1cc(C)[nH]c(=O)c1CNC(=O)c1c(C)n([C@@H](C)[C@H]2CC[C@@H](CC2)N2CC(C2)OC2CC2)c2ccccc12,50597874,active
C[NH+]1CCC(CC1)(C(=O)Nc2ccc(cc2OC)OC)N(Cc3ccco3)C(=O)CN4C[C@H](NC4=S)c5ccccc5,C08748391,inactive
C[C@@]1([C@@H]2C[C@@H](CC[C@@]([C@@H]2CC1=O)(CO)O)C(C)(C)O[C@@H]3[C@@H]([C@@H]([C@@H]([C@@H](O3)CO)O)O)O)O,C72320119,inactive
C/[NH+]=C(/Nc1ccc(cc1)I)\S[C@H]2CC(=O)N(C2=O)CCc3ccccc3,C59446299,inactive
c1ccc(cc1)C[C@H](C(=O)N2CCC3(CC2)c4c([nH+]c[nH]4)CC[NH2+]3)NC(=O)Cc5ccc(cc5)Cl,C08743819,inactive
CCOC(=O)C1=C(OC(=C([C@H]1c2ccc(cc2)Cl)C#N)N)CSc3c(ccc([nH+]3)c4ccncc4)C#N,C08448662,inactive
CCOc1ccc(cc1)/C=N/Nc2[nH+]c3c(n2Cc4cccc(c4)Br)c(=O)n(c(=O)n3C)C,C05921149,inactive
Cc1c2c([nH]n1)OC(=C([C@H]2c3cc(c(c(c3)Br)OCc4ccccc4F)OC)C#N)[NH3+],C22742657,inactive
C/C(=N/Nc1[nH]nc(n1)SCC(=O)Nc2ccccc2Br)/c3cc[nH+]cc3,C59023507,inactive
Cc1ccc(cc1)C(=O)N/C(=C/c2ccc(o2)c3cccc(c3)[N+](=O)[O-])/C(=O)NCCCn4cc[nH+]c4,C01831547,inactive
c1cc(ccc1C(=O)Nc2ccc(cc2)S(=O)(=O)Nc3ccc(cc3)F)Cl,C04523837,inactive
C[C@H]1C[C@@H](CN(C1)S(=O)(=O)c2ccc(cc2)C(=O)O[C@@H](C)C(=O)Nc3ccc(cc3)C(=O)N)C,C12873141,inactive
c1cc(ccc1CCNC(=O)CSc2ccc(c[nH+]2)S(=O)(=O)N3CCCCC3)S(=O)(=O)N,C08826460,inactive
c1ccc2c(c1)[nH+]c(n2CC(=O)Nc3ccc(cc3)Cl)CCNC(=O)[C@@H]4CCCO4,C40299435,inactive
c1cc(ccc1NC(=O)CSc2nc3c(c4c(s3)CCCC4)c(=O)n2Cc5cc[nH+]cc5)Br,C97946051,inactive
COc1ccc(cc1)/C(=N\CCc2c[nH]c3c2cccc3)/C4C(=O)NC(=O)N(C4=O)c5ccc(cc5)Br,C08769390,inactive
C[C@@H](c1nnc(n1c2ccc(cc2)F)S[C@H](C)C(=O)Nc3ccccc3C(C)C)[NH+]4CCCCC4,C24227983,inactive
CCOc1cccc(c1O)[C@H]2CC(=N[C@@H]([NH2+]2)c3ccc(c(c3)Br)OC)c4cccc(c4)OC,C09542573,inactive
c1cc(ccc1c2cc(nc(n2)c3ccc(cc3)NC(=O)C(F)(F)F)c4ccc(cc4)NC(=O)C(F)(F)F)NC(=O)C(F)(F)F,C98000406,inactive
CCc1ccc(cc1)N2C(=O)[C@@](C(=O)NC2=O)(Cc3ccc4c(c3)OCO4)C[NH+]5C[C@H]6C[C@@H](C5)c7cccc(=O)n7C6,C70669776,inactive
Cc1ccc2c(cccc2n1)c3nnc(n3C)SCCC[NH+]4CCc5ccc6c(c5CC4)nc(o6)C(F)(F)F,C29127259,inactive
CC1=C([C@H]([C@H]2C(=N1)CC(CC2=O)(C)C)c3ccc(c(c3)COc4ccc(cc4)I)OC)C(=O)Nc5cccc[nH+]5,C08450341,inactive
C[C@H]1CCC[C@@H]([C@@H]1C)[NH2+][C@@H]2CC(=O)N(C2=O)c3ccc(cc3)N4C(=O)C[C@@H](C4=O)[NH2+][C@@H]5CCC[C@@H]([C@@H]5C)C,C37089024,inactive
CCN([C@H]1CC[C@H](CC1)C(=O)N1CCCC1)c1cc(Cl)cc(C(=O)NCc2c(C)cc(C)[nH]c2=O)c1C,190222,active
COc1ccc(cc1)c2cc(c(c(n2)SCC(=O)Nc3ccc(c[nH+]3)Br)C#N)C(F)(F)F,C01010140,inactive
CCc1cc(C)[nH]c(=O)c1CN1CCN(C)c2c(Cl)cc(-c3c(C)noc3C)c(Cl)c2C1=O,CHEMBL5071153,active
Cc1noc(C)c1-c1cc(Cl)c2CCN(Cc3c(cc(C)n(C)c3=O)C(F)(F)F)C(=O)c2c1Cl,50586156,active
c1ccc(cc1)OCCOc2ccc(cc2)NC(=S)NC(=O)c3ccccc3I,C14042443,inactive
CCOc1ccc(cc1)C(=O)Oc2ccc(cc2/C=N/NC(=O)c3ccc(cc3)NS(=O)(=O)c4ccc(cc4)Cl)Br,C04232331,inactive
c1cc2c(cc1C[NH+]3CCN(CC3)c4c(c([nH+]cn4)Nc5ccc(cn5)Br)N)OCO2,C40779937,inactive
c1ccc2c(c1)C3=N[C@@H](C(=O)N3C(=N2)SCC(=O)Nc4cccc(c4)C(F)(F)F)CCC(=O)NCc5cccs5,C33356272,inactive
Cc1cc(c(c(c1)C)NC(=O)CSc2c3c(nc(n2)c4ccccc4OC)Oc5c(ncc(c5C3)CO)C)C,C08589241,inactive
CC(C)(C)OC(=O)N[C@H](Cc1ccccc1)C(=O)/N=C/2\N([C@@H]3CS(=O)(=O)C[C@@H]3S2)Cc4ccccc4,C36638609,inactive
c1cc(cc(c1)I)C(=O)NC(=S)Nc2ccc(cc2)NC(=O)c3ccco3,C01169777,inactive
C[NH+](C)CCNC(=O)C[NH+]1CC[NH+](CC1)[C@@H](c2c[nH]c3c2ccc(c3)Br)C(=O)[O-],C31815755,inactive
CCc1nc2n(n1)c(c(s2)[C@@H](c3ccc(c(c3)F)F)N4CC[NH+](CC4)CCO)O,C22854631,inactive
C[C@@H]1CC[C@@]2(CC[C@@]3(C(=CC[C@H]4[C@]3(CC[C@H]5[C@@]4(C[C@H]([C@@H]([C@]5(C)C(=O)[O-])O)O)C)C)[C@@H]2[C@]1(C)O)C)C(=O)O[C@H]6[C@@H]([C@H]([C@@H]([C@H](O6)CO)O)O)O,C67902732,inactive
CCCC[NH+](CCCC)CCCN1[C@H](C(=C(C1=O)O)C(=O)c2ccc(cc2)[N+](=O)[O-])c3cccc(c3)O,C35164695,inactive
Cn1c(cc(n1)c2ccc(cc2)F)[C@H]3C[NH+]4CC[C@@H]3C[C@@H]4COC(=O)Nc5cccc(c5)C(F)(F)F,C43525345,inactive
c1ccc2c(c1)[C@@H](OC2=O)[C@H](C(=O)c3ccc(c(c3)Cl)Cl)/C(=N/N)/C(=O)Nc4ccc(cc4C#N)[N+](=O)[O-],C05809673,inactive
CCN([C@H]1CC[C@@H](CC1)N(C)C)c1cc(Cl)cc(C(=O)NCc2c(C)cc(C)nc2=O)c1C,190185,active
c1ccc(c(c1)NS(=O)(=O)c2cccc(c2)C(=O)Nc3ccc(cc3)c4cn5ccccc5[nH+]4)F,C10322590,inactive
c1ccc(cc1)C(c2ccccc2)N3CCN(CC3)c4c(c(nc[nH+]4)N5CCc6c5cccc6)N,C40687301,inactive
Cc1ccccc1n2c3c(c(=O)n(c(n3)SCC(=O)Nc4ccc(cc4)N(C)C)c5ccccc5F)sc2=S,C03026526,inactive
CCCn1cc(c(n1)C)CN/C(=N\C(=O)c2ccc(cc2)Cl)/Nc3ccc(cc3)Br,C32972803,inactive
CCCCCOc1ccc(cc1)[C@@H]2C(=C(C(=O)N2CCCn3cc[nH+]c3)O)C(=O)c4ccc5c(c4)C[C@@H](O5)C,C09292792,inactive
CCc1ccc(cc1)NC(=O)c\2cc3ccc(cc3o/c2=[NH+]\c4ccc(cc4)S(=O)(=O)N)OC,C59170630,inactive
CCCC[NH+](C)Cc1c(ccc2c1oc(c(c2=O)Oc3ccccc3Br)C(F)(F)F)O,C01782074,inactive
COC(=O)c1c2c(sc1NC(=O)c3ccc(cc3)S(=O)(=O)N4CCCC4)CN(CC2)Cc5ccccc5,C97957490,inactive
CCN(C(=O)C1CC1)c1cc(-c2ccc(NC(=O)CCN(C)C)cc2)cc(C(=O)NCc2c(C)cc(C)[nH]c2=O)c1C,CHEMBL4847202,active
CCN(c1cc(Cl)cc(C(=O)NCc2c(C)cc(C)nc2OC)c1C)C1CCOCC1,CHEMBL3770929,inactive
Cc1ccc[nH+]c1NC(=O)C2[C@H](C3C(=NC2=C)CCCC3=O)c4ccc(c(c4)COc5ccc(cc5)Cl)OC,C08440259,inactive
CC1(CC(CC([NH2+]1)(C)C)Nc2c(c(ncn2)N(Cc3ccccc3)c4cccc[nH+]4)[N+](=O)[O-])C,C40645261,inactive
COCC[NH+]1CCN(CC1)c2nc(c3c(n(nc3n2)c4ccc(cc4)Cl)N)c5cccc(c5F)F,C37360818,inactive
CC(=O)Nc1ccc(cc1)S(=O)(=O)/N=C\2/[C@H]([NH+]=c3ccccc3=[NH+]2)Nc4ccc(cc4)C(=O)[O-],C39984371,inactive
CC[NH+](CC)CCCN1[C@H](C(=C(C1=O)O)C(=O)c2ccc3c(c2)C[C@H](O3)C)c4ccc(cc4)C(C)(C)C,C20331400,inactive
Cc1[nH]ncc1-c1cc(Cl)c2CCN(Cc3c(C)cc(C)[nH]c3=O)C(=O)c2c1Cl,50193656,active
CS(=O)(=O)c1cccc(c1)C(=O)Nc2nc3ccc(cc3s2)F,C05223067,inactive
Cc1c(c(c(c(c1c2c[nH]c[nH+]2)[N+](=O)[O-])S(=O)(=O)c3c(c(c(c(c3Cl)C)C)c4c[nH]cn4)[N+](=O)[O-])Cl)C,C98232201,inactive
CNc1c(cc(cn1)Br)S(=O)(=O)Nc2cc(ccc2Cl)Br,C61693445,inactive
COc1cc(C)[nH]c(=O)c1CNC(=O)c1c(C)n(C(C)C2CCN(C)C(C(F)(F)F)C2)c2ccccc12,CHEMBL5185344,active
c1cc(ccc1NC(=O)COc2ccc(cc2Br)Br)S(=O)(=O)Nc3ccc(cc3)S(=O)(=O)N,C97940303,inactive
c1cc(cc(c1)Br)Cn2cnc(n2)NC(=O)c3ccc4c(c3)COC4,C64457086,inactive
CC(C)n1ncc2c(cc(nc12)-c1ccc(CNC2CCCCC2N)cc1)C(=O)NCc1c(C)cc(C)[nH]c1=O,325885,active
C=CCn1c(nnc1SCC(=O)Nc2ccc(cc2)I)Cn3c4ccccc4nn3,C00997944,inactive
CC(C)OCCCN1[C@H]([C@@]23C=C[C@@H](O2)[C@@H]([C@@H]3C1=O)C(=O)Nc4ccc(cc4)Cl)C(=O)NC5CCCCC5,C36066318,inactive
C=CCNC(=S)N1CC[NH+](CC1)[C@@H]2c3cccc4c3c(ccc4)[C@H]2NS(=O)(=O)c5ccc(cc5)Cl,C09085917,inactive
CC[C@H](C)[C@H](C(=O)Nc1nnc(s1)c2ccc(cc2)Br)NC(=O)Nc3cc(cc(c3)C(F)(F)F)C(F)(F)F,C98017265,inactive
CC(C)c1cc(n[nH]1)NC(=O)[C@@H]2CCCN2C(=O)c3ccc(cc3)Br,C97544939,inactive
Cc1nc2ccc(cc2s1)NC(=O)c3ccc(cc3)S(=O)(=O)N4CCCC4,C03430718,inactive
[H]/N=C/1\C(=C\c2ccc(c(c2)OCC)OCCOc3ccc(c(c3)C)C)\C(=O)N=C4N1C(=CS4)c5ccccc5Cl,C08495788,inactive
c1ccc(cc1)CCN2C(=O)N(C(=O)C23CC[NH+](CC3)C[C@H]4C=c5ccccc5=[NH+]4)Cc6ccccc6,C63985974,inactive
Cc1cc(C)c(CNC(=O)c2cc(-c3ccc(CN4CCOCC4)cc3)cc3c2CCN3C2CCOCC2)c(=O)[nH]1,CHEMBL3915266,active
C[C@H]1[C@H]2C[C@H]3[C@]45CCC[C@]([C@@H]4C[C@@H]([C@@]3(C2)[C@H]1O)OC(=O)c6ccccc6)(C[N+](=C5)CCOC(=O)c7ccccc7)C,C01902206,inactive
COC(C1CN(C)C1)c1cc(Cl)c2CCN(Cc3c4cc[nH]c4c(C)[nH]c3=O)C(=O)c2c1Cl,378905,active
Cc1c2c(n(n1)c3ccc(cc3)F)NC(=O)[C@H](S[C@@H]2c4ccc(c(c4)OC)O)C,C06679184,inactive
CN1[C@@H]([C@H](CCCC1=O)C(=O)O)c2ccc(c(c2)Br)OC,C70276521,inactive
CCOC(=O)c1ccccc1NC(=O)CSc2nc3c(c([nH]n3)C)c(=[NH2+])n2c4ccc(cc4)OC,C02927450,inactive
C[NH+]1CCc2cc3c(c(c2[C@H]1C/[NH+]=C/C4C(=NC(=O)N(C4=O)c5ccccc5Cl)O)OC)OCO3,C08973432,inactive
CCN(c1cc(/C=C/c2ccc3c(c2)NC(=O)CO3)cc(C(=O)NCc2c3c(c(C)[nH]c2=O)CCCC3)c1C)C1CCOCC1,CHEMBL4644018,active
COC(=O)c1cc(cc(c1)NC(=O)CSc2nc3c(c(cs3)c4ccccc4)c(=O)n2c5ccccc5)C(=O)OC,C01896109,inactive
CCOc1cccc2c1nc(s2)N3CCN(CC3)C(=O)c4ccccc4NS(=O)(=O)c5ccccc5,C20571914,inactive
Cc1cc(C)c(CNC(=O)c2cc(-c3ccc(N4CCN(CCOCCC(=O)Nc5cccc6c5C(=O)N(C5CCC(=O)NC5=O)C6=O)CC4)nc3)c3c(cnn3C(C)C)c2)c(=O)[nH]1,CHEMBL5186430,active
c1cc(cc(c1)NC(=O)c2c3c([nH]n2)-c4ccc[nH+]c4CC3)CC(=O)NCc5cccs5,C77971394,inactive
Cc1c(sc(n1)N2[C@H](C(=C(C2=O)O)C(=O)c3ccc4c(c3)C[C@@H](O4)C)c5ccc(cc5)OC)C(=O)OCC=C,C97955767,inactive
Cc1ccc(cc1)NC(=O)CN2C(=O)/C(=C\c3cc(cs3)Br)/NC2=O,C09260570,inactive
C[C@@H]1CC[C@@]2(CC[C@@]3(C(=CC[C@H]4[C@]3(CC[C@H]5[C@@]4(CC[C@@H]([C@]5(C)C(=O)[O-])O)C)C)[C@@H]2[C@]1(C)O)C)C(=O)O[C@@H]6[C@@H]([C@@H]([C@@H]([C@@H](O6)CO)O)O)O,C67903309,inactive
CCOc1ccc(cc1)NC(=O)N2CCN(CC2)c3c(c([nH+]c(n3)c4cccc(c4)C)C)Cc5ccccc5,C35890677,inactive
COc1ccc2c(c1Cl)C(=O)N(Cc1c(C)cc(C)[nH]c1=O)CCC2,CHEMBL3984943,active
[H]/[O+]=c\1/c(=N\C2CC2)/c(c1[O-])[NH+]3CCC(CC3)NC(=O)N4CCc5c4ccc(c5)c6ccccc6,C24976769,inactive
CCOC(=O)c1c(c(sc1NC(=O)C[NH+]2CCC[C@@H]2C(=O)NC3CC3)Cl)c4ccccc4,C12871979,inactive
COc1ccc(cc1)NC(=O)C(=O)NC[C@@H](c2ccc3c(c2)OCO3)[NH+]4CCN(CC4)c5ccccc5F,C38621109,inactive
COc1cc(cc(c1OCc2ccc[nH+]c2)Br)C[NH2+]CCc3c[nH]c4c3cccc4,C22107396,inactive
Cc1ccc2c(c1)CCCN2C(=O)c3cc(c[nH]3)S(=O)(=O)N4CCSCC4,C72040590,inactive
C[C@H](C(=O)NC(=O)NC12CC3CC(C1)CC(C3)C2)Sc4ccc(c[nH+]4)S(=O)(=O)N5CCCC5,C12522116,inactive
CCCCCOc1ccc(cc1OC)[C@@H]2C(=C(C(=O)N2c3cccc[nH+]3)O)C(=O)c4ccc5c(c4)C[C@H](O5)C,C38249415,inactive
CCN(C1CCOCC1)c1cc(cc(C(=O)NCc2c(C)cc(C)[nH]c2=O)c1C)-c1ccc(OCCCNC(=O)C[C@@H]2N=C(c3c(C)c(C)sc3-n3c(C)nnc23)c2ccc(Cl)cc2)cc1,50605633,active
c1ccc(cc1)C[NH+]2C[C@@H](C[C@H]2C(=O)NCCc3ccc4c(c3)OCO4)NCc5ccc(cc5)Cl,C32520428,inactive
COc1ccc(cc1)NC(=O)[C@H]2[C@H]3C=C[C@@]4([C@H]2C(=O)N([C@@H]4C(=O)NC5CCCCC5)Cc6cccs6)O3,C97962331,inactive
COCCN(C1CCOCC1)c1cc(cc(C(=O)NCc2c(C)cc(C)[nH]c2=O)c1C)-c1ccc(CN2CCOCC2)cc1,172136,active
CC(=O)c1ccc(cc1)N2C(=O)[C@@H]3[C@@H]([NH2+][C@]4([C@@H]3C2=O)c5ccccc5NC4=O)CC6=c7ccccc7=[NH+]C6,C63480056,inactive
COc1cc(cc(c1O)Br)/C=C/2\C(=O)NC(=S)N(C2=O)c3ccccc3F,C59135705,inactive
CN([C@H]1CC[C@@H](CC1)NC(C)=O)c1cc(cc(C(=O)NCc2c(C)cc(C)nc2=O)c1C)-c1ccc(CN2CCOCC2)nc1,514193,active
Cc1cccc(c1C)n2cc[nH+]c2SCC(=O)N[C@H](c3ccc(c(c3)F)F)C(=O)NC,C97045054,inactive
Cc1cc(c(cc1S(=O)(=O)Nc2cc(c(cc2Cc3c4cc(c(cc4cc[nH+]3)OC)OC)OC)OC)C(C)C)OC,C06038855,inactive
Cc1ccc[nH+]c1NC(=O)C2[C@H](C3C(=NC2=C)CCCC3=O)c4ccc(c(c4)COc5ccc(cc5)F)OC,C08400251,inactive
CC(=O)N1CC(C1)=C(C)c1cc(Cl)c2CCN(Cc3c(C)cc(C)[nH]c3=O)C(=O)c2c1Cl,435566,active
COc1ccc(cc1)CCOc2nc(n(n2)c3ccc(cc3)NC(=O)c4cccc(c4)[N+](=O)[O-])c5ccccc5F,C98009932,inactive
CCN(c1cc(-c2ccc(CN3CC[C@@H](O)C3)cc2)cc(C(=O)NCc2c(C)cc(C)[nH]c2=O)c1C)C1CCOCC1,CHEMBL3697461,active
Cc1ccc(cc1)c2c(sc([n+]2CC=C)Nc3c(n(n(c3=O)c4ccccc4)C)C)NC(=O)c5ccc(cc5)Cl,C97947073,inactive
CCCCOC(=O)C1[C@H](C2C(=NC1=C)C[C@@H](CC2=O)c3ccc(c(c3)OC)OC)c4cc(c(c(c4)Br)O)OCC,C06149831,inactive
C=CCN1C2=C([C@@H](NC1=O)c3cccc(c3)OCc4ccccc4)C(=O)N(C2)C5CC[NH+](CC5)Cc6ccccc6,C98020059,inactive
c1cc[nH+]c(c1)CN\2C(=O)[C@H](S/C2=N\c3ccc(cc3)F)CC(=O)Nc4cccc(c4Cl)Cl,C15913197,inactive
c1cc(ccc1c2cc(n3c(n2)c(cn3)C(=O)Nc4cc(cc(c4)Oc5ccc6c(c5)CCC6)[N+](=O)[O-])C(F)(F)F)Br,C08440585,inactive
CC(N1CCN(C)CC1)c1cc(Cl)c2CCN(Cc3c(C)cc(C)[nH]c3=O)C(=O)c2c1Cl,435696,active
CC(C)(C)c1cc(c(c(c1)/C=[NH+]/CC/N=C/c2cc(cc(c2[O-])C[NH+]3CCCCC3)C(C)(C)C)[O-])C[NH+]4CCCCC4,C60290870,inactive
CNC(=O)C[NH+]1CCN(CC1)c2c3c4c(sc3nc(n2)CSc5ccc(cc5)Cl)CCC4,C32735918,inactive
Cc1cc(c(c([nH+]1)CCc2ccccc2)[O-])CSc3[nH]c4ccccc4[nH+]3,C68572797,inactive
CCNc1ccn(c(=O)n1)[C@H]2C[C@@H]([C@H](O2)COC(c3ccccc3)(c4ccc(cc4)OC)c5ccc(cc5)OC)O,C77273570,inactive
CCOCCn\1c2ccc(cc2s/c1=N\C(=O)CCCS(=O)(=O)c3ccc(cc3)OC)NC(=O)C,C12630597,inactive
COC(=O)c1c(c2cc(ccc2[nH]1)Cl)NC(=O)CC[NH+]3CCN(CC3)c4cccc(c4)C(F)(F)F,C09375461,inactive
COc1ccc(cc1)[C@H]2C(=c3ccccc3=[NH+]2)SCCNC(=O)[C@H]4c5ccccc5O[C@@H]6[C@@H]4C=CC=C6,C63654903,inactive
COC(=O)c1ccc(cc1)/C=C\2/C(=O)N(C(=S)S2)NC(=O)c3cccc(c3)O,C01834674,inactive
c1ccc(cc1)Cn2c(c3c(nc(nc3n2)N4CC[NH+](CC4)Cc5ccccc5)c6cccc(c6)Cl)N,C37359587,inactive
c1cc(cc(c1)F)c2nc(on2)c3cn(c[nH+]3)Cc4ccc(cc4)NC(=O)Nc5ccc(c(c5)Cl)F,C64859914,inactive
CCOC(=O)[C@H](C)N[PH+](c1ccc(o1)c2c(sc(n2)N)CC(C)C)N[C@@H](C)C(=O)OCC,C79045526,inactive
Cc1ccc(cc1)S(=O)(=O)N(Cc2ccccc2)c3ccccc3C(=O)Nc4cccc(c4)N(C)S(=O)(=O)C,C00628676,inactive
CCN(C1CCOCC1)c1cc(cc(C(=O)NCc2c(C)c(F)c(C)[nH]c2=O)c1C)-c1ccc(CN2CCOCC2)cc1,172171,active
CN1c2ccccc2[C@@]3(C1=O)C(=C(C(=O)N3CC[NH+](C)C)O)C(=O)c4cccc(c4)S(=O)(=O)N5CCCCC5,C98046771,inactive
COc1cccc(c1O)/C=[NH+]/C(=N/S(=O)(=O)c2ccc(cc2)/N=C/c3cccc(c3O)OC)/N,C08648184,inactive
C[NH+](CCc1ccccc1)CCNC(=O)CN2c3ccccc3S/C(=C\c4ccc(cc4)Cl)/C2=O,C20726427,inactive
CC(=O)Nc1ccc(cc1)S(=O)(=O)/N=C\2/[C@@H]([NH+]=c3ccccc3=[NH+]2)Nc4ccc(cc4)SC#N,C39984121,inactive
CC1([C@@H](C[C@@H]1[NH+](Cc2ccc(o2)CO)Cc3c(cco3)CO)Cc4cc(on4)C[NH+]5CCOCC5)C,C72320750,inactive
[H]/N=C\1/C(=C/c2cn(c3c2cccc3)CCCOc4cc(ccc4C)C)/C(=O)N=C5N1N=C(S5)SCc6ccccc6,C97964349,inactive
C[NH+](C)CCCN(c1nc2ccc(cc2s1)Br)C(=O)c3ccc(cc3)S(=O)(=O)N4CCCCCC4,C38139160,inactive
c1ccc2c(c1)ccc(c2/C=[NH+]/Nc3c4c5c(sc4ncn3)CCCC5)O,C04754286,inactive
c1ccc(cc1)C(=O)Nc2ccc(c(c2)C(F)(F)F)NC(=O)NCCn3cc[nH+]c3,C40121102,inactive
CC(C)n1ncc2c(cc(nc12)-c1ccc(CN2CCN(C)CC2)cc1)C(=O)NCc1c(C)cc(C)[nH]c1=O,325812,active
C[NH+](C)CCOc1ccc(cc1)c2[nH]c(c([nH+]2)c3ccc\4c(c3)CC/C4=N\OC)c5ccncc5,C91302000,inactive
c1ccnc(c1)C(=O)Nc2nc3c(s2)C[NH+](CC3)CC(=O)Nc4ccc(cc4)Br,C77145285,inactive
C[C@H](c1cc(cc(c1)C(F)(F)F)C(F)(F)F)O[C@@H]2[C@@H](N(CCO2)Cc3c(nn[nH]3)C[NH+](C)C)c4ccc(cc4)F,C27440858,inactive
c1ccc(cc1)/N=N/c2ccc(cc2)NC(=S)N[C@@H](C(Cl)(Cl)Cl)NC(=O)c3cccc(c3)[N+](=O)[O-],C06142576,inactive
CCc1nn(C(C)C)c2nc(cc(C(=O)NCc3c(C)cc(C)[nH]c3=O)c12)C1=CC(C)(C)NC(C)(C)C1,325932,active
C[C@H](C(=O)NC1=c2ccccc2=[NH+][C@@H]1C(=O)OC)[NH+]3CCN(CC3)c4cccc(c4)C(F)(F)F,C38604291,inactive
CCN(c1cc(-c2ccc(CN3CCOCC3)cc2)cc(C(=O)NCc2c(C)c(F)c(C)[nH]c2=O)c1C)C1CCOCC1,CHEMBL3701038,active
C[NH+](C)[C@@H](CNC(=O)c1ccc(cc1)S(=O)(=O)Nc2ccccc2F)c3ccc(cc3)OC,C13009017,inactive
COc1cc(cc(c1OCC(=O)N)Cl)C(=O)NCCSc2c(cc(cn2)C(F)(F)F)Cl,C14527936,inactive
CCCN1CC=C2[C@@H](C1)[C@H](C(C(=C2C#N)N)(C#N)C#N)c3ccc(c(c3)OCC)OCC[NH+]4CCOCC4,C43766806,inactive
Cn1c2c(c(=O)[nH]c1=O)n(c(n2)N/N=C/3\c4ccccc4NC3=O)C[C@@H](COc5ccc(cc5)Br)O,C97957775,inactive
COc1ccc(cc1OC)CCNC(=O)Nc2c([nH+]n(c2N)Cc3ccccc3)c4ccc(cc4)Cl,C34785433,inactive
c1ccc(cc1)/C=C\2/C(=O)N(c3ccccc3S2)CC(=O)NCCC[NH+]4CCN(CC4)c5ccccc5F,C20726651,inactive
CC(C)n1ncc2c(cc(nc12)-c1ccc(cc1)C#N)C(=O)NCc1c(C)cc(C)nc1=O,325851,active
CCOc1ccc(cc1)NCc2nnc(n2c3ccc(cc3)C)SCC(=O)Nc4cc(ccc4C)Cl,C06089990,inactive
CC(C)NC(=O)Cn1c(c[nH+]c1SCC(=O)Nc2cc(ccc2OC)Cl)CO,C09827462,inactive
CS(=O)(=O)C1=[NH+]SC2=NC(=O)/C(=C\c3ccc(cc3)OCc4ccc(cc4Cl)Cl)/C(=[NH2+])N12,C20205810,inactive
C[NH+]1CCN(CC1)Cc2c(ccc3c2O/C(=C\c4ccccc4)/C3=O)[O-],C22575493,inactive
c1cc(cc(c1)Br)[C@H]2C(=C(C(=O)N2CC[NH+]3CCCCC3)O)C(=O)c4ccc5c(c4)OCO5,C41544856,inactive
CC1(OCCO1)CC(=O)N/N=C\c2cc(c(c(c2)I)O)OC,C96481741,inactive
CC(=O)N1CCc2c1ccc(c2)NC(=O)CSc3[nH]cc([nH+]3)c4ccc(cc4)Br,C22265314,inactive
C=CCc1ccccc1OCCn2c3ccccc3[nH+]c2CCCCCNC(=O)Cc4ccccc4Cl,C40221462,inactive
CCN(C(=O)C1CC1)c1cc(-c2ccc(CN3CCOCC3)cc2)cc(C(=O)NCc2c(C)cc(C)[nH]c2=O)c1C,CHEMBL4856680,active
CC[NH+](CC)CCOC(=O)c1ccc(cc1)NC(=O)CCN2C(=O)/C(=C\c3ccc(cc3)Cl)/SC2=O,C97961285,inactive
Cc1c2c(n(n1)c3ccccc3)[NH+]=C4C(=Nc5ccccc5N4[C@@H]2c6ccccc6OC)Nc7cccc(c7)OC,C02319949,inactive
CCCC[NH+](CCCC)CCCN1CC(=O)N2[C@H](C1=O)Cc3c4ccccc4[nH]c3[C@H]2c5ccccc5OC,C02120959,inactive
CCN(c1cc(Br)cc(C(=O)NCc2c(C)cc(C)[nH]c2=O)c1C)C1CCOCC1,CHEMBL3770000,active
C[C@H](C(=O)Nc1ccc(cc1)S(=O)(=O)N)OC(=O)COc2cccc(c2)Br,C20893518,inactive
c1ccc(c(c1)OCCOc2ccc(cc2)/C=C/3\C(=O)NC(=O)N(C3=O)c4ccc(cc4)Br)Cl,C97958839,inactive
c1ccc(cc1)CCN(CCC(=O)Nc2ccc(cc2)F)c3c4ccccc4nc([nH+]3)c5ccccc5Cl,C36008148,inactive
CS(=O)(=O)c1ccc(cc1)NC(=O)[C@@H](CC2=c3ccccc3=[NH+]C2)NC(=O)c4cccs4,C64737241,inactive
C[C@@H]1CCC[C@@H]([C@@H]1C)NC(=O)[C@@H]2[C@@]34C=C[C@@H](O3)[C@@H]([C@@H]4C(=O)N2C5CC5)C(=O)Nc6ccc(cc6)Cl,C04127928,inactive
c1ccc2cc(ccc2c1)OC[C@@H](C[NH+]3CCN(CC3)C[C@@H](COc4cccc5c4cccc5)O)O,C22289089,inactive
CCc1ccc(cc1)[n+]2c(c3c([nH]nc3nc2SCC(=O)Nc4ccccc4OCC)C)N,C33671983,inactive
c1ccc(c(c1)Cn2cccc2/C=C\3/C(=O)NC(=O)N(C3=O)c4ccc(cc4)F)F,C02222842,inactive
CCOC(=O)c1c(c(c([nH]1)C)/C(=C/2\[C@H](N(C(=O)C2=O)CCC[NH+](C)C)c3cccc(c3OC)OC)/O)C,C09271348,inactive
COc1ccc(cc1)C(c2ccccc2)(c3ccc(cc3)OC)OC[C@@H]4[C@@H](C[C@@H](O4)n5ccc(nc5=O)N)O,C59601420,inactive
CC(C)[C@@H](c1ccc(cc1)OC)NCC(=O)NCCNC(=O)CN[C@@H](c2ccc(cc2)OC)C(C)C,C95939045,inactive
CC(c1ccccc1)n1c(C)c(C(=O)NCc2c(C)cc(C)[nH]c2=O)c2ccccc12,50110367,active
COc1ccc(cc1)N2C(=O)[C@@H]3[C@H]([NH2+][C@]4([C@@H]3C2=O)c5cc(ccc5NC4=O)F)Cc6c[nH]c7c6cccc7,C16021703,inactive
Cc1ccc(cc1)S(=O)(=O)CNC(=O)[C@@H](c2ccccc2O)N(Cc3ccc(o3)C)C(=O)CCl,C36599990,inactive
c1cc(sc1)S(=O)(=O)N[C@@H]2C=C(C[C@H]([C@@H]2O)O)C(=O)NCC(=O)N,C04221776,inactive
C[C@@H]1CN(CCCO1)S(=O)(=O)c2ccc(c(c2Cl)CO)Cl,C88899125,inactive
CC(C)Cc1cc(nc(n1)N)C(=O)N2CCC3=c4ccccc4=[NH+][C@H]3[C@@H]2c5ccccc5F,C64015257,inactive
c1ccc(c(c1)C(=O)NC(=S)Nc2ccc(c(c2)c3nc4c(o3)ccc[nH+]4)Cl)Cl,C09355052,inactive
c1cc(c(cc1Cl)Cl)N/C=C/C(=O)C2=NO[C@@H](C2)CNc3c(cc(c[nH+]3)C(F)(F)F)Cl,C08855299,inactive
Cc1ccc(cc1S(=O)(=O)Nc2ccc(cc2)Br)NC(=O)[C@@H](C(C)C)NC(=O)C,C15895816,inactive
CC(=O)Oc1c(cc(cc1OC)/C=N/NC(=O)CSc2[nH+]c3ccccc3n2Cc4ccccc4Cl)OC,C05402967,inactive
c1ccc(c(c1)CSc2ccccc2NC(=O)CSc3nnc(s3)NN)Cl,C59048522,inactive
c1ccc(cc1)COc2ccccc2C3=C([C@]4(c5ccccc5NC4=O)ON3)C(=O)c6cccs6,C43732461,inactive
CCOc1cc(ccc1O)[C@H]2C(=C(C(=O)N2CC[NH+](C)C)[O-])C(=O)c3ccc(cc3)OCc4ccccc4C,C35445422,inactive
Cc1cccc(c1NC(=O)CSc2[nH]nc(n2)c3cc(ccc3Cl)Cl)C,C32957645,inactive
CCOc1ccc(cc1-c1cc(C(=O)NCc2c(C)cc(C)[nH]c2=O)c2cnn(C3CCCC3)c2c1)S(=O)(=O)N1CCN(CC)CC1,326081,active
Cc1ccccc1[NH+]2CCN(CC2)CC(=O)Nc3ccc(cc3)S(=O)(=O)/N=C/4\CCCCCN4,C13041086,inactive
COc1cc(ccc1OC(=O)/C=C/c2ccccc2)/C=N/NC(=O)C(=O)Nc3c(c4c(s3)CCCC4)C#N,C02521134,inactive
c1cc(ccc1[C@@H]2CC(=O)NC(=C2C#N)SCC(=O)Nc3ccc(cc3)Cl)F,C02311188,inactive
CCc1ccc(cc1)S(=O)(=O)N2CC[NH+](CC2)[C@H](C)c3nc4ccccc4c(n3)Nc5ccccc5OC,C22052881,inactive
CCOC(=O)N1CCc2c(sc3c2C(=[NH+][C@H](N3)c4ccc(c(c4)OC)OCc5ccccc5)O)C1,C08921407,inactive
COc1ccc(cc1)n2c(nnc2SCC(=O)Nc3ccccc3OC)c4ccc(cc4)Br,C00917763,inactive
CCN\1c2cc(ccc2S/C1=C/3\C(=O)N(/C(=[NH+]\c4ccc(cc4)OC)/S3)c5ccc(cc5)O)OC,C34258209,inactive
c1ccc2c(c1)[C@@H]([C@H](N(C2=O)C3CCCC3)c4cccs4)C(=O)NCCCN5CCN(CC5)c6ccc(cc6)F,C33355696,inactive
CCCOc1ccc(cc1OC)[C@H]2CN3C(=O)CN(C(=O)[C@@]3(c4c2c5ccccc5[nH]4)C)CCc6cccc(c6)F,C70701032,inactive
C[C@@H](c1nc2cc(ccc2c(=O)n1C)Cl)N(CCCCCC[NH3+])C(=O)c3ccc(c(c3)Cl)Cl,C33537969,inactive
CCOC(=O)C1=C(OC(=C([C@@H]1c2ccc(c(c2)OC)OC)C#N)N)SCc3c(c(cc([nH+]3)C)C)C#N,C09086421,inactive
CCOC(=O)N1CCc2c(sc(c2C(=O)N)NC(=O)c3c([nH+]c4n3cccc4)C)C1,C38805768,inactive
CC(=O)Nc1c2cc(c[nH+]c2n(c1C(=O)OC)CCc3ccc(cc3)OC)NCc4ccc(cc4)F,C14742052,inactive
CCOC(=O)c1c2c(sc1NC(=O)CSc3nc4c(c5cc(ccc5[nH]4)F)nn3)CCCC2,C12487782,inactive
CCOc1ccccc1NC(=O)CSc2nnc(n2c3cccc(c3)C(F)(F)F)Cn4c5ccccc5sc4=O,C11758379,inactive
C=CCN1c2ccccc2[C@]3(C1=O)C(=C(N(C4=C3C(=O)CCC4)c5cccc(c5)F)N)C#N,C13567618,inactive
C[NH+]1CCc2c(cc(c(n2)SCC3=C([C@H](C(=C(O3)N)C#N)c4ccc(cc4)F)C(=O)OC)C#N)C1,C08451219,inactive
COc1ccc(cc1)NC(=O)CSc2[nH+]c3ccccc3n2CC(=O)Nc4ccc(cc4F)Cl,C33050665,inactive
COc1ccc2cc([nH]c2c1)C(=O)N3CCC(CC3)CC(=O)NCCC[NH+]4CCc5ccccc5C4,C35562000,inactive
CN(C)c1ccc(cc1Br)/C=N/NC(=O)CN(c2ccc(cc2)Cl)S(=O)(=O)c3ccc(cc3)OC,C06038843,inactive
Cc1ccc2c(c1)[C@@]3([C@H]4[C@@H]([C@H](N3)CC5=c6ccccc6=[NH+]C5)C(=O)N(C4=O)c7ccc(cc7)OC)C(=O)N2,C63375963,inactive
COc1cc(ccc1OC(=O)c2cccs2)[C@@H]3c4c(n[nH]c4OC(=C3C#N)[NH3+])c5cc(c(c(c5)OC)OC)OC,C33353574,inactive
CCN(C1CCC(CC1)N1CC(C1)OC)c1c(CC)c(cc2n(C)ncc12)C(=O)OC,516873,active
C[C@@H]1CCC[C@@H]([C@@H]1C)/[NH+]=C(/c2c[nH]c3ccc(cc3c2=O)S(=O)(=O)Nc4ccccc4F)\O,C09833847,inactive
COc1cccc(c1)CC[NH2+][C@H]2CC(=O)N(C2=O)c3ccc(cc3)N4C(=O)C[C@@H](C4=O)NCCc5cccc(c5)OC,C18203546,inactive
Cc1ccc(cc1)C2=NN([C@@H](C2)c3ccc(cc3)Cl)C(=[NH2+])S[C@@H]4CC(=O)N(C4=O)c5ccc(c(c5)Cl)Cl,C08440320,inactive
C[C@@H](c1ccc(cc1)Cl)NC(=O)Nc2ccc(cc2)C(=O)N3CCCCCC3,C59357015,inactive
CC[C@H]1CCCC[NH+]1CCCNC(=O)Cn2cnc3c(c2=O)c(c(s3)C)S(=O)(=O)N4C[C@@H](C[C@@H](C4)C)C,C38147248,inactive
c1cc(ccc1C(=O)Oc2ccc(c(c2)OC(=O)c3ccc(cc3)Cl)/C=N/NC(=O)C(=O)Nc4ccc(cc4)Cl)Cl,C04354782,inactive
CC(C)(C)OC(=O)N[C@@H](CC1=c2ccccc2=[NH+]C1)[C@H]3N=N[C@H](O3)SCc4ccc(cc4Cl)Cl,C63425581,inactive
c1ccc2c(c1)c(=O)n(c(n2)SCc3[nH+]c(c4c5c(sc4n3)CCCCC5)N)C[C@@H]6CCCO6,C10532932,inactive
[H]/N=C/1\C(=C/c2ccc(c(c2)OC)OCc3ccccc3Cl)\C(=O)N=C4N1C(=NS4)S(=O)(=O)CC,C96460354,inactive
c1ccc(cc1)C(=O)C2=C(C(=O)N([C@@H]2c3cccc(c3)O)c4nc5ccc(cc5s4)F)O,C33555370,inactive
Cc1cc(c(n1c2cc(ccc2OC)OC)C)/C=c/3\c(=[NH2+])n-4[nH]/c(=C/C(=O)N5CCCC5)/sc4nc3=O,C49672421,inactive
CSc1cc(C)[nH]c(=O)c1CNC(=O)c1c(C)n([C@H](C)[C@H]2CCC(CC2)OC2COC2)c2ccccc12,575014,active
C[NH+](C)[C@H](CNC(=O)CSc1nnc(s1)Nc2ccc(cc2)OC(F)(F)F)c3ccccc3,C09672621,inactive
Cc1c2c(c(c[nH+]1)CO)Cc3c(nc(nc3SCC(=O)Nc4ccc(cc4)Cl)c5cccc(c5)OC)O2,C97986948,inactive
CSc1ccc(cc1)C[C@@]2(CCC(=O)N2)CCC(=O)N[C@H](c3ccc[nH+]c3)C(F)(F)F,C15000598,inactive
c1ccc2c(c1)cc(c(=O)o2)C(=O)N3CCC(=CC3)c4ccc(cc4)O,C57940045,inactive
c1ccc(c(c1)OCC(=O)Nn2c(=O)c3c(ccs3)nc2SCc4ccc(cc4)[N+](=O)[O-])Br,C02932294,inactive
c1ccc(cc1)c2[nH]c(c([nH+]2)S(=O)(=O)c3ccccc3)SCC(=O)NCCC4=CCCCC4,C12112468,inactive
c1cc(ccc1OC(C(=O)NNC(=O)c2cc3cc(ccc3oc2=O)Br)Oc4ccc(cc4)Cl)Cl,C02092471,inactive
CCOc1cc(ccc1OC(=O)c2ccco2)/C=C\3/C(=[NH2+])N4C(=[NH+]SC4=NC3=O)SCC(C)C,C20154866,inactive
C[C@H](C(=O)c1ccc(cc1)NS(=O)(=O)C)S[C@H]2NN=C(N2C3CC3)C4=c5ccccc5=[NH+]C4,C39942414,inactive
C[C@@H](c1[nH+]c2ccccc2n1CCOc3ccc(cc3OC)CC=C)NC(=O)Cc4ccc(c(c4)OC)OC,C40195065,inactive
Cc1c(sc(n1)NC(=O)c2c(n(nn2)c3ccc(cc3)F)C)Cc4ccc(cc4)S(=O)(=O)N,C36640032,inactive
c1cc(c(cc1Cl)Cl)[C@@H](OC(=O)N[C@H](C(Cl)(Cl)Cl)O)P(=O)(OCCCl)OCCCl,C08386634,inactive
CCN([C@H]1CC[C@@H](CC1)N(C)C)c1cc(cc(C(=O)NCc2c(C)cc(C)[nH]c2=O)c1C)-c1ccc(nc1)N1CCC(O)CC1,601734,active
COc1c(ccc(c1Cl)Cl)S(=O)(=O)NCC[NH+]2CCN(CC2)S(=O)(=O)c3ccc(c(c3OC)Cl)Cl,C59722852,inactive
Cc1cc(ccc1/C(=C/2\[C@H](N(C(=O)C2=O)Cc3ccc[nH+]c3)c4ccc(c(c4)Cl)Cl)/O)OCC(C)C,C09019550,inactive
CCCCOc1ccc(cc1Cl)c2c(cn(n2)c3ccccc3)/C=C(\C#N)/C(=O)NCCCn4cc[nH+]c4,C09461549,inactive
Cc1cc(C)c(CNC(=O)c2cc3c(OCC33CCCC3)c(Br)c2)c(=O)[nH]1,359822,active
C[C@@]1(C(=O)N(C(=O)N1)CC(=O)Nc2cccc(c2)C(F)(F)F)c3ccc4c(c3)CCC4,C14157938,inactive
Cc1cc(C)c(CNC(=O)c2cc(-c3ccc(CN4CCOCC4)cc3)cc(N(C)C3CCCCC3)c2C)c(=O)[nH]1,CHEMBL3697410,active
c1cc(cc(c1)N/N=C/c2ccc(cc2)n3cc[nH+]c3)C(=O)N/N=C/c4ccc(cc4)n5cc[nH+]c5,C19631571,inactive
Cc1ccc(cc1N2CCN(CC2)/C(=N/S(=O)(=O)c3ccc4ccccc4c3)/N)Cl,C20857257,inactive
CC\1=NN(C(=O)/C1=C\Nc2ccc(cc2)S(=O)(=O)Nc3c(nccn3)OC)c4ccc(cc4)C56CC7CC(C5)CC(C7)C6,C33353692,inactive
c1ccc(cc1)NC(=O)C[NH+]2CCC(CC2)NC(=O)c3c4c(n(n3)c5ccc(cc5)F)CCCCC4,C11526798,inactive
CCOC(=O)C1=C(N(C(=O)N[C@H]1c2ccccc2OC)C)C[NH+]3CCN([C@@H](C3)C)C(=O)c4cccc(c4)F,C35991909,inactive
COc1ccc(cc1F)c2csc([n+]2CCc3ccc(cc3)S(=O)(=O)N)Nc4ccc(cc4)OC(F)(F)Cl,C97966139,inactive
C[C@H]1CCc2c(sc3c2c(=O)n(c(n3)SCc4[nH+]c(c5ccccc5n4)N)C[C@H]6CCCO6)C1,C18327946,inactive
COc1ccccc1NC(=O)C2CC[NH+](CC2)CC(=O)N[C@@H](c3ccc(cc3)F)c4cccs4,C29906581,inactive
CCOC(=O)C1=C(OC(=C([C@@H]1c2ccc(cc2F)C)C#N)N)CSc3c(c(cc([nH+]3)C)Br)C#N,C00668099,inactive
CCC1=C[C@H]2C[C@@](c3c(c4ccccc4[nH]3)C[NH+](C2)C1)(c5cc6c(cc5OC)N([C@@H]7[C@]68CCN9[C@H]8[C@@](C=CC9)([C@H]([C@@]7(C(=O)OC)O)O)CC)C)C(=O)OC,C48307365,inactive
c1cc(cnc1)c2nnc(n2c3ccc(cc3)Cl)SCC(=O)Nc4ccc(cc4)S(=O)(=O)/N=c/5\[nH]ccs5,C97958457,inactive
c1cc(ccc1C(=O)NCC[NH+]2CCCCC2)NC(=O)c3nnc(s3)COc4ccc(cc4)F,C33032301,inactive
CCOC(=O)c1c(oc2c1c(c(c3c2cccc3)O)[C@H](c4cccc[nH+]4)[NH+]5CCN(CC5)C(=O)OCC)C,C33592164,inactive
c1cc2cccc3c2c(c1)C(=O)N(C3=O)CCSc4[nH+]c(c5c6c(sc5n4)CCCC6)N,C16755273,inactive
Cc1ccc2c(c1)sc(n2)NC(=O)CSc3[nH+]c(cn3Cc4ccc(cc4)Cl)CO,C36713988,inactive
c1ccc(c(c1)[C@@H]2CC3=C([C@@H](N4C(=N3)[NH+]=CN4)c5ccccc5Cl)C(=O)C2)O,C17029151,inactive
CN1CCN(CC1)c1ccc(cn1)-c1cc(C(=O)NCc2c(C)cc(C)[nH]c2=O)c2ccn(c2c1)S(=O)(=O)C1(CC=C)CC1,464571,active
Cc1ccc(n1C)C(=O)Nc2ccc(c(c2)Cl)N3CCCC3=O,C22437926,inactive
Cc1cc[nH+]c(c1)NC(=O)CCC(=O)N(CC(=O)NCCc2ccccc2)c3cc(cc(c3)C)C,C08995204,inactive
CCOC(=O)[C@]1([C@@H]2[C@@H]([C@@H]([NH2+]1)c3ccc(cc3)O)C(=O)N(C2=O)c4ccccc4)Cc5ccc(cc5)O,C12497176,inactive
Cc1ccc(cc1)S(=O)(=O)N[C@H](Cc2ccccc2)C(=O)N[C@@H](CC3=c4ccccc4=[NH+]C3)C(=O)OC,C63761413,inactive
c1ccc(cc1)c2cc([nH+]c3c2cccc3)Nc4cccc(c4)S(=O)(=O)/N=C\5/CCCN5,C34889489,inactive
Cc1ccc(cc1)NC(=O)CSc2[nH+]cc(n2c3cccc(c3)C(F)(F)F)c4cccc(c4)[N+](=O)[O-],C44087823,inactive
CC(C)n1ncc2c(cc(nc12)C1=CCN(CC1)C(=O)C1CCCN(C)C1)C(=O)NCc1c(C)cc(C)[nH]c1=O,325938,active
CN([C@@H]1CC[C@@H](CC1)NC(C)=O)c1cc(cc(C(=O)NCc2c(C)cc(C)[nH]c2=O)c1C)-c1cnn(C)c1,172018,active
c1ccc2=[NH+]CC(=c2c1)CCNC(=O)c3ccc4c(c3)S[C@H](N4)NS(=O)(=O)c5ccc(cc5)F,C63279879,inactive
c1ccc(cc1)C(=O)N/C(=C\[P+](c2ccccc2)(c3ccccc3)c4ccccc4)/C(=O)Nc5ccccc5,C98229545,inactive
c1ccc(cc1)Cn2c(nnn2)SCC(=O)Nc3ccc4c(c3)sc(n4)SCC(=O)Nc5ccccc5,C02186185,inactive
Cc1ccccc1Nc2nc(nc(n2)N)C[NH+](C)Cc3c(nn(c3C)[C@@H]4CCS(=O)(=O)C4)C,C24829991,inactive
CN(C[C@H]([C@H]([C@H]([C@H](CO)O)O)O)O)c1ccnc2n1ncn2,C15777868,inactive
CCCCOc1ccc(cc1OCC)[C@H]2C(=C(C(=O)N2c3nnc(s3)SCc4ccc(cc4)Cl)O)C(=O)c5ccc6c(c5)C[C@H](O6)C,C97967542,inactive
CC/[NH+]=C(/Nc1ccc2c(c1)OCO2)\S[C@@H]3CC(=O)N(C3=O)c4ccc(cc4)I,C08425070,inactive
CC(C)CC[C@]1(C(=O)N(C(=O)N1)CC[NH+](C)C)C2CC[NH+](CC2)Cc3ccccc3C(F)(F)F,C14978104,inactive
Cc1ccc(cc1)C(=O)N2CCN(CC2)c3ccc(cc3)NC(=O)CSc4nnc(o4)c5ccncc5,C59212073,inactive
CC(=O)O[C@@H]1[C@@H]([C@@H](O[C@@H]([C@@H]1O)O[C@@H](/C=N\C23CC4CC(C2)CC(C4)C3)[C@@H](CO)O[C@@H](/C=N/C56CC7CC(C5)CC(C7)C6)O)CO)O,C70670086,inactive
CC(C)COc1ccc(cc1)C(=O)C2=C(C(=O)N([C@H]2c3cccc(c3)Oc4ccccc4)CCC[NH+](C)C)O,C39827047,inactive
CC(C)(C)[NH2+]c1c([nH+]c2n1nc(s2)N3CCN(CC3)C(=O)c4cccc(c4)F)c5cccc(c5)F,C64450840,inactive
CCN(C(=O)C1CC1)c1cc(-c2ccc(NC(=O)c3cccs3)cc2)cc(C(=O)NCc2c(C)cc(C)[nH]c2=O)c1C,CHEMBL4875650,active
CSc1cc(C)[nH]c(=O)c1CNC(=O)c1c(C)n([C@H](C)[C@H]2OCC(CO2)NC2(C)COC2)c2ccccc12,574842,active
COc1cc(cc(c1)OC)N/C(=N/C(=O)c2ccc(cc2)Cl)/NCCC3=c4ccccc4=[NH+]C3,C63589416,inactive
CN(C)c1ccc(cc1)N2C(=[NH+]c3ccc(cc3)OC)/C(=N\c4ccc(cc4)OC)/N(C2=S)c5ccc(cc5)OC,C17919212,inactive
Cc1ccc(c(c1)NC(=O)CNC(=O)C[NH+](Cc2ccc(cc2)OC)[C@@H](C)Cc3cccs3)OC,C14713143,inactive
Cc1c(noc1NS(=O)(=O)c2ccc(cc2Br)F)C,C88246006,inactive
CCN(c1cc(-c2ccc(CN3CCN(C)CC3)cc2)cc(C(=O)NCc2c3c(c(C)[nH]c2=O)CCCC3)c1C)C1CCOCC1,CHEMBL4637350,active
Cc1cccc(c1)C(c2cccc(c2)C)(C(=O)NN(c3ccccc3)C(=O)c4ccc(o4)Br)O,C01067890,inactive
c1cc(cc(c1)[N+](=O)[O-])c2ccc(o2)C(=O)NC(=S)Nc3ccc(cc3)N4CCN(CC4)C(=O)c5ccc(cc5)Cl,C59612571,inactive
CCN(C1CCN(CC1)C(=O)OCc1ccccc1)c1c(C)c(cc2n(C)ncc12)C(=O)OC,516874,active
CCCCOc1ccc(cc1)N2C(=O)C[C@@H](C2=O)S/C(=[NH+]/N=C(\C)/c3ccc(cc3)Cl)/N,C59491253,inactive
CN(C)CCN(Cc1c(noc1N2CCc3ccccc3C2)c4ccccc4)C(=S)Nc5ccc(cc5)F,C36249074,inactive
C[C@]1(CCS(=O)(=O)C1)NS(=O)(=O)c2ccc3c(c2)CCCC3,C07304341,inactive
C[NH+]1CCc2cc3c(c(c2[C@H]1c4c(=O)[nH]c(=O)n(c4[O-])c5cccc(c5)C(F)(F)F)OC)OCO3,C20113164,inactive
Cc1ccc([nH+]c1)n2c(=O)c3ccccc3[nH+]c2SCC(=O)N[C@@H](C)c4ccc(cc4)CC(C)C,C49656696,inactive
COCC[NH+]1CCN(CC1)c2nc(c3c(n(nc3n2)c4ccc(cc4)F)N)c5ccccc5Cl,C35929750,inactive
c1ccc2c(c1)C=C[NH+]3[C@H]2[C@]4(c5ccccc5NC4=O)[C@@H]([C@H]3C(=O)c6ccco6)C(=O)c7ccc(cc7)Cl,C16007121,inactive
CC(C)n1ncc2c(cc(OC3CCN(C)CC3)nc12)C(=O)NCc1c(C)cc(C)[nH]c1=O,325912,active
Cn1c(nnc1SCC(=O)Nc2ccc(cc2)Cl)CSCc3nc(cs3)c4ccc(cc4)Cl,C02142325,inactive
CC(C)n1ncc2c(C(=O)NCc3c(C)cc(C)[nH]c3=O)c(Cl)c(cc12)-c1ccc2OCCOc2c1,325853,active
C[C@@H]1C[C@@H](CN(C1)S(=O)(=O)c2ccc(cc2)NC(=O)CCN3C(=O)C4(CCCC4)NC3=O)C,C14077910,inactive
CCOc1cc(ccc1C(=O)OCC)CC(=O)N[C@@H](CC(C)C)c2ccccc2[NH+]3CCC[C@@H](C3)OCOC,C65742924,inactive
CC(=O)Oc1c(cc(cc1Br)[C@H]2c3c(n[nH]c3OC(=C2C#N)[NH3+])C(C)(C)C)OC,C16286503,inactive
CCN(C(=O)C1CC1)c1cc(cc(C(=O)NCc2c(C)cc(C)[nH]c2=O)c1C)-c1ccc(N)cc1,50575212,active
Cc1ccc(c(c1)C)OCC(=O)NC(=S)Nc2ccc(c[nH+]2)I,C16285007,inactive
CCc1ccc(cc1)NC2=Nc3ccccc3N4C2=[NH+]c5c(c(nn5c6ccccc6)C)[C@@H]4c7cc(c(c(c7)OC)OC)OC,C01858858,inactive
CCOC(=O)C1=C(OC(=C([C@H]1c2ccncc2)C#N)N)CSc3c(cc4c([nH+]3)CC[NH+](C4)C)C#N,C08451186,inactive
c1[nH]nc(n1)/N=C(/[C@](C(F)(F)F)(OC([C@](C(F)(F)F)(OC(C(C(F)(F)F)(F)F)(F)F)F)(F)F)F)\O,C68574614,inactive
Cc1ccc(c(c1)NC(=O)[C@H](c2ccccc2)Sc3ccc(c[nH+]3)S(=O)(=O)N4CCCC4)C,C09753027,inactive
C[C@H]([C@@H]1c2cc(c(cc2CC[NH+]1Cc3ccccc3F)OC)OC)NS(=O)(=O)c4ccc(cc4)Cl,C36043333,inactive
CCOC(=O)c1c2c(sc1NC(=O)c3ccc(cc3)S(=O)(=O)N4CCCC[C@H]4C)C[NH+](CC2)C(C)C,C09391465,inactive
CCC[NH+](C[C@@H](COC(C)C)O)CC(=O)N1CCc2c(ccs2)[C@@H]1COc3ccc(cc3)C(C)C,C36309233,inactive
Cc1cccn2c1nc(c(c2=O)/C=C\3/C(=O)N(C(=S)S3)CCc4ccccc4)N5CC[NH+](CC5)CCO,C98215692,inactive
c1cc(ccc1NC(=O)CSc2c(c(sn2)SCC(=O)Nc3ccc(cc3)Br)C#N)Br,C01858125,inactive
C/C=C(\C)/[C@@H]([C@@H](C)/C=C(\C)/C=C/C/C(=C/Cc1c(c(c(c([nH+]1)OC)OC)O[C@H]2[C@@H]([C@@H]([C@H]([C@@H](O2)C)O)O)O)C)/C)O,C77257365,inactive
c1ccc2c(c1)C(=NS2(=O)=O)Nc3ccc(cc3)OC(=O)c4ccc(cc4)S(=O)(=O)N5CCCCC5,C98048241,inactive
Cc1cc(c(s1)C)c2c3c([nH]n2)OC(=C([C@H]3c4ccc(c(c4)OC)OCc5ccc(cc5)F)C#N)[NH3+],C08410803,inactive
CCN(C1CCOCC1)c1cc(cc(C(=O)NCc2c(C)cc(C)[nH]c2=O)c1C)C#CC1CCN(CC)CC1,601743,active
Cc1ccc2=[NH+]C(=O)[C@H](C(=c2c1)c3ccccc3)C4=NN([C@H](C4)c5ccc(cc5)[NH+](C)C)C(=O)C,C63991199,inactive
Cc1ccc(cc1S(=O)(=O)NC)NC(=O)CNC(=O)CN,C37628973,inactive
c1ccc(cc1)c2c[nH+]c(n2CC(=O)Nc3ccccc3C(F)(F)F)SCC(=O)Nc4ccc(cc4)Cl,C00920504,inactive
CC(C)c1c(c(n(n1)c2ccc(cc2)OC)O)C3=C(C(=O)N(C3=O)Cc4ccccc4)N5CC[NH+](CC5)C,C35960888,inactive
CC[NH+](CC)CCN1[C@H](C(=C(C1=O)O)C(=O)c2ccc3c(c2)C[C@@H](O3)C)c4ccc(c(c4)OCC)OCc5ccccc5,C97970403,inactive
CSc1cc(C)[nH]c(=O)c1CNC(=O)c1c(C)n([C@H](C)C23CC(C2)(C3)NC2COC2)c2ccccc12,574846,active
CC(C)S(=O)(=O)c1ccc(cc1)CC(=O)Nc2c(c3c(s2)CCCCC3)C(=O)N,C12070183,inactive
COc1ccc(cc1OC)C(=O)C2=C(C(=O)N([C@@H]2c3ccc(cc3)OCc4ccccc4)Cc5cc[nH+]cc5)O,C98047247,inactive
COc1ccc(c(c1)NC(=S)Nc2c(cn(n2)Cc3c(cccc3Cl)F)Br)OC,C13754777,inactive
C[C@]1(C(=O)N(C(=O)N1)NC(=O)C[NH+]2CCN(CC2)S(=O)(=O)c3ccccc3)CCc4ccccc4,C32753323,inactive
CCN(c1cc(-c2ccc(CN3CCC(F)(F)CC3)cc2)cc(C(=O)NCc2c(C)cc(C)[nH]c2=O)c1C)C1CCOCC1,CHEMBL3697471,active
CCOc1ccc(cc1)C[C@]2(C(=O)NC(=O)N(C2=O)c3ccccc3)C[NH+]4C[C@H]5C[C@@H](C4)c6cccc(=O)n6C5,C70669795,inactive
CSCC[C@H](C(=O)N1CCC2(CC1)c3c([nH+]c[nH]3)CC[NH2+]2)NC(=O)c4ccccc4Br,C25108255,inactive
c1ccc2c(c1)c(c[nH]2)C(=O)[C@H]([C@@H](c3ccc(cc3)Cl)N4CCN(CC4)c5cccc[nH+]5)O,C15017453,inactive
CCN(C1CCOCC1)c1cc(Cl)cc(C(=O)NCc2ccc(C)[nH]c2=O)c1C,50149899,active
c1cc(cc(c1)Br)N2C(=O)/C(=C/c3ccc(c(c3)Br)O)/C(=O)NC2=O,C09056471,inactive
Cc1cnc(c(n1)c2ccc(c(c2)C[NH+]3CCC(CC3)(c4cccc(c4)C(F)(F)F)O)O)C,C20482341,inactive
c1ccc2c(c1)c(c[nH]2)CC(=O)Nc3ccc4c(c3)CCN4C(=O)c5cccnc5,C70932033,inactive
CCOc1ccc(cc1)NC(=O)c2cccc(c2)/N=C\3/N[C@H]4CS(=O)(=O)C[C@H]4S3,C09860304,inactive
CN(C)c1ccc(cc1)[C@H](CNC(=O)C(=O)Nc2ccc(c(c2)F)F)N3CCN(CC3)c4ccc(cc4)F,C38666300,inactive
CCN1C(=O)[C@@H](N(C1=S)Nc2c(c(c(c(c2F)F)F)F)F)CC(=O)Nc3ccc(cc3)OCC,C33686611,inactive
CCOc1ccc(cc1)NC(=O)Cn2c3c(c4c(s3)CN(CC4)C(=O)OCC)c(=O)n(c2=O)c5ccccc5,C02687435,inactive
CCc1ccccc1NC(=O)c\2cc3cccc(c3o/c2=[NH+]\NS(=O)(=O)c4ccc(cc4)C)OCC,C59170656,inactive
CCCCC(=O)Nc1ccc(cc1)C(=O)NNC(=S)NC(=O)c2ccc(c(c2)I)OC,C59627249,inactive
CCN(C1CCOCC1)c1cc(Cl)c2CCN(Cc3c4occc4c(C)[nH]c3=O)C(=O)c2c1Cl,378891,active
CC[C@H](C)n1cc(C)c2c(cc(cc12)-c1ccc(nc1)N1CCN(CCCCCCCCCCOc2cccc3C(=O)N(C4CCC(=O)NC4=O)C(=O)c23)CC1)C(=O)NCc1c(C)cc(C)[nH]c1=O,50582383,active
CC(C)n1ncc2c(cc(nc12)C1CCN(CC1)C1CCN(CC1)C(C)=O)C(=O)NCc1c(C)cc(C)[nH]c1=O,325974,active
CCCCCCOc1ccc(cc1)[C@@H]2C(=C(C(=O)N2CCC[NH+](C)C)O)C(=O)c3c(n4cccc(c4n3)C)C,C35484088,inactive
CCN(c1cc(Cl)cc(C(=O)NCc2c(C(F)(F)F)cc(C)[nH]c2=O)c1C)C1CCOCC1,CHEMBL3770820,active
CCN(C(=O)C1CCCC1)c1cc(cc(C(=O)NCc2c(C)cc(C)[nH]c2=O)c1C)-c1ccc(CN2CCNCC2)cc1,441971,active
c1ccc(cc1)CN(Cc2ccccc2)c3c(c([nH+]cn3)N4CCN(CC4)c5ccccc5F)N,C40709662,inactive
CCOC(=O)C[NH2+][C@@H](c1ccccc1)c2cc(ccc2NC(=O)c3ccc(cc3)Cl)Br,C08682301,inactive
Cc1nc2c(s1)C[C@H]3[C@]([C@@H]2CC(=O)NCc4ccc[nH+]c4)(CC[C@H]([C@@]3(C)CO)O)C,C03841633,inactive
CCCCCOc1ccc(cc1OC)[C@@H]2C(=C(C(=O)N2CCCn3cc[nH+]c3)O)C(=O)c4ccc5c(c4)C[C@H](O5)C,C97970701,inactive
c1ccc2=[NH+]CC(=c2c1)C[C@H](C(=O)NNC(=O)c3ccco3)NS(=O)(=O)c4ccc(cc4)Cl,C63850634,inactive
Cc1cc(c(c(c1)C)NC(=O)N[C@@H]2CC(=O)N(C2)c3ccc(cc3)OC)C,C04479620,inactive
c1cc(sc1)c2cc([nH]n2)NC(=O)C3CCN(CC3)S(=O)(=O)c4ccc5c(c4)CCC5,C59889228,inactive
CCN(C1CCNCC1)c1cccc2c1C\C=C\CCc1cc(C)[nH]c(=O)c1CNC2=O,50061976,active
Cc1ccc(cc1)C[NH2+]Cc2cc(c(c(c2)Br)OC[C@@H](c3ccc4c(c3)OCO4)O)OC,C20877088,inactive
Cc1cc(nc2c1cc(cc2)NC(=S)NCCC[NH+]3CCCCCC3)N4CCN(CC4)C,C20153777,inactive
c1cc(oc1)c2nc3n(n2)c(c(s3)[C@@H](c4ccc(cc4Cl)Cl)[NH+]5CCC(CC5)C(=O)N)O,C09808541,inactive
CC(=O)Nc1ccn(c(=O)n1)[C@H]2[C@@H]([C@@H]([C@H](O2)COC(c3ccccc3)(c4ccc(cc4)OC)c5ccc(cc5)OC)O)OC,C98231130,inactive
CCOc1ccc(cc1Br)C(=O)NC(=S)Nc2c(c3c(s2)CCC3)C(=O)OCC,C14770582,inactive
CC(=O)N[C@@H]1[C@H]([C@@H]([C@H](O[C@H]1OC(=O)c2ccccc2)COC(=O)c3ccccc3)OC(=O)c4ccccc4)OC(=O)c5ccccc5,C98223091,inactive
[H]/N=C\1/C(=C/c2cc(c(c(c2)Cl)OCCOc3ccc(cc3)C)OCC)/C(=O)N=C4N1N=C(S4)CCC,C09066394,inactive
COC(C1CCN(C)CC1)c1cc(Cl)c2CCN(Cc3c(C)cc(C)[nH]c3=O)C(=O)c2c1Cl,50246940,active
CN(C)[C@H]1CC[C@@H](CC1)[C@]1(C)Oc2c(O1)c(-c1ccc(C)o1)c1CCN(Cc3c(C)cc(C)[nH]c3=O)C(=O)c1c2C,588046,active
Cc1c2c(c3c([nH]c(=S)[nH]c3=O)nc2n(n1)c4ccccc4)c5ccc(cc5)Br,C09546911,inactive
C[C@@]1([C@@H]2C[C@@H](CC[C@@]([C@H]2CC1=O)(CO)O)C(C)(C)O[C@H]3[C@@H]([C@H]([C@@H]([C@H](O3)CO)O)O)O)O,C87493233,inactive
Cc1cc(C)c(CN2CCc3c(Cl)cc(-c4c(C)n[nH]c4C)c(Cl)c3C2=O)c(=O)[nH]1,CHEMBL3919969,active
CCOC(=O)N1CC=C2[C@H](C1)[C@H](C(C(=C2C#N)[NH3+])(C#N)C#N)c3ccccc3OCc4ccc(cc4)Cl,C08411425,inactive
C[C@H](C(=O)Nc1ccc(cc1)S(=O)(=O)N2CCCCC2)[NH+]3CCC(CC3)C(=O)c4ccc(cc4)[O-],C25449290,inactive
CCN(C1CCOCC1)c1cc(cc(C(=O)NCc2c(C)cc(C)[nH]c2=O)c1C)-c1ccc(CN2CCN(CCCCCCCCCCOc3cccc4C(=O)N(C5CCC(=O)NC5=O)C(=O)c34)CC2)cc1,50582392,active
CCOC(=O)N1CCc2c(sc3c2C(=[NH+][C@@H](N3)c4ccc(cc4)OC(=O)c5ccc(cc5)Cl)O)C1,C08921652,inactive
C[C@H](N)C(=O)N1CCC(=CC1)c1cc(C(=O)NCc2c(C)cc(C)[nH]c2=O)c2cnn(C(C)C)c2n1,325952,active
CN1c2c(cc(cc2NC(=O)[C@H]3CCCO3)C(=O)N(C)CC4[NH+]=c5ccccc5=[NH+]4)N[C@@H]1C6CCC6,C64006279,inactive
CC(C)[C@@H]1c2c(c(c(c(c2OC3=C1C(=O)C(C(=O)C3(C)C)(C)C)C(=O)C(C)C)O)[C@@H](C4C(=O)C(C(=O)C(C4=O)(C)C)(C)C)C(C)C)O,C67912867,inactive
CCOC(=O)C1=c2n(c(=O)/c(=C/c3cccc(c3)OC)/s2)C(=C([C@@H]1c4cccc(c4)OC)C(=O)OCC)N,C02217782,inactive
CCc1cc(C(=O)NCc2c(C)cc(C)[nH]c2=O)c2cnn(C3CCCC3)c2c1,326162,active
c1cc([nH+]cc1S(=O)(=O)N2CCCCC2)SCCC(=O)Nc3c(c4c(s3)CCCC4)C#N,C09368016,inactive
Cc1cc(C)c(CNC(=O)c2cn(C(C)c3ccccc3)c3ccccc23)c(=O)[nH]1,CHEMBL3605444,inactive
COc1ccc(cc1)C2=N[C@H]([NH2+][C@@H](C2)c3cc(ccc3O)Cl)c4cc(ccc4OC)Br,C20764581,inactive
Cc1ccc(cc1Cl)NC(=O)CSC2=NC(=C([C@@H]([C@H]2C#N)c3cc(c(c(c3)OC)OC)OC)C(=O)OC)[O-],C53319365,inactive
CCOc1ccc(cc1)NC(=O)c2c3c(sc2NC(=O)C[NH+]4CCCCCC4)CCC3,C16192726,inactive
CC[C@H](C)n1cc(C)c2c(C(=O)NCc3c(C)cc(C)[nH]c3=O)cc(-c3ccc(N4CCN(CCCCCCCCCCOc5cccc6c5C(=O)N(C5CCC(=O)NC5=O)C6=O)CC4)nc3)cc21,CHEMBL5070010,active
Cc1cc(ncc1Br)N[C@H](c2cc[nH+]cc2)c3cc(c4cccnc4c3O)Cl,C54200471,inactive
COc1cc(ccc1OC(=O)c2ccco2)/C=N\Nc3nc(nc(n3)Nc4ccccc4)Nc5ccccc5,C96562655,inactive
CC(C)C[NH+]1C[C@@H](C[C@H]1C(=O)NCCc2ccccc2F)NCc3cccc(c3)Oc4ccccc4,C32513742,inactive
c1ccc(cc1)Cc2cc(c(s2)NC(=O)c3cc(nc4c3cc(cc4)Cl)c5cc[nH+]cc5)C(=O)N,C22819813,inactive
COc1ccc(cc1)n2c(=O)c(c(cn2)Oc3ccc(cc3)Cl)Nc4ccc(cc4)C(=O)NCc5cc[nH+]cc5,C98015393,inactive
CC[C@@H](C(=O)Nc1ccc(cc1)F)Sc2c3c(nc(n2)c4cccc(c4)OC)Oc5c([nH+]cc(c5C3)CO)C,C97986986,inactive
Cc1cc(nc(n1)NS(=O)(=O)c2ccc(cc2)NC(=O)CSc3c(cc4c(n3)CCCC4)C#N)C,C06088834,inactive
Cc1ccc(c(c1)c2c3c([nH]n2)C(=O)N([C@@H]3c4ccc(c(c4)OC)OC)[C@H]5CCS(=O)(=O)C5)O,C40547855,inactive
c1cc(cc(c1)O)/C=N/Nc2[nH]nc(n2)SCCC(=O)Nc3ccc(cc3)Br,C20906633,inactive
Cc1ccc(c(c1)NC(=O)CS[C@@H]2N=N[C@@H](O2)[C@H](CC3=c4ccccc4=[NH+]C3)NC(=O)OC(C)(C)C)C,C63426749,inactive
CCOC(=O)c1c2c(sc1NC(=O)c3ccc(cc3)S(=O)(=O)N(CC(C)C)CC(C)C)CN(CC2)C(=O)C,C97963504,inactive
CC1(C)CC(NC(=O)c2ccc(S(=O)(=O)c3ccccc3)cc2)CC(C)(C)N1,CHEMBL3264754,inactive
CCC(=O)Nc1ccc(c(c1)C(=O)N2CCCCC2)N3CCCN(CC3)C(=O)Nc4ccccc4F,C36019636,inactive
C[C@H](C(=O)Nc1ccccc1Sc2ccccc2)N3CC[NH+](CC3)CC(=O)Nc4ccc(cc4)F,C22781104,inactive
Cc1ccc(c(c1)NC(=O)Cc2nc(cs2)CSc3[nH]c4cc(ccc4[nH+]3)OC)C,C09126799,inactive
COc1cccc(c1)c2cc(c3c([nH+]cnc3n2)N)c4ccc(cc4Cl)Cl,C09694623,inactive
c1ccc2cc(ccc2c1)S(=O)(=O)Nc3ccc(cc3)CC(=O)Nc4ccc(c(c4)Cl)Cl,C02623642,inactive
c1cc(ccc1S(=O)(=O)NC[C@H]2C[C@@H]3CCN2C[C@@H]3CN4CCN(CC4)S(=O)(=O)c5ccc(cc5)Cl)Cl,C67870931,inactive
CC1=NN([C@H]2[C@H]1[C@@H](C(=C(O2)[NH3+])C#N)c3ccc(c(c3)OC)OCc4ccccc4Cl)c5ccccc5,C26608300,inactive
CC(C)(C)c1ccc(cc1)C(=O)Nc2cc(c(cc2Cc3c4cc(c(cc4cc[nH+]3)OC)OC)OC)OC,C08964531,inactive
CCN(c1cc(-c2ccc(NC(=O)CCCCCCNC(=O)C[C@@H]3N=C(c4ccc(Cl)cc4)c4c(sc(C)c4C)-n4c(C)nnc43)cc2)cc(C(=O)NCc2c(C)cc(C)[nH]c2=O)c1C)C1CCOCC1,CHEMBL5172007,active
CC(=C)C1(C)Cc2cc(cc(c2O1)-c1ccc(nc1)N1CCNCC1)C(=O)NCc1c(C)cc(C)[nH]c1=O,359837,active
CCN([C@H]1CC[C@@H](CC1)N(C)C)c1cc(cc(C(=O)NCc2c(C)cc(C)[nH]c2=O)c1C)-c1cnccn1,172166,active
CC(=O)N1C/C(=C\c2ccc(cc2)SC)/C3=C(C1)[C@@H](C(=C(O3)[NH3+])C#N)c4ccc(cc4)SC,C39326692,inactive
COc1cc(cc(c1O)Br)[C@@H]2C(=C(C(=O)N2CCCn3cc[nH+]c3)O)C(=O)c4ccncc4,C33777473,inactive
CC(=O)c1cccc(c1)N2C(=O)[C@@H]3[C@H]([NH2+][C@@]([C@H]3C2=O)(c4ccccc4)C(=O)OC)c5ccc(cc5)N(C)C,C12498286,inactive
CC(=O)Nc1cccc(c1)NC(=O)C2CCN(CC2)S(=O)(=O)c3ccc(cc3)Cl,C09575599,inactive
c1ccc2=[NH+][C@H](C=c2c1)c3cccc(c3)NC(=O)Nc4cc(ccc4F)F,C63743613,inactive
CC(c1cc(c(c(c1)/C=N\Nc2n[nH+]cc3c2cccc3)O)/C=N\Nc4n[nH+]cc5c4cccc5)(C)C,C98032937,inactive
c1cc(ccc1[C@@H]2C(=C(C(=O)N2CCC[NH+]3CCOCC3)O)C(=O)c4ccc(cc4)Cl)Br,C09086307,inactive
Cc1cc(nc(n1)N/C(=N/C(=O)Nc2ccc(cc2)Cl)/NCCSCc3c([nH+]c[nH]3)C)C,C14159280,inactive
c1ccc2c(c1)cc(/c(=[NH+]/c3ccc(cc3)S(=O)(=O)N)/o2)C(=O)Nc4ccccc4Br,C59170581,inactive
C[NH+](C)CCN1[C@H](C(=C(C1=O)[O-])C(=O)c2ccc(cc2)OCc3ccccc3)c4ccc(cc4Cl)Cl,C39827647,inactive
CCN(c1cc(/C=C/c2cccc(CN3CCOCC3)c2)cc(C(=O)NCc2c(C)c3c([nH]c2=O)CCCC3)c1C)C1CCOCC1,CHEMBL4646692,active
CCN(c1cc(-c2cnn(C)c2C)cc(C(=O)NCc2c(C)cc(C)[nH]c2=O)c1C)[C@H]1CC[C@H](N(C)C)CC1,CHEMBL3701019,active
CCC[NH+]1CCc2c(sc(c2C(=O)OCC)NC(=O)[C@@H]3CCCCN3S(=O)(=O)c4cccs4)C1,C36648024,inactive
c1c(cc(c(c1/C=[NH+]/Nc2nc([nH+]c(n2)N3CCCC3)N4CCCC4)[O-])Br)Br,C04113509,inactive
Cc1cccc(c1)NC(=O)c2ccccc2NC(=O)C(=O)N/N=C/c3cn(nc3c4ccc(cc4)OCc5ccccc5)c6ccccc6,C04261338,inactive
CCCCOc1ccc(cc1OCC)[C@H]2c3c(n[nH]c3C(=O)N2CCCOC(C)C)c4c(cc(cc4O)C)C,C38705912,inactive
CSCC[C@@H](C(=O)N1CCC2(CC1)c3c(nc[nH]3)CC[NH2+]2)NC(=O)c4cccs4,C20573578,inactive
c1ccc2=[NH+][C@@H](C=c2c1)C(=O)NNC(=O)CCCC(=O)N3CCN(CC3)c4ccccc4F,C63625928,inactive
CCN([C@H]1CC[C@@H](CC1)N(C)C)c1cc(cc(C(=O)NCc2c(C)cc(C)[nH]c2=O)c1C)C#CCN1CC(O)C1,601746,active
Cn1c(cc(n1)c2ccc(c(c2)OC)OC)[C@H]3C[NH+]4CC[C@@H]3C[C@@H]4CNC(=S)Nc5cccc(c5)C#N,C43526682,inactive
CS(=O)(=O)CCNCc1ccc(o1)c2cc(cc(c2OCc3cccc(c3)F)Cl)Nc4c5ccccc5ncn4,C98230511,inactive
COc1ccc(cc1)S[C@@H]2C[C@H]([NH+](C2)Cc3ccccc3O)C(=O)N4CCN(CC4)c5ccccc5F,C11912726,inactive
c1ccc(cc1)CC[NH+]2CC3=C([NH+]=C(N(C3=NC2)c4ccccc4Cl)SCC(=O)Nc5ccc(cc5)F)[O-],C98042700,inactive
CC1(CC(CC([NH2+]1)(C)C)N(Cc2ccc(cc2)N(C)C)C(=S)Nc3cccc(c3OC)OC)C,C05945281,inactive
CCN(c1cc(Cl)cc(C(=O)NCc2c(C)cc(C)[nH]c2=O)c1C)C1CN(C)C1,CHEMBL3937573,active
c1ccc(cc1)NC(=O)c2ccccc2NC(=O)CSc3nnc(n3N)COc4ccccc4F,C10420468,inactive
CC(C)n1ncc2c(cc(nc12)-c1cccc(CN(C)CCCN(C)C)c1)C(=O)NCc1c(C)cc(C)[nH]c1=O,325820,active
c1c(c[nH+]c(c1Cl)NCCN2C(=O)[C@H](C(=O)NC2=O)/C=N/Nc3c(cc(cn3)C(F)(F)F)Cl)C(F)(F)F,C12956000,inactive
Cc1ccc(cc1)c2c3c([nH]n2)C(=O)N([C@@H]3c4ccc(c(c4)OC)OCc5ccccc5)Cc6cc[nH+]cc6,C40341815,inactive
CCOC(=O)N1CCN(CC1)S(=O)(=O)c2ccc(cc2)C(=O)Nc3nc4c5ccccc5ccc4s3,C11852938,inactive
C/C=C(/C)\C(=O)O[C@H]1[C@@H]([C@@H]([C@@H](O[C@@H]1OC(C)(C)[C@@H]2CC[C@@]3(CCCC(=C)[C@@H]3C2)C)C)O)O,C49601644,inactive
Cc1ccc(cc1Cl)N(CC(=O)N/N=C(\C)/c2cccc(c2)NC(=O)C)S(=O)(=O)c3ccccc3,C59401514,inactive
Cn1c2c(c(=O)[nH]c1=O)n(c(n2)N3CC[NH+](CC3)C(c4ccccc4)c5ccccc5)CCSc6nnnn6c7ccccc7,C97987809,inactive
CCOC(=O)c1ccc(cc1)NC(=O)CSc2nnc(s2)NC(=O)c3cc(ccc3Cl)Br,C97961689,inactive
CCN(c1cc(-c2cn(C)nc2C)cc(C(=O)NCc2c(C)cc(C)[nH]c2=O)c1C)[C@H]1CC[C@H](N(C)C)CC1,CHEMBL3701024,active
CC(C)(CO)[NH2+]Cc1cc(c(c(c1)Br)OC[C@@H](c2ccc3c(c2)OCO3)O)OC,C20876978,inactive
COc1cc2c(cc1OCc3ccccc3)[C@@H]([NH2+]CC2)Cc4ccc(c(c4)O)OCc5ccccc5,C22051220,inactive
CCOc1ccc(cc1)[C@H](CCC(=O)N/N=C/c2cc(c(c(c2)I)OCC)OC)O,C58893046,inactive
COc1ccc(cc1)c2cn3c4ccc(cc4sc3n2)C(=O)NCCC[NH+]5CCc6ccccc6C5,C09406444,inactive
COc1cccc(c1)Cn2c(=O)c3ccc(cc3[nH]c2=O)[C@H]4[NH2+][C@H](NO4)c5ccc(cc5OC)OC,C64870362,inactive
c1ccc2c(c1)OC[C@@H](O2)COC[C@@H](CN3CC[NH+](CC3)CCN4C(=O)c5cccc6c5c(ccc6)C4=O)O,C22914707,inactive
COc1cc(ccc1OCC[NH2+]C[C@H](COc2cccc3c2c4ccccc4[nH]3)O)OCc5ccccc5,C22051168,inactive
c1cc(sc1)[C@H]2C[C@H](n3c(c(c(n3)/C(=[NH+]/Cc4ccc(cc4)F)/O)Br)N2)C(F)(F)F,C00673870,inactive
CCOc1cc(ccc1O)[C@@H]2[C@H](C(=O)C(=O)N2CC[NH+](C)C)C(=O)c3ccc(cc3)OCc4cccc(c4)C,C09507977,inactive
c1cc(c(c(c1)Cl)Cc2nc3cc(c(cc3n2CCC(=O)NCc4cc[nH+]cc4)Cl)Cl)Cl,C96287118,inactive
CCCCCOc1ccc(cc1)[C@@H]2C(=C(c3ccc4c(c3)C[C@H](O4)C)O)C(=O)C(=O)N2CCCn5cc[nH+]c5,C09292794,inactive
CC(C)C[C@@H]1C(=O)N(C2([NH2+]1)CCN(CC2)S(=O)(=O)c3ccc(cc3)OC)Cc4ccc5c(c4)OCO5,C36029906,inactive
Cc1cc2c(c(c(c(c2C(C)C)O)O)/C=N/C34C[NH+]5CN(C3)CN(C4)C5)c(c1c6c(cc7c(c6O)c(c(c(c7C(C)C)O)O)/C=N/C89CN1CN(C8)CN(C9)C1)C)O,C85867952,inactive
CC(C)n1cc2C\C=C\CCc3cc(C)[nH]c(=O)c3CNC(=O)c3cc(cc1c23)-c1ccc(nc1)N1CCNCC1,50594121,active
Cc1ccc(cc1)S(=O)(=O)N2CC[NH+](CC2)C[C@H](COc3ccc(cc3)C(=O)c4ccc(cc4)Cl)O,C06013497,inactive
CCOC(=O)c1ccc(cc1)NC2=Nc3ccccc3N4C2=[NH+]c5c(c(nn5c6ccccc6)C)[C@@H]4c7ccccc7F,C01869885,inactive
CC(=O)Nc1ccc(c(c1)NC(=O)[C@H]2CCCN(C2)S(=O)(=O)c3ccc(cc3)F)F,C23003485,inactive
Cc1ccccc1NC(=O)CSc2nnc(n2N)N/N=C/c3cccc(c3Cl)Cl,C21316140,inactive
CC(C)(C(=O)NCCc1cccc[nH+]1)N2CC3=C(C2=O)[C@@H](NC(=O)N3C)c4cccc(c4)Oc5ccccc5,C85422222,inactive
C[C@]12CC[C@H]3[C@H]([C@@H]1CC[C@H]2O)CCC4=C/C(=N/OCC(=O)N[C@@H](Cc5c[nH]c[nH+]5)C(=O)OC)/CC[C@]34C,C70692347,inactive
Cc1cc(nc(n1)C)NS(=O)(=O)c2ccc(cc2)NC(=O)/C=C/c3cc(ccc3OC)Br,C40948764,inactive
CCC1(C)Cc2cc(cc(c2O1)-c1ccc(nc1)N1CCNCC1)C(=O)NCc1c(C)cc(C)[nH]c1=O,359801,active
Cc1ccc(cc1S(=O)(=O)NCc2[nH]c3ccccc3n2)c4c5ccccc5c(n[nH+]4)Nc6cccc(c6)C(F)(F)F,C06161729,inactive
CCN([C@H]1CC[C@@H](CC1)N(C)C)c1cc(cc(C(=O)NCc2c(C)cc(C)[nH]c2=O)c1C)-c1cnc(C)nc1,172156,active
c1cc(c[nH+]c1)[C@@H]2CCCCN2CN3c4ccc(cc4/C(=N/NC(=O)c5ccc(cc5)Cl)/C3=O)Br,C97966610,inactive
COc1cc(ccc1OC(=O)c2ccc(cc2Cl)Cl)/C=N/NC(=O)CNS(=O)(=O)c3ccccc3,C02530599,inactive
Cc1cc(ccc1NC(=O)C[NH+](C)Cc2[nH]c(=O)c3c(csc3n2)c4ccco4)Br,C09050122,inactive
c1ccc(cc1)/C=C\2/C(=O)N(C(=S)S2)CCC(=O)n3c4ccccc4nc3SCC(=O)Nc5ccc(cc5)F,C97946111,inactive
Cc1cc(C)c(CNC(=O)c2cc(-c3ccc(CN4CCOCC4)cc3)cc(N(C)C3CCCC3)c2C)c(=O)[nH]1,CHEMBL3697398,active
COC(=O)c1ccc(c(c1)NC(=O)c2ccc(c(c2)[N+](=O)[O-])N3CCCCC3)N4CCN(CC4)C(=O)c5ccccc5,C97995656,inactive
COc1ccc(cc1S(=O)(=O)N2CCCC2)C(=O)OCC(=O)Nc3c(c4c(s3)CCCC4)C(=O)N,C15980005,inactive
CCCC[N+]1=C(S/C(=C\2/N(c3cc(ccc3S2)OC)CC)/C1=O)Nc4ccc(cc4C)N(CC)CCO,C97964027,inactive
CCN(c1cc(S(=O)(=O)CC)cc(C(=O)NCc2c(C)cc(C)[nH]c2=O)c1C)[C@H]1CC[C@H](N(C)C)CC1,CHEMBL3918450,active
C[C@@H](C(=O)N1Cc2cc(c(cc2C[C@H]1C(=O)OCc3ccccc3)OC)OC)[NH2+][C@@H](CCc4ccccc4)C(=O)OC,C77311432,inactive
COc1ccc(cc1)N2CC[NH+](CC2)Cc3nc(nc(n3)Nc4ccc5c(c4)OCCO5)N,C09434017,inactive
Cc1cc(c(c(c1)C)NC(=O)CSc2nc3ccc(cc3s2)NC(=O)CSc4[nH+]ccn4C)C,C59417484,inactive
COc1ccc(cc1)[C@@H]2NN[C@H](N2c3ccc(cc3)OC)SCC(=O)N/N=C/C4=c5ccccc5=[NH+]C4,C39575921,inactive
c1ccc(cc1)[C@H]2CC(=NN2C(=[NH2+])S[C@@H]3CC(=O)N(C3=O)c4ccc(cc4)Br)c5ccccc5,C98045388,inactive
CN(C)c1ccc(cc1)[C@H](CNC(=O)C[C@H](c2ccccc2F)NC(=O)N)C3=c4ccccc4=[NH+]C3,C63112130,inactive
Cc1ccc(cc1)c2ccsc2C(=O)NNS(=O)(=O)c3cc(ccc3OC)NC(=O)C,C12998265,inactive
c1cc2c(cc1C(=O)NCC(=O)N/N=C/c3cc(cc(c3OC(=O)c4ccc5c(c4)OCO5)Br)Br)OCO2,C04018595,inactive
CC[NH+](CC)CCN(c1nc2c(cccc2s1)OCC)C(=O)c3ccc(cc3)S(=O)(=O)N(C)c4ccccc4,C60209958,inactive
CC[C@H](C(=O)Nc1c(c(cs1)c2ccc(cc2)OC)C#N)n3c(nnc3SCc4ccccc4)N,C40173006,inactive
c1ccc(cc1)[C@](CC#CC[NH+]2CCN(CC2)c3ccc(cc3)[N+](=O)[O-])(c4ccc(cc4)Br)O,C71260629,inactive
CN([C@H]1CC[C@H](N)CC1)c1cc(cc(C(=O)NCc2c(C)cc(C)nc2=O)c1C)-c1cnn(C)c1,514184,active
c1cc(c(cc1n2c(=O)c3cn[nH]c3nc2SCC(=O)Nc4cc(cc(c4)F)F)F)F,C51316805,inactive
Cc1cc(ccc1NC(=O)CN(C)C(=O)[C@H](C)NS(=O)(=O)c2ccc(cc2)OC)Br,C17863385,inactive
COc1cc(c(cc1OC)NC(=O)C23C[C@H]4C[C@@H](C2)CC(C4)(C3)Br)C(=O)N,C63603673,inactive
c1ccc(cc1)c2c(cn(n2)CC(=O)N)[C@@H]3[C@H]4[C@@H]([NH+]=N[C@@H]4OC(=C3C#N)[NH3+])c5ccc6ccccc6c5,C39964303,inactive
COc1ccc(cc1)[C@@H]2C[C@H](N3C(=[NH+]2)C(=CN3)c4n[nH]c(=S)n4Cc5ccccc5)C(F)(F)F,C02791911,inactive
CCS(=O)(=O)N1CCC(CC1)[C@@H](C)n1c(C)c(C(=O)NCc2c(OC)cc(C)[nH]c2=O)c2ccccc12,50110355,active
CC1(CC2=C([C@@H](C(=C(N2c3nnc(s3)SCc4ccccc4)[NH3+])C#N)c5ccccc5)C(=O)C1)C,C39425935,inactive
CCC[NH+](Cc1[nH]c(=O)c2c(csc2n1)c3ccc(cc3)OC)C[C@H](COc4ccc(cc4)Cl)O,C40404961,inactive
Cc1ccc(cc1)[C@@H](C(=O)NC(C)(C)C)N(c2ccccc2C)C(=O)CCC(=O)Nc3cccc[nH+]3,C08994890,inactive
CCOc1cccc(c1O)[C@@H]2CC(=N[C@@H]([NH2+]2)c3ccc(c(c3)Br)F)c4cccc(c4)OC,C09542561,inactive
C[C@H]1CCc2c(sc3c2C(=[NH+][C@H](N3)c4ccc(cc4)OC(=O)/C=C/c5ccc(cc5)OC)O)C1,C15947553,inactive
COc1ccccc1NC(=O)C(=O)NC[C@H](c2ccc3c(c2)OCO3)[NH+]4CCN(CC4)c5ccccc5F,C38621119,inactive
CC(C)n1ncc2c(cc(nc12)-c1ccc2OCCOc2c1)C(=O)NCc1c(C)cc(C)nc1=O,325835,active
Cc1ccc(cc1N2C(=O)[C@H]3[C@@H]([NH2+][C@@]4([C@@H]3C2=O)c5ccccc5NC4=O)CCSC)[N+](=O)[O-],C09312501,inactive
COc1ccccc1N[P+](Nc2ccccc2OC)(Nc3ccccc3OC)Nc4ccccc4OC,C25502247,inactive
CC1CC=Cc2cc(ccc2O1)C(=O)NCc1c(C)cc(C)[nH]c1=O,359779,active
c1cc(cc(c1)Br)/[NH+]=c\2/c(cc3cc(cc(c3o2)Cl)Cl)C(=O)N,C09425736,inactive
CCOc1cc(ccc1OCCOc2c(cccc2C)C)/C=C/3\C(=O)NC(=O)N(C3=O)c4ccc(cc4)Br,C97959061,inactive
CC[C@H]([C@H]1C(=NN(C1=O)c2nc3ccccc3s2)CSc4ccc(cc4)Cl)[NH2+]CCc5c[nH]cn5,C20573353,inactive
Cc1cc(C)c(CN2CCc3c(Br)cc(-c4c(C)nnn4C)c(Cl)c3C2=O)c(=O)[nH]1,CHEMBL4740532,active
CCN([C@H]1CC[C@@H](CC1)N(C)C)c1cc(cc(C(=O)NCc2c(C)cc(C)[nH]c2=O)c1C)-c1ccncc1,172148,active
CCCc1cc(C)[nH]c(=O)c1CNC(=O)c1cc(cc2n(ncc12)C(C)C)-c1ccc(cn1)C(F)(F)F,50536599,active
CCOc1ccc(cc1)[C@@H](CCC(=O)N/N=C\c2cc(c(c(c2)Br)OCC#N)Cl)O,C58893833,inactive
CCOC(=O)C1=C(OC(=C([C@@H]1c2ccc[nH+]c2)C#N)N)CSc3c(c(cc([nH+]3)c4cccs4)c5ccc(cc5)Cl)C#N,C08448644,inactive
c1ccc2c(c1)ccc(c2Br)OCC(=O)NC(=S)Nc3ccc(c(c3)[N+](=O)[O-])Cl,C12497058,inactive
CC[C@@H](C)n1cc(C)c2c(C(=O)NCc3c(C)cc(C)[nH]c3=O)cc(-c3ccc(N4CCNCC4)nc3)cc21,CHEMBL5176169,active
C[NH+]1CCc2c(c(c3c(c(sc3n2)C(=O)c4ccc(cc4)Cl)N)c5cc(c(c(c5)OC)OC)OC)C1,C40570121,inactive
Cc1ccc(cc1F)C(=C2[C@H](N(C(=O)C2=O)CCCn3cc[nH+]c3)c4cccc(c4)O)O,C16732139,inactive
Cc1ccc(c(c1)C)NC(=O)C[n+]2ccccc2c3nnc(n3N)SCC(=O)Nc4ccc(cc4C)C,C27752410,inactive
CC(C)[C@H](C(=O)OCC(=O)Nc1c(c2c(s1)CCC2)C(=O)N)NS(=O)(=O)c3ccccc3,C09255120,inactive
Cc1cc(C)c(CNC(=O)c2cc(cc3n(ncc23)C2CCCC2)N2CCN(CCO)CC2)c(=O)[nH]1,326123,active
Cc1ccc(cc1)S(=O)(=O)Nc2cc(c(c3c2cccc3)NS(=O)(=O)c4ccc(cc4)C)[C@H]5CCC(=O)C5,C04647593,inactive
Cc1cccc(c1)N2C(=O)[C@H]3[C@H](N[C@@]([C@@H]3C2=O)(CC4=c5ccccc5=[NH+]C4)C(=O)[O-])c6ccccc6O,C63478220,inactive
CC(=O)Oc1ccc(cc1OC)[C@@H]2[C@@H]3CC=C[C@@H]3c4cc(ccc4N2)S(=O)(=O)NCc5ccccc5,C14468689,inactive
COc1ccc(cc1)[C@H](C(=O)Nc2ccc(cc2)OC)N(Cc3ccco3)C(=O)CC4=c5ccccc5=[NH+]C4,C63617069,inactive
COC1CN(C1)C1CCC(CC1)C1(C)Oc2c(O1)c(C)c(cc2Cl)C(=O)NCc1c(SC)cc(C)[nH]c1=O,542486,active
c1cc(ccc1c2csc(n2)NC(=O)CSc3ccc(cc3)NC(=O)c4ccc(cc4)[N+](=O)[O-])F,C22832831,inactive
CCc1ccc2c(c1)sc(n2)N(CC[NH+](C)C)C(=O)c3ccc(cc3)S(=O)(=O)N4CCN(CC4)C(=O)OCC,C38144546,inactive
CCN([C@H]1CC[C@@H](CC1)N(C)C)c1cc(Cl)cc(C(=O)NCc2c(OC)n(C)[nH]c2=O)c1C,310800,active
COc1cc(cc(c1OC)OC)C(=O)NCCn2c(c(c3c2nc4ccccc4n3)S(=O)(=O)c5ccccc5)N,C01896736,inactive
Cc1ccc(c(c1)N[C@H](c2cccnc2)c3ccc4ccc([nH+]c4c3O)C)OC,C54621620,inactive
CC[C@@H](C(=O)Nc1ccc2c(c1)sc(n2)SCC(=O)Nc3ccccc3F)Sc4[nH+]ccn4C,C59854136,inactive
Cc1ccccc1n2c(n[nH]c2=S)c3cnn4c3N[C@@H](C[C@H]4C(F)F)c5ccccc5,C02791088,inactive
CN(C)Cc1ccc(cn1)-c1cc(N(C)C2CCCCC2)c(C)c(c1)C(=O)NCc1c(C)cc(C)[nH]c1=O,172028,active
Cc1[nH+]c2sc(c(c2c(c1)COC)N)/C(=N/N=C(/c3sc4[nH+]c(cc(c4c3N)COC)C)\C)/C,C12445332,inactive
CN(C)S(=O)(=O)c1cccc(c1)[C@H]2C(=CN(N2)c3ccccc3)/C=C(/C#N)\C4[NH+]=c5ccccc5=[NH+]4,C39143182,inactive
COc1ccc(cc1F)C(=O)C2=C(C(=O)N([C@@H]2c3ccc(c(c3)OC)OCc4ccccc4)c5nnc(s5)SCc6ccc(cc6)Cl)O,C98047259,inactive
c1ccc(c(c1)/C=C/c2nc3ccc(cc3c(=O)n2CCO)I)O,C36618873,inactive
CCn1c(c(c(n1)C)C(=O)Nc2c(c3c(s2)C[C@H](CC3)C)C(=O)NC4CC4)C,C02781708,inactive
COc1cccc2c1OC[C@@H](C2)Nc3c4cc(c(cc4ncn3)F)F,C78804793,inactive
COC(=O)[C@@H]1C[C@@H](C[NH+]1Cc2ccc(cc2)O)NC(=O)[C@H]3C(=c4cc(ccc4=[NH+]3)Cl)c5ccccc5,C64636392,inactive
c1ccc(cc1)/C=C\2/C(=O)N(C(=O)S2)CC(=O)Nc3ccc(cc3)S(=O)(=O)Nc4ccccn4,C08819048,inactive
CCOc1cc(cc(c1OCC(=O)Nc2ccc(cc2)F)I)/C=C/3\C(=O)N(C(=O)S3)CC#C,C00979977,inactive
c1ccc(cc1)C[C@@]2\3C[NH+]4CCN(C2)C[C@H](C4)/C3=N\NC(=S)Nc5ccc(c(c5)Cl)F,C59926086,inactive
Cc1cccc(c1)NC(=O)CSC2=C([C@H](C(=C(N2)C)C(=O)Nc3ccccc3OC)c4ccc(o4)C)C#N,C98048695,inactive
c1ccc(cc1)C[C@@H](C(=O)N2CCN(CC2)Cc3ccccc3)NS(=O)(=O)c4ccc(s4)Br,C59503755,inactive
C[C@H]1C(=O)N[C@H](C(=O)N1c2cc(ccc2OC)Br)C3CC3,C86382488,inactive
CCCc1cc(C)[nH]c(=O)c1CNC(=O)c1cc2CC(C)(C)Oc2c(Br)c1,359754,active
CCOC(=O)C1=C(NC(=O)N[C@@H]1c2cccc(c2)F)CN(Cc3ccc[nH+]c3)C(=O)c4ccc(cc4)OC,C12412621,inactive
c1ccc2c(c1)C[C@@H](CO2)c3[nH+]c(c(c(n3)N)I)C4CC4,C97623710,inactive
COc1ccc(cc1O)[C@@H]2CC(=Nc3c2ncn3c4cccc(c4)Br)O,C40266660,inactive
CC[C@@H]1[C@]([C@@H]([C@@H](/C(=N\O)/[C@H](C[C@]([C@H]([C@@H]([C@H]([C@H](C(=O)O1)C)O[C@@H]2C[C@]([C@@H]([C@H](O2)C)O)(C)OC)C)O[C@@H]3[C@@H]([C@H](C[C@H](O3)C)N(C)C)O)(C)O)C)C)O)(C)O,C85893874,inactive
COc1c(cc(cc1I)I)/C=N/Nc2[nH+]c(nc(n2)NCc3ccccc3)N4CCOCC4,C04017852,inactive
Cc1cccc([nH+]1)NC(=O)[C@H](Cc2ccccc2)NS(=O)(=O)c3ccc4c(c3)c(=O)n(c(=O)n4C)C,C09611630,inactive
CCOc1ccc(cc1OCC)CCNC(=O)Cc2ccc(cc2)NC3=[NH+][C@@H]4CS(=O)(=O)C[C@H]4S3,C09530038,inactive
CC(=O)Oc1c(cc(cc1OC)/C=N/NC(=O)CSc2nnc(n2c3ccc(cc3)Cl)c4ccccc4)OC,C01772615,inactive
COc1ccc(cc1OC)CCNS(=O)(=O)c2ccc(c(c2)C(=O)Nc3ccc(cc3)C(F)(F)F)F,C03024950,inactive
CC(=O)Nc1cccc(c1)NC(=O)CSc2c(c(cc([nH+]2)c3cccs3)c4ccc(cc4)Cl)C#N,C00705852,inactive
CCC[NH+]1CCc2c(sc(c2c3nc4ccccc4s3)NC(=O)c5ccccc5S(=O)(=O)CC)C1,C36694185,inactive
C[C@@H]1CCc2c(sc(c2C#N)NC(=O)Cn3c4ccccc4[nH+]c3[C@@H](C)NC(=O)c5ccccc5)C1,C32957723,inactive
COC(=O)C1=C(OC(=C([C@H]1c2ccccc2F)C#N)N)CSc3c(cc4c([nH+]3)CCCCC4)C#N,C00663601,inactive
Cc1cccc(n1)C(=O)Nc2cc(ccc2O)S(=O)(=O)Nc3cccc(c3)Cl,C12849103,inactive
CC(C)N1CCN(CC1)c1ccc(cn1)-c1cc(C(=O)NCc2c(cc(C)[nH]c2=O)C2CCCC2)c2cnn(C(C)C)c2c1,50536560,active
COc1ccc(cc1)/C=N/OCC(=O)N/N=C/2\c3cc(ccc3N(C2=O)C[NH+]4CCCCCC4)Br,C97968826,inactive
CC[C@H](C)[C@@H](C(=O)NCC(C)C)NC(=O)[C@@H]1CC2=c3ccccc3=[NH+][C@@H]2[C@@H]4N1C(=O)c5c4cccc5,C63383930,inactive
c1cc[nH+]c(c1)c2ccc(cc2)CN3Cc4c([nH]c[nH+]4)C[C@H]3c5nc(no5)c6ccc(cc6)OC(F)(F)F,C15675592,inactive
c1ccc(cc1)c2cn(c3c2c(nc[nH+]3)NC[C@@H](c4ccco4)[NH+]5CCOCC5)c6ccc(cc6)Cl,C41098021,inactive
CN1CCN(Cc2cc(C)[nH]c(=O)c2CNC(=O)c2cc(Br)cc3n(ncc23)C2CCCC2)CC1,326165,active
COC(=O)c1c(c2cc(ccc2[nH]1)Br)NC(=O)CN3CC[NH+](CC3)C/C=C/c4ccccc4,C22918545,inactive
CCOC(=O)[C@@H]1CCCN(C1)[C@@H](c2cccc(c2)Br)c3c(n4c(s3)nc(n4)c5ccco5)O,C97992505,inactive
Cc1cc(C)c(CNC(=O)c2cc3cccn3c(C(C)N3CCOCC3)c2C)c(=O)[nH]1,CHEMBL5186929,active
COc1cc(c(c(c1)Br)NC(=S)N[C@@H](C(Cl)(Cl)Cl)NC(=O)c2cc(c(c(c2)OC)OC)OC)Br,C98225681,inactive
CCCCn1c(nnc1SCC(=O)Nc2ccccc2Sc3ccc(cc3)Cl)[C@H](CC)[NH+](C)C,C12532674,inactive
C[C@H]1CCC[C@H]([C@@H]1C)NC(=O)c2ccc(cc2)Cn3c4c[nH+]ccc4nc3SCc5ccc(cc5)F,C08911945,inactive
CCOc1ccc(cc1C(=O)NC(=S)Nc2ccc(cc2)S(=O)(=O)N3CCCC3)Br,C14655357,inactive
COc1ccc(c(c1)S(=O)(=O)Nc2cccc(c2)c3cc4cc(ccc4[nH]3)F)OC,C33106140,inactive
c1cc(oc1)CNS(=O)(=O)c2ccc(cc2)/C=C\C(=O)Nc3ccc4c(c3)[nH]c([nH+]4)c5ccco5,C51211759,inactive
C[C@H]1Cc2cc(ccc2O1)C(=O)C3=C(C(=O)N([C@@H]3c4cccc(c4)OCc5ccccc5)CCC[NH+]6CCOCC6)O,C97969561,inactive
c1ccc(c(c1)/C=N\[NH+]=C(/Nc2cc(ccc2Cl)S(=O)(=O)N3CCOCC3)\[S-])OC(F)F,C97991757,inactive
CC(C)(C)c1ccc(NC(=O)c2ncn(CC(=O)NCc3ccc4[nH]ncc4c3)n2)cc1,CHEMBL4740900,inactive
CCN([C@H]1CC[C@@H](CC1)N(C)C1CCC1)c1cc(Cl)cc(C(=O)NCc2c(C)cc(C)[nH]c2=O)c1C,190189,active
Cc1ccc2nc(c(c(=O)n2c1)/C=C/3\C(=O)N(C(=S)S3)Cc4ccco4)NC[C@H]5CCCO5,C33528855,inactive
COc1ccc2c(c1)sc(n2)NC(=O)[C@@H](Cc3ccccc3)NS(=O)(=O)c4ccc(s4)Br,C59523823,inactive
CC(C)(C)[NH2+]c1c(nc2n1nc(s2)N3CCN(CC3)CC(=O)Nc4nccs4)c5ccccc5,C21708663,inactive
CC(C)[C@@H](C(=O)OCc1nc(nc(n1)Nc2ccc(cc2)Cl)N)NS(=O)(=O)c3ccccc3,C22019322,inactive
Cc1cc(nc(n1)SCC(=O)N(Cc2ccc(cc2)OC)[C@@H](c3ccc(c(c3)OC)OC)C(=O)Nc4ccc(cc4)OC)C,C08712678,inactive
Cc1ccc(cc1)S(=O)(=O)N(Cc2nnc(n2c3ccccc3)SCC(=O)Nc4ccc(cc4)OC)c5ccccc5,C00648139,inactive
N[C@@H](CCSC[C@H]1O[C@H]([C@H](O)[C@@H]1O)n1cnc2c(N)ncnc12)C(=O)NCc1cc([nH]n1)-c1ccccc1,50063670,active
CC(C)C[C@H]1c2c(cc(c(c2O)Oc3c4c(cc(c3OC(=O)C)OC)CCN([C@@H]4CC(C)C)C)OC)CC[NH+]1C,C68568478,inactive
C[C@@H]1CCc2c(sc3c2c(nc([nH+]3)SCC(=O)c4ccc(cc4)Br)N)C1,C02303584,inactive
CCN(c1cc(Cl)cc(C(=O)NCc2c(C)cc(C)[nH]c2=O)c1C)C1CCN(C(C)C)CC1,CHEMBL3925098,active
CC(C)N1CCN(CC1)c1ccc(cn1)-c1cc(C(=O)NCc2c(O)cc(C)[nH]c2=O)c2cnn(C(C)C)c2c1,50536561,inactive
CN1CCN(CC1)C2=NC(=O)/C(=C\c3cc(c(c(c3)Br)O)OC)/S2,C33337317,inactive
C[C@H]1CC(=O)N=[NH+][C@H]1c2ccc(cc2)NCC(C)(C)[NH2+]C[C@@H](COc3cc(ccc3C#N)Cl)O,C95869719,inactive
CCN(C1CCOCC1)c1cc(cc(C(=O)NCc2c(cc(C)[nH]c2=O)C(C)C)c1C)-c1ccc(nc1)N1CCNCC1,172177,active
CC1(CC2=C([C@H](C(=C(N2c3ccccc3C(F)(F)F)N)C#N)c4ccc(c(c4)C[NH+]5CCCC5)OC)C(=O)C1)C,C04396961,inactive
CC(=O)N1Cc2ccccc2C[C@@H]1C(=O)Nc3ccc4ccccc4n3,C71184875,inactive
c1ccc(cc1)C2(C(=O)N(C(=O)N2)CC(=O)N[C@H](c3ccc(cc3)F)c4cccs4)c5ccccc5,C09461877,inactive
C[C@H]1CCC2=C3C(=NC(=NC3=O)SCC(=O)Nc4c(c5c(s4)CCC5)C(=O)N)S[C@H]2C1,C39795551,inactive
C[C@H]1Cc2cc(ccc2O1)C(=O)C3=C(C(=O)N([C@@H]3c4cc(c(c(c4)Br)O)OC)CCC[NH+](C)C)O,C97953914,inactive
CC1CN(C2CCOCC2)c2cc(cc(C(=O)NCc3c(C)cc(C)[nH]c3=O)c12)-c1ccc(nc1)N1CCNCC1,50205626,active
c1cc(c(cc1[N+](=O)[O-])N)S(=O)(=O)NCCS(=O)(=O)N,C50657180,inactive
C[NH+](C)CCN1[C@H](C(=C(C1=O)O)C(=O)/C=C/c2ccccc2)c3ccc(c(c3)OC)OCc4ccccc4,C35443537,inactive
C[C@@]12CC3C[C@@](C1)(CC(C3)(C2)[NH2+]Cc4cc(c(c(c4)Br)OCc5ccc6c(c5)OCO6)OC)C,C20876674,inactive
[H]/N=C\1/C(=C/c2cccc(c2)OCCOc3ccc(c(c3)C)Cl)/C(=O)N=C4N1N=C(S4)c5ccc(cc5)C,C08494865,inactive
Cc1ccc(cc1)S(=O)(=O)N2CC[NH+](CC2)CC(=O)NN=Cc3cc(ccc3O)Br,C09043907,inactive
C/C(=N\OCC(=O)N/N=C\1/c2ccccc2N(C1=O)C[NH+]3C[C@]4(C[C@@H]3CC(C4)(C)C)C)/c5ccc(cc5)OC,C13514304,inactive
CCC(OC)c1cc(Cl)c2CCN(Cc3c(OC)cc(C)[nH]c3=O)C(=O)c2c1Cl,435598,active
c1ccc(cc1)c2c(c[nH]n2)C[NH+]3CCC(CC3)(Cc4ccccc4Cl)CO,C19720603,inactive
COc1ccc(cc1OC)N(CC(=O)Nc2ccc(cc2)S(=O)(=O)N3CCCC3)S(=O)(=O)c4ccccc4,C59768647,inactive
CN(C)Cc1ccc(cc1)-c1cc(cc(n1)N1CCCCC1)C(=O)NCc1c(C)cc(C)[nH]c1=O,172002,active
CN1C[C@@H](c2c1cccc2)/C=C(/C(=O)NCCC3=c4ccccc4=[NH+]C3)\NC(=O)c5ccc(cc5)OC,C63098801,inactive
c1ccn2cc([nH+]c2c1)c3ccc(cc3)NC(=O)c4cccc(c4)S(=O)(=O)NCC(F)(F)F,C24962174,inactive
CC[NH+]1CCN(CC1)c2ccc(cc2)NC(=O)CN[C@@H](c3ccc(cc3)F)c4cccs4,C12556309,inactive
Cc1ccc2=[NH+][C@@H]([NH+]=c2c1)SCC(=O)Nc3ncc(s3)S(=O)(=O)c4ccc(cc4)[N+](=O)[O-],C63515220,inactive
C[C@@]1(CC[C@]2([C@@H](C1)C(C[C@@H]2[NH2+]Cc3ccccc3OC)(C)C)CCC(=O)NCc4ccc[nH+]c4)O,C12491050,inactive
CCCCOc1cccc(c1)NC(=O)CSc2nc([nH]n2)N/N=C/c3cc(ccc3O)Br,C21080015,inactive
Cc1ccc2c(c1)cc(c([nH+]2)N(C)Cc3cc[nH]n3)CN(C[C@H]4CCCO4)C(=O)c5ccc6c(c5)OCO6,C32561837,inactive
COc1ccc2c(c1)sc(n2)NC(=O)CSc3nc([nH]n3)N/N=C/c4cccc(c4O)CC=C,C20832678,inactive
Cc1cc(C)c(CNC(=O)c2cc(COCCO)cc3n(ncc23)C2CCCC2)c(=O)[nH]1,326170,active
c1ccc2c(c1)CCC[C@@]23C(=O)N(C(=O)N3)CC(=O)Nc4ccc(cc4)S(=O)(=O)N5CCCC5,C09832189,inactive
CC1(Cc2c(c([nH+]c3c2c4c(s3)c(nc(n4)SC)SCC(=O)Nc5ccc(cc5)OC)N6CCOCC6)CO1)C,C08767901,inactive
COc1cccc(c1)n2c3c(c(=O)n(c(n3)SCC(=O)Nc4nccs4)c5ccc(cc5)F)sc2=S,C03019100,inactive
CC(=O)Nc1ccc(cc1)N2C(=O)/C(=C/c3c[nH]c4c3ccc(c4)OC)/SC2=S,C54360808,inactive
Cc1cc(no1)NC(=O)CSc2nc(=O)cc(n2c3ccccc3)N,C01138028,inactive
c1ccc2c(c1)CC[C@H](C2)C[NH2+]CC3CCC(CC3)CNS(=O)(=O)c4ccccc4[N+](=O)[O-],C03952356,inactive
CN([C@H]1CC[C@H](N)CC1)c1cc(cc(C(=O)NCc2c(C)cc(C)[nH]c2=O)c1C)-c1ccc(CN2CCOCC2)cc1,172037,active
Cc1cc(C)c(CNC(=O)c2cc(Br)nc3n(ncc23)C2CCN(CC2)C(=O)OC(C)(C)C)c(=O)[nH]1,50149704,active
CC(=O)Nc1ccc(cc1)NC=C2C(=O)N(C(=S)N(C2=O)c3ccccc3OC)c4ccccc4OC,C09355038,inactive
CN([C@H]1CC[C@H](N)CC1)c1cc(cc(c1)-c1cnn(CCN2CCOCC2)c1)C(=O)NCc1c(C)cc(C)nc1=O,514190,active
Cc1ccc(cc1)c2c3c4n(c2C(=S)NC)N/C(=C\Oc5ccc(cc5)OC)/[NH+]4CCCC3,C09737648,inactive
COc1ccc(cc1OC)c2c([nH+]c([nH]2)c3ccc(cc3)F)SCC(=O)Nc4ccc5c(c4)OCO5,C09674202,inactive
Cc1ccc(cc1)S(=O)(=O)/N=C(/C[NH+]2CCCC2)\N3CCN([C@@H]3c4ccc(cc4)OC)S(=O)(=O)c5ccc(cc5)C,C97961126,inactive
C[C@H]1CCc2c(sc(c2C(=O)N[C@H]3CCS(=O)(=O)C3)NC(=O)Cc4cccc5c4cccc5)C1,C39836294,inactive
c1cc(cc(c1)/[NH+]=c\2/c(cc3cc(ccc3o2)Br)C(=O)NC[C@@H]4CCCO4)C(F)(F)F,C67292471,inactive
CCN(C1CCOCC1)c1cc2oc(cc2c(C(=O)NCc2c(C)cc(C)[nH]c2=O)c1CC)C1CCN(CC1)C(C)C,50287048,active
c1ccc(cc1)n2cc(c(n2)c3ccc[nH+]c3)/C=C\C(=O)NC[C@H](c4ccco4)[NH+]5CCCCC5,C96402992,inactive
c1ccc(cc1)C(=O)N/C(=C\[P+](c2ccccc2)(c3ccccc3)c4ccccc4)/C(=N/c5ccc(cc5Cl)[N+](=O)[O-])/[O-],C98229541,inactive
C[NH+]1CCc2c(cc(c([nH+]2)SCC3=C([C@H](C(=C(O3)N)C#N)c4cccc(c4)OC)C(=O)OC)C#N)C1,C13401843,inactive
CCOc1ccc(cc1)NC2=Nc3ccccc3N4C2=[NH+]c5c(c(nn5c6ccccc6)C)[C@@H]4c7cccs7,C97951625,inactive
c1ccc(c(c1)/C=[NH+]/NC(=O)CN(c2ccc(cc2)F)S(=O)(=O)c3ccc4c(c3)OCCO4)O,C02648469,inactive
c1ccc(cc1)c2ccccc2NC(=O)CS[C@H]3N=N[C@@H](N3[NH3+])[C@@H]4C=C(N=N4)c5ccc(cc5)Cl,C39593073,inactive
c1ccc2=[NH+]CC(=c2c1)CCNC(=O)C(=O)NC[C@@H](c3ccco3)S(=O)(=O)c4ccc(cc4)F,C63698396,inactive
C[C@@H](c1ccccc1F)[NH2+]CC(=O)Nc2ccc(cc2)S(=O)(=O)/N=C/3\CCCCCN3,C13031443,inactive
CC(C)CC[C@H](c1c2c(sc1n3cccc3)CN(CC2)C)NC(=O)Nc4cc(c(c(c4)OC)OC)OC,C20386607,inactive
Cc1cccc(c1)COc2ccc(cc2)C(=O)C3=C(C(=O)N([C@@H]3c4ccccc4F)CCCn5cc[nH+]c5)[O-],C09507090,inactive
c1cc(ccc1[C@H]2CCC=C2)OC[C@@H](C[NH+]3CCN(CC3)C[C@@H](COc4ccc(cc4)[C@@H]5CCC=C5)O)O,C19359049,inactive
C[C@H](C(=O)Nc1c2cc(ccc2[nH]c1C(=O)OC)Br)[NH+]3CCC(CC3)Cc4ccccc4,C02312250,inactive
Cc1coc-2c1C(=O)C(=O)c1c-2ccc2c1CC[C@@H](O)[C@]2(C)O,50017292,active
CC(C)CCOc1ccc(cc1OC)[C@H]2c3c([nH]nc3C(=O)N2CCCn4cc[nH+]c4)c5ccc(cc5)OC,C40345714,inactive
Cc1cc(C)c(CNC(=O)c2ccccc2C)c(=O)[nH]1,CHEMBL3984466,inactive
c1cc[nH+]c(c1)N2CCN(CC2)c3ncc(cn3)NC(=O)c4ccc(cc4)S(=O)(=O)N,C77196650,inactive
Cc1ccc(c(c1)Br)NC(=O)CSc2[nH]c3cc(c([nH+]c3n2)C)Br,C09308574,inactive
c1cc(ccc1OCc2ccc(o2)[C@@H]3C(=C(OC4=C3C(=O)CCC4)N)C#N)Br,C02768701,inactive
c1ccc(cc1)c2ccc([nH]2)C(=O)N(Cc3cccs3)[C@@H](c4ccc(cc4)F)C(=O)NC[C@H]5CCCO5,C00885771,inactive
COc1ccc(cc1COc2ccccc2)[C@@H]3C4C(=NC(=C)C3C(=O)Nc5ccc(c[nH+]5)Br)CCCC4=O,C08399978,inactive
COc1cc(C)[nH]c(=O)c1CNC(=O)c1c(C)n([C@H](C)C2CCN(CC(F)(F)F)CC2)c2ccccc12,CHEMBL4297463,active
Cn1cc[nH+]c1SCC(=O)Nc2ccc(cc2)C(=O)Nc3ccc(cc3)c4nccs4,C17590959,inactive
COc1cc(cc(c1OC)OC)C(=O)c2cc(ccc2N/C=C(/C#N)\c3nc(cs3)c4cc5cc(ccc5oc4=O)Br)Cl,C97966540,inactive
CN(C)C(=O)c1ccc(cc1)NC(=O)CSc2[nH]c(c([nH+]2)c3cccs3)c4cccs4,C09099373,inactive
CC(C)[C@@H](C(=O)NC[C@H](c1cccc(c1)Cl)[NH+]2CCCC2)NC3=NS(=O)(=O)c4c3cccc4,C68743326,inactive
CCS(=O)(=O)N1CCC([C@@H](C)n2c(C)c(C(=O)NCc3c(OC)cc(C)[nH]c3=O)c3ccccc32)CC1,CHEMBL3605457,active
CCN(c1cc(Cl)cc(C(=O)NCc2c(C)cc(C)[nH]c2=O)c1C)[C@H]1CC[C@H](C(=O)O)CC1,CHEMBL3942740,active
Cc1cc(ccc1NC(=O)c2cn[nH]c2c3ccc(cc3)OC)I,C97024439,inactive
CCCN([C@@H](c1ccc(c(c1)OC)O)C(=O)NC(C)(C)C)C(=O)Cc2ccc(cc2)Br,C36567518,inactive
COc1ccc(cc1OC)[C@H]2c3ccc(cc3OC(=C2C#N)N)OC(=O)C(c4ccccc4)c5ccccc5,C38658669,inactive
C[C@@H](C(=O)Nc1ccc(cc1)S(=O)(=O)N)Sc2ccc(cc2)NC(=O)/C=C/c3ccccc3,C22718661,inactive
c1ccc2=[NH+]CC(=c2c1)CCN/C(=N\C(=O)c3ccccc3Cl)/Nc4cccc(c4)Br,C63589488,inactive
C[C@H]1C[C@@H](CN(C1)C(=O)CN2CC[NH+](CC2)CC(=O)N[C@@H](c3ccc(cc3)F)c4cccs4)C,C22790267,inactive
c1cc(c(=O)n(c1)Cc2ccc(cc2)Cl)C(=O)Nc3ccc(cc3)S(=O)(=O)N,C10187759,inactive
Cc1cccc(c1)COc2ccc(cc2)C(=O)C3=C(C(=O)N([C@@H]3c4ccc(cc4)OC)CCCn5cc[nH+]c5)O,C97952586,inactive
COC(C1COC1)c1cc(C)c2CCN(Cc3c(OC)cc(C)[nH]c3=O)C(=O)c2c1Cl,435638,active
c1cc(oc1)C(=O)NCCCC(=O)NC[C@H](c2ccc(cc2)Cl)[NH+]3CCc4c(ccs4)C3,C46794887,inactive
CCCOc1ccc(cc1OCC)[C@H]2[C@@H]3C[C@H](CC=C3C(=C(C2(C#N)C#N)[NH3+])C#N)C(C)(C)C,C01827774,inactive
CCN\1c2ccccc2S/C1=C/3\C(=O)N(C(=S)S3)NC(=O)C,C13152423,inactive
CN(C)c1ccc(cc1)NC(=O)[C@@H](c2cccs2)N(Cc3ccc(cc3)F)C(=O)Cn4c5ccccc5nn4,C01412457,inactive
Cc1cccc(n1)NC(=O)[C@@H]2CCC(=O)N([C@H]2c3ccc(cc3)F)C,C96181898,inactive
c1ccc(cc1)c2nnc(s2)NC(=O)C(=O)N/N=C/c3cccc(c3)OCc4cccc(c4)Br,C04210856,inactive
c1cc2c(ccc[nH+]2)c(c1)Nc3c(c(ncn3)NNC(=O)COc4ccc(cc4Cl)Cl)[N+](=O)[O-],C40659543,inactive
CCOc1cc(ccc1O)[C@@H]2C(=C(C(=O)N2CCC[NH+](C)C)O)C(=O)c3ccc(cc3)OCc4cccc(c4)C,C97952465,inactive
COc1ccc(c(c1)N(CC(=O)N/N=C/c2ccc(cc2)OC3CSC3)S(=O)(=O)c4ccccc4)OC,C02898024,inactive
c1cc(cc(c1)NC(=S)N/N=C\2/CCS(=O)(=O)c3c2cc(cc3)F)C(F)(F)F,C35610747,inactive
CC[NH+](CC)CCCN1[C@@H](C(=C(C1=O)O)C(=O)c2ccc3c(c2)C[C@H](O3)C)c4ccc(cc4)C(C)(C)C,C20331406,inactive
CC[C@@H](Cc1c(nc2n1ccs2)n3cc(cn3)I)[NH3+],C96715197,inactive
CCN(C1C[C@@H](C)N[C@H](C)C1)c1cc(F)cc(C(=O)NCc2c(cc(C)[nH]c2=O)C(C)C)c1C,601710,active
C1CCC(C1)NC(=O)c2c3c(sc2NC(=O)[C@@H]4[C@H]5CC[C@@H]([C@@H]4C(=O)O)C=C5)CCC3,C35897630,inactive
Cc1ccc(cc1NC(=O)c2ccc(cc2)NS(=O)(=O)c3ccc(c(c3)F)F)F,C09588397,inactive
Cc1cc(C)c(CN2CCc3c(Cl)cc(C(CO)c4ccon4)c(Cl)c3C2=O)c(=O)[nH]1,CHEMBL4061411,active
Cc1ccccc1n2c(cc(n2)c3c([nH+]c4n(c3=O)c(cs4)CC(=O)N[C@@H](C)CCc5ccccc5)C)C,C35911648,inactive
CCOC(=O)[C@@H]1[C@@H](CC2=C(C1=O)[C@@H](C(=C(N2c3ccccc3F)N)C(=O)OCC)c4cccc(c4)[N+](=O)[O-])c5cccs5,C98007109,inactive
COC1CC[NH+](CC1)c2ccc(cc2)NC(=O)c3ccc(cc3)NS(=O)(=O)c4cccc(c4)F,C96382082,inactive
Cc1cc(C)c(CNC(=O)c2cc(cc3n(ncc23)C2CCCC2)C2=CCN(CCO)CC2)c(=O)[nH]1,326196,active
c1ccc2c(c1)C(=O)N(C2=O)CC(=O)N(Cc3ccc[nH+]c3)[C@@H](c4csnn4)C(=O)NC56CC7CC(C5)CC(C7)C6,C08695982,inactive
Cc1ccc2c(c1)[C@@H](CC3(O2)CC[NH+](CC3)C[C@@H](c4ccc5c(c4)CCCC5)O)O,C12330283,inactive
COC(=O)[C@@H]1C[C@@H](CN1CC2CCCCC2)NC(=O)[C@@H]3C(=c4cc(ccc4=[NH+]3)Cl)c5ccccc5,C64636275,inactive
COc1ccccc1[C@@H]2[C@@H]3[C@H](C(=O)N(C3=O)c4ccccc4)[C@]([NH2+]2)(Cc5ccc(cc5)O)C(=O)OC,C12497188,inactive
c1ccc(cc1)c2c[nH+]c(n2C[C@@H]3CCCO3)SCC(=O)Nc4c(c5c(s4)CCCC5)C#N,C00892074,inactive
CCN1C(=O)/C(=C/Nc2ccc(cc2)Br)/C(=C(C1=O)C#N)C,C39893371,inactive
Cc1ccc(cc1)S(=O)(=O)Nc2ccc(cc2)C(=O)N/N=C/c3ccc(c(c3)OC)OC(=O)/C=C/c4ccccc4,C02521142,inactive
CC(C)[C@H]1C(=O)N(C2([NH2+]1)CCN(CC2)C(=S)Nc3ccc(cc3)OC)Cc4ccccc4,C36024344,inactive
c1ccc(cc1)COC[C@@H]2[C@H](C[C@@H]([C@H]2O)n3cnc4c3nc(nc4OCc5ccccc5)N)OCc6ccccc6,C98230444,inactive
c1ccc(cc1)c2cn(c3c2c(nc[nH+]3)NCCc4ccc(cc4)S(=O)(=O)N)c5ccc(cc5)F,C01109349,inactive
c1ccc(c(c1)C(F)(F)F)NC(=O)CSc2nnc(s2)NC(=O)c3ccc(cc3)S(=O)(=O)N4CCCCC4,C97961339,inactive
Cc1c(c(no1)c2ccccc2Cl)C(=O)Nc3nnc(s3)SCC(=O)Nc4ccccc4C(F)(F)F,C97961458,inactive
COc1ccc(cc1)CC[NH2+][C@@H](C(Cl)(Cl)Cl)NC(=O)c2cc3ccccc3oc2=O,C39916804,inactive
Cc1ccc(cc1)S(=O)(=O)Nc2ccc(cc2)S[C@@H](C)C(=O)Nc3ccccc3C(=O)OC,C22742090,inactive
CN([C@@H]1CC[C@H](N)CC1)c1cc(cc(C(=O)NCc2c(C)cc(C)[nH]c2=O)c1C)-c1ccc(CN2CCOCC2)cc1,172036,active
CC[C@@H]1[C@]([C@@H]([C@H](C(=O)[C@@H](C[C@@]([C@@H]([C@H]([C@@H]([C@H](C(=O)O1)C)O[C@@H]2C[C@]([C@@H]([C@H](O2)C)O)(C)OC)C)O[C@@H]3[C@@H]([C@H](C[C@H](O3)C)N(C)C)O)(C)O)C)C)O)(C)O,C85902197,inactive
CCCc1cc(C)[nH]c(=O)c1CNC(=O)c1cc(-c2ccc(N3CCN(C)CC3)nc2)cc(NC(C)C)c1C,CHEMBL5181108,active
Cc1cc(ccc1c2ccc3[nH+]c(c(n3c2)CCC(=O)Nc4ccc(cc4)OC)c5ccc(cc5)OC)Cl,C96292094,inactive
CC(OCc1ccsc1)c1c(C)c(cc2cccn12)C(=O)NCc1c(C)cc(C)[nH]c1=O,490141,active
CCN(C1CCOCC1)c1cc(c(F)c(C(=O)NCc2c(C)cc(C)nc2=O)c1C)-c1ccc(CN2CCOCC2)cc1,172124,active
CC(=O)c1ccc(cc1)NC(=O)CSc2nnc(s2)NC(=O)[C@H]3CC(=O)N(C3)c4ccccc4,C09517875,inactive
CCCc1cc(C)[nH]c(=O)c1CNC(=O)c1cc(-c2ccc(N3CCN(C4CCN(C)CC4)CC3)nc2)cc(N(CC)C2CCOCC2)c1C,CHEMBL3701047,active
CCN(c1cc(-c2ccc(CN)cc2)cc(C(=O)NCc2c(C)cc(C)[nH]c2=O)c1C)C1CCOCC1,CHEMBL3697478,active
COc1cccc(c1)C(=O)N2CCN(CC2)[C@H]3c4cccc5c4c(ccc5)[C@@H]3NS(=O)(=O)c6ccccc6,C20029208,inactive
Cc1ccc(cc1)C2=NN3C(=[NH2+])/C(=C/c4cc(c(c(c4)Br)OCc5cccc6c5cccc6)OC)/C(=O)N=C3S2,C97958158,inactive
CCOc1cc(ccc1OCCC(C)C)[C@H]2C(=C(C(=O)N2CCCn3cc[nH+]c3)O)C(=O)c4ccc5c(c4)OCCO5,C97967502,inactive
c1c(c(c(cc1Cl)Br)O)/C=[NH+]/CC/[NH+]=C/c2c(c(cc(c2)Cl)Br)O,C09262189,inactive
CC1(CC2=C([C@H](C(=C(N2c3nnc(s3)SCc4ccccc4)[NH3+])C#N)c5ccccc5)C(=O)C1)C,C39425938,inactive
Cc1cc(C)c(CNC(=O)c2cc(CN3CCC[C@@H]3C(N)=O)cc3n(ncc23)C2CCCC2)c(=O)[nH]1,326194,active
c1ccc2c(c1)[C@H]([C@H](N2Cc3ccc(cc3Cl)F)C(=O)[O-])C[NH2+]CCC4=c5ccccc5=[NH+]C4,C65321891,inactive
CC(C)CCN1c2ccccc2[C@@H]([C@H](C1=O)C(=O)N/N=C(/C)\[C@@H]3C(=c4ccccc4=[NH+]C3=O)O)O,C38574045,inactive
Cc1cc(C)c(CNC(=O)c2cc(cc3n(ncc23)C2CCCC2)C2CC(C)(C)NC(C)(C)C2)c(=O)[nH]1,326105,active
CC(=O)N1CCN(CC1)c1cc(C(=O)NCc2c(C)cc(C)[nH]c2=O)c2cnn(C3CCCC3)c2c1,326163,active
Cc1cc(OC(F)F)c(CN2CCc3c(Cl)cc(C(CO)C4CCOCC4)c(Cl)c3C2=O)c(=O)[nH]1,435546,active
CC(C)CCNC(=O)[C@H](CCSC)NC(=O)[C@@H]1CC2=c3ccccc3=[NH+][C@@H]2[C@@H]4N1C(=O)c5c4cccc5,C63384053,inactive
CCn1c(nnc1SCC(=O)Nc2cc(ccc2Cl)Cl)CNc3cccc(c3)C(F)(F)F,C00917431,inactive
CCN(C1CCOCC1)c1cc(cc(C(=O)NCc2c3CCCCc3c(C)[nH]c2=O)c1C)-c1ccc(cc1)N1CCN(C)CC1,50594155,active
CC(C)CC[C@@H](c1c2c(sc1n3cccc3)CN(CC2)C)NC(=O)Nc4cc(c(c(c4)OC)OC)OC,C20386602,inactive
CC[C@H]1CCCC[NH+]1CCCNC(=S)Nc2ccc3c(c2)c(cc(n3)N4CCN(CC4)CC)C,C20153593,inactive
c1cc(cc(c1)S(=O)(=O)Nc2ccc(cc2)Cl)C(=O)NNC(=O)c3ccc4c(c3)sc([nH+]4)N,C13146141,inactive
Cc1cc(C)c(CNC(=O)c2cc(cc3n(ncc23)C2CCCC2)-c2ccc(COCCN3CCOCC3)cc2)c(=O)[nH]1,326087,active
COCCOC1CC[C@@H](CC1)[C@@H](C)n1c(C)c(C(=O)NCc2c(SC)cc(C)[nH]c2=O)c2ccccc12,574924,active
C/[NH+]=C(/Nc1ccc2c(c1)OCO2)\S[C@@H]3CC(=O)N(C3=O)c4ccc(cc4)I,C08425120,inactive
CCCCOc1ccc(cc1OCC)[C@H]2C(=C(C(=O)N2CC[NH+](CC)CC)O)C(=O)c3ccc4c(c3)C[C@H](O4)C,C97966823,inactive
COc1ccc(cc1)C(=O)NCC(=O)N/N=C/c2ccccc2OCc3ccc(cc3)Br,C02532846,inactive
COc1ccc(cc1CN2C(=O)c3ccccc3C2=O)/C=C\4/C(=O)NC(=O)N(C4=O)c5ccc(cc5)Br,C97967547,inactive
CC(C)CN(CC(C)C)S(=O)(=O)c1ccc(cc1)C(=O)Nc2c(c3c(s2)C[NH+](CC3)Cc4ccccc4)c5nc6ccccc6s5,C97963487,inactive
CC(C)[NH+](C[C@@H]1[C@H]([C@H]([C@@H](O1)n2cnc3c2ncnc3N)O)O)C4CC(C4)CCc5[nH]c6cc(ccc6n5)C(C)(C)C,C98043806,inactive
c1ccc(cc1)/C=C/C=N/Nc2nnc(n2N)SCC(=O)Nc3cccc(c3)Br,C21317366,inactive
c1ccc(cc1)Oc2c(cccn2)C(=O)O/N=C(/c3ccc(cc3)Oc4ccc(cc4[N+](=O)[O-])C(F)(F)F)\N,C08626671,inactive
CCCC[C@@H](CC)C(=O)N([C@H](c1ccccc1O)C(=O)NCS(=O)(=O)c2ccc(cc2)C)C(C)(C)C,C36582568,inactive
CC(C)c1ccc(cc1)C(=O)C[C@]2(c3cc(ccc3N(C2=O)Cc4ccc(c(c4)OC)OC)Br)O,C98045596,inactive
c1cc(cc(c1)Cl)NC(=O)[C@@H]2[C@H]3C=C[C@@]4([C@@H]2C(=O)N([C@@H]4C(=O)NC5CCCCC5)CCC[NH+]6CCCCC6)O3,C38147164,inactive
c1ccc2c(c1)[nH+]c(n2C[C@H](COC(c3ccc(cc3)F)c4ccc(cc4)F)O)CCCO,C40115599,inactive
Cc1cc(c(cc1Br)Br)NC(=S)N[C@@H](C(Cl)(Cl)Cl)NC(=O)c2cc(c(c(c2)OC)OC)OC,C98225667,inactive
COc1ccc(cc1N2C(=O)C[C@@H](C2=O)SC(=[NH2+])N/N=C\c3ccc(cc3)Cl)c4ccccc4,C34736416,inactive
c1ccc(cc1)CN2C(=O)[C@](C(=O)NC2=O)(Cc3cccc4c3cccc4)C[NH+]5C[C@H]6C[C@@H](C5)c7cccc(=O)n7C6,C70670218,inactive
Cc1ccc(cc1)C(=O)N/C(=C\c2ccc(o2)c3ccc(cc3)Br)/C(=O)NCCCn4cc[nH+]c4,C33358294,inactive
CCN(c1cc(-c2ccc(C)cc2)cc(C(=O)NCc2c(C)cc(C)[nH]c2=O)c1C)[C@H]1CC[C@H](N(C)C)CC1,CHEMBL3701008,active
Cc1ccc(c(c1)C)C(=O)NC(=S)Nc2ccc(c(c2)Cl)N3CCN(CC3)C(=O)c4ccco4,C22757447,inactive
COc1cccc(c1OC)/C=N/NC(=O)CSc2nnc(n2c3ccccc3)c4ccc(cc4)Br,C01860280,inactive
c1cc(ccc1OC[C@@H](C[NH+]2CCCCC2)O)S(=O)(=O)c3ccc(cc3)OC[C@H](C[NH+]4CCCCC4)O,C13549888,inactive
COc1cc(cc(c1OCc2ccc(cc2)Cl)Br)C[NH2+]CCNc3ccc(cc3)[N+](=O)[O-],C16195446,inactive
COc1ccc(cc1)S[C@@H]2C[C@H]([NH+](C2)C3C4CC5CC(C4)CC3C5)C(=O)N[C@H]6CCS(=O)(=O)C6,C12457392,inactive
COC(=O)c1ccc(cc1)[C@@H]2c3c(n[nH]c3C(=O)N2[C@@H]4CCS(=O)(=O)C4)c5ccccc5O,C38701717,inactive
COc1ccc(c(c1)[C@@H]2/C(=C/3\Nc4ccccc4S3)/C(=[NH+]C(=O)N2)c5ccccc5)OC,C13306260,inactive
Cc1c([nH]c(c1C(=O)OC)C)/C=[NH+]/c2ccc(cc2)Oc3ccc(cc3)/N=C/c4c(c(c([nH]4)C)C(=O)OC)C,C02285870,inactive
COC(=O)c1cc(cc(c1)NC(=O)c2ccc(c(c2)[N+](=O)[O-])N3C[C@H]4C[C@@H](C3)c5cccc(=O)n5C4)C(=O)OC,C59503789,inactive
Cc1ccc(cc1)C2=NN([C@H](C2)c3ccc(cc3)Cl)C(=[NH2+])S[C@@H]4CC(=O)N(C4=O)c5ccccc5,C13590136,inactive
C=CCOc1ccc(cc1)C(=O)NN2[C@H](Nc3ccc(cc3C2=O)I)c4cc(ccc4Br)OCC#C,C08431974,inactive
Cc1ccc(cc1)CN2C(=O)/C(=C\c3c(nc4ccccn4c3=O)N5CC[NH+](CC5)CCO)/SC2=S,C33350049,inactive
COc1cc(ccc1OCCOc2ccccc2)/C=C\3/C(=O)NC(=O)N(C3=O)c4ccc(cc4)Br,C97958102,inactive
c1ccc(cc1)/C=C\2/C(=O)N(C(=S)S2)CCC(=O)n3c4ccccc4nc3SCC(=O)Nc5cccc(c5)C(F)(F)F,C97957637,inactive
CN(c1ccccc1)S(=O)(=O)c2ccc(cc2)NC(=S)NC(=O)Cc3cccc4c3cccc4,C08442690,inactive
CCn1cc(CNC(=O)[C@@H](N)CCSC[C@H]2O[C@@H](n3cnc4c(N)ncnc43)[C@H](O)[C@@H]2O)cn1,CHEMBL3397320,inactive
Cc1ccc(cc1)S(=O)(=O)c2ccc(o2)C(=O)NC[C@@H](c3ccc(cc3)OC)[NH+]4CCCCCC4,C40322863,inactive
COc1ccccc1OCCCCn2c3ccccc3[nH+]c2CCCCCNC(=O)Cc4ccccc4Cl,C40221551,inactive
CN(C1CCCCC1)c1cc(cc(c1)-c1cnn(CCN2CCOCC2)c1)C(=O)NCc1c(C)cc(C)nc1=O,514156,active
CCCc1cc(C)[nH]c(=O)c1CNC(=O)c1cc(-c2ccc(N3CCOCC3)nc2)c2ccn(C(C)C)c2c1C,CHEMBL5188827,active
Cc1c([nH]c[nH+]1)CSCCN/C(=C\2/C(=NN(C2=O)c3ccc(cc3)OC)c4ccc(cc4)OC)/C,C08992836,inactive
CC1CC[NH+](CC1)Cc2nc(c3c4c(sc3n2)CCC4)N[C@@H](C)c5ccc(cc5)NS(=O)(=O)C,C40149326,inactive
CC(C)n1ncc2c(cc(nc12)-c1ccc(nc1)N1CCN(C)CC1)C(=O)NCc1c(C)cc(C)[nH]c1=O,325815,active
c1ccc2c(c1)cc(c(=O)o2)C(=O)NNC(=O)c3cccc(c3)I,C01064033,inactive
CCOc1ccc(cc1OCC)C(=O)/N=C(/NCCC2=c3ccccc3=[NH+]C2)\Nc4ccc(cc4C)C,C63588753,inactive
CSc1cc(C)[nH]c(=O)c1CNC(=O)c1c(C)n([C@H](C)C2CCN(CC(F)(F)F)CC2)c2cccc(Br)c12,575004,active
c1ccc2=[NH+]CC(=c2c1)C[C@@H](C(=O)NCc3cccnc3)NC(=O)c4ccc(cc4)C56CC7CC(C5)CC(C7)C6,C63437330,inactive
CCOc1ccc(cc1)NC(=O)CSC2=Nc3ccccc3C4=N[C@@H](C(=O)N42)CCC(=O)NCc5ccco5,C08608474,inactive
c1cc(ccc1CSCC(=O)Nc2ccc(cc2)S(=O)(=O)Nc3ccc(c(c3)C(F)(F)F)Cl)[N+](=O)[O-],C59652098,inactive
CC(C)Cc1ccc(cc1)S(=O)(=O)N2CCC3(CC2)C(=[NH+]CCN3)NCc4ccc5c(c4)OCO5,C65074856,inactive
C=CCOc1c(cc(cc1)Br)/C=N/NC(=O)CCC(=O)N/N=C/c2c(ccc(c2)Br)OCC=C,C04527592,inactive
COc1cc2c(cc1OC)nc([nH+]c2N3CCC(CC3)(c4ccc(cc4)Br)O)c5ccccc5,C96602569,inactive
COc1ccccc1/C=C\C=C/2\C(=O)c3ccc(c(c3O2)CN4CC[NH+](CC4)CCO)O,C33538419,inactive
Cc1ccc(cc1Br)NS(=O)(=O)c2ccc(cc2)NC(=O)C(F)(F)F,C71975627,inactive
CCCc1cc(C)[nH]c(=O)c1CNC(=O)c1cc(cc2n(ncc12)C(C)C)-c1ccc(nc1)N1CCN(CC1)C(C)C,50075071,active
CCN(c1cc(-c2ccc(CN3CCOCC3)cc2)cc(C(=O)NCc2c3c(c(C)[nH]c2=O)CCCC3)c1C)C1CCOCC1,CHEMBL5181423,active
CC[C@H]1[C@]2([C@@H]([C@H]([C@]3(O2)[C@@H](C[C@@](O3)([C@@H]([C@H]([C@@H]([C@H](C(=O)O1)C)O[C@H]4C[C@@]([C@H]([C@@H](O4)C)O)(C)OC)C)O[C@H]5[C@@H]([C@H](C[C@H](O5)C)[NH+](C)C)O)C)C)C)O)C,C94303125,inactive
CCN(c1cc(-c2ccc(OCCCCCNC(=O)C[C@@H]3N=C(c4ccc(Cl)cc4)c4c(sc(C)c4C)-n4c(C)nnc43)cc2)cc(C(=O)NCc2c(C)cc(C)[nH]c2=O)c1C)C1CCOCC1,CHEMBL5189126,active
Cc1c2c(c(c[nH+]1)CO)Cc3c(nc(nc3SCC(=O)Nc4ccc(cc4)OC)c5ccccc5Cl)O2,C97986832,inactive
CCN([C@H]1CC[C@@H](CC1)N(C)C)c1cc(Cl)cc(C(=O)NCc2c(CC)[nH]n(C)c2=O)c1C,310753,active
COc1ccc(cc1)Nc2c3cc(ccc3nc([n+]2c4ccc(cc4)OC)Nc5ccc(cc5)OC)OC,C67736580,inactive
CCN(C1CCOCC1)c1cc(cc(C(=O)NCc2c(C)cc(C)n(C)c2=O)c1C)-c1ccc(CN2CCN(CCCCCCCOc3cccc4C(=O)N(C5CCC(=O)NC5=O)C(=O)c34)CC2)cc1,50582396,active
C=CCN1c2ccccc2[C@@]3(C1=O)[C@H]4C(=NC(=NC4=O)SCc5ccccc5F)[N-]C(=C3C#N)[NH3+],C39217718,inactive
CCN(C1CCOCC1)c1cc(cc(C(=O)NCc2c(C)cc(C)[nH]c2=O)c1C)-c1ccc(CN2CCOCC2)cc1,172038,active
C/C=c/1\[nH]n-2c(=[NH2+])/c(=C/c3cc(ccc3OCCOc4ccc(cc4)C)Br)/c(=O)nc2s1,C01831830,inactive
CC(C)C[C@H](C(=O)O[C@H]1[C@H](O[C@@H]2[C@H]1OC(O2)(C)C)[C@@H]3COC(O3)(C)C)NC(=O)[C@@H](Cc4ccccc4)NC(=O)OCc5ccccc5,C85867434,inactive
c1ccc(cc1)C[NH+]2CCO[C@H](C2)CNC(=O)CSc3nnc(s3)Nc4ccccc4,C23647483,inactive
Cc1ccc(c(c1)Cl)NC(=S)N/C(=N\c2nc(cc(n2)C)C)/N3CCN(CC3)c4cccc[nH+]4,C14159749,inactive
COc1cc2ccnc(c2cc1OC)Cc3cc(c(cc3NS(=O)(=O)c4ccc5c(c4)sc(n5)SC)OC)OC,C01785529,inactive
CC1([C@@H]2CC[C@]1([C@@H](C2)O)[C@@H]([C@@H]([C@]3(COC(O3)(C)C)[C@@H](C=C)OCc4ccc(cc4)OC)O)S(=O)(=O)c5ccccc5)C,C98225173,inactive
CSc1cc(C)[nH]c(=O)c1CNC(=O)c1cc(Cl)c2OC(C)(Oc2c1C)C1CCC(CC1)N1CC(C1)OC1CC1,542476,active
Cc1cc(c(cc1Cl)c2c3c([nH]n2)C(=O)N([C@@H]3c4cccc(c4)OCCC(C)C)Cc5ccc[nH+]c5)O,C16971895,inactive
C[NH+]1CCN(CC1)[C@@H](CNC(=O)C(=O)Nc2ccc(c(c2)[N+](=O)[O-])F)c3ccc4c(c3)CCCN4C,C23859469,inactive
CN(C1CCCC1)c1cc(cc(C(=O)NCc2c(C)cc(C)[nH]c2=O)c1C)C1=CC(C)(C)NC(C)(C)C1,190182,active
c1cc(ccc1CC[n+]2c(csc2Nc3ccc(cc3)OC(F)(F)Cl)c4ccc(s4)Cl)S(=O)(=O)N,C35955874,inactive
CC(C)n1ncc2c(cc(nc12)-c1ccc(CN(C)CCN(C)C)cc1)C(=O)NCc1c(C)cc(C)[nH]c1=O,325823,active
C/C(=N\[NH+]=C(/N)\S[C@@H]1CC(=O)N(C1=O)c2ccc(c(c2)Cl)Cl)/C=C/c3ccc(cc3)N(C)C,C15162863,inactive
c1ccc(cc1)CCC2=[NH+]C(c3c(=O)[nH]c(=O)n(c3N2)CCc4ccccc4)(C(F)(F)F)C(F)(F)F,C09455715,inactive
CN1[C@@H]2[C@@H](C(=O)N(C1=O)C)N(C(=[NH+]2)NCCC3=c4ccccc4=[NH+]C3)Cc5ccc(c(c5)Cl)Cl,C63437817,inactive
Cc1cc(C)c(CNC(=O)c2cnn(-c3ccccc3)c2)c(=O)[nH]1,CHEMBL5204519,inactive
Cc1cc(C)c(CN2CCc3ccc(OC(C)C)c(C)c3C2=O)c(=O)[nH]1,CHEMBL3955994,active
CC(=O)Nc1nc2cc(ccc2s1)NS(=O)(=O)c3ccc(cc3)Br,C15870087,inactive
C=CC(=O)Nc1cc(-c2ccc(N3CCNCC3)nc2)cc(C(=O)NCc2c(CC)cc(C)[nH]c2=O)c1C,CHEMBL5196503,active
Cc1cccc(c1NC(=O)CSC2=NC(=C([C@H](C2C#N)c3ccc(c(c3)OC)O)C(=O)OCC=C)C)C,C09015082,inactive
Cc1cc(ccc1NC(=O)[C@H]2CCC(=O)N([C@H]2c3ccc(c(c3)OC)OC)c4ccc(cc4)OC)Br,C04756603,inactive
Cc1cccn2c1nc(c(c2=O)/C=C\3/C(=O)N(C(=S)S3)[C@@H](C)c4ccccc4)NCC[NH+]5CCOCC5,C98228927,inactive
c1cc(cc(c1)Br)C(=O)N2CC[NH+](CC2)CCNC(=O)C(=O)Nc3ccc(cc3)Br,C38144962,inactive
c1ccc(cc1)COc2ccc(cc2OCc3ccccc3)/C=N\NC(=S)NCC[NH+]4CCOCC4,C33390230,inactive
c1ccc2=[NH+]CC(=c2c1)CC[NH2+]Cc3cc4cc5c(cc4nc3N6CCC[C@H](C6)CO)OCO5,C64053307,inactive
Cc1cc(C)c(CNC(=O)c2cc(Br)cc3n(ncc23)C2CCN(C2)C(=O)OC(C)(C)C)c(=O)[nH]1,326134,active
Cc1cc(c(c(c1)C)NC(=O)CNC(=O)CN2c3cccc4c3c(ccc4)S2(=O)=O)C,C15535781,inactive
Cn1cc[nH+]c1CCNS(=O)(=O)c2c(cc(cc2Br)Br)N,C40638614,inactive
c1ccc2=[NH+]CC(=c2c1)C[C@H]3[C@@H]4[C@@H](C(=O)N(C4=O)C5CCCCC5)[C@@]6(N3)c7cc(ccc7NC6=O)Cl,C63472946,inactive
C[C@]12CCC(=O)N1[C@H](CS2)C(=O)Nc3ccc(cc3)c4cn5ccsc5n4,C23682056,inactive
COC(C1CCS(=O)(=O)C1)c1cc(Cl)c2CCN(Cc3c(C)cc(C)[nH]c3=O)C(=O)c2c1Cl,435642,active
Cc1ccc(cc1)S(=O)(=O)CNC(=O)[C@H](c2ccc(c(c2)OC)OC)N(C=O)c3cccc(c3)Cl,C36484169,inactive
Cc1ccc(s1)S(=O)(=O)Nc2ccc(c(c2)NC(=O)C3CCCCC3)F,C55593922,inactive
Cc1ccc(cc1F)C(=O)/N=C(/NCc2cc[nH+]cc2)\Nc3cccc(c3)Br,C45940080,inactive
CCOc1ccc(cc1)NC2=Nc3ccccc3N4C2=[NH+]c5c(c(nn5c6ccccc6)C)[C@H]4c7ccc(c(c7)OC)OC,C01825996,inactive
C=C1C([C@H]([C@H](C(=N1)SCC(=O)Nc2ccc(cc2)F)C#N)c3cc[nH+]cc3)C(=O)Nc4ccccc4,C08411415,inactive
Cc1ccc(cc1)[C@H](C(=O)Nc2ccc(cc2)C(C)C)N(Cc3ccco3)C(=O)CC4=c5ccccc5=[NH+]C4,C63437165,inactive
C=CC[n+]1c(c(cc2c1nc3ccccn3c2=O)c4nc(c(s4)NC(=O)c5ccc(cc5)Cl)c6ccccc6)N,C98047296,inactive
CC1(C)CC(NC(=O)c2ccc(Oc3cccc(-c4ccncc4)c3C#N)c(Cl)c2)CC(C)(C)N1,CHEMBL3264786,active
CCN([C@H]1CC[C@@H](CC1)N1CCC1)c1cc(Cl)cc(C(=O)NCc2c(C)cc(C)[nH]c2=O)c1C,190190,active
Cc1ccc(cc1F)NC(=O)C(=O)NC[C@@H](c2ccc3c(c2)OCO3)[NH+]4CCN(CC4)c5ccccc5F,C38621125,inactive
CCN(C1CCOCC1)c1cc2oc(CN(C)C)cc2c(C(=O)NCc2c(OC)cc(C)[nH]c2=O)c1CC,458805,active
c1ccc(cc1)C(=O)Oc2ccc(cc2/C=N/NC(=O)COc3c(cc(cc3Br)Br)Br)Br,C98001357,inactive
Cc1cc(no1)C[NH2+]C2CCC(CC2)Nc3c4ccc(nc4c(cn3)c5ccsc5)C(F)(F)F,C24904285,inactive
Cc1ccc(cc1)N2C(=O)/C(=C\Nc3cccc([nH+]3)N/C=C/4\C(=NN(C4=O)c5ccc(cc5)C)C)/C(=N2)C,C15134063,inactive
CC(C)C[C@H](c1nnc(n1CC=C)SCC(=O)Nc2ccc(cc2)Br)NC(=O)c3ccccc3Cl,C59771910,inactive
C[C@@H]1c2c(c3ccccc3[nH]2)[C@H](C[NH+]1[C@@H]4CC(=O)N(C4=O)c5cc(c(c(c5)OC)OC)OC)c6ccccc6,C72459850,inactive
CC1CC[NH+](CC1)CCCN2[C@H](C(=O)N(C2=S)c3ccc(cc3)Cl)CC(=O)Nc4ccc(cc4)OC,C20115165,inactive
Cc1c(sc2c1c(nc([nH+]2)COC(=O)c3cccc(c3)S(=O)(=O)NCc4ccccc4)N)C,C09869796,inactive
CC1(C(=O)N(C(=O)N1)CCCC(=O)Nc2nc(cs2)c3ccc4ccccc4c3)C,C22065880,inactive
[H]/N=C\1/C(=C/c2cc(c(c(c2)I)OCCOc3ccc(cc3)C(C)(C)C)OC)/C(=O)N=C4N1N=C(S4)C(C)C,C97959040,inactive
C[NH+](Cc1ccccc1Br)CC(=O)Nc2ccc(cc2)S(=O)(=O)N3CCCCC3,C16562790,inactive
COC(=O)COc1c(cc(cc1Br)/C=N/NC(=O)C(c2ccccc2)(c3ccccc3)O)Br,C97961017,inactive
Cc1ccc(cc1)S(=O)(=O)NC(=O)NC2=[NH+]C(N(C(=[NH2+])N2)c3ccc(c(c3)Cl)Cl)(C)C,C08652520,inactive
CN1CCN(c2cc(F)c(-c3ccc(C(=O)N(C)C)cc3)cc2Nc2ncnc(Cl)c2N)CC1,CHEMBL5094242,inactive
CC[NH+]1CCc2c(sc(c2C(=O)OC)NC(=O)c3ccc(cc3)S(=O)(=O)N(C)c4ccccc4)C1,C08880878,inactive
CCN([C@H]1CC[C@@H](CC1)N(C)C)c1cc(cc(C(=O)NCC2=C(C)C=C(C)NC2C)c1C)-c1cncnc1,514288,active
CCN(C1CCOCC1)c1cc(Cl)cc(C(=O)NCc2c(CN(C)C)cc(C)[nH]c2=O)c1C,50149903,active
c1cc(ccc1C(=O)N[C@H]2CCC[C@H]2NC(=O)c3ccc(s3)Cl)C4(CC4)C[NH+]5CCCC5,C28822898,inactive
CCC(CC)n1ncc2c(C(=O)NCc3c(C)cc(C)[nH]c3=O)cc(C3CC3)nc21,CHEMBL5196056,active
CC(C)NC(=O)Nc1ccc(c(c1)CN(Cc2ccc(cc2)F)C(=O)c3cccc(c3)F)[NH+](C)C,C40388997,inactive
Cc1cccn2c1nc(c(c2=O)/C=C/3\C(=O)N(C(=S)S3)CCc4ccc(c(c4)OC)OC)NCCCn5cc[nH+]c5,C05402141,inactive
CC(C)[C@H](C(=O)Nc1nc2c(s1)C[NH+](CC2)Cc3ccccc3)NC(=O)c4ccccc4F,C36648539,inactive
CCN(C1CCOCC1)c1cc(cc(C(=O)NCc2c(C)[nH]n(C)c2=O)c1C)-c1ccc(nc1)N1CCNCC1,310762,active
Cc1ccc2c(c1)[nH]c(n2)C[NH+](CCN(Cc3[nH]c4ccc(cc4[nH+]3)C)Cc5[nH]c6cc(ccc6n5)C)Cc7[nH]c8ccc(cc8n7)C,C77029766,inactive
CC(C)n1ncc2c(cc(cc12)-c1cccc(CN(C)CCN2CCCC2)c1)C(=O)NCc1c(C)cc(C)[nH]c1=O,325847,active
CC1CCCc2cc(cc(-c3ccc(nc3)N3CCNCC3)c2O1)C(=O)NCc1c(C)cc(C)[nH]c1=O,359790,active
CC(C)C(=O)Nc1nc(cs1)CC(=O)NCc2ccccc2c3ccc(cc3)Cn4cc[nH+]c4,C78417306,inactive
COC(=O)c1ccccc1NC(=S)N[C@@H](C(Cl)(Cl)Cl)NC(=O)c2ccc(cc2)Cl,C03142345,inactive
[H]\N=C\1/C(=C/c2cc(c(c(c2)Cl)OCCOc3ccc(cc3)C)OCC)/C(=O)N=C4N1N=C(S4)c5ccc(cc5)C,C97966236,inactive
c1ccc(cc1)CN2C(=O)[C@@H]3[C@@H](N[C@]4([C@@H]3C2=O)c5cccc(c5NC4=O)Cl)CC6=c7ccccc7=[NH+]C6,C63376037,inactive
CCCc1cc(C)[nH]c(=O)c1CNC(=O)c1cc(-c2ccc(N3CCN(C(C)C)CC3)nc2)cc2c1cnn2C1CCCCCC1,CHEMBL4535050,active
Cc1cc(C)c(CNC(=O)c2cc3CC(C)(C)Oc3c(Cl)c2)c(=O)[nH]1,359732,active
CC[NH+](CC)CCCN1[C@H](C(=C(C1=O)[O-])C(=O)c2ccc3c(c2)C[C@H](O3)C)c4ccc(c(c4)OCC)OCC,C20325012,inactive
CCCOc1c(cc(cc1I)/C=N/NC(=O)Cn2c3ccccc3c(=O)c4c2cccc4)OC,C04106492,inactive
c1ccc(cc1)C2=c3cc(ccc3=[NH+]C(=O)[C@H]2SCC(=O)Nc4ccc(cc4)Cl)Cl,C39404483,inactive
COc1ccc(c(c1)OC)[C@H]2C(=C(C(=O)N2CCc3ccc(c(c3)OC)OC)O)C(=O)/C=C/c4ccccc4,C35147280,inactive
c1ccc(cc1)[C@@H]2c3ccsc3CCN2CC(=O)N4C[C@@H](Oc5c4cccc5)C(=O)N,C37201839,inactive
CN([C@H]1CC[C@@H](CC1)NC(C)=O)c1cc(cc(C(=O)NCc2c(C)cc(C)[nH]c2=O)c1C)-c1cnn(CCN2CCOCC2)c1,172031,active
C[C@H]1C[C@H]2[C@H]3CC[C@@]([C@]3(C[C@@H]([C@@H]2[C@@]4(C1=CC(=O)C=C4)C)O)C)(C(=O)COC(=O)C)O,C03882055,inactive
CCOc1cc(ccc1OCCOc2ccc(cc2)OC)/C=C\3/C(=[NH2+])N4C(=[NH+]SC4=NC3=O)SC,C20154776,inactive
COc1cc(ccc1OCC(=O)Nc2ccccc2Cl)/C=C(\C#N)/C(=O)Nc3ccccc3Cl,C20922247,inactive
c1ccc(cc1)C[C@@H](C(=O)N2CCC3(CC2)c4c([nH]cn4)CCN3)NC(=O)c5cccs5,C19830329,inactive
Cc1nc2n(n1)c(c(s2)[C@@H](c3cccc(c3)OC)[NH+]4CCN(CC4)C(c5ccccc5)c6ccccc6)O,C22784275,inactive
Cc1cc(Cl)c(CNC(=O)c2cc(Cl)c3OC(C)(Oc3c2C)C2CCC(CC2)N2CC(C2)OC(F)F)c(=O)[nH]1,542481,active
CCOc1cc(cc(c1O)/C=[NH+]\c2ccc(c(c2)O)c3nc4cc(ccc4o3)Cl)Br,C02056232,inactive
CN(Cc1cc(cs1)Br)S(=O)(=O)c2ccc(c(c2)C[NH3+])F,C91286408,inactive
COc1ccc2c(c1)[nH]c3c2CCN4[C@@H]3C[C@H]5[C@@H](C4)C[C@H]([C@@H]([C@H]5C(=O)OC)OC)OS(=O)(=O)c6ccc(cc6)Br,C77284770,inactive
CC(=O)c1ccc(cc1)NC(=O)CSc2nc3ccc(cc3s2)NC(=O)CSc4ccccn4,C08438360,inactive
Cc1c(sc([nH+]1)N)SCc2nnc(o2)c3ccc(s3)Br,C37036964,inactive
c1c(csc1CNS(=O)(=O)c2cc(oc2Br)CO)Br,C91253002,inactive
CC[C@H](C)[NH+](Cc1c(nn(c1Oc2cccc(c2)C)c3ccccc3)C)C[C@@H](C[NH+]4CCOCC4)O,C36345830,inactive
CN1c2c(cc(cc2NC(=O)[C@H]3CCCO3)C(=O)N4CCC5=c6ccccc6=[NH+][C@@H]5C4)N[C@@H]1C7CCC7,C64015212,inactive
CCOc1cc(cc(c1OC(=O)c2cccs2)[N+](=O)[O-])[C@H]3C(=C(OC4=C3C(=O)C[C@H](C4)c5ccco5)N)C#N,C03672539,inactive
Cc1c(c(=O)n(n1C)c2ccccc2)NC(=O)CN(c3ccc(cc3)Cl)S(=O)(=O)c4ccc(cc4)OC,C59844997,inactive
CCOC(=O)c1c2c(sc1NC(=O)[C@@H]3Cc4ccccc4CN3S(=O)(=O)c5cccs5)CCCC2,C03229065,inactive
Cc1cc(ccc1S(=O)(=O)NC[C@H](c2ccc3c(c2)OCO3)[NH+]4CCN(CC4)c5ccccc5F)F,C38620883,inactive
Cc1ccc(cc1)NC(=O)c2ccccc2NC(=O)C(=O)N/N=C/c3ccc(cc3)OC(=O)c4ccccc4Cl,C04258670,inactive
COc1cc(ccc1OC(=O)c2c(c3ccccc3s2)Cl)/C=N/NC(=O)C(=O)Nc4ccccc4C(=O)Nc5ccccc5,C98228902,inactive
CC(=O)[C@@H]1[C@H](C(=C(C[C@]1(C)O)Nc2ccc(cc2)Br)C(=O)C)c3ccc(c(c3)OC)OC,C01026800,inactive
CCc1ccc(cc1)[C@@H]2C(=C(OC(=C2C(=O)OC)CSc3c(cc4c([nH+]3)CCC4)C#N)N)C#N,C08451229,inactive
CC(C)Nc1cc2c([nH+]c1)N([C@@H]([C@@H]2NC(=O)CCOC)C(=O)OC)CCC3=c4ccccc4=[NH+]C3,C63993610,inactive
CCOC(=O)c1ccc(cc1)/N=C\2/N(C(=O)[C@@H](S2)CC(=O)Nc3ccc(cc3)C(=O)OC)CCc4ccc(cc4)OC,C97960365,inactive
C[C@@H]1CC[C@H]([C@@H](C1)OC[C@@H](C[NH+]2CCC(CC2)CN3C(=O)c4cccc5c4c(ccc5)C3=O)O)C(C)C,C08431523,inactive
COc1ccc(cc1OC)[C@H]2C[C@H](n3c(c(cn3)C(=O)N4CCN(CC4)c5ccccc5Cl)N2)C(F)(F)F,C98023213,inactive
CCN(C1C[C@@H](C)N[C@H](C)C1)c1cc(cc(C(=O)NCc2c(C)cc(C)[nH]c2=O)c1C)-c1ccc(CN2CCNCC2)nc1,601717,active
CCc1ccccc1NC(=O)C(=O)NC[C@H](c2ccc3c(c2)OCO3)[NH+]4CCN(CC4)c5ccccc5F,C38621077,inactive
C[NH+]1CCc2c(sc(c2C(=O)N)NC(=O)[C@H]3CCCN3S(=O)(=O)c4ccc(cc4)OC)C1,C08868986,inactive
COc1ccc(cc1)C(=O)Nc2ccccc2C(=O)N[C@H](Cc3ccc(cc3)O)C(=O)Nc4ccc(cc4)OC,C06924840,inactive
CCCc1cc(C)[nH]c(=O)c1CNC(=O)c1cn2ccc(cc2n1)-c1ccc(nc1)N1CCN(CC1)C(C)C,50536602,inactive
CCCCCCOc1ccc(cc1)N2C(=O)C[C@@H](C2=O)SC(=[NH2+])N/N=C(\C)/c3ccc(cc3)O,C59489386,inactive
c1ccc(cc1)C2=N[C@@H](S[C@H]2c3[nH]ccn3)NC(=O)/C=C/c4ccc5c(c4)OCCO5,C39930179,inactive
[H]/N=C\1/C(=C\c2c(nc3n2ccs3)c4ccc(cc4)Cl)/C(=O)N=C5N1N=C(S5)S(=O)(=O)C,C09243536,inactive
CC(=O)N1[C@@H](CS[C@H]1c2ccccc2O)C(=O)N3CCCCC3,C04699300,inactive
Cc1cc(C)c(CNC(=O)c2cc3CC(C)(C)Oc3c(c2)-c2ccc(CN3CCOCC3)cc2)c(=O)[nH]1,359739,active
C[C@H](C(=O)Nc1ccc(cc1)Br)[NH2+]Cc2nnc3n2cc(cc3Cl)C(F)(F)F,C09530670,inactive
CN(C)c1ccc(cc1)[C@H](CNC(=O)C(=O)Nc2ccc(cc2)N(C)C)[NH+]3CCCC3,C05349681,inactive
CCN(C1CCOCC1)c1cc(\C=C\c2ccc(CN3C[C@@H]4C[C@H]3CO4)c(F)c2)cc(C(=O)NCc2c(C)c3CCCCc3[nH]c2=O)c1C,50544767,active
Cc1cc[nH+]c(c1)N[C@@H](c2ccccc2OC)c3c(c(sc3NC(=O)c4ccco4)C)C,C38547553,inactive
[H]/N=C\1/C(=C/c2cc(c(c(c2)Br)OCCOc3ccccc3)OC)/C(=O)N=C4N1N=C(S4)c5ccc(cc5)C,C08494646,inactive
CSc1cc(C)[nH]c(=O)c1CNC(=O)c1c(C)n([C@H](C)C2CCC(CC2)NC2(COC2)C(F)(F)F)c2ccccc12,575006,active
CCN(c1cc(-c2ccc(CN3CCCC3)cc2)cc(C(=O)NCc2c(C)cc(C)[nH]c2=O)c1C)C1CCOCC1,CHEMBL3697459,active
CCCCN1c2ccccc2[C@@]3(C1=O)C(=C(C(=O)N3CC[NH+](C)C)[O-])C(=O)c4cccc(c4)S(=O)(=O)N(C)C,C98046807,inactive
Cc1cc(C)c(CN2CCc3ccc(OC(C)C)c(Cl)c3C2=O)c(=O)[nH]1,CHEMBL3928387,active
CC[C@@H]1[C@@]([C@@H]([C@H](/N=C\2/[C@H](C[C@@](O2)([C@@H]([C@H]([C@@H]([C@H](C(=O)O1)C)O[C@@H]3C[C@]([C@@H]([C@H](O3)C)O)(C)OC)C)O[C@@H]4[C@@H]([C@H](C[C@H](O4)C)[NH+](C)C)O)C)C)C)O)(C)O,C85867008,inactive
Cc1ccc(cc1)S(=O)(=O)N2CCN([C@@H]2c3ccc(cc3)OC)C(=O)CSc4[nH]c5cc(ccc5n4)[N+](=O)[O-],C98007985,inactive
COCCN(CC(=O)N(CCc1c[nH]c2c1cccc2)Cc3ccc(cc3)C(F)(F)F)S(=O)(=O)c4cccc5c4nccc5,C98017859,inactive
CCN(C1CCOCC1)c1scc(C(=O)NCc2c(C)[nH]c(C)cc2=O)c1C,227710,active
Cc1ccc(c(c1)OCCCn2c3ccccc3[nH+]c2[C@H](C)NC(=O)Cc4ccc(c(c4)OC)OC)C(C)C,C40195110,inactive
CCOc1cc(ccc1OCc2ccccc2)c3cc(nc(c3C#N)SCC(=O)Nc4ccc(cc4)C(=O)OCC)c5ccccc5,C08445963,inactive
COC(=O)c1ccccc1NC(=O)CSc2nc3ccc(cc3s2)/[NH+]=C/c4ccccc4O,C59505816,inactive
c1ccc(c(c1)C[NH2+][C@@H]2CC(=O)N(C2=O)c3ccc(cc3)N4C(=O)C[C@H](C4=O)NCc5ccccc5F)F,C17166613,inactive
Cc1ccc(c2c1CCC2)Oc3c(ccc[nH+]3)NS(=O)(=O)c4ccc(c(c4)Cl)NC(=O)C,C01030099,inactive
C[NH+]1CCN(CC1)S(=O)(=O)c2ccc(cc2)NC(=S)NC(=O)/C=C/c3cccc4c3cccc4,C08442676,inactive
CSc1cc(C)[nH]c(=O)c1CNC(=O)c1c(C)n([C@H](C)C2CCC(CC2)NC2COC2)c2ncncc12,574919,active
CCOc1ccc(cc1C[NH+]2C[C@H]3C[C@@H](C2)c4cccc(=O)n4C3)/C=N/NC(=O)c5c(cn(n5)C)I,C33355952,inactive
c1ccc2=[NH+]CC(=c2c1)CCCC(=O)OCC(=O)N[C@H]3[C@@H](C4=C(S3)CCC4)C(=O)N,C63896802,inactive
C[C@@H](C(=O)Nc1ccc(cc1)S(=O)(=O)Nc2ncccn2)Sc3[nH+]c(cn3N)c4ccccc4,C08725028,inactive
COc1cc(ccc1OCc2ccccc2)[C@H]3C(=C(C(=O)N3CCCn4cc[nH+]c4)[O-])C(=O)c5cc6ccccc6o5,C08566444,inactive
c1ccc(cc1)C[C@@H](C(=O)N2CCC3(CC2)c4c([nH]c[nH+]4)CC[NH2+]3)NC(=O)c5cccc(c5)F,C09130708,inactive
Cc1cc(c(n1c2cc(ccc2Cl)Cl)C)/C=N\NC(=O)C(=O)NCCc3ccc(c(c3)OC)OC,C83316493,inactive
Cc1cccc(c1)COc2ccc(cc2)C(=O)C3=C(C(=O)N([C@@H]3c4ccc(cc4)Br)CCCn5cc[nH+]c5)O,C98046683,inactive
C/C(=C/1\C(=NN(C1=O)[C@H]2Nc3ccccc3S2)CSc4ccc(cc4)Cl)/NCCc5c[nH]c[nH+]5,C53631718,inactive
Cc1ccc(cc1)/C(=N/NC(=O)CCCSc2nnc(n2N)c3ccc(cc3)Br)/C,C58991040,inactive
CNC(=O)[C@H]1CCCCN1C(=O)c2csc(n2)c3ccccc3,C65434817,inactive
COc1cccc(c1OCc2ccc(cc2Cl)Cl)C[NH2+]CCNc3ccc(cc3Cl)[N+](=O)[O-],C16228243,inactive
C/C(=N\NC(=[NH2+])S[C@H]1CC(=O)N(C1=O)c2ccc(cc2)C(=O)OC)/c3ccc(cc3)c4ccccc4,C59489410,inactive
Cc1ccc(cc1)S(=O)(=O)N[C@@H](Cc2ccc(cc2)OS(=O)(=O)c3ccc(cc3)C)C(=O)N/N=C\c4ccc(cc4)Br,C98001611,inactive
Cc1ccccc1NC(=O)CSc2[nH+]cc(c(n2)N)S(=O)(=O)c3ccc(s3)Cl,C17135958,inactive
CCCCC(=O)N(c1ccccc1Cl)[C@H](c2ccccc2O)C(=O)NCS(=O)(=O)c3ccc(cc3)C,C36550711,inactive
CC(C)CC[C@@H](c1c2c(sc1n3cccc3)C[NH+](CC2)C)NC(=O)NC45CC6CC(C4)CC(C6)C5,C20532180,inactive
c1ccc(c(c1)CNC(=O)CCCCCn2c(=O)c3c(ccs3)n(c2=O)Cc4cc(=O)n5ccccc5n4)Cl,C97986763,inactive
Cc1ccc(cc1)S(=O)(=O)c2c(sc(n2)N[C@H]3CCS(=O)(=O)C3)Cl,C04160010,inactive
CSc1cc(C)n(C)c(=O)c1CN1CCNc2c(Cl)cc(-c3c(C)noc3C)c(Cl)c2C1=O,CHEMBL5088474,active
CCN1CCN(Cc2c(OC)cc(C)[nH]c2=O)C(=O)c2c(Cl)c(cc(Cl)c12)-c1c(C)noc1C,50586161,active
COc1ccc(cc1)c2c3c4n(c(nn4c2C(=S)Nc5ccc(cc5)Br)CNc6ccc(cc6)Br)CCCC3,C97999414,inactive
Cc1ccc(cc1)S(=O)(=O)N(CC(=O)N/[NH+]=C/c2c3ccccc3ccc2O)c4ccc(cc4C)Cl,C14166373,inactive
CC(C)(C)n1c(nnn1)[C@@H](c2cc3cc(c(cc3[nH]c2=O)OC)OC)[NH+](Cc4ccc[nH+]c4)Cc5ccco5,C06014891,inactive
COc1ccc(cn1)-c1cc(cc2CC(C)Oc12)C(=O)NCc1c(C)cc(C)[nH]c1=O,359762,active
CC1(Cc2c(c(sc2C([NH2+]1)(C)C)NC(=O)CCCS(=O)(=O)c3ccc(cc3)Cl)C#N)C,C23944239,inactive
Cc1nnc(s1)NC(=O)CSc2[nH+]cc(n2c3cccc(c3)Cl)c4ccc(c(c4)Cl)Cl,C44087405,inactive
COC(c1cc(Cl)c2CCN(Cc3c(OC)cc(C)[nH]c3=O)C(=O)c2c1Cl)C1(C)COC1,50246921,active
CCCN(c1cc(-c2ccc(CN3CCOCC3)cc2)cc(C(=O)NCc2c(C)cc(C)[nH]c2=O)c1C)C1CCOCC1,CHEMBL3697449,active
C[C@@H]1C[C@@H]([C@@H]([C@@H](O1)O[C@@H]2[C@@H](C[C@@]3(CO3)C(=O)[C@@H]([C@@H]([C@@H]([C@@H](OC(=O)[C@@H]([C@@H]([C@@H]2C)O[C@@H]4C[C@@H]([C@@H]([C@@H](O4)C)O)OC)C)C)C)O)C)C)O)[NH+](C)C,C08101155,inactive
CCOc1ccc(cc1OC)[C@@H]2c3c(n[nH]c3C(=O)N2[C@@H]4CCS(=O)(=O)C4)c5cc(cc(c5O)C)C,C38702102,inactive
c1ccc2c(c1)/C(=C\Nc3ccc(cc3)S(=O)(=O)N4CCCCC4)/C(=O)N(C2=O)c5ccc(cn5)Cl,C06251824,inactive
C[C@H]1CCCC[C@H]1[NH2+][C@@H]2CC(=O)N(C2=O)c3ccc(cc3)N4C(=O)C[C@H](C4=O)N[C@@H]5CCCC[C@@H]5C,C13388266,inactive
CNC(=S)N1[C@H](CC(=N1)[C@H]2C(=c3cc(ccc3=[NH+]C2=O)Cl)c4ccccc4)c5ccc(cc5)OC,C39988962,inactive
CC[C@@H](C)N1C(=O)/C(=C/c2c(nc3c(cccn3c2=O)C)N4CCNC(=O)[C@@H]4CC(=O)OCC)/SC1=S,C38151026,inactive
CC(=O)N1[C@@H](CS[C@H]1[C@@H]([C@@H]([C@@H]([C@@H](CO)O)O)O)O)CO,C33797428,inactive
c1ccc(cc1)Cc2nc(cs2)CC(=O)N[C@H](c3ccccc3)c4ccc5c(c4)[nH]c[nH+]5,C97256111,inactive
c1ccc2c(c1)N(C[C@H](O2)C(=O)N)S(=O)(=O)c3cc(ccc3Cl)Cl,C07307228,inactive
Cc1ccc(cc1)S(=O)(=O)Oc2ccc(cc2OC)/C=N/NC(=O)Cc3nnc(s3)NC(=O)c4ccccc4,C02604384,inactive
Cn1cc[nH+]c1SCC(=O)Nc2ccc(cc2)C(=O)Nc3ccc(cc3)OCc4ccccc4,C09969079,inactive
Cc1c(sc(c1C(=O)N)NC(=S)NC(=O)/C=C/c2ccc(c(c2)OC)OC)Cc3ccccc3,C12500670,inactive
CC(C)[NH+](Cc1ccc(c(c1)OC)OC)C[C@H](C(=O)Nc2ccc(c(c2)OC)OC)Oc3ccc(cc3)F,C34697101,inactive
COc1cc(C)[nH]c(=O)c1CNC(=O)c1c(C)c(cc2occc12)N(C)C1CCOCC1,458816,active
C[C@H](CCc1ccco1)/[NH+]=C/[C@]23CC[C@@H](C[C@]2(CC[C@@H]4[C@@H]3CC[C@]5([C@@]4(CC[C@@H]5C6=CC(=O)OC6)O)C)O)O,C70698923,inactive
Cn1cc[nH+]c1[C@H](c2ccccc2OC)Nc3cnn(c(=O)c3Cl)c4ccc(c[nH+]4)C(F)(F)F,C17591381,inactive
C[C@H](c1[nH+]c2ccccc2c(n1)NC3CCCCC3)N4CCN(CC4)S(=O)(=O)c5ccc(cc5)C(F)(F)F,C98240323,inactive
[H]/N=C/1\C(=C/c2ccc(c(c2)Cl)OCc3ccc(cc3)F)\C(=O)N=C4N1C(=NS4)S(=O)(=O)C,C96460053,inactive
CCCc1cc(C)[nH]c(=O)c1CNC(=O)c1cc(-c2ccc(N3CCN(C(C)C)CC3)nc2)cc2c1cnn2CC1CCCCC1,CHEMBL4561884,active
Cc1ccc(cc1NC(=O)c2ccc(c(c2)S(=O)(=O)Nc3ccc(cc3)OC)C)Cl,C15796542,inactive
C[C@H](C(=O)Nc1ccc(cc1)OC)Sc2c3c(c4c5c(c([nH+]c4s3)N6CCOCC6)CCCC5)ncn2,C97954050,inactive
CCOc1cccc(c1O)[C@@H]2CC(=N[C@H]([NH2+]2)c3ccc(cc3)C(=O)OC)c4ccc(cc4)Br,C09543139,inactive
c1ccc(c(c1)NC(=O)N2CCC[C@H]2c3nnc(s3)C(=O)Nc4ccc(c(c4)F)F)F,C64930815,inactive
CCCCOc1ccc(cc1)[C@@H]2/C(=C(/c3ccc4c(c3)C[C@@H](O4)C)\O)/C(=O)C(=O)N2CCC[NH+](CC)CC,C09354468,inactive
Cc1ccc(cc1C(F)(F)F)S(=O)(=O)N2CCc3c2ccc(c3)S(=O)(=O)N,C60318258,inactive
c1ccc(cc1)COc2ccc(cc2)C(=O)NC(=S)Nc3ccc(c[nH+]3)I,C09192321,inactive
CCc1ccc(cc1)N2C(=O)[C@@](C(=O)NC2=O)(Cc3ccc(cc3)C(C)C)C[NH+]4C[C@H]5C[C@@H](C4)c6cccc(=O)n6C5,C70670067,inactive
c1ccc2=[NH+]CC(=c2c1)CCNC(=O)CCCNC(=O)N3CC[C@@H]4[C@@H](C3)N=C5[C@@H]4C=C(C=C5)Cl,C63270967,inactive
CCC[NH+]1CCc2c(sc(c2C(=O)N)NC(=O)c3ccc(cc3)S(=O)(=O)N(CC(C)C)CC(C)C)C1,C08881224,inactive
CC[C@@H]1[C@@]([C@@H]([C@H]([NH2+]C[C@@H](C[C@@]([C@@H]([C@H]([C@@H]([C@H](C(=O)O1)C)O[C@H]2C[C@@]([C@H]([C@@H](O2)C)O)(C)OC)C)O[C@H]3[C@@H]([C@H](C[C@H](O3)C)N(C)C)O)(C)O)C)C)O)(C)O,C94303232,inactive
COc1cc(c(c(c1)Br)O)/C=N/NC(=O)c2ccc(cc2)C(F)(F)F,C01403901,inactive
Cn1c2c(c(n1)C(=O)N3CCc4ccccc4C3)C[C@H](CC2)[NH2+]CCc5nc(cs5)c6ccccc6,C14732324,inactive
C[C@H]1CCCC[NH+]1CCCNC(=O)C[C@@H](c2cccc(c2)OCc3ccccc3)c4c[nH]c5c4cccc5,C40371851,inactive
CCN(C1CCOCC1)c1cc(cc(C(=O)NCc2c(C)cc(C)[nH]c2=O)c1C)-c1ccc(CN2C[C@H]3C[C@@H]2CO3)cc1,172061,active
c1ccc(cc1)C2=NN([C@@H](C2)c3ccc(cc3)F)C(=O)CN4CCC(CC4)C(=O)N,C36342933,inactive
c1ccc(cc1)C(C#CC[NH+]2CCN(CC2)CC#CC(c3ccccc3)(c4ccccc4)O)(c5ccccc5)O,C20842367,inactive
Cc1ccc(cc1)c2csc3c2c(=O)[nH]c(n3)C[NH+](CCCOC)C[C@H](COc4ccccc4)O,C36207650,inactive
C[C@@H](c1[nH+]c2ccccc2c(n1)NCCc3ccccc3)N4CCN(CC4)S(=O)(=O)c5ccc(cc5)C(F)(F)F,C98240256,inactive
c1ccc(cc1)n2c(nn(c2=O)CCNC(=O)NC34CC5CC(C3)CC(C5)C4)C6CC6,C96340137,inactive
c1cc(c[nH+]c1)[C@H]2CCCCN2S(=O)(=O)c3ccc(cc3)NC(=O)C4(CCCC4)c5ccc(cc5)Cl,C22409096,inactive
Cc1c2c(c(c[nH+]1)CO)Cc3c(nc(nc3SCC(=O)Nc4ccc(cc4)C(C)C)c5ccccc5OC)O2,C97987149,inactive
C[C@@H]1Cc2cc(ccc2O1)C(=O)C3=C(C(=O)N([C@H]3c4ccc(cc4)C(=O)OC)c5nnc(s5)SCc6ccc(cc6)F)O,C97969935,inactive
COc1ccc(cc1)[C@@H]2[C@H]3[C@H](N[C@H]([C@H](C3=O)[C@H]([NH2+]2)c4ccc(cc4)OC)c5ccc(cc5)OC)c6ccc(cc6)OC,C59641106,inactive
CC(C)(C)NC(=O)[C@@H](c1cccc(c1)O)N(c2ccccc2)C(=O)/C(=C\c3ccccc3)/c4ccccc4,C36604036,inactive
C[C@H](N1CCN(CC(F)(F)F)CC1)c1c(C)c(cc2c(ccn12)-c1ccc(N)nc1)C(=O)NCc1c(C)cc(C)[nH]c1=O,490281,active
Cc1c2c(n(n1)C3[NH+]=c4ccccc4=[NH+]3)NC(=O)C[C@H]2c5ccc(cc5)OCc6ccccc6Cl,C39605586,inactive
COc1cccc(C(=O)NCc2c(C)cc(C)[nH]c2=O)c1,CHEMBL3923075,inactive
CCN(C1CCOCC1)c1cc(cc(C(=O)NCc2c(C)cc(C)[nH]c2=O)c1C)-c1ccc(nc1)N1CCN(C)CC1,172163,active
COc1ccccc1[C@@H](CNC(=O)[C@@H](CCSC)NC(=O)c2ccccc2Cl)[NH+]3CCCC3,C23980726,inactive
COc1ccc(c(c1)c2cc([nH]n2)C(=O)N3CC[NH+](CC3)CCn4cc[nH+]c4c5ccccc5)OC,C77158685,inactive
Cc1cc(cc(c1)NC(=O)CS[C@@H]2Nc3c(nccn3)C(=O)N2CCC4=c5ccccc5=[NH+]C4)C,C63541328,inactive
c1ccc2=[NH+][C@@H](C(=c2c1)CCC(=O)N3CCC(CC3)C(=O)Nc4ccccc4O)c5ccc(cc5)F,C63182445,inactive
CCN(C1CCOCC1)c1cc(c(C)c(C(=O)NCc2c(C)cc(C)[nH]c2=O)c1C)-c1ccc(CN2CCN(C)CC2)cc1,50597873,active
CCOC(=O)c1ccc(cc1)NC(=O)C[C@@H]2C(=O)N(C(=S)N2Cc3ccc(cc3)OC(F)(F)F)c4ccc(cc4)C(=O)OCC,C97995408,inactive
Cc1c(c(nc([nH+]1)c2cc(c(c(c2)Br)O)OC)NC)Br,C97624447,inactive
COc1ccc(c2c1cccc2)[C@H]3[C@@H]4C[NH+](CC=C4C(=C(C3(C#N)C#N)N)C#N)Cc5ccccc5,C01251986,inactive
COc1ccc(cc1OC)c2[nH]c(c([nH+]2)SCC(=O)Nc3ccc4c(c3)OCO4)c5ccc(cc5)F,C08594692,inactive
c1ccc2c(c1)ncn2CC(=O)N/N=C\3/CCSc4c3cc(cc4)F,C33042797,inactive
c1cc(ccc1CSc2nnc(s2)NC(=O)CSc3nc([nH]n3)NN=C4CCCCCC4)Cl,C59311219,inactive
c1ccc2=[NH+][C@H]3C(=c2c1)N=NC(=N3)SCC(=O)NCc4ccc(cc4)S(=O)(=O)N,C39355758,inactive
Cc1cccc(c1C)NC(=O)NC(=O)CSc2n[nH+]c(n2CC=C)[C@@H]3CCS(=O)(=O)C3,C24509207,inactive
CCOC(=O)c1c2c(sc1NC(=O)CSc3[nH+]cc(n3Cc4ccco4)c5ccccc5)CCCC2,C06195101,inactive
c1ccc(cc1)Oc2ccc(cc2NC(=O)CN3C(=O)[C@H](NC3=O)CC4=c5ccccc5=[NH+]C4)Cl,C63874645,inactive
c1ccc(c(c1)/C=C\2/C(=O)c3ccc(c(c3O2)C[NH+]4CCN(CC4)c5ccccc5F)O)Br,C41585444,inactive
Cc1ccc(cc1S(=O)(=O)Nc2ccccc2OC)C(=O)N3CC[NH+](CC3)C/C=C/c4ccccc4,C12526324,inactive
CC1CC[NH+](CC1)[C@@H](CNC(=O)N2CCC(CC2)NS(=O)(=O)c3ccccc3)c4cccs4,C32889556,inactive
CCOC(=O)c1c(c2c3c(c([nH+]c2s1)C)COC(C3)(C)C)NC(=S)NC(=O)c4ccccc4,C08915122,inactive
Cc1ccc(cc1)S(=O)(=O)[N-]c2ccc[n+](c2)c3c(nc4ccccc4n3)NS(=O)(=O)c5ccccc5,C02374253,inactive
CCOc1cc(cc(c1OCc2ccc(cc2)F)Cl)C[NH2+]CCSc3nnnn3c4ccccc4,C22107917,inactive
c1cc(cc(c1)Cl)S(=O)(=O)N(c2ccc(cc2)S(=O)(=O)N)S(=O)(=O)c3cccc(c3)Cl,C08636814,inactive
CCN\1c2ccccc2S/C1=C/3\C(=O)N(/C(=N/c4ccc(cc4C)N(CC)CCNS(=O)(=O)C)/S3)CCc5ccccc5,C04782572,inactive
CC(=O)O[C@H]1C[C@H]2[C@@]([C@@H]3[C@@]1([C@@]45[C@@H](O4)C(=O)[C@@H]([C@@]5(CC3)C)c6ccoc6)C)([C@H](C[C@H](C2(C)C)OC(=O)C)O)C,C67911116,inactive
Cc1c([nH+]nc2c1[C@]3(CC[C@H]4[C@H]([C@@H]3C2)CC=C5[C@@]4(CC[C@@H](C5)OC(=O)C)C)C)CC[C@@H](C)CNC(=O)C,C35360933,inactive
Cc1cc(C(C)(C)C)[nH]c(=O)c1CNC(=O)c1cc(-c2ccc(N3CCN(C(C)C)CC3)nc2)cc2c1cnn2C(C)C,CHEMBL4563038,inactive
CCC(C)(C)NC(=O)[C@@H](c1ccc(cc1)OC)N(Cc2ccc[nH+]c2)C(=O)c3c(c(ns3)C(=O)N)N,C06077431,inactive
C[C@@]1(COc2ccccc2O1)[C@@H](C[NH+]3CCN(CC3)c4nc5cc(c(cc5c(n4)N)OC)OC)O,C13888998,inactive
CC(C)C[NH+](Cc1c(ccc2c1O/C(=C/c3cc(cc4c3OCOC4)Br)/C2=O)O)CC(C)C,C41513717,inactive
Cc1cc(cc(c1)O[C@@H](C)C(=O)Nc2c(c3c(s2)C[C@@H](CC3)C)C(=O)N[C@@H]4CCS(=O)(=O)C4)C,C39836307,inactive
Cc1ccc(cc1)[C@@H]([C@@H](C(=O)c2c[nH]c3c2cccc3)O)N4CCC(CC4)[NH+]5CCCCC5,C15017786,inactive
c1ccc(cc1)C(=O)N2CC[NH+](CC2)C[C@@H](COc3ccc(cc3)OC[C@H](CN4CCN(CC4)C(=O)c5ccccc5)O)O,C98050595,inactive
CCN(C1CCOCC1)c1cc(cc(C(=O)NCc2c3CCCCCCc3c(C)[nH]c2=O)c1C)-c1ccc(CN2CCOCC2)cc1,50594150,active
C[C@@H](C(=O)Nc1c2c(cccc2OC)[nH]c1C(=O)OC)[NH+]3CCN(CC3)c4cccc(c4)C(F)(F)F,C09292433,inactive
COc1ccc(cc1)NCc2nnc(n2c3ccccc3)SCCC(=O)Nc4ccccc4Cl,C59262078,inactive
Cc1cccc(c1C)OC[C@@H](C[NH+](Cc2cccc(c2)Br)[C@@H]3CCS(=O)(=O)C3)O,C40315229,inactive
C/C(=N/NC(=[NH2+])S[C@@H]1CC(=O)N(C1=O)c2ccc(cc2)F)/c3ccc(cc3)Br,C83254022,inactive
COc1ccccc1[C@H]2C3=C(c4cc(ccc4O2)Cl)N=C5[NH+]=CNN5[C@H]3c6cccs6,C02917816,inactive
c1ccc(cc1)N2[C@H](NN=C2SCC(=O)N/N=C/C3=c4ccccc4=[NH+]C3)c5ccc(cc5)Cl,C39584758,inactive
c1cc(c(c(c1)Cl)Cl)/C=C\2/C(=O)N(C(=O)S2)CCNC(=O)c3ccc(cc3)OCC(=O)N,C17193946,inactive
CC[C@]1(C[C@@H](c2c(cc3c(c2O)C(=O)c4c(cccc4O)C3=O)[C@H]1C(=O)OC)O[C@H]5C[C@H]([C@@H]([C@@H](O5)C)O)[NH+](C)C)O,C04293362,inactive
CC[C@@]12C=CC[NH+]3[C@@H]1[C@@]4(CC3)c5cc(c(cc5N([C@H]4[C@]([C@@H]2OC(=O)C)(C(=O)OC)O)C)OC)[C@]6(C[C@@H]7C[C@@H](C[NH+](C7)Cc8c6[nH]c9c8cccc9)C(C)(F)F)C(=O)OC,C94313267,inactive
CC(C)NC(=O)[C@H](c1ccc(cc1)Cl)N(c2ccc(cc2)F)C(=O)CCC(=O)Nc3cccc[nH+]3,C13501435,inactive
C[C@@H]1CCC[C@@H]([C@@H]1C)NC(=O)[C@@H]2[C@@]34C=C[C@@H](O3)[C@@H]([C@@H]4C(=O)N2CCc5ccc(cc5)Cl)C(=O)Nc6ccc(cc6)Cl,C59523434,inactive
CC(=O)c1cccc(c1)S(=O)(=O)NC[C@@H](c2ccc3c(c2)OCO3)[NH+]4CCN(CC4)c5ccccc5F,C38620943,inactive
COc1ccc(cc1)NC(=S)Nc2ccc(cc2)S(=O)(=O)Nc3ccc(c(c3)Cl)Cl,C13936158,inactive
c1ccc(c(c1)CNC(=O)CSc2nnc(s2)NC(=O)c3ccc(cc3)Br)Cl,C08822640,inactive
COc1ccc(cc1)[C@@H](CNC(=O)Cn2cnc3c(c2=O)c(cs3)c4cccs4)[NH+]5CCCC5,C13114784,inactive
Cc1ccc2nc(c(c(=O)n2c1)/C=C\3/C(=O)N(C(=S)S3)C[C@H]4CCCO4)NC5CC([NH2+]C(C5)(C)C)(C)C,C96022162,inactive
c1cc(ccc1C2=C[C@@H]3C(=O)N=N[C@@H](N3N2)SCC(=O)Nc4ccc(cc4)Cl)F,C64700757,inactive
CCN(c1ccccc1)S(=O)(=O)c2ccc(c(c2)NC(=O)CSc3[nH+]c(cc([nH+]3)N)N)Cl,C15279584,inactive
Cc1cc(ccc1S(=O)(=O)NC[C@@H](c2ccc3c(c2)OCO3)[NH+]4CCN(CC4)c5ccccc5F)OC,C38621000,inactive
CC(=O)N[C@]1([C@](O[C@](C([C@@]1(C)O)(C)C)(C(=O)[O-])O)(C)[C@@H]([C@H](C[NH3+])O)O)C,C09970243,inactive
Cc1ccc(cc1Cl)N(CC(=O)N/N=C/c2ccc(c(c2)Br)N(C)C)S(=O)(=O)c3ccccc3,C03088327,inactive
CC(C)(C)c1ccccc1OC[C@H](C[NH+]2CCN(CC2)CCN3C(=O)c4cccc5c4c(ccc5)C3=O)O,C22785507,inactive
CCc1ccc(cc1)N2C(=O)[C@@](C(=O)NC2=O)(Cc3cc(c(c(c3)OC)OC)OC)C[NH+]4C[C@H]5C[C@@H](C4)c6cccc(=O)n6C5,C70671981,inactive
Cc1cc(c(cc1Cl)OC)NC(=O)[C@@H](C)[NH+]2CCC(CC2)NS(=O)(=O)c3cccs3,C11720030,inactive
c1ccc(cc1)COC(=O)N2CCC3(CC2)[C@@H]4CN(CC=C4C(=C(C3(C#N)C#N)N)C#N)C(=O)OCc5ccccc5,C02596739,inactive
CCCc1cc(C)[nH]c(=O)c1CNC(=O)c1cc(-c2ccc(CN3CCOCC3)nc2)cc(N(CC)C2CCOCC2)c1C,CHEMBL3701049,active
C[C@@H](C(=O)Nc1ccc(cc1)Br)Sc2nc3ccccc3c(=O)n2Cc4ccc[nH+]c4,C17743588,inactive
CCOc1cc(cc(c1OC(=O)c2cccs2)[N+](=O)[O-])[C@@H]3C(=C(OC4=C3C(=O)C[C@H](C4)c5ccco5)[NH3+])C#N,C03672540,inactive
c1cc(ccc1S(=O)(=O)Nc2ccc3c(c2)C[NH2+]CC3)I,C69052847,inactive
c1ccc(c(c1)CN2c3ccccc3[C@](C2=O)(CC(=O)c4ccccc4O)O)Cl,C01128513,inactive
Cc1cc2c(c(=O)[nH]1)CNC(=O)c1cc(-c3ccc(N4CCNCC4)nc3)cc3c1c(cn3C(C)C)C/C=C/CC2,CHEMBL5177538,active
CC(c1ccccn1)n1c(C)c(C(=O)NCc2c(C)cc(C)[nH]c2=O)c2ccccc12,50110364,active
COc1cc(C)[nH]c(=O)c1CN1CCN(C)c2c(Cl)cc(c(Cl)c2C1=O)-c1ccc(Cl)cc1F,50586169,active
c1ccc(cc1)NC(=O)c2cccc3c2N[C@H]([C@H]4[C@H]3C=CC4)c5cc(ccc5Cl)[N+](=O)[O-],C20705788,inactive
c1ccc2c(c1)c(c[nH]2)C[C@@H]3[C@H]4[C@@H](C(=O)N(C4=O)c5ccc(cc5)F)[C@@]6([NH2+]3)c7cc(ccc7NC6=O)F,C08995138,inactive
CC(=O)O[C@@H]1CC[C@@]2([C@@H](C1)CC[C@@H]3[C@@H]2CC[C@@]4([C@@H]3CC[C@@]4(C(=O)CO[C@@H]5[C@H]([C@@H]([C@H]([C@@H](O5)C(=O)OC)OC(=O)C)OC(=O)C)OC(=O)C)O)C)C,C98222116,inactive
Cc1c2c([nH]n1)OC(=C([C@H]2c3cc(c(c(c3)Br)OCc4cccc(c4)[N+](=O)[O-])OC)C#N)[NH3+],C01126959,inactive
Cc1cc(C)c(CNC(=O)c2cc(C3=CCCCC3)nc(-c3ccc(CN(C)C)cc3)c2)c(=O)[nH]1,CHEMBL3697401,inactive
CCC(C)c1cc(C)c(CNC(=O)c2cc(-c3ccc(N4CCN(C(C)C)CC4)nc3)cc3c2cnn3C(C)C)c(=O)[nH]1,CHEMBL4534613,active
CC(C)C[C@H](C(=O)NCc1ccc[nH+]c1)N2CC3=C(C2=O)[C@H](NC(=O)N3C)c4ccccc4C(F)(F)F,C35966836,inactive
CC(C)(c1ccccc1)c2ccc(cc2)OC[C@H](Cn3c4ccccc4[nH+]c3CCCO)O,C60043007,inactive
c1ccc(cc1)C(=O)CS[C@H]2Nc3ccccc3C(=O)N2NC(=O)CCC4=c5ccccc5=[NH+]C4,C63667423,inactive
COc1cc(ccc1O)[C@@H]2[C@H]3C(=NC(=C2C#N)SC)CCCC3=O,C09110096,inactive
CSc1cc(C)[nH]c(=O)c1CNC(=O)c1c(C)n([C@H](C)C2CCN(CC2)C2CC(F)C2)c2ccccc12,574920,active
C[C@H](C(=O)Nc1ccc(cc1)NC(=O)C)Sc2c(c(cc(n2)c3cccs3)C(F)(F)F)C#N,C18025936,inactive
CCOc1cc(ccc1O)[C@@H]2C(=C(C(=O)N2CC[NH+](C)C)O)C(=O)c3ccc(cc3)OCc4ccccc4C,C35445420,inactive
c1ccc(cc1)CN2C(=O)N[C@H]([C@@H]([C@@]2(C(F)(F)F)O)C(=O)c3cccs3)c4ccc(cc4)O,C33774503,inactive
CC(=O)N[C@@H]1[C@@H](C[C@@](O[C@@H]1[C@H]([C@@H](C[NH3+])O)O)(C(=O)[O-])O)O,C71789794,inactive
c1ccc(c(c1)CNC2=[NH+]CCNC23CCN(CC3)S(=O)(=O)c4ccc(cc4)F)F,C65074648,inactive
CC(C)(C)[C@H]([C@@H](n1cncn1)Oc2ccc(cc2)Cl)n3c(nnn3)[C@@H](c4ccc(cc4Cl)Cl)[NH+]5CCCCC5,C98001511,inactive
Cc1cc(C)c(CNC(=O)c2cc(C3=CC(C)(C)NC(C)(C)C3)nc3c2cnn3C)c(=O)[nH]1,CHEMBL3769561,inactive
CCOC(=O)c1ccc(cc1)NC(=O)CN2c3ccccc3/C(=C/4\C(=O)N(C(=S)S4)Cc5ccc(cc5)C)/C2=O,C98218742,inactive
C[C@@H]1C[C@@]([C@@H](C[NH+]1C)C)(CCNC(=O)CO/N=C/2\CC[C@@]3([C@@H]4CC[C@]5([C@@H]([C@@H]4CCC3=C2)CC[C@]5(C#C)O)C)C)c6ccccc6,C70672243,inactive
CCN(C1CCOCC1)c1cc(cc(C(=O)NCc2c(C)cc(C)[nH]c2=O)c1C)-c1ccc(CN2CCN(CCCCCCCCOc3cccc4C(=O)N(C5CCC(=O)NC5=O)C(=O)c34)CC2)cc1,50582390,active
Cc1cc(ccc1NC(=O)C[NH+](C)CC(=O)N[C@@H](C)c2ccc3c(c2)OCCO3)Br,C20686369,inactive
CCc1ccc(cc1)S(=O)(=O)NC[C@H](c2ccc(cc2)N(C)C)[NH+]3CCN(CC3)c4ccc(cc4)F,C21755075,inactive
c1ccc2c(c1)n(c(=O)s2)Cc3nnc(n3c4cccc(c4)C(F)(F)F)SCC(=O)Nc5ccc6c(c5)OCCO6,C97963935,inactive
CCN([C@H]1CC[C@@H](CC1)N(C)C)c1cc(cc(C(=O)NCc2c(C)cc(C)[nH]c2=O)c1C)-c1cscn1,172158,active
CC1(Cc2c(c(sc2C([NH2+]1)(C)C)NC(=O)c3ccc(cc3)S(=O)(=O)N4CCCC4)C(=O)OC)C,C09391498,inactive
c1cc(ccc1NC(=O)CSc2cn[nH]n2)Sc3ccc(cc3)NC(=O)CSc4cn[nH]n4,C35148255,inactive
Cc1ccc(c(c1)C)c2csc3c2c(nc(n3)C[NH+](C[C@@H](COc4ccc(cc4)OC)O)C5CC5)[O-],C36207968,inactive
C[NH+]1CCc2c(sc3c2C(=O)N[C@@H](N3)c4ccc(c(c4)OC)OC(=O)c5ccc(cc5)OC)C1,C08874814,inactive
CCN(CC)S(=O)(=O)c1cccc(c1)c2c(cn(n2)c3ccccc3)/C=C(\C#N)/C(=O)NCCCn4cc[nH+]c4,C97959812,inactive
CCN(c1cc(-c2ccc(CN3CCOCC3)cc2)cc(C(=O)NCc2c(C)cc(C)[nH]c2=O)c1Cl)C1CCOCC1,CHEMBL3701037,active
CN(C)[C@H]1CC[C@@H](CC1)Oc1cc(Cl)cc2c1C\C=C\CCCc1cc(C)[nH]c(=O)c1CNC2=O,50061979,active
c1cc2c(cc1I)c3cc(ccc3n2C[C@@H](C[NH2+]C(CO)(CO)CO)O)I,C98048115,inactive
COc1cc(cc(c1OC)OC)C2=NC(=CC3=c4ccccc4=[NH+][C@H]32)C(=O)NCCc5ccccc5F,C38563969,inactive
Cc1cc(c(c(=O)o1)/C(=N\NS(=O)(=O)c2ccc(cc2)Br)/C)O,C06255167,inactive
CCN(C1CN(C)C1)c1cc(Cl)cc(C(=O)NCc2c(C)cc(C)[nH]c2=O)c1C,190216,active
C[NH+]1CCN(CC1)[C@H](CNS(=O)(=O)c2ccc(cc2)OC(F)(F)F)c3ccc4c(c3)CCCN4C,C38673163,inactive
[H]/N=C\1/C(=C/c2ccc(c(c2)OCC)OS(=O)(=O)c3ccc(cc3)C)/C(=O)N=C4N1N=C(S4)c5ccc(cc5)C,C08494199,inactive
c1ccc(cc1)Sc2ccccc2NC(=O)C[NH+]3CCN(CC3)CC(=O)Nc4ccc(cc4)F,C22792253,inactive
CC(=O)Nc1cccc(c1)NC(=O)CSc2nc(cs2)CC(=O)NCc3ccccc3Cl,C08850008,inactive
c1ccc(cc1)C\2=[NH+]C(=O)N[C@@H](/C2=C/3\Nc4ccccc4S3)c5ccc6c(c5)OCCO6,C09090321,inactive
c1cc(ccc1NC(=O)CC[NH+]2CCN(CC2)S(=O)(=O)c3ccc(cc3)F)S(=O)(=O)N,C24896622,inactive
CCOc1ccc(cc1)NCc2cccn2c3nnc(s3)N4CCC(CC4)C(=O)NCCC[NH+]5[C@@H](CCC[C@H]5C)C,C38139229,inactive
Cc1c2c(n[nH]1)OC(=C([C@@H]2c3cc(ccc3OCc4ccc(cc4)Br)[N+](=O)[O-])C#N)[NH3+],C09380438,inactive
c1ccc2c(c1)nc(n2C[C@H](CN3CCN(CC3)C[C@H](Cn4c5ccccc5nc4C(F)(F)F)O)O)C(F)(F)F,C98048154,inactive
c1ccc(c(c1)C(=O)Nc2ccc3c(c2)OCCO3)NS(=O)(=O)c4ccccc4F,C16096398,inactive
CCN(C1CCOCC1)c1cc2oc(CN3CCCCC3)cc2c(C(=O)NCc2c(OC)cc(C)[nH]c2=O)c1CC,50287053,active
CCc1cc(C)c(CNC(=O)c2cc(Cl)cc(N(CC)C3CCOCC3)c2C)c(=O)[nH]1,CHEMBL3770184,active
Cc1ccc(Oc2ccc(C(=O)NC3CC(C)(C)NC(C)(C)C3)cc2)cc1,CHEMBL3264764,inactive
CCN(c1cc(/C=C/c2ccc(CN3CCOCC3)cc2)cc(C(=O)NCc2c3c(c(C)[nH]c2=O)CCCC3)c1C)C1CCOCC1,CHEMBL4646766,active
CN(C)c1ccc(cc1)[C@H](CNS(=O)(=O)c2ccc3c(c2)CCC(=O)N3)C4=c5ccccc5=[NH+]C4,C63182710,inactive
c1ccc(c(c1)[C@@H]2CC(=NN2c3ccc(cc3)S(=O)(=O)N)c4ccc(cc4)F)F,C08843559,inactive
CCCc1cc(C)[nH]c(=O)c1CNC(=O)c1cc(Cl)cc(N(CC)[C@H]2CC[C@H](N(C)C)CC2)c1C,CHEMBL3971862,active
CC[C@H](C)n1cc(C)c2c(cc(cc12)-c1ccc(nc1)N1CCN(CCCCCCCCCOc2cccc3C(=O)N(C4CCC(=O)NC4=O)C(=O)c23)CC1)C(=O)NCc1c(C)cc(C)[nH]c1=O,50582382,active
Cc1ccc(cc1C)n2c3c(c(=O)n(c(n3)SCC(=O)Nc4ccc(cc4)N(C)C)c5ccccc5)sc2=S,C03026454,inactive
c1ccc(cc1)c2cn(c3c2c(nc[nH+]3)NCCC[NH+]4CCOCC4)c5cccc(c5)C(F)(F)F,C23153889,inactive
C[C@H]([C@H]1[C@@H](C[C@@]2([C@@]1(CC=C3[C@@H]2CC[C@@H]4C(=C3)CC[C@@H](C4(C)C)[NH2+]C)C)C)O)N(C)C(=O)C,C31161676,inactive
Cc1ccc(cc1)c2c(cn(n2)c3ccccc3)[C@H]4CC(=NN4C(=O)C[NH2+]CCO)c5ccc(cc5)OC,C10435196,inactive
C[C@@]1(CC[C@@]2([C@@H](C1)C(C[C@@H]2NC(=O)CC(C)(C)C)(C)C)CCC(=O)NCCOC)O,C43547975,inactive
CC(=O)c1ccc(cc1)NC(=O)[C@@H]2CC=CC[C@@H]2C(=O)Nc3ccc(cc3)Cl,C39894684,inactive
CC[C@H](C)[C@@H](C(=O)N[C@@H](CC1=c2ccccc2=[NH+]C1)C=O)NS(=O)(=O)c3cccc4c3cccc4,C95871273,inactive
CCN(Cc1c2c(n(n1)c3ccccc3)CC[NH+](C2)Cc4cc(ccc4F)F)C(=O)NCC(=O)OCC,C34769006,inactive
CCCN1C/C(=C\c2ccc(cc2OC)OC)/C3=C(C1)[C@@H](C(=C(O3)[NH3+])C#N)c4ccc(cc4OC)OC,C39326711,inactive
CC(C)n1ncc2c(cc(nc12)-c1ccc(cc1)C(=O)NCCCN(C)C)C(=O)NCc1c(C)cc(C)[nH]c1=O,325829,active
c1ccc(cc1)n2cc(c(n2)c3ccc(cc3)F)/C=N/NC(=O)C(=O)Nc4ccccc4C(=O)Nc5ccc(cc5)Br,C04260965,inactive
COc1cccc(c1)C[NH+](Cc2ccco2)Cc3ccc(o3)C(c4ccc(cc4)F)(c5ccc(cc5)F)O,C36203317,inactive
CC(=O)Oc1cc(c(cc1OC)[C@H](c2cc(c3cccnc3c2O)Cl)Nc4cccc[nH+]4)Br,C06196803,inactive
CN([C@@H]1CC[C@@H](CC1)NC(C)=O)c1cc(cc(C(=O)NCc2c(C)cc(C)nc2=O)c1C)-c1ccc(CO)nc1,172050,active
CCOC(=O)CCc1cc(c(c(c1)/N=C/c2cc(cc(c2O)Cl)Cl)O)/[NH+]=C/c3cc(cc(c3O)Cl)Cl,C02160740,inactive
CCc1ccccc1NC(=O)N2CCN(CC2)c3c(c([nH+]c(n3)c4cccc(c4)F)C)Cc5ccccc5,C35891046,inactive
CN(C)Cc1ccc(cn1)-c1cc(N(C)C2CCCC2)c(C)c(c1)C(=O)NCc1c(C)cc(C)nc1=O,514174,active
CSc1cccc(c1)NC(=O)[C@H]2[C@H]3C=C[C@@]4([C@@H]2C(=O)N([C@@H]4C(=O)NC5CCCCC5)Cc6ccc[nH+]c6)O3,C59525716,inactive
Cc1ccc2cccc(c2n1)S(=O)(=O)NC[C@@H](c3ccc4c(c3)CCCN4C)[NH+]5CCCCC5,C38671169,inactive
COCc1c2c([nH]n1)OC(=C([C@@H]2c3ccc(c(c3)OC)OCc4ccccc4)C#N)[NH3+],C08973530,inactive
c1cc(cc(c1)Cl)C[C@@H]2C(=O)N(/C(=C(\C#N)/C(=O)N)/S2)c3ccc(cc3)Cl,C01790293,inactive
Cc1ccc(cc1)OCc2nnc(n2c3ccc(cc3)Cl)SCC(=O)Nc4ccc(cc4)S(=O)(=O)N,C02363088,inactive
c1ccc2c(c1)CCC[C@H]2NC(=O)CSc3nnc(n3N)c4ccc(cc4)Cl,C03286542,inactive
Cc1cc(c(c(c1C)S(=O)(=O)N[C@@H](C)C(=O)N[C@H](C)c2ccc(cc2)n3cc[nH+]c3)C)C,C23565029,inactive
Cc1ccc(cc1)[C@H](C(=O)NC(C)C)N(c2ccc(cc2)OC)C(=O)CCC(=O)Nc3cccc[nH+]3,C13501416,inactive
CC(C)n1ncc2c(cc(nc12)-c1cccc(CN2CCN(C)CC2)c1)C(=O)NCc1c(C)cc(C)[nH]c1=O,325852,active
Cc1ccc(cc1)OC(=O)c2c(c3c(c4c([nH+]c3s2)CC[NH+](C4)C)c5ccccc5OC)N,C40570223,inactive
COCCNC(=O)[C@@H]1C[C@@H](C[NH+]1Cc2ccccc2C(F)(F)F)Sc3[nH]c4ccccc4n3,C12241754,inactive
C[NH+](CC(=O)Nc1ccc(cc1)OC(F)(F)F)CC(=O)Nc2ccc(c(c2)Cl)Cl,C03389960,inactive
CC(C)n1ncc2c(cc(nc12)-c1cccc(CNC2CCCCC2N)c1)C(=O)NCc1c(C)cc(C)[nH]c1=O,325831,active
CC(C)[NH+]1CCc2c(sc3c2C(=[NH+][C@H](N3)c4ccc(cc4)OC(=O)c5ccc(cc5Cl)Cl)O)C1,C15947050,inactive
Cc1ccc2=[NH+]CC(=c2c1)CCNC(=O)CSC[C@@H]3N=N[C@@H](S3)C(=O)Nc4ccc(cc4)F,C64491460,inactive
C[C@H]1C[C@@H](CN(C1)S(=O)(=O)c2ccc(cc2)C(=O)Nc3c(c4c(s3)C[NH+](CC4)C)C(=O)N(C)C)C,C36649601,inactive
Cc1cc(ccc1NCN2C(=O)/C(=C/c3ccc(c(c3)OC)O)/SC2=O)I,C03658826,inactive
Cc1[nH]c(=O)[nH]c(=O)c1CNC(=O)c1cc(-c2ccc(N3CCN(C(C)C)CC3)nc2)cc2c1cnn2C(C)C,CHEMBL4593180,inactive
CN([C@H]1CC[C@@H](CC1)NC(C)=O)c1cc(cc(C(=O)NCc2c(C)cc(C)nc2=O)c1C)-c1cnn(C)c1,514164,active
CCN(C1CCOCC1)c1cc(cc(C(=O)NCc2c(cc(C)[nH]c2=O)C(C)C)c1C)C#CC1CCN(C[C@H](C)O)CC1,601745,active
COc1ccc2c(c1)c3c([nH]2)[C@H]([NH2+][C@@H](C3)C(=O)[O-])c4ccc(c(c4)CSc5nc6ccccc6s5)OC,C02118998,inactive
CCOc1ccc(cc1)S(=O)(=O)N(CC(=O)N/N=C/c2cc3ccc(cc3nc2Cl)OC)c4ccc(cc4)C,C06601240,inactive
CC[NH+]1CCc2c(sc(c2C(=O)OC)NC(=O)c3ccc(cc3)S(=O)(=O)N(CC)c4ccccc4)C1,C09383360,inactive
c1ccnc(c1)c2nnc(n2N)SCC(=O)Nc3cc(ccc3Cl)C(F)(F)F,C02193564,inactive
c1ccc(cc1)CSc2nc3ccc[nH+]c3n2Cc4ccc(cc4)C(=O)NCCC[NH+]5CCCCC5,C08912933,inactive
CCc1c(cc2oc(cc2c1C(=O)NCc1c(OC)cc(C)[nH]c1=O)C1CC1)N(CC1CC1)C1CCOCC1,458821,active
[H]/N=C\1/C(=C/c2cc(n(c2C)c3cccc(c3)C)C)/C(=O)N=C4N1N=C(S4)C(C)C,C33439036,inactive
Cc1c(c(n(n1)C)C)NC(=O)[C@H](C)[NH2+]C[C@H](c2ccccc2)c3c4ccccc4[nH]c3c5ccccc5,C28804061,inactive
CN(C)[C@H]1CC[C@@H](CC1)[C@]1(C)Oc2c(O1)c(-c1ccco1)c1CCN(Cc3c(C)cc(C)[nH]c3=O)C(=O)c1c2C,588043,active
c1cc(cc(c1)NC(=S)N(CCC[NH+]2CCCC2)Cc3cccn3Cc4ccc(cc4)Cl)C(F)(F)F,C17376247,inactive
COC(=O)[C@@H]1Cc2c3ccccc3[nH]c2[C@H]4N1[C@@H](C[C@H](C4)[NH2+]CCCn5ccnc5)c6ccc(c(c6)F)F,C67879365,inactive
CC1CC(CC(C)(C)N1)NC(=O)c1ccc(Oc2cccc(-c3ccnnc3)c2C#N)c(Cl)c1,50010831,active
CCN(C1CCOCC1)c1cc(cc(C(=O)NCc2c(C)cc(C)[nH]c2=O)c1C)-c1ccc(CN2CCC[C@H](O)C2)cc1,172070,active
c1cc(c(c2c1c3c(s2)nc4n(c3=O)CCCCC4)OC[C@H](C[NH+]5CCCCC5)O)Br,C00787747,inactive
CSc1cc(C)[nH]c(=O)c1CNC(=O)c1c(C)n([C@H](C)C2CCC(CC2)N2CC(F)C2)c2ncncc12,574926,active
CC[NH+]1CCN(CC1)c2ccc(cc2)NC(=S)NC(=O)c3ccc(c(c3)[N+](=O)[O-])N4CCCCC4,C08898288,inactive
c1cc(c(cc1Cl)Cl)C(=O)NNC(=O)CCCCCCCC(=O)NNC(=O)c2ccc(cc2Cl)Cl,C98232613,inactive
CCN(c1cncc(C(=O)NCc2c(C)cc(C)[nH]c2=O)c1C)[C@H]1CC[C@H](N(C)C)CC1,CHEMBL3895049,active
COc1ccccc1CNC2=[NH+]CC[NH2+]C23CCN(CC3)S(=O)(=O)c4ccc(s4)Cl,C65074782,inactive
Cc1cccc(c1NS(=O)(=O)c2ccc(cc2)NC(=O)CN(c3ccc(cc3)OCc4ccccc4)S(=O)(=O)C)C,C03105321,inactive
CC(C)[NH+](CCn1c(=O)c2ccccc2nc1SCc3[nH]c(=O)c4cc(ccc4n3)Cl)C(C)C,C22187473,inactive
COc1cc(ccc1O)[C@@H]2C(=C(C(=O)N2c3nc4ccc(cc4s3)F)O)C(=O)c5ccc(cc5)F,C33556008,inactive
Cc1c([nH+]c([nH]1)SCC(=O)Nc2cccc3c2C(=O)c4ccccc4C3=O)Cc5ccccc5,C09946844,inactive
CCOc1ccc(cc1)NC(=O)[C@H](CCSC)N2C(=O)[C@@H]3[C@H](C2=O)C4c5ccccc5C3c6c4cccc6,C18056993,inactive
CCN(C1CCC(CC1)N(C)CCOC)c1c(CC)c(cc2n(C)ncc12)C(=O)NCc1c(C)cc(C)[nH]c1=O,516849,active
c1cc(cnc1)[C@@H](CN2[C@@H](CCC2=O)CC[NH2+]Cc3cc4c(cc3Cl)OCO4)[NH+]5CCCCC5,C14986644,inactive
c1ccc2c(c1)cc(o2)C(=O)C3=C(C(=O)N([C@@H]3c4cccc(c4)O)c5nnc(s5)SCc6ccc(cc6)F)O,C08383374,inactive
CCCCOc1ccc(cc1OC)[C@H]2C(=C(C(=O)N2CCCn3cc[nH+]c3)O)C(=O)c4ccc5c(c4)C[C@@H](O5)C,C97955706,inactive
CCN(c1cc(-c2ccc(CN3CC[C@H](F)C3)cc2)cc(C(=O)NCc2c(C)cc(C)[nH]c2=O)c1C)C1CCOCC1,CHEMBL3697462,active
Cc1c(sc2c1c([nH+]c(n2)CSc3nc(c(nn3)c4ccccc4)c5ccccc5)N)C,C10395420,inactive
Cn1c(nnc1SCC(=O)Nc2c(c3c(s2)CCCC3)C(=O)N)[C@H]4COc5ccccc5O4,C21137098,inactive
c1cc(ccc1C(=O)NCC(=O)Nc2ccc3c(c2)[nH+]c([nH]3)c4cc(ccc4F)F)N5CCCC5=O,C71998841,inactive
c1cc(cc(c1)NS(=O)(=O)c2ccc3c(c2)CCC3)NC(=O)c4cccs4,C24103324,inactive
CC(=O)N[C@@H]1[C@H]([C@@H]([C@H](O[C@H]1Oc2ccc(cc2)[N+](=O)[O-])COC(=O)c3ccccc3)O)OC(=O)c4ccccc4,C77311737,inactive
Cc1cccn2c1nc(c(c2=O)/C=C\3/C(=O)N(C(=S)S3)CCCCCC(=O)O)NCC[NH+]4CCOCC4,C08872540,inactive
COc1ccc(cc1OC)N/C(=N\C(=O)c2ccc(cc2)Cl)/NCCC3=c4ccccc4=[NH+]C3,C63588481,inactive
COC(=O)C1=c2n(c(=O)/c(=C/c3c(cccc3Cl)F)/s2)C(=C([C@@H]1c4c(cccc4Cl)F)C(=O)OC)N,C01896996,inactive
c1ccc2c(c1)cccc2C[C@@]3(CCC(=O)N3)CCC(=O)N4CCC(CC4)[C@H](c5ccc[nH+]c5)O,C11791254,inactive
CCOC(=O)c1c(c(sc1N/C=C(/C#N)\c2nc(cs2)c3cc4cc(ccc4oc3=O)[N+](=O)[O-])C(=O)C)C,C01815397,inactive
CC(C)COc1ccc(cc1)/C(=C/2\[C@H](N(C(=O)C2=O)CCC[NH+](C)C)c3ccc(cc3)O)/O,C09359507,inactive
CC(C)N1CC(C)c2c1cc(cc2C(=O)NCc1c(C)cc(C)[nH]c1=O)C#N,50205628,active
c1ccc(cc1)[C@H](C(=O)Nc2ccc(cc2Br)[N+](=O)[O-])NCCC3=c4ccccc4=[NH+]C3,C64691495,inactive
CCOC(=O)C1=C(OC(=C([C@H]1c2cccs2)C#N)N)CSc3c(ccc([nH+]3)c4cccs4)C#N,C08443105,inactive
Cc1cccc(c1)NC(=O)/C(=C\c2cc(n(c2C)c3ccc(cc3)S(=O)(=O)N)C)/C#N,C08558976,inactive
CSc1cc(C)[nH]c(=O)c1CNC(=O)c1cc(Cl)c2OC(C)(Oc2c1C)C1CCC(CC1)N1CC(F)(F)C1,542473,active
c1ccc2c(c1)nc(s2)SCc3ccc(cc3)C(=O)N4CCC(CC4)C(=O)N,C21873923,inactive
C[C@H]1Cc2cc(ccc2O1)C(=O)C3=C(C(=O)N([C@H]3c4cc(c(c(c4)Br)O)OC)CCC[NH+](C)C)O,C97953916,inactive
CCN(C1CCOCC1)c1cc(cc(C(=O)NCc2c(C)cc(C)[nH]c2=O)c1C)-c1ccc(CN2CC[C@@H](F)C2)cc1,172068,active
c1cc(c(cc1F)Cl)C(=O)Nc2cc(ccc2O)S(=O)(=O)N3CCCC3,C14241570,inactive
CCOc1ccccc1/C=C/2\C[NH+](CC3=C2OC(=C([C@@H]3c4ccccc4OCC)C#N)N)Cc5ccccc5,C39326822,inactive
Cc1ccc(cc1)OC(=O)c2c(c3c(c4c([nH+]c3s2)CCN(C4)C)c5cccc(c5OC)OC)N,C40570160,inactive
Cn1c(cc(=O)c(c1CN2CCN(CC2)Cc3ccccc3Cl)O)C[NH+]4C[C@H]5C[C@@H](C4)c6cccc(=O)n6C5,C85876299,inactive
CC(=O)Nc1cccc(c1)N([C@H](c2cccs2)C(=O)NC3CCCCC3)C(=O)[C@H]4COc5ccccc5O4,C00930996,inactive
c1ccc(c(c1)CN2C(=O)[C@](N=C2O)(C(F)(F)F)NC(=O)C3CCCCC3)Cl,C13654996,inactive
COc1cccc(c1)NC(=O)c\2cc3ccc(cc3o/c2=[NH+]\c4ccc(cc4)S(=O)(=O)N)OC,C59170514,inactive
c1cc(cc(c1)F)COc2ccc(cc2/C=N/NC(=O)c3c(nnn3c4c(non4)N)C[NH+]5CCCC5)Br,C98216000,inactive
Cc1cc(C)c(CNC(=O)c2cc(Br)nc3c2cnn3C2CCOCC2)c(=O)[nH]1,CHEMBL3770626,active
c1ccc(cc1)S(=O)(=O)Nc2cc(c(c(c2)Cl)NS(=O)(=O)c3ccccc3)Cl,C01083126,inactive
c1cc(cc(c1)OC(C(F)F)(F)F)C(=O)NC(=O)NNc2c(cc(cn2)C(F)(F)F)Cl,C22078285,inactive
CC1=C([C@@H](N2CCCSC2=[NH+]1)c3ccc(cc3)NC(=O)[C@@H](C)Cl)C(=O)Nc4ccc(cc4)OC,C35760388,inactive
c1ccc(c(c1)C(=O)OCC(=O)Nc2ccc(cc2)S(=O)(=O)N)Br,C25391289,inactive
COc1cc(cc(c1OC)OC)c2cc(nc(c2C#N)SCC(=O)Nc3ccc4c(c3)OCO4)c5ccccc5,C33358630,inactive
CC(=O)Nc1ccc(cc1)S(=O)(=O)/N=C\2/[C@@H]([NH+]=c3ccccc3=[NH+]2)Nc4ccc(c(c4)OC)OC,C39978770,inactive
CCOC(=O)c1c(c(sc1NC(=O)c2cc(ccc2NS(=O)(=O)c3ccc(cc3)Cl)Br)C(=O)OCC)C,C97999879,inactive
c1cc(ccc1C(=O)OCC(=O)c2ccc(cc2)Br)NC(=O)C[C@@H]3C(=O)N4CCC[C@@H]4CO3,C22839667,inactive
Cc1cc(C)c(CNC(=O)c2cc(cc3n(ncc23)C2CCCC2)-c2ccc(CNCCS(C)(=O)=O)o2)c(=O)[nH]1,326074,active
CC(C)(C)c1ccc(cc1)OCCOc2c(cc(cc2I)/C=N/NC(=O)c3ccncc3)OC,C97958632,inactive
CSc1cc(C)[nH]c(=O)c1CNC(=O)c1c(C)n([C@H](C)C2CCN(CC2)C(=O)CO)c2ccccc12,575012,active
CCOc1ccc(cc1)[n+]2c(c3c(n[nH]c3nc2SCC(=O)Nc4ccccc4C(=O)OCC)C)N,C49539722,inactive
c1cc2c(n[nH]c2c(c1)Cl)CC(=O)N3CCC[C@H]3C(=O)NCc4cccs4,C77894051,inactive
Cc1cccc(c1NC(=O)C[NH+](CC(=O)Nc2ccccc2F)CC(=O)Nc3c(cccc3C)C)C,C21324935,inactive
Cc1ccccc1NC(=O)C2=C(N=C(C([C@@H]2c3cccs3)C#N)SCC(=O)Nc4cccc(c4)F)C,C06444287,inactive
COc1ccc(cn1)-c1cc(cc2CC(C)(Oc12)C(C)=C)C(=O)NCc1c(C)cc(C)[nH]c1=O,359834,active
CC1(CC2=C([C@H](C(=C(N2c3ccc(cc3)OC)N)C#N)c4cc(cs4)Cn5c[nH+]c6c5cccc6)C(=O)C1)C,C98008004,inactive
C[C@@H]1CCC=C2[C@@]1([C@@H]([C@H]3[C@@H](C2)OC(=O)[C@@H]3CN4CC[NH+](CC4)[C@@H](c5ccccc5)c6ccc(cc6)Cl)O)C,C20411425,inactive
COc1ccc(cc1OC)NC(=O)Nc2cc(c(cc2Cc3c4cc(c(cc4cc[nH+]3)OC)OC)OC)OC,C70673609,inactive
c1cc(ccc1[C@H]2CC[NH2+]C[C@H]2COc3cc4c(cc3Cc5cc6c(cc5OC[C@@H]7C[NH2+]CC[C@@H]7c8ccc(cc8)F)OCO6)OCO4)F,C67665289,inactive
C[NH+]1CCc2cc(c(cc2[C@H]1Cc3ccc(cc3)OCOc4ccc(cc4)C[C@@H]5c6cc(c(cc6CC[NH+]5C)OC)OC)OC)OC,C70664884,inactive
CCCc1c2c([nH]n1)OC(=C([C@@H]2c3ccc(c(c3)OC)OC(=O)c4cccc(c4C)[N+](=O)[O-])C#N)[NH3+],C16319985,inactive
CCN(c1cc(-c2ccc(CN3CCOCC3)nc2)cc(C(=O)NCc2c(C(C)C)cc(C)[nH]c2=O)c1C)C1CCOCC1,CHEMBL3701048,active
CC(=O)N[C@@H]1[C@H]([C@H]2[C@@H](CO[C@@H](O2)c3ccccc3)O[C@H]1Oc4ccccc4/C=C/C(=O)c5ccccc5)O,C70712167,inactive
Cc1ccc(cc1)N[C@H]2[C@H](C3=C(COC(C3)(C)C)C4=NN[C@@H](N24)SCC5[NH+]=c6ccccc6=[NH+]5)C#N,C63472978,inactive
CN(c1ccccc1)c1ccc(C(=O)NC2CC(C)(C)NC(C)(C)C2)cc1,CHEMBL3264758,inactive
COc1cc(cc(c1OC)OC)c2n[nH]c(=S)n2/N=C/c3cc(cc(c3O)I)I,C98226851,inactive
Cc1ccc(cc1)NS(=O)(=O)c2ccc(cc2)NC(=O)CSc3nnc(n3N)C(F)(F)F,C20841320,inactive
Cc1nc2n(n1)c(c(s2)[C@@H](c3cc(c(c(c3)OC)OC)OC)[NH+]4CCN(CC4)C(c5ccccc5)c6ccccc6)[O-],C97963918,inactive
CNc1c(cc(cn1)Br)S(=O)(=O)Nc2cc(ccc2Cl)Cl,C50632525,inactive
C[C@@H]1CCc2c(sc3c2c([nH+]c(n3)CC[NH+]4CCN(CC4)S(=O)(=O)c5ccccc5)N)C1,C12609236,inactive
CCc1c(sc(c1C(=O)OCC)NC(=O)COC(=O)C[C@H](c2ccc(cc2)Cl)NC(=O)N)C,C23642088,inactive
CCCOc1ccc(cc1OCC)[C@@H]2C(=C(C(=O)N2CC[NH+]3CCOCC3)O)C(=O)c4ccc5c(c4)C[C@H](O5)C,C97967200,inactive
CN(C)Cc1cc(C)[nH]c(=O)c1CNC(=O)c1cc(cc2n(ncc12)C1CCCC1)-c1ccc(CN2CCOCC2)cc1,326093,active
CC[NH+](CC)CCN1[C@H](C(=C(C1=O)O)C(=O)c2ccc(cc2)OCC)c3ccc(c(c3)OC)OCCC(C)C,C34918369,inactive
CCCc1cc(C)[nH]c(=O)c1CNC(=O)c1cc(-c2ccc(F)cn2)cc2c1cnn2C(C)C,CHEMBL4593352,active
CSc1cc(C)[nH]c(=O)c1CNC(=O)c1c(C)n([C@H](C)[C@H]2CCC(CC2)NC2(COC2)C(F)(F)F)c2ncncc12,575059,active
Cc1ccc(o1)CN([C@H](c2ccc(c(c2)OC)O)C(=O)NC(C)(C)CC(C)(C)C)C(=O)c3ccc(cc3)OC,C36595702,inactive
c1ccc(cc1)c2c(c[nH]n2)[C@@H]3c4c(nn(c4OC(=C3C#N)[NH3+])c5ccccc5)c6ccco6,C13959784,inactive
c1ccc(cc1)c2cc(n[nH]2)N3CCN(CC3)C(=O)c4ccc5cc[nH]c5c4,C96398094,inactive
COC(C1CCN(CC1)C1COC1)c1cc(Cl)c2CCN(Cc3c(C)cc(C)[nH]c3=O)C(=O)c2c1Cl,50246937,active
CCOc1cc(ccc1OC(=O)c2cccs2)[C@@H]3c4c(n[nH]c4OC(=C3C#N)[NH3+])c5ccc(cc5)OC,C08569253,inactive
c1cc(ccc1c2ccc(o2)/C=C/3\C(=O)N(C(=S)S3)C4CCCC4)S(=O)(=O)N,C34982809,inactive
Cn1ccnc1[C@H](c2ccc(cc2)Cl)[NH2+]C[C@H](COC(c3ccc(cc3)F)c4ccc(cc4)F)O,C28656083,inactive
CCCOc1ccc(cc1)NC(=O)C[C@@H]2C(=O)N(C(=S)N2Cc3ccc[nH+]c3)c4ccc(cc4)Cl,C08855096,inactive
COc1ccc(cc1)c2csc(n2)NC(=O)c3ccc(c(c3)NC(=O)c4cccs4)Cl,C13138056,inactive
COc1cc(cc(c1OC)OC)/C(=[NH+]/CCC(=O)N2CCC3(CC2)c4c([nH]cn4)CC[NH2+]3)/O,C20573659,inactive
COc1ccc(cc1NC(=S)N[C@@H](C(Cl)(Cl)Cl)NC(=O)c2ccc(cc2)I)[N+](=O)[O-],C98221436,inactive
CNCCN1CCC(CC1)c1cc(C(=O)NCc2c(C)cc(C)[nH]c2=O)c2cnn(C3CCCC3)c2c1,326153,active
CCOC(=O)c1c2c(sc1NC(=O)CSc3nnc(n3C)[C@@H](C)Oc4ccc(cc4F)F)C[C@H](CC2)C,C97948054,inactive
Cc1cc(nc([nH+]1)c2ccccc2[O-])N3CCC(CC3)(c4cccnc4)O,C91757019,inactive
CC[NH+]1CCc2c(sc(n2)NC(=O)CCNS(=O)(=O)c3ccccc3Cl)C1,C97053152,inactive
CC(C)n1ncc2c(cc(nc12)C1CCN(CC1)C(=O)C1CNC1)C(=O)NCc1c(C)cc(C)[nH]c1=O,325986,active
CSc1cc(C)[nH]c(=O)c1CNC(=O)c1c(C)n([C@H](C)[C@H]2CCC(CC2)N2CC(F)C2)c2ncc(F)cc12,574947,active
COc1cccc(c1)[C@H]2[C@H]3[C@@H](N(C(=O)[C@@H]3N=[NH+]2)CCC4=c5cc(ccc5=[NH+]C4)OC)c6ccc(cc6)O,C63295627,inactive
Cc1ccc(cc1S(=O)(=O)NC)NC(=O)CSc2[nH+]ccn2c3cccc(c3C)Cl,C12823421,inactive
CCN(C(=O)C1CCCC1)c1cc(cc(C(=O)NCc2c(C)cc(C)[nH]c2=O)c1C)-c1ccc(nc1)N1CCOCC1,441962,active
COc1ccc(c(c1)CCNC(=O)Cc2ccc(cc2)NC3=[NH+][C@@H]4CS(=O)(=O)C[C@H]4S3)OC,C02693577,inactive
COc1cccc(c1OC)C[NH2+]Cc2cccn2c3nnc(s3)N4CC[NH+](CC4)C5CCCCC5,C09265762,inactive
C=CCN1c2ccccc2[C@]3(C1=O)/C(=C(\c4cc5ccccc5o4)/O)/C(=O)C(=O)N3CCC[NH+]6CCOCC6,C16742284,inactive
COc1cc2ccnc(c2cc1OC)Cc3cc(c(cc3NS(=O)(=O)c4ccc(s4)Br)OC)OC,C01080623,inactive
CCCCOc1ccc(cc1Br)C(=O)NC(=S)Nc2ccc(cc2)NC(=O)CCC,C14839284,inactive
c1ccc2cc(ccc2c1)S(=O)(=O)NCCC(=O)N3CCc4c(c5ccccc5[nH]4)C3,C11981012,inactive
c1cc(sc1)c2cc(c(c([nH+]2)SCC(=O)Nc3c(cc(cn3)Cl)Cl)C#N)C(F)(F)F,C18026075,inactive
[H]/N=C/1\C(=C/c2cc(c(c(c2)OC)OCCOc3ccc(c(c3)C)C)OC)\C(=O)N=C4N1N=C(S4)c5cccc(c5)C,C97957744,inactive
C[C@H](C(=O)Nc1nc2ccc(cc2s1)Cl)NC(=O)c3ccc(cc3)Cl,C02665017,inactive
Cc1cc(C)c(CNC(=O)c2cc(Br)cc3n(ncc23)C2CCCC2)c(=O)[nH]1,326103,active
c1cc2c(c(sc2[nH+]c1)c3nnc(n3Cc4ccco4)SCC(=O)NC5CCCC5)N,C64370106,inactive
COc1ccc(cc1)CN2C(=O)/C(=C\c3c(nc4ccccn4c3=O)NCCC[NH+]5CCOCC5)/SC2=S,C98227019,inactive
c1ccc(c(c1)C(=O)NCCc2nnc(s2)NS(=O)(=O)c3ccc(cc3)Br)Cl,C09263126,inactive
COC1CC[C@@H](CC1)[C@@H](C)n1c(C)c(C(=O)NCc2c(SC)cc(C)[nH]c2=O)c2cncnc12,574891,active
c1cc(cc(c1)[N+](=O)[O-])C(=O)NC(=S)Nc2ccc(cc2)I,C12495757,inactive
CCOC(=O)c1ccc(cc1)NC(=O)C[C@H]2C(=O)[N+](=C(S2)Nc3ccc(cc3)OC)CCc4ccc(cc4)Cl,C97960306,inactive
CC(=O)N[C@@H]1[C@H]([C@@H]([C@@H](O[C@@H]1OC[C@@H]2[C@@H]3[C@@H]([C@@H]4[C@@H](O2)OC5(O4)CCCCC5)OC6(O3)CCCCC6)COC(=O)C)OC(=O)C)OC(=O)C,C97986415,inactive
Cc1ccc2cc(c(=O)[nH]c2c1)[C@H](c3nnnn3CCOC)[NH+](Cc4ccccc4)Cc5ccccc5Cl,C06410026,inactive
CCN(CC)S(=O)(=O)c1cccc(c1)[C@@H]2C(=CN(N2)c3ccccc3)/C=C(\C#N)/C4[NH+]=c5ccccc5=[NH+]4,C38664311,inactive
C[C@H](C(=O)Nc1cccc(c1)S(=O)(=O)Nc2ccccc2)Oc3ccc(cc3Cl)Cl,C12380878,inactive
CCCOc1ccc(cc1)N2C(=O)C[C@H](C2=O)S/C(=[NH+]\Cc3ccccc3)/Nc4ccc(cc4)F,C08854670,inactive
CCN(c1cc(-c2cnc(C)cn2)cc(C(=O)NCc2c(C)cc(C)[nH]c2=O)c1C)[C@H]1CC[C@H](N(C)C)CC1,CHEMBL3701034,active
C[C@@H](O)C([C@H](C)O)c1cc(Cl)c2CCN(Cc3c(C)cc(C)[nH]c3=O)C(=O)c2c1Cl,435530,active
CN1[C@@H]2[C@H](C(=O)N(C1=O)C)N(C(=[NH+]2)NCCc3c[nH]c4c3cccc4)Cc5ccc(c(c5)Cl)Cl,C38685113,inactive
CC(C)c1ccc(cc1)NC(=O)[C@H]2[C@H]3C=C[C@@]4([C@@H]2C(=O)N([C@@H]4C(=O)NC5CCCCC5)CCC[NH+](C)C)O3,C20106835,inactive
COC(C1CCOC1)c1cc(Cl)c2CCN(Cc3c(C)cc(C)[nH]c3=O)C(=O)c2c1Cl,50246942,active
CCOc1ccc(cc1)n2c(nnc2SCC(=O)Nc3ccc(cc3)Br)COc4ccccc4,C02235687,inactive
c1ccc2c(c1)nc(s2)N3C(=O)/C(=C/NCCCn4cc[nH+]c4)/C(=N3)CSc5ccc(cc5)Cl,C08694935,inactive
Cc1ccc(cc1)C(=O)N/C(=C\c2ccc(cc2)Br)/C(=O)NCCC3=c4ccccc4=[NH+]C3,C63398553,inactive
CCN(c1cc(-c2ccc(CCNC(=O)C[C@@H]3N=C(c4ccc(Cl)cc4)c4c(sc(C)c4C)-n4c(C)nnc43)cc2)cc(C(=O)NCc2c(C)cc(C)[nH]c2=O)c1C)C1CCOCC1,CHEMBL5174124,inactive
COc1ccc(cc1OC[C@H](C[NH+]2CCCCCCC2)O)CN3CCc4c(cn[nH]4)C3,C15073895,inactive
Cc1cc(nc(n1)/N=C(/NCCc2c[nH]c3c2cc(cc3)Cl)\NC(=S)Nc4ccccc4)C,C14729897,inactive
c1ccc(c(c1)[C@@H]2[NH2+][C@H](CS2)CC(=O)N[C@@H](CC3=c4ccccc4=[NH+]C3)C(=O)[O-])Cl,C63782256,inactive
CCOc1ccc(cc1)CC(=O)N[C@H](CCSC)C(=O)N2CCC3(CC2)c4c([nH+]c[nH]4)CCN3,C13570619,inactive
c1cc(cc(c1)Cl)NC(=O)[C@H]2[C@H]3C=C[C@@]4([C@@H]2C(=O)N([C@@H]4C(=O)NC5CCCCC5)CCC[NH+]6CCCCC6)O3,C38147165,inactive
c1cc(ccc1C(=O)NCC(=O)N/N=C\c2ccc(cc2Cl)Cl)S(=O)(=O)N3CCCCC3,C33784335,inactive
Cc1cccc(c1C)N2CC[NH+](CC2)[C@@H](C)C(=O)Nc3c4cc(ccc4[nH]c3C(=O)OC)Br,C02310405,inactive
COc1ccc(cc1O)/C=[NH+]\c2ccc(c(c2)/N=C\c3ccc(c(c3)O)OC)OC(C(F)F)(F)F,C03242673,inactive
c1cc(cc(c1)OCc2c(cccc2Cl)F)c3nc(cs3)C(=O)NCC[NH+]4CCOCC4,C34712973,inactive
CCOC(=O)[C@H]1[C@@H](C(=C(NC1=O)SCC(=O)Nc2ccc(cc2)Br)C#N)c3ccccc3OC,C02312525,inactive
COc1ccccc1[C@H]2C[NH+](Cc3ccccc3O2)CC(=O)N[C@@H](CCn4cc[nH+]c4)c5ccccc5,C15067333,inactive
C[NH+](Cc1cccc(c1OC)OC)CC(=O)Nc2ccccc2C(=O)Nc3ccc(cc3)F,C15451711,inactive
c1cc(ccc1NS(=O)(=O)c2ccc(cc2Cl)Cl)N3CCN(CC3)c4c(cc(c[nH+]4)C(F)(F)F)Cl,C03104289,inactive
Cc1noc(C)c1-c1cc(Cl)c2CCN(Cc3c4cc[nH]c4c(C)[nH]c3=O)C(=O)c2c1Cl,378907,active
CCOc1ccc(cc1)NC(=O)CSc2[nH+]cc(c(n2)N)S(=O)(=O)c3cccs3,C16842159,inactive
Cc1cc(C)c(CN2CCc3c(Cl)cc(CC4CCN(CC4)C(=O)CO)c(Cl)c3C2=O)c(=O)[nH]1,435512,active
CCN(C1CCOCC1)c1cc(cc(C(=O)NCc2c(C)cc(C)[nH]c2=O)c1C)-c1ccc(nc1)N1CCC(CC1)N(C)C,172184,active
CCc1cc2c(c(c(=[NH2+])oc2c(c1O)[C@@H](c3ccccc3)N4CCOCC4)c5nc(cs5)C)O,C20412176,inactive
CSc1cc(C)[nH]c(=O)c1CNC(=O)c1c(C)n([C@H](C)[C@H]2CC[C@@H](CC2)N2CC(C2)OC(F)F)c2ccccc12,50541909,active
CC(C)C[C@@H]1[C@H]2[C@H](C(=O)N(C2=O)CCc3ccc(c(c3)OC)OC)[C@]4([NH2+]1)c5cc(ccc5NC4=O)F,C20565920,inactive
c1cc([nH+]cc1Br)NC(=O)C(OC(C(OC(C(OC(F)(F)F)(F)F)(F)F)(F)F)(F)F)(F)F,C08426948,inactive
CC1=NC(=C([C@@H](C1C(=O)C)c2ccc[nH+]c2)C#N)SCC(=O)Nc3nc4ccc(cc4s3)Br,C08439227,inactive
C[NH+](C)CCCN1[C@@H](C(=C(C1=O)O)C(=O)/C=C/c2ccccc2)c3cc(c(c(c3)Br)O)OC,C35443027,inactive
Cc1cccc(c1)COc2ccc(cc2)C(=O)C3=C(C(=O)N([C@H]3c4ccc(cc4)O)c5nc(c(s5)C(=O)C)C)O,C98048015,inactive
CC1([C@@H]2CC[C@]1(C(=O)C2)CS(=O)(=O)NNc3ccnc4c3ccc(c4)Cl)C,C03340829,inactive
Cc1ccc2nc(c(c(=O)n2c1)/C=C/3\C(=O)N(C(=S)S3)CCOC)NC4CC([NH2+]C(C4)(C)C)(C)C,C02672078,inactive
Cn1cc(c2c1cccc2)/C=C(/C(=O)NCCc3c[nH]c4c3cc(cc4)OC)\NC(=O)c5ccc(c(c5)OC)OC,C08757812,inactive
COc1ccc(cc1)C(=O)N/C(=C\c2cc(ccc2OC)OC)/C(=O)N3C[C@H]4C[C@@H](C3)c5cccc(=O)n5C4,C20663156,inactive
C[C@H]1Cc2cc(ccc2O1)C(=O)C3=C(C(=O)N([C@@H]3c4ccc(cc4)C(=O)OC)c5nnc(s5)SCc6ccccc6Cl)O,C97969237,inactive
C=CCOc1ccc(cc1)C(=O)[C@H]2[C@H]3CCCN3[C@@]4([C@@]25c6ccccc6NC5=O)c7ccccc7NC4=O,C61958018,inactive
CCN(C1CCC(CC1)N(C)CCN(C)C)c1c(C)c(cc2n(C)ncc12)C(=O)NCc1c(C)cc(C)[nH]c1=O,516863,active
CCN(C1CCOCC1)c1c(C)c(cc2n(C)ncc12)C(=O)NCc1c(OC)cc(C)[nH]c1=O,516830,active
CSc1cc(C)[nH]c(=O)c1CNC(=O)c1c(C)n([C@H](C)C2CCC(CC2)N2CC(C2)C(F)F)c2ncccc12,574964,active
c1ccc2c(c1)C(=O)N(C2=O)CC(=O)N(Cc3ccc[nH+]c3)[C@H](c4csnn4)C(=O)NC56CC7CC(C5)CC(C7)C6,C08695983,inactive
CCOC(=O)[C@@H]1C(=c2cc(ccc2=[NH+]1)OC)NC(=O)CN3CCN(CC3)C4c5ccccc5-c6c4cccc6,C38573970,inactive
Cc1c([nH+]nc2c1[C@@]3(CC[C@H]4[C@@H]([C@@H]3C2)CC=C5[C@]4(CC[C@@H](C5)OC(=O)C)C)C)CC[C@@H](C)CNC(=O)C,C43735644,inactive
C[C@H]1Cc2cc(ccc2O1)C(=O)C3=C(C(=O)N([C@@H]3c4ccc(c(c4)OC)OCCC(C)C)CCCn5cc[nH+]c5)O,C97967389,inactive
Cn1c2ccc(cc2[nH+]c1CCC(=O)Nc3cc(n[nH]3)c4cccs4)S(=O)(=O)N5CCCCC5,C68744149,inactive
c1ccc(c(c1)/C=N\NC(=O)C[NH+]2CCN(CC2)S(=O)(=O)c3ccc(cc3)Br)Cl,C19850517,inactive
Cc1ccc(cc1)[C@@H]2C(=C(C(=O)N2CCCn3cc[nH+]c3)O)C(=O)c4ccc(cc4)OCc5ccccc5C,C35445270,inactive
CCCc1cc(C)[nH]c(=O)c1CNC(=O)c1cc(-c2ccc(N3CCN(C(=O)CCOCCOCCOCCOCCOCCOCCOCCOCCOCCOCCOCCOCCNC(=O)CCCC[C@@H]4SC[C@@H]5NC(=O)N[C@@H]54)CC3)nc2)cc2c1cnn2C(C)C,CHEMBL3414629,active
Cc1c(c(c(nc1C)SCC(=O)OCC(=O)N[C@@H](C)c2ccc(cc2)Br)C(=O)N)C,C23298159,inactive
COc1ccccc1C[NH2+]C2CCN(CC2)c3ccc(cc3)NS(=O)(=O)c4ccccc4,C12151591,inactive
c1cc(ccc1Cn2c(c[nH+]c2SCC(=O)Nc3cc(ccc3Cl)C(F)(F)F)CO)Cl,C10019874,inactive
C[C@@H]1CCC[C@H]([C@@H]1C)NC(=O)[C@@H]2[C@@]34C=C[C@@H](O3)[C@@H]([C@@H]4C(=O)N2C[C@@H]5COc6ccccc6O5)C(=O)Nc7ccc(cc7)OC,C59504270,inactive
c1cc(cc(c1)Cl)NC(=O)C2=C(C3=[NH+][C@H](C[C@H](N3N2)C(F)(F)F)c4cccs4)Cl,C00865872,inactive
CCN(C1CCOCC1)c1cc(cc(C(=O)NCc2c(CO)cc(C)nc2=O)c1C)-c1ccc(CN2CCOCC2)cc1,172112,active
CN1CCN(CC1)C(=O)c1ccc(cc1)-c1cc(cc2CC(C)(C)Oc12)C(=O)NCc1c(C)cc(C)[nH]c1=O,359745,active
c1c(c(cc(c1I)F)OCC2(CCCCC2)N)[N+](=O)[O-],C97401451,inactive
Cc1cc(C)c(CNC(=O)c2cc(Br)cc(NC3CCOCC3)c2C)c(=O)[nH]1,CHEMBL3770619,active
Cc1nc2n(n1)c(c(s2)[C@H](c3ccc(cc3)OC)N4CCN(CC4)C(c5ccccc5)c6ccccc6)O,C22852780,inactive
c1cc(ccc1N2[C@@H](NN=C2SCC(=O)NC3=C[C@H]4C(=CN=N4)C=C3)c5cc[nH+]cc5)Br,C63786531,inactive
COc1ccc2c(c1OC)C(=O)O[C@H]2N3[C@@H](CCC3=O)C(=O)N[C@@H](CC4=c5ccccc5=[NH+]C4)C(=O)OC,C63351229,inactive
CSc1cc(C)[nH]c(=O)c1CNC(=O)c1cc(Cl)c2c(c1C)O[C@@](C)([C@H]1CC[C@H](N(C)C)CC1)O2,CHEMBL5178022,active
Cc1cc2cc(c(nc2cc1C)O)[C@@H](c3nnnn3C4CCCC4)[NH+](Cc5ccc[nH+]c5)Cc6ccco6,C08670971,inactive
CN(c1ccccc1)C(=O)Cc2ccc(cc2)NC(=O)NC[C@H](c3ccccc3OC)[NH+]4CCCC4,C71943879,inactive
CCN(C1CCC(F)(F)CC1)c1cc(O[C@H]2C[C@@H](C2)N2CCCCC2)cc(C(=O)NCc2c(OC)cc(C)[nH]c2=O)c1C,50594148,active
CCOc1ccc(cc1)C2=N[C@H]([NH2+][C@H](C2)c3cc(ccc3O)Br)c4ccc(cc4C)C,C09542309,inactive
c1ccc2c(c1)cc3ccccc3c2/C=C\4/C(=O)N(C(=O)S4)CC(=O)Nc5ccc(cc5)S(=O)(=O)N,C15050063,inactive
c1cc(sc1)/C=C\2/CCC[C@H]3C2=NN([C@@H]3c4cccs4)C(=O)C[NH+]5CCC(CC5)C(=O)N,C96775254,inactive
CCc1ccccc1NC(=O)CN2C(=O)[C@](NC2=O)(C)c3cccc(c3)Br,C08635025,inactive
COc1cc(cc(c1OC)OC)c2c3c(c4c(c(sc4[nH+]2)C(=O)Nc5ccc(cc5)Br)N)CCCC3,C02691320,inactive
C[C@H](c1ccc(cc1F)F)NC(=O)COC(=O)c2ccccc2NC(=O)CSc3[nH+]ccn3C,C23510941,inactive
CCCc1cc(C)[nH]c(=O)c1CNC(=O)c1cc(cc2n(ncc12)C1CCCCC1)-c1ccc(nc1)N1CCN(CC1)C(C)C,50536574,active
CC(C)C(=O)Nc1ccc(cc1)S(=O)(=O)NC[C@H](c2ccc3c(c2)CCN3C)[NH+]4CCCCC4,C08801669,inactive
CC(=O)Nc1ccc(cc1)c2nnc(n2C)SCC(=O)Nc3ccc(cc3F)Br,C13880492,inactive
CSc1cc(C)[nH]c(=O)c1CNC(=O)c1c(C)n([C@H](C)C2CCN(CC(F)(F)F)CC2)c2cccc(C#N)c12,574965,active
CCCOc1ccc(cc1OC)[C@H]2[C@H]3CN(CC=C3C(=C(C2(C#N)C#N)[NH3+])C#N)C(=O)OC(C)(C)C,C01818749,inactive
CC1(Cc2c(c(sc2C([NH2+]1)(C)C)NC(=O)CCCSc3ccc(cc3)OC)C(=O)OC)C,C09473039,inactive
CCCc1cc(C)[nH]c(=O)c1CNC(=O)c1cc(cc2c(ncn12)[C@H](C)CC)-c1ccc(nc1)N1CCNCC1,50594136,active
CC(C)n1ncc2c(cc(nc12)C1CCN(CC1)C1CCNCC1)C(=O)NCc1c(C)cc(C)[nH]c1=O,325935,active
CCCCOc1ccc(cc1OCC)[C@@H]2C(=C(C(=O)N2CCCn3cc[nH+]c3)O)C(=O)c4ccc5c(c4)C[C@@H](O5)C,C97969641,inactive
c1cc(sc1)C(=O)N[C@@H]2C=C(C[C@H]([C@@H]2O)O)C(=O)NCC(=O)N,C06243155,inactive
C[NH+](C)CCCN1[C@@H](C(=C(C1=O)O)C(=O)c2ccc(cc2)OCc3ccccc3)c4cccc(c4OC)OC,C39826970,inactive
CC1(Cc2c(sc3c2c(=O)n(c(n3)SCC(=O)NCCc4ccccc4)c5ccc(cc5)OC)CO1)C,C02245686,inactive
c1cc(c(cc1CNC(=O)CSc2c(c(c3c([nH+]2)CCCC3)C(F)(F)F)C#N)Cl)Cl,C06456746,inactive
CSc1cccc(c1)NC(=O)NC[C@H]2C[C@@H]3CC[NH+]2C[C@@H]3CN4C[C@@H]5C[C@H](C4)c6cccc(=O)n6C5,C67870836,inactive
CSc1cc(C)[nH]c(=O)c1CNC(=O)c1c(C)n([C@H](C)[C@H]2CCC(CC2)N2CC22COC2)c2ncccc12,575019,active
CCOc1cc(ccc1OCCC(C)C)[C@H]2C(=C(C(=O)N2CCC[NH+](C)C)O)C(=O)c3ccc4c(c3)C[C@H](O4)C,C97967763,inactive
c1ccc(cc1)C(c2ccccc2)[NH+]3CCN(CC3)C(=S)Nc4ccc(cc4)S(=O)(=O)N5CCOCC5,C97945773,inactive
C[C@H](C(=O)N1CC(=O)Nc2c1cccc2)NC[C@H](c3cccc(c3OC)OC)C4=c5ccccc5=[NH+]C4,C64697157,inactive
c1cc(ccc1S(=O)(=O)c2c[nH]c(nc2=O)SCC(=O)Nc3ccc(c(c3)Cl)F)Br,C97999334,inactive
c1ccc(cc1)c2c(cn(n2)c3ccccc3)C(=O)NNC(=O)c4ccc(=O)n(n4)c5ccccc5,C24556863,inactive
c1ccc(cc1)Sc2ccccc2NC(=O)CN3CC[NH+](CC3)CC(=O)Nc4cccc(c4)F,C22792753,inactive
Cc1cc(nc(n1)N/C(=N/C(=S)Nc2ccc(cc2)C(F)(F)F)/NCCSCc3c([nH]cn3)C)C,C14159264,inactive
Cc1c(n2cc(ccc2[nH+]1)Cl)C(=O)N/N=C/c3ccc(cc3)OCC(=O)N[C@H](C)c4ccccc4,C58872795,inactive
c1ccc(cc1)C(=O)N/C(=C/c2cn(nc2c3ccc[nH+]c3)c4ccccc4)/C(=O)NC[C@H]5CCCO5,C27987087,inactive
c1ccc(cc1)/C=C/C(=O)Oc2ccc(cc2)/C=N/NC(=O)CNC(=O)c3ccccc3I,C02543002,inactive
Cc1cccc2c1NC(=O)[C@@]23[C@H]4[C@@H]([C@@H]([NH2+]3)Cc5c[nH]c6c5cccc6)C(=O)N(C4=O)c7cccc(c7)OC,C08996016,inactive
c1ccc2=[NH+]CC(=c2c1)CCN3[C@@H](C(=C(C3=O)O)C(=O)c4ccc(cc4)Cl)c5ccc(cc5)F,C63526675,inactive
Cc1noc(C)c1-c1ccc2CCN(Cc3c(C)cc(C)[nH]c3=O)C(=O)c2c1Cl,50193663,active
Cc1ccccc1C(=O)Nc2nnc(s2)CC(=O)N/N=C/c3ccc(cc3)OCCOc4ccccc4C,C97970949,inactive
Cc1ccc(cc1N2CC[NH+](CC2)CCNS(=O)(=O)c3cc(sc3C)c4cc([nH]n4)C)Cl,C95841777,inactive
Cc1ccc(cc1S(=O)(=O)N)NC(=O)COc2ccc(cc2Br)F,C23244787,inactive
CC[NH+](CC)c1ccc(cc1)[C@H]2N(CCCN2S(=O)(=O)c3ccc(cc3)C)S(=O)(=O)c4ccccc4,C59074299,inactive
CC(C)C1Cc2cc(cc(c2O1)-c1ccc(nc1)N1CCNCC1)C(=O)NCc1c(C)cc(C)[nH]c1=O,359831,active
c1ccc(cc1)CCNC(=O)CSc2nc3c(cn[nH]3)c(=O)n2c4ccccc4Br,C96286860,inactive
CC1=C([C@H](C2=C(N1)C[C@@H](CC2=O)c3cccs3)c4cc(ccc4OC)OC)C(=O)OCCOc5ccccc5,C02788673,inactive
c1cc(c(cc1Cl)Cl)c2c(cnc(n2)NCCNc3ccc(c(n3)N)[N+](=O)[O-])n4ccnc4,C42856088,inactive
CCOc1cc(ccc1OCC=C)[C@@H]2C(=C(c3ccc4c(c3)C[C@H](O4)C)O)C(=O)C(=O)N2Cc5cc[nH+]cc5,C09292830,inactive
Cc1ccc(o1)CN([C@@H](c2ccc(cc2)O)C(=O)NC(C)(C)CC(C)(C)C)C(=O)c3c(cccc3O)O,C36597444,inactive
CCOc1ccc2c(c1)sc(n2)NC(=O)CCNS(=O)(=O)c3ccc(cc3)Br,C09342902,inactive
COc1cc2c(cc1OC)[nH]c3c2ncnc3N4CC[NH+](CC4)[C@@H](c5ccccc5)c6ccc(cc6)Cl,C02400067,inactive
CCN(C1CCOCC1)c1cc(cc(C(=O)NCc2c(C)cc(C)[nH]c2=O)c1C)-c1ccc(CN2CCC(F)(F)CC2)cc1,172075,active
CN(C)c1ccc(cc1)/C=N\NC(=[NH2+])S[C@@H]2CC(=O)N(C2=O)c3cc(ccc3Cl)Cl,C33906684,inactive
C[C@@H]1C(=O)N(C2([NH2+]1)CCN(CC2)C(=S)Nc3ccc(cc3)OC)Cc4cccc(c4)C(F)(F)F,C36026827,inactive
c1cc(c(cc1Br)/C=[NH+]\CCOCCOCC[NH+]=Cc2cc(ccc2[O-])Br)O,C15776614,inactive
c1ccc(cc1)OCC[NH+]2CCN(CC2)c3nnc4n3-c5c(cc(s5)Br)C(=[NH+]C4)c6ccccc6Cl,C95870368,inactive
Cc1cccc(c1C)n2c3c(c(n2)C(C)(C)C)[C@@H](SCC(=O)N3CC(=O)NCc4ccc[nH+]c4)c5cccc(c5)Cl,C98010894,inactive
CSc1cc(C)[nH]c(=O)c1CNC(=O)c1c(C)n([C@H](C)C2CCC(CC2)N2CC(C)(F)C2)c2ncccc12,574943,active
C[C@@]1(CCC[NH2+]1)C(=O)Nc2c(cc(cc2Br)Br)C(=O)OC,C96686590,inactive
c1c(c[nH]c1C(=O)N2CCC[C@H](C2)S(=O)(=O)NC3CCCC3)Cl,C96005216,inactive
CCN([C@H]1CC[C@@H](CC1)N(C)Cc1ccc(OC)cc1)c1cc(Cl)cc(C(=O)NCc2c(C)n(CC)[nH]c2=O)c1C,310785,active
CCOc1ccc2c(c1)sc(n2)N3[C@@H](C(=C(C3=O)O)C(=O)c4ccc5c(c4)C[C@H](O5)C)c6cc(c(c(c6)OC)OC)OC,C97969790,inactive
CC(C)(C)N1C[C@H](CC1=O)C(=O)Nc2ccc(cc2)S(=O)(=O)NC3CCCCC3,C08219458,inactive
C[C@@H]1CC=C2[C@H](C1)[C@@]3(c4ccccc4N(C3=O)CCc5ccccc5)C(C(=C2C#N)N)(C#N)C#N,C08442109,inactive
CC(=O)N[C@H]1c2cc(c[nH+]c2N([C@@H]1C(=O)OC)CCC3=c4ccccc4=[NH+]C3)NCC(C)(C)C,C63993700,inactive
CC1(Cc2c(sc3c2c([n+](c(=O)n3CC(=O)Nc4cccc5c4cccc5)Cc6ccco6)N)CO1)C,C02209437,inactive
CCN([C@H]1CC[C@@H](CC1)N(C)Cc1cccc(OC)c1)c1cc(Cl)cc(C(=O)NCc2c(C)n(C)[nH]c2=O)c1C,310772,active
CCSc1nnc(s1)NC(=O)C2CCN(CC2)C(=O)Nc3cccs3,C49429671,inactive
Cc1ccc(cc1)C(=O)C2=C(C(=O)N([C@@H]2c3ccc(cc3OC)OC)CCc4c[nH]c5c4cc(cc5)OC)O,C35165032,inactive
C[C@@]1(C(=O)N(C(=O)N1)CC(=O)Nc2ccc(cc2)S(=O)(=O)N(C)C)c3ccc(cc3)Cl,C14137478,inactive
Cc1ccc(cc1)c2[nH]c(c([nH+]2)S(=O)(=O)c3ccccc3)SCC(=O)Nc4ccc5c(c4)OCO5,C12252290,inactive
CN(C)c1ccc(cc1)/C=C/2\C(=O)N(C(=N2)SCC(=O)Nc3c(cc(cc3Br)F)F)c4ccccc4,C08416783,inactive
CC1(CC(CC([NH2+]1)(C)C)N(Cc2ccccc2OC)C(=S)Nc3ccc(cc3OC)Cl)C,C20568220,inactive
Cc1cc(C)c(CN2CCc3c(Cl)cc(C(CO)N4CC[C@@H](F)C4)c(Cl)c3C2=O)c(=O)[nH]1,435494,active
C=C(c1cc[nH+]cc1)NNC(=O)CSc2nnc(s2)SCc3cccc4c3cccc4,C01833267,inactive
CC(=O)Nc1ccc(cc1)N2C(=O)C[C@@H](C2=O)Sc3nc(c(nn3)c4ccc(cc4)OC)c5ccc(cc5)OC,C00691753,inactive
CC(C)Oc1cc(Cl)c2CCN(Cc3c4oc(C)cc4c(C)[nH]c3=O)C(=O)c2c1Cl,378901,active
CC[NH+]1CCc2c(sc3c2C(=N[C@@H](N3)c4ccc(c(c4)OC)OC(=O)c5ccccc5Cl)O)C1,C08928005,inactive
CCOC(=O)[C@](C(F)(F)F)(Nc1ccc(cc1)S(=O)(=O)Nc2nc(cc(n2)C)C)NC(=O)OCC,C05729452,inactive
c1ccc(c(c1)N2CCN(CC2)C(=O)c3ccc(c(c3)S(=O)(=O)NC4CC4)Cl)O,C09614101,inactive
CC[NH+]1CCc2c(sc(c2c3nc4ccccc4s3)NC(=O)c5ccc(cc5)S(=O)(=O)N6CCCCC6)C1,C97963408,inactive
CCN([C@H]1CC[C@@H](CC1)N(C)C)c1cc(cc(C(=O)NCc2c(C)cc(C)[nH]c2=O)c1C)-c1ccc(nc1)N1CCN(C)CC1,172162,active
CN1[C@H]([C@@H](c2cc(c(cc2C1=O)OC)OC)C(=O)Nc3cc(c(cc3OC)OC)Cl)c4ccc(c(c4)OC)OC,C03621468,inactive
CCN(Cc1ccccc1)S(=O)(=O)c2ccc(cc2)C(=O)Nc3nnc(o3)[C@@H]4COc5ccccc5O4,C11634906,inactive
CCN([C@H]1CC[C@@H](CC1)N(C)C)c1cc(Cl)cc(C(=O)NCc2c(N3CCCCC3)n(C)[nH]c2=O)c1C,310807,active
Cc1cccc(n1)Nc2c(c(nc[nH+]2)N3CCN(CC3)C(c4ccccc4)c5ccccc5)N,C40685361,inactive
Cc1cc[nH+]c(c1)N[C@@H](c2cccc(c2OC)OC)c3c(c(sc3NC(=O)c4ccccc4)C)C,C38547526,inactive
CCOc1cc(ccc1OCCC(C)C)[C@H]2C(=C(C(=O)N2Cc3cc[nH+]cc3)O)C(=O)c4ccc5c(c4)C[C@@H](O5)C,C97970731,inactive
c1ccc2c(c1)C3=N[C@H](C(=O)N3C(=N2)SCC(=O)Nc4cccc(c4)Cl)CCC(=O)NCc5ccco5,C08594831,inactive
CC(C)(C)c1ccc(c(c1)Br)OCC(=O)N/N=C\c2cc(ccc2O)Br,C95938403,inactive
CCOc1cc(cc(c1OC(=O)c2cccs2)[N+](=O)[O-])[C@H]3C(=C(OC4=C3C(=O)C[C@@H](C4)c5ccco5)[NH3+])C#N,C03672541,inactive
CC[NH+](CC)CCN1[C@@H](C(=C(c2ccc(cc2)OCC=C)O)C(=O)C1=O)c3ccc(cc3)Br,C16732580,inactive
Cc1cc(nc(n1)SCc2nnc(n2c3ccccc3)SCC(=O)Nc4ccc(cc4)Br)C,C00925094,inactive
Cc1c(sc(n1)C)C(=O)N2CCC[C@]2(C)C(=O)NC3CCCC3,C19746801,inactive
CC1(C)CC(CC(C)(C)N1)NC(=O)c1ccc(Oc2cccc(-c3ccnnc3)c2C#N)c(Cl)c1,50010823,active
c1ccc2c(c1)nc(n2C(=O)CCN3C(=O)/C(=C/c4ccc(cc4)F)/SC3=S)SCC(=O)Nc5ccc(cc5)Cl,C97946110,inactive
Cc1cc(cc(c1)NS(=O)(=O)c2ccc(cc2)NC(=S)NC(=O)c3ccc(cc3)OCC(C)C)C,C14030428,inactive
CCCc1cc(C)[nH]c(=O)c1CNC(=O)c1cc(-c2ccc(N3CCN(C)CC3)nc2)cc(N(CC)C2CCOCC2)c1C,CHEMBL3701042,active
C[C@H]1CCC[C@H]([C@H]1C)[NH2+][C@H]2CC(=O)N(C2=O)c3ccc(cc3)N4C(=O)C[C@H](C4=O)N[C@H]5CCC[C@H]([C@H]5C)C,C37089022,inactive
c1cc(ccc1C(c2ccc(cc2)F)[NH+]3CCN(CC3)CC(=O)Nc4c(c5c(s4)CCCC5)C(=O)N)F,C22921522,inactive
CC1(CC2=NC(=C)C([C@H]([C@H]2C(=O)C1)c3ccc(o3)COc4cccc(c4)C(F)(F)F)C(=O)Nc5cccc[nH+]5)C,C08440157,inactive
C[C@H]1CCCC(=O)CCC/C=C/c2cc(cc(c2C(=O)O1)OC)OC[C@H](C[NH+]3C[C@@H]4C[C@H](C3)c5cccc(=O)n5C4)O,C70672722,inactive
C[C@@H](C(=O)Nc1c(c2c(s1)CCC2)C(=O)N)N(C)Cc3nc4ccccc4s3,C14197881,inactive
CCOC(=O)NC(=O)c1c2c(sc1NC(=O)c3c(cccc3F)F)CN(CC2)C(=O)OC,C09325614,inactive
c1ccc(cc1)C2=Nc3c(c(=O)[nH]c(=S)n3Cc4ccc[nH+]c4)C(N2)(C(F)(F)F)C(F)(F)F,C20547498,inactive
CCOc1ccccc1NC2=Nc3ccccc3N4C2=[NH+]c5c(c(nn5c6ccccc6)C)[C@@H]4c7ccccc7OC,C01876361,inactive
CCCc1cc(C)[nH]c(=O)c1CNC(=O)c1cc(N2CCCNCC2)cc2c1cnn2C(C)C,CHEMBL4533229,active
CCCCCOc1ccc(cc1)[C@@H]2C(=C(C(=O)N2CCC[NH+](CC)CC)O)C(=O)c3c(nc(s3)C)C,C35568274,inactive
CC(C)(C)[NH2+]c1c([nH+]c2n1nc(s2)N3CCN(CC3)C(=O)c4ccncc4)c5cccc(c5)F,C64450828,inactive
c1cc(cc(c1)Cl)N2CCN(CC2)c3c(cc4cc5c(cc4n3)OCO5)C[NH2+]CCCO,C20601708,inactive
CN(C)C12CCC(CC1)(CC2)C1(C)Oc2c(O1)c(C)c1C(=O)N(Cc3c(C)cc(C)[nH]c3=O)CCc1c2C,588042,active
c1ccc(cc1)CCN([C@@H](c2cc[nH+]cc2)C(=O)NC3CCCCC3)C(=O)CNC(=O)c4ccco4,C04092935,inactive
CC(=O)c1ccc(cc1)NC(=S)NCC[NH+]2CCN(CC2)C(=S)Nc3ccc(cc3)C(=O)C,C59114979,inactive
CCN([C@H]1CC[C@@H](CC1)N(C)C)c1cc(Cl)cc(C(=O)NCc2c(C)cc3nc(C)[nH]n3c2=O)c1C,310742,inactive
c1ccc2=[NH+]CC(=c2c1)/C=N/NC(=O)c3ccc(cc3)[N-]S(=O)(=O)c4ccc(cc4)Br,C65321228,inactive
C[C@]12CCC(=O)C=C1CC[C@@H]3[C@@H]2CC[C@]4([C@H]3CC[C@@]4(C(=O)COC(=O)CCC(=O)NCCc5c[nH]c[nH+]5)O)C,C70691984,inactive
COc1cc(cc(c1OC[C@H](c2ccc3c(c2)OCO3)O)Br)C[NH2+]C45CC6CC(C4)CC(C6)C5,C20876965,inactive
Cc1ccc(cc1)[C@@H](c2cccs2)NC(=O)C[NH+](C)CC(=O)Nc3ccccc3Br,C15449987,inactive
CC(C)[C@H](C(=O)NC[C@@H](c1cccc(c1)OC)[NH+]2CCCC2)NC(=O)c3ccc(cc3)F,C12781632,inactive
CN(C1CCC(CC1)NC(F)(F)F)c1cc(C(=O)NCc2c(C)cc(C)[nH]c2=O)c(C)c2n(C)ncc12,516879,inactive
c1cc(sc1)CN(Cc2cc3cc4c(cc3nc2O)OCCO4)C(=S)NCCC[NH+]5CCOCC5,C06445927,inactive
Cc1noc(C)c1-c1cc(Cl)c2CCN(Cc3c(C)cc(C)[nH]c3=O)C(=O)c2c1Cl,50193709,active
CC(C)NC(=O)N1CCN([C@@H](C1)C(=O)N[C@H](Cc2ccc[nH+]c2)C(=O)OC)S(=O)(=O)c3ccccc3,C15709529,inactive
CN([C@H]1CC[C@H](N)CC1)c1cc(cc(C(=O)NCc2c(C)cc(C)nc2=O)c1C)-c1ccc(CN2CCOCC2)cc1,514182,active
CCCOc1ccc(cc1OCC)[C@H]2c3c(n[nH]c3C(=O)N2Cc4cc[nH+]cc4)c5ccccc5O,C08606664,inactive
c1ccc(cc1)C(c2ccccc2)[NH+]3CCN(CC3)c4c(c(ncn4)NCCN5CCOCC5)N,C40730061,inactive
COc1ccc(cc1F)C(=C2[C@@H](N(C(=O)C2=O)CCCn3cc[nH+]c3)c4ccc(cc4)OCc5ccccc5)O,C08440624,inactive
CC(=O)Nc1ccc(cc1)NC(=O)/C(=C/c2ccc(s2)c3ccc(cc3)F)/C#N,C14179359,inactive
CCOC(=O)c1ccc(cc1)NC(=O)c2c3c(nc4ccccc4[nH+]3)n(c2N)CCc5ccc(c(c5)OC)OC,C02368691,inactive
Cc1ccccc1COc2ccc(cc2)C(=O)C3=C(C(=O)N([C@@H]3c4cccc(c4)OC)Cc5cc[nH+]cc5)O,C35520812,inactive
c1cc(ccc1C(=O)NNC(=O)[C@@H]2CCCN2S(=O)(=O)c3ccc(s3)Br)Cl,C25527329,inactive
Cc1ccc(cc1Nc2nccc(n2)c3ccc[nH+]c3)NC(=O)/C=C/c4ccc(cc4)OC(=O)/C=C\c5ccccc5,C98240088,inactive
CN(C)c1ccc(cc1)[C@H](CNC(=O)c2ccc(cc2)S(=O)(=O)N(C)C)[NH+]3CCc4ccccc4C3,C38666887,inactive
c1ccc(cc1)[C@@H]2COc3ccccc3N2C(=O)CNc4ccccc4C(=O)NC5CC5,C25070408,inactive
COc1cc(cc(c1)OC)COc2cc(c(cc2C(=O)CCC3CC[NH+](CC3)CCNS(=O)(=O)C)Cl)N,C03929879,inactive
C[C@@H]1CCCCN1S(=O)(=O)c2ccc(cc2)C(=O)Nc3c(c4c(s3)C([NH2+]C(C4)(C)C)(C)C)C(=O)OC,C09391500,inactive
CCCc1cc(C)[nH]c(=O)c1CNC(=O)c1c(C)n([C@H](C)C2CCN(CC2)S(=O)(=O)CC)c2ccccc12,50110354,active
CC(C)C(=O)N1CCC(CC1)n1ncc2c(cc(Br)cc12)C(=O)NCc1c(C)cc(C)[nH]c1=O,326144,active
Cc1cc(C)c(CNC(=O)c2cc(nc3n(ncc23)C2CCN(Cc3ccccc3)CC2)C2=CC(C)(C)NC(C)(C)C2)c(=O)[nH]1,325907,active
c1cc(cc(c1)Cl)NC(=O)[C@@H]2[C@H]3C=C[C@@]4([C@@H]2C(=O)N([C@@H]4C(=O)NC5CCCCC5)Cc6cccs6)O3,C20106420,inactive
CCCCC(=O)N(c1ccccc1Cl)[C@@H](c2cccc(c2)O)C(=O)NCS(=O)(=O)c3ccc(cc3)C,C36550636,inactive
CC(c1ccccc1)n1cc(C(=O)NCc2c(C)cc(C)[nH]c2=O)c(C)n1,50110369,active
C[NH+](C)[C@H](CNC(=O)c1cccc(c1)NS(=O)(=O)c2ccc(cc2)Br)c3ccco3,C12604700,inactive
Cc1cc(ccc1/C(=C/2\[C@@H](N(C(=O)C2=O)Cc3ccc[nH+]c3)c4ccc(c(c4)OC)O)/O)OCC(C)C,C09380700,inactive
Cc1ccc(cc1I)C(=O)NC(=S)Nc2cc(ccc2F)[N+](=O)[O-],C12500537,inactive
c1ccc(c(c1)NC(=O)CSc2nnc(s2)NC(=O)c3c(cccc3Cl)F)F,C08791398,inactive
Cc1cccc(c1)COc2ccc(cc2)/C(=C/3\[C@H](N(C(=O)C3=O)CC[NH+](C)C)c4ccc(cc4)O)/O,C13569227,inactive
Cc1ccc2c(c1)sc(n2)N3CCN(CC3)C(=O)c4cccc(c4)NS(=O)(=O)c5ccc(cc5)OC,C20571968,inactive
Cc1cccc(c1)NC(=O)c2ccccc2NC(=O)C(=O)N/N=C/c3ccc(cc3)OC(=O)c4ccc(cc4)Br,C02520429,inactive
Cc1ccc(cc1)NC(=O)CSc2[nH+]ccn2c3ccc(cc3)C(=O)NCc4ccccc4F,C95544339,inactive
CCOc1cc(c(cc1OCC#N)Br)[C@@H]2[C@H]3C[C@@H](CC=C3[C@@H](C(=[NH2+])C2(C#N)C#N)C#N)C(C)(C)C,C05920860,inactive
C[C@H]([C@H](c1cccs1)[NH+]2CCN(CC2)c3ccc(cc3)OC)NS(=O)(=O)c4ccc(cc4)Cl,C09382678,inactive
c1cc[nH+]c(c1)CCNC(=O)c2ccc(cc2)Nc3c(cnn(c3=O)c4ccc(c(c4)Cl)Cl)Oc5ccc6c(c5)OCO6,C98015702,inactive
COC(=O)c1c2c(sc1NC(=S)Nc3ncn(n3)Cc4ccc(c(c4)Cl)Cl)CCC2,C13773626,inactive
COc1cc(C)[nH]c(=O)c1CN1CCc2c(C)cc(C(C)C3CN(C3)S(C)(=O)=O)c(Cl)c2C1=O,435685,active
C[C@@H]1C[C@@H](n2c(cc(n2)[C@H]3CCCN3C(=O)C(C)C)N1)C(F)(F)F,C19574636,inactive
Cc1cc[nH+]c(c1)N[C@@H](c2ccc3c(c2)OCO3)c4c(c(sc4NC(=O)c5ccccc5)C)C,C35476904,inactive
CC[NH+](CC)CCNC(=O)c1ccc(cc1)NC(=S)NC(=O)c2ccc(cc2)OCCc3ccccc3,C13622097,inactive
COc1ccc(c(c1)OC)[C@@H]2C(=C(C(=O)N2CCC3=c4ccccc4=[NH+]C3)O)C(=O)c5ccc(cc5)Cl,C63526693,inactive
CCOc1ccccc1NC(=O)Cn2c(c(c([nH+]2)NC)c3nc(no3)c4ccc(cc4)Cl)N,C23125511,inactive
C/C(=C/Cn1c2c(=O)[nH]c(=O)n(c2[nH+]c1N/N=C/3\c4ccccc4N(C3=O)CC=C)C)/Cl,C08934123,inactive
CCCCCCc1cc2c(=O)c(c(oc2c(c1O)C[NH+]3C[C@@H](O[C@H](C3)C)C)C(F)(F)F)Oc4cc(cc(c4)C)C,C95663427,inactive
Cc1cccc([nH+]1)N[C@H](c2ccc(c(c2)OC)OC)c3cc(sc3NC(=O)c4ccccc4)C,C38551030,inactive
Cc1ccc2cccc(c2[nH+]1)Nc3c(c(ncn3)NNC(=O)c4ccccc4Br)[N+](=O)[O-],C40626772,inactive
C[NH+]1CCc2cc(c3cc2[C@@H]1Cc4ccc(cc4)Oc5cc(ccc5OC)C[C@@H]6c7c(c(c(c(c7O3)OC)OC)OC)CCN6C)OC,C40163546,inactive
CCOC(=O)c1ccc(cc1)N2C(=O)[C@H](N(C2=S)NC(=O)c3ccc(cc3)OC)CC(=O)Nc4ccc(cc4)F,C00720824,inactive
C[C@@H]1CCc2c(sc(c2C#N)NC(=O)CCSCCC(=O)Nc3c(c4c(s3)C[C@H](CC4)C)C#N)C1,C20572185,inactive
C[NH+]1CCN(CC1)c2ccc(cc2)NC(=S)NC(=O)c3cccc(c3)Br,C04122565,inactive
Cc1ccc(cc1Cl)NC(=O)CSc2nnc(n2N)c3cc([nH]n3)c4ccc(cc4)F,C09449063,inactive
[2H]C([2H])([2H])Sc1cc(C)[nH]c(=O)c1CNC(=O)c1c(C)n([C@H](C)C2CCC(OC)CC2)c2ccc(-c3cnn(C)c3)cc12,CHEMBL5191375,active
CC(C)(C)[C@H]1CC=C2[C@H](C1)[C@@H](C(C(=C2C#N)[NH3+])(C#N)C#N)c3cccs3,C04115184,inactive
COc1ccc(cc1)[C@@H](CNC(=O)C[NH+]2Cc3ccccc3C[C@H]2C(=O)N)C4=c5ccccc5=[NH+]C4,C64697771,inactive
CCS(=O)(=O)C1=[NH+]SC2=NC(=O)/C(=C\c3ccc(cc3)OCc4ccccc4[N+](=O)[O-])/C(=[NH2+])N12,C20206855,inactive
CCN(C1CCOCC1)c1cc(\C=C\c2ccc(CN3CCN(C)CC3)cc2)cc(C(=O)NCc2c3CCCCc3c(C)[nH]c2=O)c1C,50544764,active
Cc1ccc(cc1)c2[nH]c(c([nH+]2)S(=O)(=O)c3ccccc3)SCC(=O)Nc4nccs4,C11695913,inactive
Cc1cccc(c1)c2cnc(nc2C3CC[NH+](CC3)[C@@H](C)Cc4ccc(c(c4)OC)O)c5ccncc5,C20598665,inactive
Cc1cc2c(c(=O)[nH]1)CNC(=O)c1cc(Cl)cc(O[C@H]3CC[C@H](N)CC3)c1C/C=C/CC2,CHEMBL3394229,active
Cc1cc(C)c(CNC(=O)c2cc(cc3N(CCc23)C2CCCC2)C#N)c(=O)[nH]1,50205640,active
CCOC(=O)CN1c2ccccc2[C@]3(C1=O)[C@H]4[C@@H]([C@@H](N3)Cc5ccccc5)C(=O)N(C4=O)c6cccc7c6cccc7,C98006114,inactive
Cc1ccc(cc1C)C(=O)Nc2nnc(s2)SCC(=O)Nc3ccc(cc3F)F,C08823339,inactive
Cl.Nc1cccc2c(cccc12)S(=O)(=O)NCc1ccccc1,50572749,inactive
COc1cc(cc(c1OCCOc2ccc(cc2)Br)Br)/C=N/NC(=O)c3ccncc3,C97957815,inactive
CC(C)C[NH+](Cc1[nH]c(=O)c2c(csc2n1)c3ccccc3OC)C[C@@H](COc4ccccc4)O,C36207116,inactive
C[C@@]1(C(=O)N(C(=O)N1)CC(=O)NC(c2ccccc2)c3ccccc3)c4ccccc4Br,C03594502,inactive
C[NH+]1CCc2cc(c(c(c2[C@H]1Cc3ccccc3)c4c5c(cc(c4O)OC)CCN([C@H]5Cc6ccccc6)C)O)OC,C68568499,inactive
CCN(C1CCOCC1)c1cc(Cl)cc(C(=O)NCc2c(CC)cc(C)[nH]c2=O)c1C,50149902,active
C[C@@H]1Cc2cc(ccc2O1)C(=O)C3=C(C(=O)N([C@@H]3c4ccc(cc4)OCC=C)CCC[NH+]5CCOCC5)O,C08383753,inactive
c1cc(cc(c1)Br)[C@@H]2c3c([nH]nc3C(=O)N2CCCn4cc[nH+]c4)c5ccc(cc5)Cl,C40343029,inactive
[H]/N=C\1/C(=C/c2cc(c(c(c2)Cl)OCCOc3ccc(cc3)C)OC)/C(=O)N=C4N1N=C(S4)C(C)C,C09300606,inactive
CC[NH+]1CCN(CC1)c2[nH+]c3c(n2C[C@@H](COc4ccc(cc4)Cl)O)c(=O)n(c(=O)n3C)C,C10385988,inactive
Cc1nc2ccccc2n1CCc3nc4c5cc(c(cc5nc(n4n3)SCC(=O)Nc6ccc(cc6)F)OC)OC,C08595866,inactive
c1ccc(cc1)C(=O)c2ccccc2NC(=O)CN3CC[NH+](CC3)CC(=O)Nc4ccc(cc4)F,C23248918,inactive
CCOC(=O)c1c(n(c2c1c(c(c(c2)Br)O)C[NH+](C)C)C)CS(=O)(=O)c3ccccc3,C06164969,inactive
CCCC[NH+](C)CCN1[C@H]([C@@]23C=C[C@@H](O2)[C@@H]([C@@H]3C1=O)C(=O)Nc4ccc(cc4)Cl)C(=O)NC5CCCCC5,C38147207,inactive
CCOC(=O)c1c2c(sc1NC(=O)C(=O)N/N=C/c3cn(nc3c4ccc(cc4)F)c5ccccc5)CCCC2,C98228080,inactive
c1ccc2=[NH+]CC(=c2c1)CCNC(=O)CCCCCN3C(=O)[C@H]4C=C(C=CC4=NC3=S)Br,C63708612,inactive
c1cc(ccc1C2=C[C@@H](N=N2)[C@H]3N=N[C@@H](N3[NH3+])SCC(=O)Nc4ccc(cc4F)Br)F,C39592677,inactive
Cc1c2c([nH]n1)OC(=C([C@@H]2c3cc(ccc3OCc4c(cccc4Cl)Cl)[N+](=O)[O-])C#N)[NH3+],C18276826,inactive
CCN(c1cc(-c2ccc(CN3CCOCC3)nc2)cc(C(=O)NCc2c(C)cc(C)[nH]c2=O)c1C)C1CCOCC1,CHEMBL3697454,active
C[C@@H]1Cc2cc(ccc2O1)C(=O)C3=C(C(=O)N([C@@H]3c4cccc(c4)Br)CCCn5cc[nH+]c5)O,C09312782,inactive
CCN(c1cc(-c2ccccc2)cc(C(=O)NCc2c(C)cc(C)[nH]c2=O)c1C)[C@H]1CC[C@H](N(C)C)CC1,CHEMBL3701007,active
CN([C@@H]1CC[C@H](N)CC1)c1cc(cc(C(=O)NCc2c(C)cc(C)nc2=O)c1C)-c1ccc(CN2CCOCC2)nc1,514188,active
C=C1C([C@@H]([C@H]2C(=N1)CCCC2=O)c3cccc(c3)Oc4ccccc4)C(=O)Nc5ccc(c[nH+]5)Br,C08413592,inactive
Cc1ccc(cc1)c2nc(on2)c3cn(c[nH+]3)Cc4ccc(cc4)NS(=O)(=O)c5ccc(cc5F)F,C32974764,inactive
COC(=O)c1c(c2ccc(nc2s1)C[NH+]3CCC[C@H](C3)O)NC(=O)c4ccccc4,C15004092,inactive
CCN(CC)C(=S)SCC(=O)Nc1ccc2c(c1)sc(n2)SCc3[nH]c4ccccc4[nH+]3,C59855229,inactive
COC(C1CCS(=O)(=O)CC1)c1cc(C)c2CCN(Cc3c(C)cc(C)[nH]c3=O)C(=O)c2c1Cl,435625,active
CCN(C1CCOCC1)c1cc2oc(cc2c(C(=O)NCc2c(C)cc(C)[nH]c2=O)c1CC)C1CCCC1,458806,active
CC(C)(C)c1c(=O)n(c(nn1)N/N=C\c2cc(ccc2OC(=O)c3ccccc3OC)Br)[NH3+],C33366416,inactive
CCc1ccc(s1)S(=O)(=O)NC[C@@H](c2ccc(cc2)N(C)C)[NH+]3CCN(CC3)c4ccc(cc4)F,C21755143,inactive
C[C@@H]1Cc2cc(ccc2O1)/C(=C/3\[C@H](N(C(=O)C3=O)CCC[NH+](C)C)c4cccc(c4)OCc5ccccc5)/O,C09312952,inactive
CC(C)C[NH+](Cc1[nH]c(=O)c2c(csc2n1)c3ccc(cc3)OC)C[C@@H](Cc4ccccc4)O,C36206270,inactive
Cn1c(c(c(n1)c2ccccc2)C[NH+](CC3CC3)C[C@H](COCc4ccccc4)O)Oc5ccc(cc5)Cl,C36305203,inactive
C[C@@H](Cc1ccc(c(c1)OC)O)[NH+]2CCN(CC2)c3cccc4c3C(=O)N(C4=O)Cc5ccccc5Cl,C15000200,inactive
Cc1ccccc1CN2C(=O)c3cc4ccc(cc4n3C[C@]2(C)C(=O)NCCC[NH+]5C[C@H](C[C@@H](C5)C)C)OC,C37006604,inactive
CC[C@H]1CCCCN1S(=O)(=O)c2ccc(cc2)NC(=O)[C@@H]3CC(=O)N(C3)c4ccc(cc4)NC(=O)C,C11099916,inactive
CC[NH+](CC)CCN1[C@H](C(=C(c2ccc(cc2)OCC=C)O)C(=O)C1=O)c3ccc(cc3)Br,C16732577,inactive
CCCCc1c2c(c3c(c(sc3[nH+]1)C(=O)OCC)NC(=S)NC(=O)c4ccccc4)CCC2,C08997627,inactive
c1ccc2=[NH+]CC(=c2c1)CCNCc3cc4cc5c(cc4n(c3=O)CC[NH+]6CCCCC6)OCO5,C64120789,inactive
CCOc1ccccc1OCC[NH2+]CCC[C@@](C#N)(c2ccc(c(c2)S(=O)(=O)N)OC)C(C)C,C13890830,inactive
C[C@@H](CCc1ccccc1)NC(=O)[C@H](C(C)C)NC(=O)[C@@H]2C(S[C@H]3N2C(=O)c4c3cccc4)(C)C,C09058869,inactive
CC[C@H](C)n1cc(C)c2c(C(=O)NCc3c(C)cc(C)[nH]c3=O)cc(-c3ccc(N4CCN(CCCCCCCCCCCOc5cccc6c5C(=O)N(C5CCC(=O)NC5=O)C6=O)CC4)nc3)cc21,CHEMBL5090331,active
CCCCCCOc1ccc(cc1OC)[C@@H]2c3c(n[nH]c3C(=O)N2CCO)c4cc(cc(c4O)C)C,C39911534,inactive
C[C@H](c1[nH+]c2ccccc2c(n1)NCc3ccccc3)[NH+]4CCN(CC4)S(=O)(=O)c5ccc(cc5)Cl,C22052624,inactive
c1ccc(cc1)n2cc(c(n2)c3cccs3)/C=N\NC(=S)Nc4cc(ccc4Cl)C(F)(F)F,C33412717,inactive
COc1ccc(c(c1)OC)[C@H]2C3C(=NC(=C)C2C(=O)Nc4ccc(c[nH+]4)Br)C[C@H](CC3=O)c5ccccc5,C08440316,inactive
c1ccc(cc1)S(=O)(=O)N2CCCO[C@H]2CNC(=O)C(=O)NCCC3=c4ccccc4=[NH+]C3,C63679624,inactive
C[C@H]1CCc2c(sc3c2C(=[NH+][C@@H](N3)c4cccc(c4)OC(=O)c5cc(c(c(c5)OC)OC)OC)O)C1,C15947535,inactive
Cc1cc(C)c(CNC(=O)c2cc(cc3n(ncc23)C2CCN(CC2)C(=O)C(C)(C)C)C(F)(F)F)c(=O)[nH]1,326125,active
Cc1ccc(cc1S(=O)(=O)Nc2ccc(cc2)F)NS(=O)(=O)c3ccc(cc3)Cl,C28914442,inactive
CCN([C@H]1CC[C@@H](CC1)N(C)C)c1scc(C(=O)NCc2c(C)[nH]c(C)cc2=O)c1C,227711,active
CCN(c1cc(C#CC(C)(C)O)cc(C(=O)NCc2c(C)cc(C)[nH]c2=O)c1C)[C@H]1CC[C@H](N(C)C)CC1,CHEMBL3956266,active
Cc1ccc(cc1)NCC(=O)N/N=C\c2cc(c(c(c2Br)Br)O)OC,C32603871,inactive
Cc1ccc(cc1)OCc2nnc(n2c3ccc(cc3)OC)SCC(=O)Nc4ccccc4Br,C02443367,inactive
CC(OCc1ccc(F)cc1)c1c(C)c(cc2cccn12)C(=O)NCc1c(C)cc(C)[nH]c1=O,490132,active
CCOc1ccc(cc1)CC(=O)N[C@@H](CCSC)C(=O)N2CCC3(CC2)c4c(nc[nH]4)CCN3,C13570618,inactive
C[C@H]1C(=c2ccccc2=[NH+]1)CCN(Cc3cc(c(c(c3)OC)OC)OC)C(=S)Nc4ccc(cc4)F,C63655013,inactive
CCOc1cccc(c1)N2C(=O)C[C@@H](C2=O)SC(=[NH2+])N/N=C(\C)/c3ccc(cc3)Br,C59489424,inactive
C[C@@H]1C[C@H](C[NH+](C1)Cc2ccccc2CNC(=O)CCNS(=O)(=O)c3ccc(cc3)F)C,C71961381,inactive
c1cc(cc(c1)Br)c2ccc(s2)/C=C\C(=O)NNc3ncccn3,C98054706,inactive
C=CCNC(=O)c1ccccc1N2C(=O)[C@@H]3CC4=c5ccccc5=[NH+][C@H]4[C@H](N3C2=O)c6cccc(c6)Cl,C63375933,inactive
CSCC[C@@H](C(=O)N1CCC2(CC1)c3c(nc[nH]3)CC[NH2+]2)NC(=O)Cc4ccc(cc4)F,C13569430,inactive
c1ccc(cc1)C2=CN=[NH+][C@H]2c3ccc(cc3O)OCC[NH+]4CCN(CC4)c5ccc(cc5)F,C38782634,inactive
CCC(C)(C)n1c(nnn1)[C@@H](c2cc3ccc(cc3nc2O)C)[NH+](Cc4ccc[nH+]c4)Cc5ccco5,C08582949,inactive
CC1=C[C@@H](N=N1)NC(=O)CS[C@@H]2Nc3ccsc3C(=O)N2Cc4ccccc4F,C63709747,inactive
CCN([C@H]1CC[C@@H](CC1)N(C)C)c1cc(cc(C(=O)NCc2c(C)cc(C)[nH]c2=O)c1C)-c1ccc(COC)nc1,601733,active
c1cc(cc(c1)Cl)NC(=O)CSc2nnc(s2)NC(=O)c3c(cccc3F)F,C08822714,inactive
c1ccc2c(c1)c3c(c(=O)o2)[C@@]4(c5cc(ccc5N(C4=O)CC[NH+]6CCOCC6)F)C(=C(O3)[NH3+])C#N,C13625823,inactive
CC#CCN1C(=O)[C@](NC1=O)(CCc2ccccc2)C3CC[NH+](CC3)C[C@H]4C=c5ccccc5=[NH+]C4=O,C39355571,inactive
Cc1cc(C)c(CNC(=O)c2cc3CC(C)(C)Oc3c(Cc3ccccc3)c2)c(=O)[nH]1,359751,active
C[NH+](C)CCN[C@@H]1C[C@H](N2[C@@H](Cc3c4ccccc4[nH]c3[C@@H]2C1)C(=O)OC)c5ccc(cc5)C(F)(F)F,C67879354,inactive
c1ccc(cc1)Cn2c(nnc2SCc3ccc[nH+]c3)C4CC[NH+](CC4)Cc5ccc(c(c5)F)F,C14982704,inactive
COc1ccc(cc1)S[C@@H]2C[C@H]([NH+](C2)Cc3ccccc3OCC=C)C(=O)NCc4cn5ccccc5n4,C12246534,inactive
C/C(=[NH+]\[C@@H](C(Cl)Cl)NC(=O)c1ccccc1)/N[C@H](C(Cl)Cl)NC(=O)c2ccccc2,C97946902,inactive
CCN([C@H]1CC[C@H](N)CC1)c1cc(cc(C(=O)NCc2c(C)cc(C)nc2=O)c1C)-c1ccc(CN2CCOCC2)cc1,172122,active
CN([C@H]1CC[C@@H](CC1)NC(C)=O)c1cc(cc(C(=O)NCc2c(C)cc(C)nc2=O)c1C)-c1ccc(CN2CCOCC2)cc1,514162,active
c1ccc(cc1)C(=O)N/C(=C\[P+](c2ccccc2)(c3ccccc3)c4ccccc4)/C(=O)Nc5ccccc5N,C98216756,inactive
c1ccc(cc1)C[C@H](C(=O)N2CCC3(CC2)c4c(nc[nH]4)CC[NH2+]3)NC(=O)Cc5ccccc5,C08739375,inactive
c1cc(cc(c1)NS(=O)(=O)c2ccc3c(c2)NC(=O)CO3)C4SCCCS4,C24261692,inactive
CCN(C(=O)C1CC1)c1cc(cc(C(=O)NCc2c(C)cc(C)[nH]c2=O)c1C)-c1ccc(NC(=O)C2CCOCC2)cc1,50575215,active
C[C@H]1CCc2c(sc(c2C(=O)N[C@@H]3CCS(=O)(=O)C3)NC(=O)c4ccccc4)C1,C39836160,inactive
C[C@@H](C(=O)Nc1ccc(cc1)S(=O)(=O)N2CCCC2)[NH+]3CCC(CC3)C(=O)c4ccc(cc4)O,C25250689,inactive
Cc1c(cccc1Cl)NC(=O)C(=O)N/N=C/c2ccc(cc2OC(=O)c3ccc(cc3)Cl)OC(=O)c4ccc(cc4)Cl,C04347117,inactive
CCCc1cc(C)[nH]c(=O)c1CNC(=O)c1cc(cc2n(ncc12)C(C)C)-c1ccc(nc1)N1CCN(C)CC1,50400781,active
Cc1cc(c(n1c2ccc(cc2)S(=O)(=O)N)C)C(=O)CSc3[nH+]c4ccccc4n3CC=C,C11650549,inactive
CCN(c1cc(-c2ccc(N3CCN(C)CC3)nc2)cc(C(=O)NCc2c(C(C)C)cc(C)[nH]c2=O)c1C)C1CCOCC1,CHEMBL3701045,active
C[C@@H]1Cc2cc(ccc2O1)/C(=C/3\[C@@H](N(C(=O)C3=O)CCCn4cc[nH+]c4)c5cccc(c5)Br)/O,C09312780,inactive
c1ccc(cc1)NC(=O)N2CCC[C@H](C2)C(=O)Nc3ccccc3N4CCCC4=O,C09605666,inactive
CCC[NH+](Cc1c(nn(c1Oc2cccc(c2)C)c3ccccc3)C)C[C@@H](COCc4ccccc4)O,C36304851,inactive
CCCCCOc1ccc(cc1)[C@H]2C(=C(c3ccc(c(c3)OC)OC)O)C(=O)C(=O)N2Cc4ccc[nH+]c4,C16730896,inactive
C[C@@H](c1ccc(cc1)n2cc[nH+]c2)NC(=O)[C@H](Cc3ccccc3)NS(=O)(=O)c4ccccc4F,C33026630,inactive
Cc1ccc(c(c1)C)n2c(=O)c3ccccc3nc2SCc4nc5ccccc5c(=O)n4CC(=O)N,C16210193,inactive
COc1cc(ccc1O)[C@@H]2[C@@H]3[C@@H](C(=O)N(C3=O)c4ccccc4F)[C@@]([NH2+]2)(c5ccccc5)C(=O)OC,C19550030,inactive
Cn1c(=O)c(c([nH]1)c2ccccc2)C(c3cc(c(cc3Br)O)OC)c4c([nH]n(c4=O)C)c5ccccc5,C08397204,inactive
Cc1cccc(c1)COc2ccc(cc2)C(=O)C3=C(C(=O)N([C@@H]3c4ccc(cc4)Cl)CCCn5cc[nH+]c5)O,C97952219,inactive
CC1CC[NH+](CC1)[C@@H](CNC(=O)c2ccc(cc2)S(=O)(=O)NCc3ccco3)c4cccs4,C13164930,inactive
C[C@@H](C(=O)Nc1ccc(cc1)S(=O)(=O)Nc2ccc(c(c2)C(F)(F)F)Cl)N(c3ccc(cc3)OC)S(=O)(=O)C,C59646546,inactive
CCOc1ccc(cc1)NC(=O)c2ccccc2NC(=O)C(=O)N/N=C/c3ccc(cc3)OC(=O)c4cccc5c4cccc5,C04282272,inactive
c1ccc2c(c1)CCN2S(=O)(=O)c3ccc(cc3)NC(=S)NC(=O)/C=C/c4ccc(cc4)Cl,C14833760,inactive
Cc1cc(C)c(CNC(=O)c2cc(Br)c3OC\C=C/COc3c2)c(=O)[nH]1,359841,active
COc1ccc(cc1)NS(=O)(=O)c2cc(ccc2OC)NC(=O)CCSc3ccc(cc3)F,C09130253,inactive
Cc1cccc(c1NC(=O)C[NH+](CC(=O)Nc2c(cccc2C)C)[C@@H](C)C(=O)Nc3ccccc3C#N)C,C13134527,inactive
COc1ccc-2c(c1)NC3(CC[NH+](CC3)C[C@@H](Cc4ccc(cc4)Br)O)c5n2ccc5,C72336302,inactive
c1cc[nH]/c(=N\S(=O)(=O)c2ccc(cc2)/N=N/c3cc(c(c(c3)/N=N/c4ccc(cc4)S(=O)(=O)[N-]c5ccccn5)O)C(=O)[O-])/c1,C77273649,inactive
CCCCCOc1ccc(cc1OC)[C@@H]2C(=C(C(=O)N2CCCn3cc[nH+]c3)O)C(=O)c4cccc(c4)OC,C33460073,inactive
Cc1cccc(c1)Oc2coc3cc(ccc3c2=O)OC[C@@H](CN4CC[NH+](CC4)c5cccc(c5C)C)O,C84213100,inactive
CCCCCCOc1ccc(cc1)[C@@H]2C(=C(C(=O)N2CC[NH+](C)C)O)C(=O)c3cc4cccc(c4o3)OC,C33522977,inactive
CCOC(=O)c1c2c(sc1NC(=O)CSc3[nH]c4cc(ccc4[nH+]3)C)C([NH2+]C(C2)(C)C)(C)C,C12519926,inactive
COc1ccc(cc1)N/C(=[NH+]/CCc2ccccc2)/S[C@H]3CC(=O)N(C3=O)c4ccccc4Cl,C59446228,inactive
Cc1cc([nH]c1C(=O)N2CCC(CC2)[C@]3(C(=O)N(C(=O)N3)CCc4cccs4)c5ccc[nH+]c5)C,C14969563,inactive
c1cc(c(cc1Cl)NC(=O)c2cc(c[nH]2)Br)n3cncn3,C37494825,inactive
COc1cccc(c1)CN2C[C@@H](C[C@H]2C(=O)OC)NC(=O)[C@H]3C(=c4cc(ccc4=[NH+]3)Cl)c5ccccc5,C64110515,inactive
CCN(C1CCOCC1)c1cc(cc(C(=O)NCc2c(C)cc(C)[nH]c2=O)c1C)-c1ccc(CN2CCN(CCCCCCCCCCCOc3cccc4C(=O)N(C5CCC(=O)NC5=O)C(=O)c34)CC2)cc1,50582393,active
Cc1ccc(cc1)C[NH2+]Cc2cc(c(c(c2)Br)OC[C@H](c3ccc4c(c3)OCO4)O)OC,C20877085,inactive
CC[NH+](CC)c1ccc(cc1)/C=C\2/C(=O)c3cc4c(c(c3O2)C)OC[NH+](C4)[C@@H](C)c5ccccc5,C62977248,inactive
Cn1cc[nH+]c1[C@@H](c2ccc(cc2)F)NC(=O)c3ccc(cc3)NS(=O)(=O)c4cccs4,C14405923,inactive
c1ccn(c1)c2nc(cs2)CC(=O)N3CC[C@]4(CCCC[C@H]4C3)O,C72403785,inactive
c1ccc(c(c1)/C=N/Nc2[nH]nc(n2)SCC(=O)NC3CCCCC3)OCc4ccc(cc4)Cl,C20836762,inactive
CCCCN1c2ccccc2[C@]3(C1=O)C(=C(C(=O)N3CC[NH+](C)C)O)C(=O)c4cccc(c4)S(=O)(=O)N(C)C,C98046808,inactive
C[C@H](c1cc(cc(c1)C(F)(F)F)C(F)(F)F)O[C@@H]2[C@@H](N(CCO2)Cc3[nH]c(=O)[nH]n3)c4ccc(cc4)F,C27428713,inactive
Cc1ccccc1C(=O)N[C@](C(=O)OC)(C(F)(F)F)Nc2c(cc(c[nH+]2)Cl)C(F)(F)F,C08856084,inactive
Cc1ccc(cc1)/[NH+]=c\2/c(cc3cc(ccc3o2)Br)C(=O)N,C02471408,inactive
COC(=O)Nc1cccc(c1)C(=O)NC[C@@H](c2ccc(cc2)Cl)[NH+]3CCc4c(ccs4)C3,C97547286,inactive
CCCCOc1ccc(cc1)C(=O)C2=C(C(=O)N([C@H]2c3ccc(cc3)Br)CC[NH+](CC)CC)O,C39827957,inactive
c1ccc(cc1)C(c2ccccc2)N3CCN(CC3)Cc4[nH+]c(nc(n4)N5CCCc6c5cccc6)N,C19891133,inactive
CCOc1ccc(cc1)[C@H]2C(C(=NC3=C2C(=O)CCC3)SCC(=O)Nc4ccc(cc4)NC(=O)C)C#N,C09331222,inactive
c1cc2c([nH+]c1)C(=C3CCN(CC3)C(=O)NCC(=O)[O-])c4ccc(cc4CC2)Cl,C09422106,inactive
CCN(C1C[C@@H](C)N[C@H](C)C1)c1cc(cc(C(=O)NCc2c(C)cc(C)[nH]c2=O)c1C)-c1ccc(CN2CCN(C)CC2)nc1,601719,active
CCCCCOc1ccc(cc1)NC(=O)C(=O)NCCN2CCN(CC2)C(=O)c3ccc(cc3)Br,C97947899,inactive
COc1cccc(c1)[C@@H]2C(=C(OC(=C2S(=O)(=O)c3ccccc3)c4ccccc4)N)C#N,C00643497,inactive
COc1ccc(cc1O)/C=N/NC(=O)c2ccc(c(c2)I)OC,C12573791,inactive
CC[NH+]1CCc2c(sc(c2c3nc4ccccc4s3)NC(=O)c5ccc(cc5)S(=O)(=O)N6CCc7ccccc7C6)C1,C97963415,inactive
CCN(c1cc(-c2ccc(N3CCNCC3)nc2)cc(C(=O)NCc2c(C(C)C)cc(C)[nH]c2=O)c1C)C1CCOCC1,CHEMBL3701044,active
CC1CN(CC2CC2)c2cc(cc(C(=O)NCc3c(C)cc(C)[nH]c3=O)c12)-c1ccc(CN2CCOCC2)cc1,50205637,inactive
Cc1ccc(c(c1)C)NC(=O)C2=C([NH+]=C3C(=CNN3[C@H]2c4ccccc4[N+](=O)[O-])C(=O)Nc5ccccc5)C,C08595169,inactive
CC(C)c1cc(c(s1)NC(=O)/C(=C/c2ccc(c(c2)COc3cccc4c3[nH+]ccc4)OC)/C#N)C(=O)OC,C97965795,inactive
Cc1ccccc1C(=O)Nc2ccc[n+](c2)c3c(nc4ccccc4n3)[N-]S(=O)(=O)c5ccccc5,C15978894,inactive
Cc1cc(ccc1OCC(C)C)/C(=C/2\[C@@H](N(C(=O)C2=O)CC[NH+](C)C)c3cc(c(c(c3)OC)OC)OC)/O,C09068268,inactive
CCN(C1CCC(CC1)C(C)C)c1cc(Cl)cc(C(=O)NCc2c(C)cc(C)[nH]c2=O)c1C,190215,active
COC(=O)[C@@H]1Cc2c3ccccc3[nH]c2[C@@H]4[NH+]1[C@@H](C[C@@H](C4)NCCc5c[nH]cn5)c6cccc(c6)Cl,C20504049,inactive
c1ccc(cc1)S(=O)(=O)/C(=C\c2ccc(o2)c3ccc(c(c3)Cl)Cl)/C(=O)NCc4ccc[nH+]c4,C17180803,inactive
CCOc1cc(ccc1OCCC(C)C)[C@H]2C(=C(C(=O)N2CC[NH+](C)C)O)C(=O)c3ccc4c(c3)C[C@H](O4)C,C09124230,inactive
C[C@H]1CCCC[NH+]1CCCN2C(=O)c3cc4c(n3C[C@]2(C)C(=O)NC5CCC(CC5)C)ccs4,C21808715,inactive
CCOc1ccc(cc1)NS(=O)(=O)c2ccc(cc2)C(=O)NC[C@@H](c3ccc(cc3)OC)[NH+]4CCCC4,C12526227,inactive
c1cc(oc1)[C@@H]2C[C@H](n3c(c(c(n3)C(=O)Nc4ccc(cc4)OC(F)(F)F)Cl)N2)C(F)(F)F,C02088232,inactive
c1ccn2cc(nc2c1)COc3ccc(cc3)[C@H]4NC(=[NH+]c5n4c6cc7c(cc6n5)OCCCO7)N,C12506421,inactive
c1cnn(c1)c2ccc(cc2)NC(=S)NC[C@H]3C[C@@H]4CC[NH+]3C[C@@H]4C[NH+]5CCN(CC5)C(=S)Nc6ccc(cc6)n7cccn7,C67870932,inactive
C[C@@H]1C/C=C/C=C/[C@@H]([C@@H](C[C@@H]([C@@H]([C@H]([C@@H](CC(=O)O1)O)OC)O[C@H]2[C@@H]([C@H]([C@@H]([C@H](O2)C)O)[NH+](C)C)O)CC=O)C)O[C@H]3CC[C@@H]([C@H](O3)C)[NH+](C)C,C94313166,inactive
CC1(CC2=NC(=C)C([C@@H]([C@@H]2C(=O)C1)c3cccc(c3OC)OC)C(=O)Nc4ccc(c[nH+]4)Br)C,C08413151,inactive
c1ccc(c(c1)S(=O)(=O)NCCC(=O)NC[C@H](c2cccc(c2)Cl)[NH+]3CCCC3)Cl,C58775447,inactive
Cc1cc(c(n1c2ccc(cc2)Br)C)/C=N\NC(=O)c3ccc(cc3)O,C33667132,inactive
CCOc1ccc(cc1)NC(=O)[C@@H](C)SCc2nc(nc(n2)Nc3ccc(cc3)Cl)N,C13014173,inactive
CCOc1cccc(c1O)[C@@H]2CC(=N[C@H]([NH2+]2)c3ccc(c(c3)Br)F)c4ccc(cc4)OC,C20764264,inactive
c1ccc(cc1)C(=O)Nc2ccc(cc2)C(=O)NNC(=S)NC(=O)/C=C/c3ccc(cc3)[N+](=O)[O-],C09229868,inactive
C=CCNS(=O)(=O)c1ccc(cc1)NC(=O)CCCC(=O)Nc2ccc(cc2)S(=O)(=O)NCC=C,C13991487,inactive
Cc1c2c(n(n1)c3ccccc3)[NH+]=C4C(=Nc5ccccc5N4[C@H]2c6ccc(c(c6)OC)OC)Nc7ccccc7,C02223423,inactive
Cc1ccc(c(c1)NC(=O)CN2c3ccccc3/C(=C/4\C(=O)N(C(=S)S4)CCc5ccc(cc5)OC)/C2=O)C,C97946547,inactive
C=C(Cn1c2ccccc2[nH+]c1CCCCCNC(=O)c3ccc(cc3)Br)Br,C40214342,inactive
C#CCOc1c(cc(cc1I)/C=N/NC(=O)C[NH+]2CCOCC2)Br,C59246585,inactive
COCCCN1C(=O)[C@@H]2[C@H]([NH2+][C@]3([C@@H]2C1=O)c4ccccc4NC3=O)CC5=c6ccccc6=[NH+]C5,C63270482,inactive
CSc1cc(C)[nH]c(=O)c1CNC(=O)c1c(C)n([C@H](C)[C@H]2CCC(CC2)OC(F)F)c2ccccc12,574914,active
CCN(CC)Cc1ccc(cc1)-c1cc(N(CC)C2CCOCC2)c(C)c(c1)C(=O)NCc1c(C)cc(C)[nH]c1=O,172088,active
CCOc1cc(ccc1O)[C@H]2[C@H](C(=O)C(=O)N2c3nnc(s3)SCc4ccccc4)C(=O)c5cc6ccccc6o5,C08441230,inactive
c1cc(c(c(c1)F)F)c2c3c(n(nc3nc(n2)NCC[NH+]4CCCC4)c5ccc(cc5)F)N,C37361451,inactive
COc1ccc(c(c1)[C@H]2c3c(nn(c3N(C(=O)CS2)CC(=O)NC4CC4)c5ccc(cc5)F)c6ccccc6)OC,C98011209,inactive
Cc1ccc(cc1)S(=O)(=O)N[C@@H](C)[C@@H](c2cccs2)[NH+]3CCN(CC3)c4ccc(cc4)F,C09382655,inactive
COc1ccc(cc1)[C@H]2C[C@@H](n3c(c(c(n3)C(=O)Nc4cc(cc(c4)Oc5ccc(cc5)Br)[N+](=O)[O-])Cl)N2)C(F)(F)F,C97949204,inactive
C[C@H]1CCCC[C@H]1[NH2+][C@H]2CC(=O)N(C2=O)c3ccc(cc3)N4C(=O)C[C@H](C4=O)N[C@@H]5CCCC[C@H]5C,C13388264,inactive
c1cc(ccc1NC(=O)N2CCc3c(sc(n3)NC(=O)c4ccsc4)C2)Cl,C96334259,inactive
c1cc(sc1)/C=C/C(=O)NNC(=O)COc2ccc3cc(ccc3c2Br)Br,C13979349,inactive
C[C@H](C(=O)Nc1ccc(cc1Br)Br)[NH+]2CCN(CC2)c3ccc(cc3)O,C09633998,inactive
CC1(CC(CC([NH2+]1)(C)C)NC(=O)CSc2nnc(n2c3ccccc3)c4cccc(c4)Br)C,C20829189,inactive
CCN(C1CCC(C)(CC1)NC(=O)OCc1ccccc1)c1c(C)c(cc2n(C)ncc12)C(=O)OC,516872,active
Cc1ccc(cc1)C(=O)/C=C/c2cn(c3c2cccc3)C[C@@H](C[NH2+]CCc4c[nH]c5c4cc(cc5)F)O,C16957677,inactive
Cc1cc(C)c(CNC(=O)c2cc3CC(C)(C)Oc3c(c2)-c2ccc(cc2)N2CCNCC2)c(=O)[nH]1,359747,active
COc1ccc(cc1OC)NC(=O)CSc2nc([nH]n2)N/N=C/c3cc(ccc3O)Br,C59016962,inactive
c1ccc(cc1)CC2CC[NH+](CC2)CCNC(=O)CN3c4ccccc4S/C(=C\c5ccccc5F)/C3=O,C20728021,inactive
CC[C@@H](C)Oc1ccccc1[C@@H]2C3=C(C[C@@H](CC3=O)c4cccc(c4)OC)Nc5ccccc5N2,C20883917,inactive
CCSc1ccsc1[C@H]2C(=C(N(C3=C2C(=O)C[C@@H](C3)c4ccccc4)c5ccc[nH+]c5)N)C#N,C09981731,inactive
c1ccc(cc1)CS(=O)(=O)c2c(c3c(cc([nH+]c3s2)c4ccccc4)c5ccccc5)N,C15659475,inactive
CC1(C)CC(CC(C)(C)N1)OC(=O)c1ccc(Oc2cccc(-c3ccnnc3)c2C#N)c(Cl)c1,50010835,active
c1ccc(cc1)COC[C@@H](C[NH+](Cc2ccccc2F)C[C@@H]3CC(=NO3)c4ccc(c(c4)Cl)Cl)O,C40404051,inactive
CC(C)n1ncc2c(cc(nc12)C1=CCN(CC1)C(=O)CO)C(=O)NCc1c(C)cc(C)[nH]c1=O,325991,active
CCOc1ccc(cc1)[C@H]2CC(=NN2C(=O)C[NH+]3CCC(CC3)C(=O)N)c4ccccc4Cl,C36342559,inactive
Cc1cc(c(c(c1)C)NC(=O)CSc2c3c(nc(n2)c4ccccc4Cl)Oc5c([nH+]cc(c5C3)CO)C)C,C97958200,inactive
CC/C(=C\1/C(=NN(C1=O)c2nc3ccccc3s2)CSc4ccc(cc4)C)/NCCc5c[nH]c[nH+]5,C09972288,inactive
c1ccc2=[NH+]CC(=c2c1)CCCC(=O)Nc3ccccc3NS(=O)(=O)c4cccs4,C63913149,inactive
c1ccc2c(c1)c(c[nH]2)/C=N/Nc3[nH]nc(n3)SCCC(=O)Nc4ccccc4Br,C21076730,inactive
c1cc(c(c(c1)Cl)S(=O)(=O)N2CCC(CC2)C(=O)NC3CCC(CC3)O)Cl,C09986702,inactive
CN(C1CCNCC1)c1cc(cc(C(=O)NCc2c(C)cc(C)nc2=O)c1C)-c1ccc(CN2CCOCC2)nc1,514165,active
C=C1C([C@H](C(C(=N1)SCC(=O)NC2CCCCC2)C#N)c3ccco3)C(=O)Nc4nc5ccccc5s4,C08683387,inactive
c1ccc2c(c1)C(=O)c3cccc(c3C2=O)NC(=S)N[C@@H]4CCS(=O)(=O)C4,C05673153,inactive
c1ccc(c(c1)C/[NH+]=C(/c2cc(nc3c2cc(cc3)S(=O)(=O)N4CCOCC4)c5ccccn5)\O)Cl,C06302487,inactive
CCOc1ccc(cc1)NC(=O)c2ccccc2NC(=O)C(=O)N/N=C/c3cc(ccc3OC(=O)c4ccc(cc4)C)Br,C04259445,inactive
c1ccc2c(c1)cccc2OC[C@H](C[NH+]3CCN(CC3)C[C@@H](COc4cccc5c4cccc5)O)O,C19904800,inactive
CC(C)n1ncc2c(cc(nc12)C1=CCN(CC1)C(=O)CN)C(=O)NCc1c(C)cc(C)[nH]c1=O,325969,active
CCn1c2ccc(cc2oc1=O)[C@H](c3ccccc3I)[NH3+],C51363203,inactive
C[C@@H](c1ccccc1)N2C(=O)[C@@H]([NH2+]C23CCN(CC3)C(=S)Nc4ccc(cc4)F)C(C)C,C36024378,inactive
c1cc(ccc1C(=O)NNC(=O)CSc2ccc(cc2[N+](=O)[O-])C(F)(F)F)Br,C25386048,inactive
CC1(C[NH+]=C(S1)N2CCN(CC2)C[C@@H](COc3ccc(cc3)OC[C@H](CN4CCN(CC4)C5=[NH+]CC(S5)(C)C)O)O)C,C49771565,inactive
Cc1cc(ccc1Br)NC(=O)N[C@@H](CCC(C)C)c2c3c(sc2n4cccc4)C[NH+](CC3)C,C20386620,inactive
c1cc(cc(c1)Cl)NC(=O)[C@H]2[C@@H]3C=C[C@]4([C@@H]2C(=O)N([C@@H]4C(=O)NC5CCCCC5)C6CCCCC6)O3,C97962339,inactive
COCC(=O)Nc1cc(c2c(c1)ncn2CCc3ccccc3)C(=O)NCCC4=c5ccccc5=[NH+]C4,C64622397,inactive
CCOc1ccc(cc1OCC)CCNC(=S)N(Cc2ccc(cc2)C(C)C)Cc3ccc[nH+]c3,C59074440,inactive
CS(=O)(=O)c1ccccc1NC(=O)[C@@H]2CCOc3c2cccc3,C76774548,inactive
CCN(c1cc(/C=C/c2cccc(CN(C)C)c2)cc(C(=O)NCc2c3c(c(C)[nH]c2=O)CCCC3)c1C)C1CCOCC1,CHEMBL4645357,active
Cc1c(sc(n1)C)C(=O)C2=C(C(=O)N([C@H]2c3ccc(c(c3)OC)OCc4ccccc4)CC[NH+](C)C)O,C35567054,inactive
CCOc1ccc(c(c1)C2=C([NH+](c3ccccc3[N+]2=O)OCc4ccc(cc4)I)[O-])OCC,C59608445,inactive
CCOC(=O)c1c2c(sc1NC(=O)CCCS(=O)(=O)c3ccc(cc3)F)C([NH2+]C(C2)(C)C)(C)C,C09914361,inactive
CC(C)C(=O)Nc1cccc(c1)C(=O)Nc2nc3ccc(cc3s2)S(=O)(=O)C,C00795364,inactive
c1cc(cc(c1)Br)C(=O)NC(=S)Nc2cc(ccc2Cl)c3nc4c(o3)ccc[nH+]4,C01169952,inactive
CC(C)Cn1c(c(c2c1[nH+]cc(c2)NCc3c(cccc3F)F)NC(=O)Cc4ccccc4)C(=O)OC,C14537944,inactive
c1cc(ccc1C(=O)Nc2nc3c(s2)CCC[C@@H]3C(=O)NCCc4cc[nH+]cc4)Cl,C44441645,inactive
c1ccn2cc([nH+]c2c1)c3ccc(cc3)NC(=O)CSCc4[nH]c(=O)c5c6c(sc5n4)CCC6,C10321765,inactive
CN(C)Cc1ccc(cc1)-c1cc(N(C)[C@H]2CC[C@@H](CC2)NC(C)=O)c(C)c(c1)C(=O)NCc1c(C)cc(C)nc1=O,172033,active
c1ccc(c(c1)C(F)(F)F)NC(=O)C[NH+]2CCc3c(sc(n3)NC(=O)NC4CCCC4)C2,C77145808,inactive
CSc1cc(C)[nH]c(=O)c1CNC(=O)c1c(C)n([C@H](C)C23CC(C2)(C3)N(C)C2COC2)c2ccccc12,574847,active
CCN(c1cc(-c2ccc(CN3CCN(C)CC3)nc2)cc2c(NCc3c(C)cc(C)[nH]c3=O)nccc12)[C@H]1CC[C@H](N(C)C)CC1,CHEMBL5193217,active
c1ccc(cc1)/C=C\2/C(=O)N(C(=O)S2)CCNC(=O)c3ccc(cc3)n4cnc5ccccc5c4=O,C21896847,inactive
COc1cc(C)[nH]c(=O)c1CNC(=O)c1cc(cc2n(cc(C)c12)S(=O)(=O)C1(CC=C)CC1)-c1ccc(nc1)N1CCN(C)CC1,464542,active
Cc1ccc(cc1)S(=O)(=O)c2c([nH]c([nH+]2)c3ccccc3)SCC(=O)NC[C@H]4CCCO4,C11695904,inactive
CCN(C1CCOCC1)c1cc(cc(C(=O)NCc2c3CCCCc3c(C)[nH]c2=O)c1C)-c1ccc(CN2CCN(C)CC2)cc1,50544756,active
COC(C1CCN(CC1)C(=O)CO)c1cc(Cl)c2CCN(Cc3c(C)cc(C)[nH]c3=O)C(=O)c2c1Cl,50246933,active
Cc1cccc2c1nc(s2)NC(=O)C(=O)NC[C@@H](c3cccc4c3cccc4)[NH+](C)C,C10085684,inactive
C[C@H]1[C@@H]2[C@@H](C(=O)N(C2=O)c3cccc(c3)Cl)[C@@]4([NH2+]1)c5ccccc5N(C4=O)C/C=C\c6ccccc6,C15276262,inactive
COC(C1CCS(=O)(=O)CC1)c1cc(Cl)c2CCN(Cc3c(C)cc(C)[nH]c3=O)C(=O)c2c1Cl,50246931,active
C[C@@H](c1ccc(cc1)OC)NC(=O)c2ccc(cc2)c3c4c(n[nH]3)-c5ccc(cc5CC4)OC,C23461870,inactive
c1ccc2c(c1)nc(n2C[C@H](CN3CCN(CC3)C[C@@H](Cn4c5ccccc5nc4C(F)(F)F)O)O)C(F)(F)F,C98048155,inactive
CCc1cccc(c1NC(=O)C2=C(N=C(C([C@@H]2c3ccco3)C#N)SCC(=O)NCc4ccccc4)C)C,C12250145,inactive
Cc1ccccc1OCCOc2c(cc(cc2Cl)/C=C\3/C(=[NH2+])N4C(=NC3=O)SC(=N4)c5ccccc5Cl)Cl,C97966238,inactive
CCN(C1CCOCC1)c1cc(\C=C\c2ccc(CN3C[C@H](C)O[C@H](C)C3)cc2)cc(C(=O)NCc2c(C)c3CCCCc3[nH]c2=O)c1C,50544777,active
COc1ccc2c(c1)[nH]c([nH+]2)SCC(=O)Nc3ccccc3NC(=O)CSc4[nH]c5cc(ccc5n4)OC,C06459022,inactive
COc1ccccc1N2C(=O)C[C@H](C2=O)N(CCc3ccccc3)C(=S)Nc4ccc(c(c4)Cl)Cl,C98045898,inactive
C[C@@H](C(=O)Nc1ccc(c(c1)F)F)[NH+]2CCN(CC2)[C@@H](c3ccc(cc3)Cl)C(=O)N,C95466707,inactive
c1ccc2=[NH+]CC(=c2c1)CCC(=O)NN3[C@H](Nc4ccccc4C3=O)SCC(=O)c5ccc(cc5)F,C63708520,inactive
Cc1cc(C)c(CNC(=O)c2cc(-c3ccc(CN4CCOCC4)nc3)cc(N(C)C3CCCCC3)c2C)c(=O)[nH]1,CHEMBL3697426,active
CC(C)n1ncc2c(cc(nc12)C1=CCN(C)CC1)C(=O)NCc1c(C)cc(C)[nH]c1=O,325984,active
Cc1cc(C)c(CNC(=O)c2cc(C#N)cc3c2CCN3C2CCOCC2)c(=O)[nH]1,CHEMBL3929353,inactive
c1ccc(cc1)CNC(=O)CC[C@@H]2CNC(=O)[C@H]3[NH+]2C[C@H](C3)NS(=O)(=O)c4cccs4,C15707795,inactive
Cc1ccc(cc1C)N([C@@H](c2ccc(cc2)F)C(=O)NC(C)C)C(=O)CCC(=O)Nc3cccc[nH+]3,C08994806,inactive
COc1cc(ccc1Cl)S(=O)(=O)N2c3ccccc3N[C@]2(c4ccc(cc4)C(F)(F)F)OS(=O)(=O)c5ccc(c(c5)OC)Cl,C98005063,inactive
c1ccc(cc1)CCN2C(=O)[C@@H]3[C@@H](N[C@]4([C@@H]3C2=O)c5ccccc5NC4=O)CC6=c7ccccc7=[NH+]C6,C63376020,inactive
COc1ccc(cc1)CNC(=O)CSc2[nH+]ccn2c3ccc(cc3)C(=O)NCc4ccccc4,C44166212,inactive
COc1ccc2c(c1)[nH]c(n2)SCC(=O)Nc3cc(c(cc3Br)Br)OC,C33517525,inactive
CSc1cc(C)[nH]c(=O)c1CNC(=O)c1c(C)n([C@H](C)C2COC2)c2ccccc12,574852,active
CCOc1cc2c(cc1C/[NH+]=C(/c3cc(c(cc3Cl)Cl)S(=O)(=O)N)\O)O[C@@H](C2)C,C12997056,inactive
CN1CCN(CC1)c2nc3ccc(cc3s2)NC(=O)C4CCN(CC4)S(=O)(=O)c5ccc(cc5)OC,C38511478,inactive
c1cc(cc(c1)Br)[C@@H](CC(=O)N2CCN(CC2)c3[nH+]ccs3)NC(=O)N,C27133686,inactive
COc1ccc(cc1)[C@H](CNC(=O)[C@@H](CCSC)NC(=O)c2ccccc2Cl)[NH+]3CCCC3,C23485794,inactive
Cc1cc(C)c(CNC(=O)c2cc3CC(C)(C)Oc3c(c2)-c2cnc3ccccc3c2)c(=O)[nH]1,359742,active
CC[C@H](C)n1cc(C)c2c(C(=O)NCc3c(C)cc(C)[nH]c3=O)cc(-c3ccc(N4CCNCC4)nc3)cc21,CHEMBL3287735,active
C[C@H]1CCCC(=O)CCC/C=C/c2cc3c(c(c2C(=O)O1)O)[C@@H](CC(=O)O3)c4ccc(cc4)OCCc5ccc(cc5)OC,C85879519,inactive
Cc1cc(nc(n1)N/C(=N/C(=S)Nc2ccccc2OC)/NCCSCc3c([nH]c[nH+]3)C)C,C14159225,inactive
CC1(C)CC(NC(=O)c2ccc(Nc3ccccc3)cc2)CC(C)(C)N1,CHEMBL3264757,inactive
CC[C@@H]1CCc2c(sc3c2C(=[NH+][C@H](N3)c4ccc(cc4)OC(=O)/C=C/c5ccco5)O)C1,C15945389,inactive
Cc1cc(cc(c1OCc2ccc[nH+]c2)C)C(=O)NCCc3ccc(cc3)S(=O)(=O)N,C32488061,inactive
c1ccc(c(c1)c2ccc(o2)[C@H]3[C@H]([C@@]([NH+]=C(N3)O)(C(F)(F)F)O)C(=O)c4ccc(cc4)Cl)[N+](=O)[O-],C09312515,inactive
COc1cc(ccc1OC[C@@H](C[NH+]2CCC(CC2)O)O)C[NH2+]Cc3cccc4c3cccc4,C12112069,inactive
CC[NH+]1CCc2c(sc(c2c3nc4ccccc4s3)NC(=O)/C=C/c5ccc6c(c5)OCO6)C1,C36628642,inactive
[H]/N=C\1/C(=C/c2ccc(c(c2)OCC)OS(=O)(=O)c3ccc(cc3)C)/C(=O)N=C4N1N=C(S4)COc5ccccc5,C08494436,inactive
C[NH+]1CCc2c(sc3c2C(=O)N[C@@H](N3)c4ccc(cc4)OC(=O)c5cc(c(c(c5)OC)OC)OC)C1,C19816751,inactive
CC(C)C[NH+](Cc1cccc(c1OC)OC)Cc2ccc(o2)C(c3cccc(c3)F)(c4cccc(c4)F)O,C36202342,inactive
CN1CCc2c1ccc(c2)[C@H](CNC(=O)C(=O)NCCC3=CCCCC3)[NH+]4CCCCC4,C13007978,inactive
Cc1c(c(c([nH]1)C)S(=O)(=O)Nc2cc(ccc2F)Cl)c3nnc(o3)C4CC4,C96379673,inactive
C[NH+]1CCc2c(sc(c2c3nc4ccccc4s3)NC(=O)c5ccc(cc5)S(=O)(=O)N(CC=C)CC=C)C1,C97963383,inactive
c1cc(ccc1NC(=O)COc2ccc(cc2/C=C\3/C(=O)NC(=S)S3)Br)[N+](=O)[O-],C39794024,inactive
c1cc(c[nH+]c1)CNc2c(nc(o2)c3ccc(cc3)Br)S(=O)(=O)c4ccc(cc4)Cl,C39845076,inactive
CC(=O)Nc1ccc(cc1)S(=O)(=O)NC[C@H]2C[C@@H]3CC[NH+]2C[C@@H]3c4cc(nn4C)C5CCCCC5,C12602053,inactive
C[NH+](CC(=O)Nc1ccccc1Br)CC(=O)N2CCN(CC2)C(=O)Nc3ccccc3,C15144357,inactive
CCCc1cc(C)[nH]c(=O)c1CNC(=O)c1cc(-c2ccccn2)cc2c1cnn2C(C)C,CHEMBL4542135,active
Cc1cc[nH+]c(c1)N[C@@H](c2cccc[nH+]2)c3c([nH]c4c3cc(cc4)NC(=O)c5ccc(cc5)F)C,C21805779,inactive
c1ccc(cc1)SCc2cc(no2)C[C@H]3C[NH2+]CC[C@H]3CC(=O)N4CCN(CC4)c5ccc(cc5)F,C12482021,inactive
Cc1cc(C)c(CN2CCc3c(Cl)cc([C@H](CO)[C@H]4CCOC4)c(Cl)c3C2=O)c(=O)[nH]1,CHEMBL4080043,active
Cc1c2c(n(n1)c3ccccc3)[NH+]=C4C(=Nc5ccccc5N4[C@@H]2c6ccc(cc6)C(=O)OC)Nc7ccc(cc7OC)OC,C01861727,inactive
CCCc1cc(C)[nH]c(=O)c1CNC(=O)c1cc(cc(N(CC)C2CCOCC2)c1C)-c1ccc(nc1)N1CCN(C)CC1,172175,active
COc1cc(cc(c1OC[C@@H](c2ccc3c(c2)OCO3)O)Br)C[NH2+]Cc4cccs4,C20877025,inactive
CN(C)S(=O)(=O)c1ccc2c(c1)[C@@H]3C=CC[C@H]3[C@H](N2)c4cccc(c4O)OC,C20694110,inactive
Cc1ccc(cc1)S(=O)(=O)NCC(=O)N/N=C/c2ccccc2OC(=O)c3c(c4ccccc4s3)Cl,C04229897,inactive
COc1ccccc1[C@H]2[C@@H]3CCCC[C@@]3(CCN2CC(=O)N[C@H](CC4=c5ccccc5=[NH+]C4)C(=O)OC)O,C63351342,inactive
CCOc1cc(cc(c1OCC(=O)Nc2ccc(cc2)C)Br)[C@@H]3c4c(nn(c4OC(=C3C#N)N)c5ccccc5)C,C97959903,inactive
CCCNC(=O)[C@H](CC1=c2ccccc2=[NH+]C1)NC(=O)C3CCN(CC3)C(=O)CNC(=O)OC(C)(C)C,C63362190,inactive
Cc1c2c(c(c[nH+]1)CO)Cc3c(nc(nc3SCC(=O)Nc4cccc(c4)Cl)c5cccc(c5)OC)O2,C97986945,inactive
c1ccc(cc1)CCN2C(=O)C[C@H](C2=O)S/C(=[NH+]\Cc3ccc(cc3)Cl)/Nc4ccc(cc4)Cl,C59446218,inactive
COc1cccc2c(NC3CCN(C)CC3)cc(nc12)N1CCCN(C)CC1,50594162,inactive
c1cc(ccc1N2C(=O)/C(=C/3\c4cc(ccc4NC3=O)Br)/SC2=S)O,C00970616,inactive
CC(C)OCCCN1[C@@H](c2c(n[nH]c2C1=O)c3cc(ccc3O)Cl)c4cccc(c4)Cl,C39899319,inactive
CC(=O)N[C@H]1CC[C@@H](N(C)c2cc(-c3ccc(CN4CCOCC4)nc3)cc(C(=O)NCc3c(C)cc(C)[nH]c3=O)c2C)CC1,CHEMBL3697448,active
CC(C)(C)c1nnc(n1CC=C)SCC(=O)Nc2ccc(cc2)S(=O)(=O)Nc3cccc(c3)Cl,C20839561,inactive
CN1C(=O)[C@H](N(C1=S)NC(=O)c2ccc(cc2)Cl)CC(=O)Nc3ccccc3,C58939738,inactive
c1ccc(c(c1)c2c[nH]c(n2)[C@H]3CCCN3C(=O)c4cscn4)F,C71916582,inactive
CC(=O)N[C@H]1[C@@H]([C@@H]2[C@@H](CO[C@@H](O2)c3ccccc3)O[C@@H]1Oc4ccc(cc4)/C=C/C(=O)c5ccccc5)O,C35056649,inactive
COc1ccc(cc1)CN(Cc2ccc[nH+]c2)[C@H](c3cc4cc(ccc4[nH]c3=O)OC)c5nnnn5CCc6ccccc6,C01382205,inactive
c1ccc(cc1)C[C@@H](C(=O)NCCc2ccc(cc2)S(=O)(=O)N)NC(=O)OCc3ccccc3,C22616211,inactive
CC(=O)C12c3ccccc3C(c4c1cccc4)[C@H]5[C@H]2C(=O)N(C5=O)C[C@@H](CN6CCN(CC6)c7ccccc7OC)O,C68606188,inactive
CCN([C@H]1CC[C@@H](CC1)N(C)CCOC)c1cc(Cl)cc(C(=O)NCc2c(C)n(CC)[nH]c2=O)c1C,310779,active
Cc1c2c(c(c[nH+]1)CO)Cc3c(nc(nc3SCc4ccc(cc4)Br)c5ccc(cc5)OC)O2,C08589167,inactive
c1ccc2c(c1)cccc2/C=N/Nc3nnc(n3N)SCC(=O)NCc4cccc(c4)C(F)(F)F,C20912258,inactive
CCN(c1cc(Br)c(C)c(C(=O)NCc2c(C)cc(C)[nH]c2=O)c1C)[C@H]1CC[C@H](N(C)C)CC1,CHEMBL3933289,active
c1cc(cc(c1)Br)[C@H]2C(=C(C(=O)N2CCCn3cc[nH+]c3)O)C(=O)c4ccc(cc4)Br,C01481288,inactive
c1ccc(c(c1)N2CC[NH+](CC2)[C@@H](CNC(=O)C(=O)NCCC3=CCCCC3)c4ccc5c(c4)OCO5)F,C38621129,inactive
CCN(C1CCN(CC(F)(F)F)CC1)c1c(C)c(cc2nn(C)cc12)C(=O)NCc1c(OC)cc(C)[nH]c1=O,516840,active
C[C@H]1[C@@H]([C@@H](C[C@@H](O1)O[C@H]2CC[C@@]3([C@H]4CC[C@@]5([C@H](CC[C@@]5([C@@H]4CC[C@@]3(C2)O)O)C6=CC(=O)OC6)C)/C=[NH+]/CCc7ccc(cc7)F)O)O,C79204527,inactive
Cc1ccc2c(cc(c(c2[nH+]1)OCC(=O)O[C@@H](C)C(=O)Nc3c(ccs3)C(=O)N)Cl)Cl,C16832823,inactive
c1ccc(c(c1)N2CC[NH+](CC2)[C@H](CNS(=O)(=O)c3ccccc3Cl)c4ccc5c(c4)OCO5)F,C38620909,inactive
CCN(C1CCOCC1)c1cc(cc(C(=O)NCC2C(=O)NC(C)c3cccc(F)c23)c1C)-c1ccc(CN2CCOCC2)cc1,335709,active
C[C@H]1[C@@H]2[C@@H](C(=O)[C@]3([C@H]([C@]2(C=CC1=O)C)CC[C@@H]\4[C@@]3(C[C@@H](/C4=C(\CCC=C(C)C)/C(=O)O)OC(=O)C)C)C)O,C67903219,inactive
Cc1cn2c(c(nc2s1)C)/C=C\C(=O)N3Cc4ccccc4C[C@@H]3C(=O)N,C96927198,inactive
CN(C)Cc1cc(C)[nH]c(=O)c1CNC(=O)c1cc(Br)cc2n(ncc12)C1CCCC1,326119,active
c1ccc2=[NH+]CC(=c2c1)[C@@H](CNC(=O)C3=CS[C@H](C3)S(=O)(=O)N)c4ccccc4Cl,C63150024,inactive
C[NH+](CCCNC(=O)[C@@H]1c2ccccc2C(=O)N([C@@H]1c3cccs3)C4CCCC4)Cc5ccccc5,C09433506,inactive
C=C1C([C@H]([C@@H]2C(=N1)C[C@@H](CC2=O)c3ccco3)c4ccccc4Cl)C(=O)Nc5cccc[nH+]5,C06077298,inactive
CNCCCOc1ccc(cc1)-c1cc(C(=O)NCc2c(C)cc(C)[nH]c2=O)c2cnn(C3CCCC3)c2c1,326079,active
c1cc(sc1)NC(=O)N2CCC(CC2)CNC(=O)[C@H]3CC(=O)N(C3)c4ccc(cc4)F,C44004445,inactive
CC(C)n1ncc2c(cc(nc12)-c1cccc(CNCCN(C)C)c1)C(=O)NCc1c(C)cc(C)[nH]c1=O,325834,active
Cc1cccc([nH+]1)NC(=O)[C@H]2c3ccccc3C(=O)N([C@H]2c4ccc(cc4)OC)Cc5ccc(cc5)F,C09780842,inactive
Cc1csc(n1)NC(=O)[C@H](C(C)C)NC(=O)[C@H]2CCCN(C2)S(=O)(=O)c3ccc(cc3)F,C13551594,inactive
c1cc(sc1)C(=O)N[C@]2(C(=O)N(C(=O)N2)c3ccc(c(c3)Cl)F)C(F)(F)F,C02372170,inactive
c1ccc(c(c1)C(=O)Nc2ccc3c(c2)[nH]c(n3)c4cc(ccc4F)F)SCc5cscn5,C71938777,inactive
CC(C)[C@H](C(=O)NC(=O)N)Sc1nc2cc(ccc2o1)S(=O)(=O)Nc3ccccc3OC,C15221369,inactive
COc1ccccc1/[NH+]=C(\c2cc(c(c(c2)OC)OC)OC)/N(c3ccc(cc3)O)c4ccc(cc4)O,C33490253,inactive
COc1ccccc1/[NH+]=C\2/N(C(=O)/C(=C/c3cc(ccc3O)Br)/S2)c4ccccc4OC,C59220982,inactive
CCN(C1CCOCC1)c1cc(cc(C(=O)NCc2c(C)cc(C)[nH]c2=O)c1C)-c1ccc(CN2CC(O)C2)cc1,172077,active
Cc1cccc(c1)C2=NN3C(=[NH2+])/C(=C\c4cc(c(c(c4)OC)OCCOc5ccc(c(c5)C)C)OC)/C(=O)N=C3S2,C97957744,inactive
COc1ccc(cc1OC)NC(=O)Cn2c3cc(c(cc3[nH+]c2Cc4ccccc4Cl)Cl)Cl,C85421595,inactive
COc1cc(ccc1OCC(=O)N/N=C/c2cc(cc(c2OC)Br)Br)Br,C01434439,inactive
c1ccc(c(c1)CN2[C@@H](c3c(=O)c4cc(ccc4oc3C2=O)Cl)c5ccc(cc5)OCC(=O)N)Cl,C39825410,inactive
Cc1cccc(c1NC(=O)CS[C@H]2[NH+]=c3ccccc3=C4N2NC(=[NH+]4)CCC5=C(N=N[C@@H]5C)C)C,C63708301,inactive
c1ccc(cc1)c2[nH]c(c([nH+]2)S(=O)(=O)c3ccccc3)SCC(=O)N[C@H]4CCS(=O)(=O)C4,C11695895,inactive
CCN(c1cccc2c1CCCCCCc1cc(C)[nH]c(=O)c1CNC2=O)C1CCOCC1,CHEMBL3394231,active
Cc1cc(nc([nH+]1)N[C@@H](c2cccc(c2)Br)c3cc(sc3NC(=O)c4ccco4)C)C,C46020765,inactive
CC(C)n1ncc2c(cc(nc12)C1=CCN(CC1)C(=O)CC(N)CO)C(=O)NCc1c(C)cc(C)[nH]c1=O,325951,active
Cc1ccc(cc1)S(=O)(=O)c2c3c(nc4ccccc4[nH+]3)n(c2N)NC(=O)c5ccco5,C02394101,inactive
c1cc(c(c(c1)F)NC(=O)C[NH+](CCC2=CCCCC2)CC(=O)Nc3c(cccc3F)F)F,C03357606,inactive
CC[C@@]1(Cc2c(sc3c2c(nc([nH+]3)SCC(=O)Nc4ccc(cc4)C(=O)C)N)CO1)C,C01789191,inactive
Cc1ccc(cc1)N(CC(=O)N/N=C/c2ccc(cc2)OCC(=O)NC[C@H]3CCCO3)S(=O)(=O)c4ccc(cc4)F,C59646728,inactive
C[C@H]([C@H](c1ccc(cc1)O)O)[NH+]2C[C@@H](O[C@@H](C2)COCc3ccccc3OC)COCc4ccccc4OC,C40556052,inactive
Cc1ccccc1NC(=O)[C@@H]2[C@H]3C=C[C@@]4([C@@H]2C(=O)N([C@@H]4C(=O)NC(C)(C)C)c5ccc6c(c5)CCC6)O3,C12642449,inactive
CCN(C(=O)C1CC1)c1cc(cc(C(=O)NCc2c(C)cc(C)[nH]c2=O)c1C)-c1ccc(nc1C)N1CCN(CC2CC2)CC1,50575222,active
c1ccc(cc1)c2ccc(cc2)C(=O)COC(=O)[C@H](CC3=c4ccccc4=[NH+]C3)NC(=O)Oc5ccccc5,C63503234,inactive
CCOc1cc(ccc1OC(=O)c2ccc(cc2)F)[C@@H]3Nc4c(c5c(s4)C[NH+](CC5)C)C(=[NH+]3)O,C36093617,inactive
CCN(c1cc(/C=C/c2ccc(CN3CCN(C)CC3)cc2)cc(C(=O)NCc2c(C)c3c([nH]c2=O)CCCC3)c1C)C1CCOCC1,CHEMBL4643350,active
CCOc1ccc(cc1)[C@H](CCC(=O)N/N=C\c2cc(c(c(c2)Br)O)Br)O,C83300325,inactive
Cc1c(ccc(c1)c2cc(c(cc2)/N=N/c3c(c4c(c(c3)S(=O)(=O)[O-])cccc4)N)C)/N=N/c5c(c6c(c(c5)S(=O)(=O)[O-])cccc6)N,C72112791,inactive
CO[C@H]([C@@H]1CCOC1)c1cc(C)c2CCN(Cc3c(OC)cc(C)[nH]c3=O)C(=O)c2c1Cl,435573,active
CC[C@H]([C@@H]1c2cc(c(cc2CC[NH+]1Cc3ccccc3F)OC)OC)NC(=S)NC(C)C,C36048544,inactive
CCOC(=O)C1=C(Oc2cc(n(c(=O)c2[C@@]13c4ccccc4N(C3=O)C(C)C)Cc5cc[nH+]cc5)C)N,C39919060,inactive
C[NH+](C)Cc1c(nnn1c2c(non2)N)C(=O)N/N=C/c3cn(nc3c4ccccc4)c5ccccc5,C02193360,inactive
COc1ccc(c(c1)Br)OCC(=O)N/N=C/c2ccc(c(c2)Br)OC(=O)c3ccc(cc3)[N+](=O)[O-],C98001657,inactive
c1cc(c(=O)n(c1)CC(=O)NNC(=O)c2ccc(cc2)COc3ccc(cc3)Cl)C(F)(F)F,C25061472,inactive
COC(=O)C1=c2n(c(=O)/c(=C/c3ccccc3)/s2)C(=C([C@H]1c4ccccc4)c5nc6ccccc6s5)N,C08448517,inactive
CC(=O)N[C@H](CC1=c2ccccc2=[NH+]C1)C(=O)NNC(=O)CSc3nc4ccccc4s3,C63806711,inactive
c1cc[nH+]c(c1)CCNC(=O)c2cc3cc(ccc3n2Cc4cccc(c4)F)NC(=O)Cc5ccc(cc5)F,C96276544,inactive
COCC[NH2+][C@H]1C[C@H](N2[C@@H](Cc3c4ccccc4[nH]c3[C@H]2C1)C(=O)OC)c5ccc(cc5)C(F)(F)F,C20504073,inactive
COc1ccccc1NS(=O)(=O)c2cc(ccc2N3CCCC3)NC(=O)/C=C\c4cccs4,C33616948,inactive
CCN([C@H]1CC[C@@H](CC1)N(C)C)c1cc(cc(C(=O)NCc2c(C)n(C)[nH]c2=O)c1C)-c1ccc(CN2CCOCC2)cc1,310769,active
Cc1cccc(c1)COc2ccc(cc2)C(=O)C3=C(C(=O)N([C@@H]3c4cccc(c4)[N+](=O)[O-])CCCn5cc[nH+]c5)O,C97969354,inactive
COc1ccc(cc1S(=O)(=O)Nc2ccc(cc2)Cl)NC(=O)CSc3cc[nH+]cc3,C09631435,inactive
C[C@@H]1CCc2c(sc3c2C(=[NH+][C@H](N3)c4ccc(cc4)OC(=O)/C=C/c5ccc(cc5)OC)O)C1,C15947557,inactive
c1ccc(cc1)[C@H](C(=O)Nc2ccc(cn2)Cl)Sc3ccc(cc3)NC(=O)C4CCCCC4,C22716752,inactive
C[NH+](C)[C@@H](CNC(=O)c1cccc(c1)NS(=O)(=O)c2ccc(cc2)Br)c3ccco3,C12604699,inactive
CN(C)C(=O)c1cccc2c1N[C@@H]([C@H]3[C@@H]2C=CC3)c4cc(ccc4Cl)[N+](=O)[O-],C14473097,inactive
COc1ccc2c(c1)c3c([nH]2)[C@H]4C[C@@H]5[C@@H](C[C@@H]([C@@H]([C@@H]5C(=O)OC)OC)OC(=O)c6cc(c(c(c6)OC)OC)OC)CN4CC3,C05062976,inactive
Cc1ccc(cc1C)NS(=O)(=O)c2ccc(cc2)NC(=O)COc3ccc(cc3)Cl,C01147509,inactive
c1ccc2c(c1)[nH]c([nH+]2)CCNC(=O)CS(=O)(=O)Cc3cccc(c3)Br,C72022739,inactive
CSc1cc(C)[nH]c(=O)c1CNC(=O)c1c(C)n([C@@H](C)C2CN(CC(F)(F)F)C2)c2ccccc12,574909,active
Cc1nc2ccc(cc2s1)NC(=O)c3ccc(c(c3)NC(=O)c4cccs4)Cl,C03336438,inactive
COc1cccc(c1O)[C@H]2CC(=N[C@H]([NH2+]2)c3ccc(c(c3)Br)OC)c4ccc(cc4)Cl,C09542385,inactive
CC1=C2C(=[NH2+])N([C@H](N=C2N=N1)SCC(=O)Nc3ccc(cc3)Br)c4ccc(cc4)OC,C63731909,inactive
C[C@H](C(=O)Nc1ccc(c(c1F)F)F)Sc2nnc(n2c3ccc(cc3)F)C[NH+]4CCCCC4,C09881545,inactive
c1ccc(cc1)C[C@@H]2C(=O)N(C3([NH2+]2)CCN(CC3)C(=O)Nc4ccc(cc4)C(F)(F)F)C5CC5,C96210979,inactive
C[C@@H]1C=C2[C@H]([C@@H](C(=C(O2)N)C#N)c3cc(c(c(c3)Br)OC)OC)C(=O)N1CCc4c[nH]c[nH+]4,C53631893,inactive
Cc1c2c(n(n1)c3ccccc3)[NH+]=C4C(=Nc5ccccc5N4[C@@H]2c6ccccc6F)Nc7ccc(c(c7)OC)OC,C01868686,inactive
CC(C)(C)OC(=O)N1C[C@@H](C[C@H]1C(=O)Nc2ccc(cc2)I)O,C00705219,inactive
CC1=NC(=C([C@H](C1C(=O)C)c2ccc[nH+]c2)C#N)SCC(=O)Nc3nc4ccc(cc4s3)Br,C08439221,inactive
CCc1cc(c(s1)NC(=S)Nc2ccn(n2)Cc3c(c(c(c(c3F)F)F)F)F)C(=O)OC,C13753883,inactive
c1ccc(cc1)C[C@@H](c2[nH]c3ccccc3n2)NC(=O)CN4C(=O)[C@@H]5CC=CC[C@H]5C4=O,C95351751,inactive
C[NH+](C)CCCN1[C@H](C(=C(C1=O)O)C(=O)c2ccc(c(c2)F)OC)c3cc(c(c(c3)Br)O)OC,C98046423,inactive
c1ccc2c(c1)CCO[C@H]2CNC(=O)c3cc(cc(c3)S(=O)(=O)NC4CCCCC4)[C@@H]5C=CN=[NH+]5,C39344904,inactive
Cn1cc[nH+]c1[C@H](c2ccc(cc2)NC(=O)CCc3ccc(cc3)S(=O)(=O)N4CCCCCC4)O,C12547821,inactive
c1cc(c(c(c1)Cl)COc2ccc(cc2)[C@@H]3C(=C(OC4=C3C(=O)C[C@H](C4)c5ccco5)[NH3+])C#N)F,C01089500,inactive
c1ccc(cc1)CNC(=O)CC[C@H]2C(=O)N3C(=N2)c4ccccc4N=C3SCC(=O)Nc5ccccc5F,C08594887,inactive
CC1CCCc2cc(cc(-c3ccc(CN4CCOCC4)cc3)c2O1)C(=O)NCc1c(C)cc(C)[nH]c1=O,359785,active
CCOc1cc(cc(c1OCc2ccc(cc2Cl)Cl)Cl)C[NH2+]CC[NH2+]C[C@@H](C)O,C23471941,inactive
C[NH+]1CCc2c(sc3c2c(=O)n(c(n3)SCC(=O)NCCc4ccccc4)c5ccc(cc5)Cl)C1,C02360990,inactive
c1ccc(cc1)N[C@H]2C(=O)N(C(=O)S2)Cc3ccc(cc3)CN4C(=O)[C@H](SC4=O)Nc5ccccc5,C13016605,inactive
CN(C)Cc1ccc(cc1)-c1cc(N(C)C2CCOCC2)c(C)c(c1)C(=O)NCc1c(C)cc(C)[nH]c1=O,172009,active
c1ccc(c(c1)NC(=O)CCN2C(=O)/C(=C\3/C(=O)N(C(=S)S3)CCC(=O)Nc4ccccc4Cl)/SC2=S)Cl,C98216073,inactive
c1ccc2c(c1)n(c(=[NH2+])n2C[C@H](COc3ccc(cc3Cl)Cl)O)CC[NH+]4CCCCC4,C08589980,inactive
Cc1ccc(cc1)S(=O)(=O)Nc2ccccc2c3nnc(o3)c4ccc(cc4)C[N+]5(CCc6c(c7ccccc7[nH]6)C5)C,C01896795,inactive
c1cc[nH+]c(c1)N2CCN(CC2)c3c(c(ncn3)NNC(=O)c4ccc(cc4)Br)[N+](=O)[O-],C40657904,inactive
CCOc1ccc(cc1)n2c(=[NH2+])c3c(n[nH]c3nc2SCC(=O)Nc4ccccc4OCC)C,C02927273,inactive
Cc1ccc(cc1)S(=O)(=O)N(CC(=O)N/N=C/c2ccc(cc2)OCC(=O)NCc3ccco3)c4ccccc4OC,C08384338,inactive
COc1ccc(cc1)C(=O)OCc2c3c(c(c4c2OCO4)OC)[C@@H]([NH2+]CC3)[C@@H]5c6ccc(c(c6C(=O)O5)OC)OC,C44459643,inactive
COc1ccc(cc1)NC2=[N+](C(=O)[C@@H](S2)CC(=O)Nc3ccc(cc3)Cl)Cc4ccc(c(c4)OC)OC,C97960393,inactive
C[C@H]([C@H](c1ccc(cc1)O)O)N2C[C@@H](O[C@@H](C2)COCc3ccccc3OC)COCc4ccccc4OC,C40556052,inactive
CC(C)CCOc1ccc(cc1OC)[C@@H]2C(=C(C(=O)N2CCCn3cc[nH+]c3)[O-])C(=O)/C=C/c4ccccc4,C35444487,inactive
CC(C)n1ncc2c(cc(nc12)-c1cccc(CNCCN)c1)C(=O)NCc1c(C)cc(C)[nH]c1=O,325832,active
CCOC(=O)c1ccc(cc1)NC2=Nc3ccccc3N4C2=[NH+]c5c(c(nn5c6ccccc6)C)[C@H]4c7cccc(c7)OC,C01875729,inactive
c1ccc(cc1)[C@H](C(=O)Nc2ccc(c(c2)C(F)(F)F)Cl)[NH+]3CCN(CC3)c4ccc(cc4)O,C03293812,inactive
CCOc1ccc(cc1)[C@H]2C(=C(C(=O)N2c3nnc(s3)SCc4cccc5c4cccc5)O)C(=O)c6ccc(c(c6)F)OC,C98047704,inactive
C[NH+]1CCc2cc(c(cc2[C@H]1Cc3ccc(cc3)Oc4cc(ccc4O)C[C@@H]5c6cc(c(cc6CCN5C)O)OC)OC)OC,C85492190,inactive
c1cc2cccc(c2c(c1)SCC(=O)Nc3ccc4c(c3)OCC(=O)N4)Cl,C97699790,inactive
COc1ccc(cc1)NC(=O)[C@H]2N=N[C@@H](S2)CSCC(=O)NCCC3=c4ccccc4=[NH+]C3,C64491453,inactive
CCn1c(cc2c(c1=O)[C@@]3(c4ccccc4N(C3=O)Cc5cccc(c5)F)C(=C(O2)N)C#N)C,C39918984,inactive
c1ccc2c(c1)cccc2C[NH+]3CCN(CC3)C(=O)CSc4nnc(n4N)c5ccc(cc5)F,C25510941,inactive
C[NH+]1CCN(CC1)c2ccc(cc2)NC(=O)CCNS(=O)(=O)c3ccc(c(c3)F)F,C98071366,inactive
COc1ccc2c(c1)[nH]c([nH+]2)SCC(=O)NNC(=O)c3ccc(cc3)NC(=O)CSc4[nH]c5cc(ccc5n4)OC,C98023080,inactive
Cc1ccc2ccc(N[C@H]3CC[C@H](CNc4ncc(cn4)C(C#N)C(=O)NC4COC4)CC3)nc2c1Cl,50597033,active
CCN(c1cc(-c2ccc(CNC(=O)C[C@@H]3N=C(c4ccc(Cl)cc4)c4c(sc(C)c4C)-n4c(C)nnc43)cc2)cc(C(=O)NCc2c(C)cc(C)[nH]c2=O)c1C)C1CCOCC1,CHEMBL5195563,inactive
c1cc(ccc1C(=O)NNC(=O)CSc2ccc(cc2)Br)S(=O)(=O)N3CCCC3,C15948138,inactive
CCCN1c2ccccc2[C@]3(C1=O)C(=C(C(=O)N3CC[NH+](C)C)O)C(=O)c4cccc(c4)S(=O)(=O)N5CCCCC5,C98046796,inactive
CC1=C([C@@H](C(=C(N1)SCC(=O)c2ccc(cc2)Br)C#N)c3cccs3)C(=O)Nc4ccccc4OC,C06015260,inactive
CCN([C@H]1CC[C@@H](CC1)N(C)C)c1cc(cc(C(=O)NCc2c(C)cc(C)[nH]c2=O)c1C)-c1ccco1,172145,active
c1ccc2c(c1)c(nc([nH+]2)c3ccccc3Cl)N(CCC(=O)NCc4cccc(c4)C(F)(F)F)Cc5ccco5,C98009861,inactive
CCN(C1CCOCC1)c1cc(cc(C(=O)NCc2c(C)cc(C)[nH]c2=O)c1C)-c1ccc(CN2CC3(COC3)C2)cc1,172099,active
c1cc(ccc1n2c(c[nH+]c2SCC(=O)N)c3ccc(c(c3)Cl)Cl)OC(F)F,C44088247,inactive
CC[C@H](C)n1cc(C)c2c(cc(cc12)-c1ccc(nc1)N1CCN(CCCCOc2cccc3C(=O)N(C4CCC(=O)NC4=O)C(=O)c23)CC1)C(=O)NCc1c(C)cc(C)[nH]c1=O,50582377,active
CCCc1cc(C)[nH]c(=O)c1CNC(=O)c1cc(N2CCNCC2)cc2c1cnn2C(C)C,CHEMBL4575460,active
CCN(c1cc(-c2ccc(CN3CCCN(C)CC3)cc2)cc(C(=O)NCc2c(C)cc(C)[nH]c2=O)c1C)[C@H]1CC[C@H](N(C)C)CC1,CHEMBL3701006,active
COc1ccc(cc1S(=O)(=O)Nc2ccc(cc2)Cl)NC(=O)Cc3ccc(cc3)C(F)(F)F,C45605436,inactive
CCOC(=O)c1c(c(c(s1)N)C#N)CSc2nnc(n2c3ccccc3)[C@H](C)[NH+]4CCCCC4,C15355648,inactive
CC1CCCc2cc(cc(Br)c2O1)C(=O)NCc1c(C)cc(C)[nH]c1=O,359784,active
Cc1ccc2c(coc2c1C)CC(=O)N/N=C/3\CCCc4c3c(c(o4)C(=O)NCCCn5cc[nH+]c5)C,C40826601,inactive
COc1ccccc1NS(=O)(=O)c2ccc(cc2)C(=O)NCCc3ccc(s3)Br,C10500142,inactive
Cc1ccccc1COc2ccc(cc2Cl)/C=c\3/c(=[NH2+])n-4[nH]/c(=C/C(=O)N5CCCC5)/sc4nc3=O,C49668510,inactive
c1ccc2c(c1)c([nH+]c(n2)c3ccccc3Cl)N(CCC(=O)N4CCN(CC4)c5ccccc5F)Cc6ccco6,C98009857,inactive
Cc1ccc2c(c1)[nH]c(n2)C[NH+](CCN(Cc3[nH]c4cc(ccc4n3)C)Cc5[nH]c6cc(ccc6n5)C)Cc7[nH]c8ccc(cc8n7)C,C77029766,inactive
CCN(C1CCOCC1)c1cc(Cl)cc(c1)C(=O)NCc1c(C)cc(C)[nH]c1=O,50149894,inactive
C[C@H]1Cc2cc(ccc2O1)C(=O)C3=C(C(=O)N([C@H]3c4ccc(c(c4)OC)OCc5ccccc5)CCCn6cc[nH+]c6)O,C97970686,inactive
c1ccc(cc1)C\2=c3cc(ccc3=[NH+]C(=O)/C2=C/4\C[C@@H](N(N4)C(=O)CCC(=O)[O-])c5ccc[nH+]c5)Cl,C19074328,inactive
Cc1cccc(c1)Nc2cc3c4c5c2C(=O)[N+](=C(c5cc(c4C(=O)N(C3=O)c6cccc(c6)C)Nc7cccc(c7)C)O)c8cccc(c8)C,C97976823,inactive
COc1cc(cc(c1OC)OC)[C@@H]2Nc3ccc(cc3[C@H]([NH+]2CC(=O)OC)c4ccccc4Cl)Br,C98050661,inactive
Cc1cc(ccc1Br)NC(=O)N[C@H](CCC(C)C)c2c3c(sc2n4cccc4)C[NH+](CC3)C,C20386614,inactive
CCCOc1ccc(cc1OCC)[C@H]2[C@@H]3CN(CC=C3C(=C(C2(C#N)C#N)N)C#N)Cc4ccccc4,C27224950,inactive
Cc1cccc(c1)Nc2cc3c4c5c2C(=O)N(C(=O)c5cc(c4C(=O)N(C3=O)c6cccc(c6)C)Nc7cccc(c7)C)c8cccc(c8)C,C97976823,inactive
COC(=O)c1ccc(cc1)/C=C\2/C(=O)N(C(=S)S2)CCCC(=O)NNC(=O)c3cccc(c3)O,C08819582,inactive
Cn1c(c(c(=O)n(c1=O)C)C(=O)CSc2nc3cc(sc3c(=O)n2CC=C)c4ccccc4)N,C21494380,inactive
CSc1cc(C)[nH]c(=O)c1CNC(=O)c1c(C)n([C@H](C)[C@@H]2CCN(CC2(F)F)C2CC2)c2ncccc12,574929,active
CC[NH+](CC)CCN(c1nc2ccc(cc2s1)F)C(=O)c3ccc(cc3)S(=O)(=O)N(C)Cc4ccccc4,C60209758,inactive
c1ccc2c(c1)nc(n2C(=O)CCN3C(=O)/C(=C\c4cccs4)/SC3=S)SCC(=O)Nc5cccc(c5)C(F)(F)F,C97946374,inactive
c1cc(ccc1NC(=O)c2c3c(n(n2)c4ccc(cc4)F)CCC3)S(=O)(=O)NCC(F)(F)F,C12735523,inactive
Cc1cc(C)c(CNC(=O)c2cc(cc(N(CC(F)(F)F)C3CCOCC3)c2C)-c2ccc(CN3CCOCC3)cc2)c(=O)n1,172132,active
Cc1ccc(cc1)[N-]S(=O)(=O)c2ccc(cc2)C(=O)NC[C@H](c3ccccc3OC)[NH+]4CCCC4,C12604972,inactive
Cc1cc(C)c(CNC(=O)c2cc(cc3n(ncc23)C2CCCC2)-c2cccc(C[N+](C)(C)CCO)c2)c(=O)[nH]1,326086,active
COc1ccc(cc1)N2C(=O)[C@H]3[C@@H]([NH2+][C@@]4([C@@H]3C2=O)c5ccccc5N(C4=O)Cc6ccccc6F)CCSC,C08439451,inactive
c1ccc(c(c1)COc2ccc(cc2I)/C=N/NC(=O)CCCCCO)C#N,C59158471,inactive
CC(C)[NH+]1CCc2c(sc(c2c3nc4ccccc4s3)NC(=O)C(C)(C)Oc5ccc(cc5)Cl)C1,C36628743,inactive
COc1ccc2c(c1)c(c[nH]2)CCN3[C@@H](C(=C(C3=O)O)C(=O)c4cccs4)c5ccc(cc5)Cl,C35164178,inactive
Cn1cc[nH+]c1[C@H](c2ccc(cc2)F)NC(=O)CCNS(=O)(=O)c3ccccc3Br,C14404867,inactive
CC[C@@H](C)NS(=O)(=O)c1ccc2c(c1)[C@@H]3C=CC[C@@H]3[C@@H](N2)c4ccccc4OCc5ccccc5,C14476746,inactive
c1ccc2c(c1)cccc2OC[C@@H]([NH+]3CCN(CC3)C[C@@H](O)Oc4cccc5c4cccc5)O,C19367059,inactive
CC[NH+](CC(=O)Nc1ccccc1C(F)(F)F)CC(=O)Nc2c(c3c(s2)CCCC3)C(=O)OC,C16588674,inactive
CNC(=O)c1cc(cc[nH+]1)Oc2ccc3c(c2)c(=O)n(c(=O)[nH]3)c4ccc(c(c4)C(F)(F)F)Cl,C85393849,inactive
CC(C)CCOc1ccc(cc1)[C@H]2c3c(n[nH]c3C(=O)N2CC[NH+]4CCOCC4)c5ccc(cc5)Cl,C40343640,inactive
c1cc(cc(c1)Cl)N2CCN(CC2)C[C@@H](COc3ccc(cc3)OC[C@H](CN4CCN(CC4)c5cccc(c5)Cl)O)O,C98044607,inactive
COC(=O)[C@@]1([C@@H]2[C@@H]([C@H]([NH2+]1)c3cccs3)C(=O)N(C2=O)c4ccc5c(c4)OCCO5)Cc6ccc(cc6)O,C12498032,inactive
COC(C1CCN(C1)C(=O)CO)c1cc(Cl)c2CCN(Cc3c(C)cc(C)[nH]c3=O)C(=O)c2c1Cl,435604,active
c1ccc2c(c1)-c3ccccc3C2N4CCN(CC4)C[C@H](COc5ccc(cc5)OC[C@H](CN6CCN(CC6)C7c8ccccc8-c9c7cccc9)O)O,C49763202,inactive
c1ccc(cc1)C[NH+]2CCc3c(sc(n3)NC(=O)/C(=C/c4ccc(o4)c5ccc(cc5Cl)Cl)/C#N)C2,C02350174,inactive
CC(C)(C)c1ccc(cc1Br)C(=O)NNC(=O)c2ccc(cc2)OC,C05904588,inactive
CCOc1cc(ccc1OCc2ccccc2)[C@H]3C(=C(C(=O)N3CCCn4cc[nH+]c4)[O-])C(=O)c5ccc6c(c5)C[C@H](O6)C,C97967472,inactive
CC[C@@H](C)[C@@H](C(=O)N1CC[NH+](CC1)C/C=C/c2ccccc2)NC(=O)Nc3ccccc3F,C34969889,inactive
CC(CNC(=O)Nc1ccc(C(C)(C)C)cc1)CN(C)C[C@H]1O[C@@H](n2cnc3c(N)ncnc32)[C@H](O)[C@@H]1O,CHEMBL4460191,inactive
CCN(C1CCOCC1)c1cc(Cl)cc(C(=O)NCc2c(cc(C)[nH]c2=O)C(F)(F)F)c1C,50149901,active
Cn1cc[nH+]c1[C@H](c2ccc(cc2)Cl)NC(=O)c3ccc(c(c3)NC(=O)c4cccs4)Cl,C16261874,inactive
CCCCN(C)S(=O)(=O)c1ccc(cc1)C(=O)Nc2c(c3c(s2)C[NH+](CC3)CC)C(=O)NC,C08920474,inactive
Cc1ccc(cc1)C2=NN([C@H](C2)c3ccc(cc3)Cl)C(=[NH2+])S[C@@H]4CC(=O)N(C4=O)c5ccc(cc5)Cl,C59706163,inactive
c1ccc(cc1)OCC(=O)Nc2ccc(cc2)N3CCC(CC3)[NH2+]C4Cc5ccccc5C4,C14985189,inactive
COc1ccc(cc1)CC/[NH+]=C(/Nc2ccc(cc2)F)\S[C@H]3CC(=O)N(C3=O)c4cccc(c4)Cl,C59491179,inactive
c1ccc(cc1)C[C@H](C(=O)NCc2ccc(c(c2)F)n3cc[nH+]c3)NC(=O)c4ccc(cc4)Cl,C68774375,inactive
COC(=O)[C@@H]1C[C@@H](CN1Cc2ccccc2F)NC(=O)[C@H]3C(=c4cc(ccc4=[NH+]3)Cl)c5ccccc5,C64143681,inactive
COc1ccc(cc1)c2cc3ccccc3n2C[C@H](C[NH+](Cc4ccccc4)[C@@H]5CCCC[C@@H]5O)O,C28296601,inactive
c1c2c(cc(c1Cl)Cl)n(c-3nc(=O)[nH]c(=O)c3n2)C[C@@H]([C@@H]([C@@H]([C@@H](CO)O)O)O)O,C04430765,inactive
CS(=O)(=O)c1ccc(cc1)NS(=O)(=O)c2ccc(c(c2)C(=O)NCCc3ccc[nH+]c3)Cl,C25597994,inactive
c1ccc(cc1)C(=O)N/C(=C/[P+](c2ccccc2)(c3ccccc3)c4ccccc4)/C(=O)Nc5ccccc5N,C98216757,inactive
CCN([C@H]1CC[C@@H](CC1)N(C)Cc1cccc(OCCOC)c1)c1cc(Cl)cc(C(=O)NCc2c(C)n(C)[nH]c2=O)c1C,310783,active
CC(C)OC(=O)c1c2c(sc1NC(=O)c3cc4n(n3)[C@H](C[C@H](N4)c5ccc(cc5)Cl)C(F)(F)F)CCCC2,C03011472,inactive
CCN(C1CCC(CC1)N1CCOCC1)c1c(CC)c(cc2n(C)ncc12)C(=O)NCc1c(C)cc(C)[nH]c1=O,516853,active
C[C@H]1c2cc(c(cc2CC[NH+]1Cc3cc(ccc3OC)/C=N/NC(=O)c4cc([nH]n4)C(C)(C)C)OC)OC,C02946107,inactive
Cc1cc(=O)n2c3ccccc3n(c2c1C#N)C[C@@H](CN4CC[NH+](CC4)C(c5ccccc5)c6ccccc6)O,C20481408,inactive
COc1ccc(cc1)[C@@H](CNC(=O)c2cccc(c2)S(=O)(=O)Nc3ccc(cc3)OC)[NH+]4CCCCC4,C33025988,inactive
CCN([C@H]1CC[C@@H](CC1)N(C)C)c1cc(cc(C(=O)NCc2c(C)[nH][nH]c2=O)c1C)-c1ccc(OCCOC)cc1,310743,active
c1cc(ccc1NC(=O)CNc2cc(ccc2[NH+]3CCCCCC3)S(=O)(=O)N4CCOCC4)F,C62481397,inactive
C[C@@H](C(=O)NNC(=O)c1ccccc1)Sc2nc3c(c4c(s3)CCCC4)c(=O)n2C5CCCC5,C09125952,inactive
CC[C@H]1C/C(=C\c2ccc(c(c2)OC)OC)/C3=C(C1)[C@H](C(=C(O3)[NH3+])C#N)c4ccc(c(c4)OC)OC,C39324428,inactive
c1ccc(c(c1)NS(=O)(=O)c2cccc(c2)C(=O)Nc3ccc(cc3F)F)F,C15564116,inactive
COc1cc(cc(c1O)/C=N/NC(=O)c2cccc(c2)I)Cl,C83316579,inactive
CCCC\1=NN(C(=O)/C1=C(\C)/NNC(=O)C(c2ccccc2)c3ccccc3)c4ccc(cc4)OC,C20286933,inactive
c1cc(ccc1[C@@H]2C[C@H](n3c(c(c(n3)C(=O)N4CC[NH+]5CCC[C@@H]5C4)Cl)N2)C(F)(F)F)Br,C08444783,inactive
Cc1cccc2c1[nH+]c(nc2NCc3ccccc3F)CNS(=O)(=O)c4ccc(s4)C,C20539351,inactive
c1cc(ccc1C(F)(F)F)NC(=O)N2CCC(CC2)NC(=O)C3CCCCC3,C62373274,inactive
Cc1c(c(=O)n(n1C)c2ccccc2)/[NH+]=C\c3ccc(cc3)O[C@H](C(Cl)(Cl)Cl)NC(=O)C,C01202832,inactive
c1ccc2=[NH+]CC(=c2c1)[C@H](CNC[C@@H](COCc3ccc4c(c3)OCO4)O)c5ccccc5Cl,C63234697,inactive
CC(C)C[C@@H](C(=O)N[C@@H](Cc1ccccc1)C(=O)OCc2ccccc2)NC(=O)[C@H](CCSC)NC=O,C25763016,inactive
c1ccc(cc1)/N=N/c2ccc(cc2)NC(=S)N[C@@H](C(Cl)(Cl)Cl)NC(=O)c3cccc(c3)Cl,C06142570,inactive
Cc1cc(C)c(CNC(=O)c2cc(cc3n(ncc23)C2CCCC2)C2=CCNCC2)c(=O)[nH]1,326143,active
Cc1ccc(cc1)n2c(nnc2SCC(=O)N/N=C/c3cc(c(c(c3)OC)O)OC)c4ccc(cc4)Cl,C00863902,inactive
Cc1ccc(o1)CN(CCc2ccc(c(c2)OC)OC)C(=O)CN(CC[NH+]3CCCCC3)C(=O)c4ccc(c(c4)Cl)Cl,C98019702,inactive
c1cc(c(c(c1)Cl)Cl)OCC(=O)N/N=C/c2ccc(cc2OC(=O)c3ccc(cc3)Cl)OC(=O)c4ccc(cc4)Cl,C04302885,inactive
CN(C)Cc1ccc(cc1)-c1cc(N(C)C2CCNCC2)c(C)c(c1)C(=O)NCc1c(C)cc(C)[nH]c1=O,172023,active
CCCc1c(c(nc([nH+]1)c2cc(c(o2)Br)Br)N)I,C97624994,inactive
CC(C)n1ncc2c(cc(nc12)-c1ccc(nc1)N1CCN(CC1)C(=O)OC(C)(C)C)C(=O)NCc1c(C)cc(C)[nH]c1=O,325850,active
CCCC[C@@H](CC)CN1C(=O)/C(=C/2\c3ccccc3N(C2=O)CC(=O)NCCc4ccccc4)/SC1=S,C98216983,inactive
CCOC(=O)c1c(c2cc(ccc2[nH]1)F)NC(=O)C[NH+]3CCc4ccccc4[C@@H]3CN5C(=O)c6ccccc6C5=O,C01292347,inactive
CC(C)c1cccc(c1)N/C(=N/C(=O)c2ccc(cc2)C(F)(F)F)/NCc3cc[nH+]cc3,C45940528,inactive
Cc1ccc([nH+]c1)NC(=O)C2[C@H](C3C(=NC2=C)C[C@H](CC3=O)c4ccccc4)c5ccc(c(c5)COc6ccccc6C(=O)N)OC,C08440528,inactive
c1ccc(cc1)c2csc3c2c([nH+]c(n3)SCC(=O)c4ccccc4)N,C12324155,inactive
c1ccc2c(c1)c(c(s2)C(=O)Oc3ccc(cc3)/C=N/NC(=O)C(=O)Nc4ccccc4C(=O)Nc5ccc(cc5)Cl)Cl,C04259524,inactive
CCOc1cccc(c1O)[C@H]2[C@@H]3[C@H](C(=O)N(C3=O)Cc4ccccc4)[C@@]([NH2+]2)(Cc5c[nH+]c[nH]5)C(=O)[O-],C15240810,inactive
C[C@H]1C[C@@H]([C@@H]([C@@H](O1)O[C@@H]2[C@@H](COCCC(=O)[C@@H]([C@@H]([C@@H]([C@@H](OC(=O)[C@@H]([C@@H]([C@@H]2C)O[C@@H]3C[C@@H]([C@@H]([C@@H](O3)C)O)OC)C)C)C)O)C)C)O)[NH+](C)C,C98003608,inactive
CCOC(=O)c1ccc(cc1)N2C(=O)[C@@H](N(C2=S)NC(=O)c3ccc(cc3)OC)CC(=O)Nc4ccc(cc4)F,C00720825,inactive
CCN(C1CCOCC1)c1cc(\C=C\c2ccc3OCC(=O)Nc3c2)cc(C(=O)NCc2c3CCCCc3c(C)[nH]c2=O)c1C,50544781,active
c1cc(ccc1S(=O)(=O)NC2CCCC2)S(=O)(=O)N3CCC(CC3)c4[nH]c5ccc(cc5n4)Cl,C12876948,inactive
c1cc[nH+]c(c1)C[NH+]2CCC(CC2)c3nnc(n3C[C@H]4CCCO4)SCC5CCCCC5,C12247922,inactive
Cn1c2ccccc2[nH+]c1SCC(=O)N/N=C/c3cc(c(c(c3)Br)O)Br,C58990255,inactive
CCOc1ccc(cc1)c2c3c([nH]n2)OC(=C([C@H]3c4ccc(c(c4)OC)OCc5ccc(cc5)F)C#N)[NH3+],C08569313,inactive
Cc1cc(n([nH+]1)[C@@H](C)C(=O)Nc2ccc(cc2Cl)NC(=O)c3ccc[nH+]c3N4CCCCC4)C,C72038664,inactive
CC(C)C[NH+](Cc1c(nn(c1Oc2ccccc2F)C)c3ccccc3)C[C@@H](COCc4ccccc4)O,C36306625,inactive
c1cc(c([nH+]c1)N)c2cncn2c3cc(ccc3Br)Br,C97020606,inactive
Cc1ccc(cc1)C2=NN([C@@H](C2)c3ccc(cc3)Cl)C(=[NH2+])S[C@@H]4CC(=O)N(C4=O)c5ccc(cc5)F,C08440307,inactive
COc1ccc(c(c1)OC)NC(=O)CSc2c(nc(o2)c3ccc(cc3)F)S(=O)(=O)c4ccc(cc4)F,C01056816,inactive
COc1ccc(cc1/C=N/NC(=O)[C@H](CCCCNC(=O)c2ccccc2)[NH+]3CCCCC3)Br,C33959563,inactive
CN1CCc2cc(c(cc2[C@H]1Cc3ccc(c(c3Oc4cc5c(cc4OC)-c6c7c(cc(c6O)OC)CN(C[C@@H]7C5)C)OC)OC)OC)OC,C98003565,inactive
CC1(O[C@H]2[C@@H](O[C@H]([C@H]2O1)n3cnc4c3ncnc4N)COC(c5ccccc5)(c6ccccc6)c7ccccc7)C,C98216605,inactive
CCOc1ccc(cc1OCC)[C@@H]2C(=C(C(=O)N2CC[NH+](C)C)O)C(=O)c3ccc(cc3)Br,C20219486,inactive
C1CN(CCN1CCCNC(=O)CC23CC4CC(C2)CC(C4)C3)CCCNC(=O)CC56CC7CC(C5)CC(C7)C6,C19840599,inactive
CN(Cc1ccc(o1)Br)C(=O)c2ccc3c(c2)nc[nH]3,C37501811,inactive
C[C@H](C(=O)Nc1ccc(cc1)C(=O)C)[NH+]2CCC(=CC2)c3c[nH]c4c3cccc4,C32753099,inactive
c1cc([nH]c1[C@H]2CC[C@H](N2C(=O)C(Cl)(Cl)Cl)c3ccc([nH]3)C(=O)C(Cl)(Cl)Cl)C(=O)C(Cl)(Cl)Cl,C98228333,inactive
Cc1ccccc1S(=O)(=O)N2CC[C@@]3(C2)C(=Nc4c(cccn4)N3)NCc5ccccc5,C96309997,inactive
c1ccc2c(c1)n(c(=[NH2+])n2C[C@H](COc3ccc(cc3Cl)Cl)O)CC[NH+]4CCOCC4,C08837740,inactive
C[C@H](C(=O)N[C@@H]1CCCc2c1cccc2)Sc3c4c(nc(n3)C(C)(C)C)n(c(=O)n(c4=O)C)C,C12779550,inactive
CCOC(=O)c1ccc(cc1)/N=C\2/N(C(=O)C[C@H](S2)C(=O)Nc3ccc(cc3)F)CCc4ccc(c(c4)OC)OC,C97959688,inactive
CC(C)n1ncc2c(cc(nc12)-c1ccc(CN(C)CCN2CCCC2)cc1)C(=O)NCc1c(C)cc(C)[nH]c1=O,325825,active
Cc1ccc(cc1)S(=O)(=O)/N=C(\C[NH+]2CCCC2)/N3CCN([C@@H]3c4ccc(cc4)OC)S(=O)(=O)c5ccccc5,C33354037,inactive
COc1ccc(cc1)c2csc([n+]2/N=C/c3ccc(c(c3)O)O)Nc4ccccc4C(F)(F)F,C95950973,inactive
CCOC(=O)[C@H]1CC[C@]2([C@@]1(C[C@H]([C@@H]3[C@@H]2CC[C@@]4([C@@]3([C@@H](C[C@@H](C4)OC(=O)C)O)COC(=O)C)O)OC(=O)C)C)O,C98222351,inactive
Cc1c(sc(n1)c2ccccc2)C(=O)NNC(=O)[C@H]3CCCN3S(=O)(=O)c4ccc(cc4)F,C16177095,inactive
CCOC(=O)c1c(csc1NC(=O)C[NH2+]C[C@H]2CCCO2)c3ccc(cc3)c4ccccc4,C12413711,inactive
Cc1cc(C)c(CNC(=O)c2cc(-c3cnn(C)c3)cc(N(C)C3CCCCC3)c2C)c(=O)[nH]1,CHEMBL3697406,active
CC(C)n1ncc2c(cc(cc12)-c1ccc(nc1)N1CCN(CCNC(=O)CC23CC4CC(CC(C4)C2)C3)CC1)C(=O)NCc1c(C)cc(C)[nH]c1=O,50562609,active
C/C=C/c1ccc(c(c1)OC)OCCCCn2c3ccccc3[nH+]c2[C@@H](C)NC(=O)Cc4ccc(cc4)OC,C40194856,inactive
Cc1cccc(c1)OCCCn2cc(c3c2cccc3)/C=C\4/C(=[NH2+])N5C(=[NH+]SC5=NC4=O)S(=O)(=O)C,C20206036,inactive
Cc1cc(C)c(CN2CCc3c(C)cc(C(CO)C4CCOCC4)c(Cl)c3C2=O)c(=O)[nH]1,435591,active
CC[NH+](CC)CCOC(=O)c1ccc(cc1)N/C=C(/C#N)\c2nc(cs2)c3ccc(cc3)C4CCCCC4,C09009867,inactive
C[C@@H](c1[nH+]c2ccccc2c(n1)NCc3ccccc3OC)N4CCN(CC4)S(=O)(=O)c5ccc(cc5)F,C98230940,inactive
COc1ccccc1C[C@]2(C(=O)NC(=O)N(C2=O)Cc3ccccc3)C[NH+]4C[C@H]5C[C@@H](C4)c6cccc(=O)n6C5,C70669803,inactive
C[C@H]1[C@@H]2[C@@H]([NH2+]C[C@@]2([C@@H]([C@@H](C1=C)O)/C=C/C[C@@H](C)CCC[C@@H](CCCO)O)O)Cc3ccccc3,C96332113,inactive
Cc1ccc(cc1)NS(=O)(=O)c2ccc(cc2)NC(=O)/C(=C/c3ccc(c(c3)OS(=O)(=O)c4ccc(cc4)NC(=O)C)OC)/C#N,C03991858,inactive
COC(=O)[C@@H]1Cc2c3ccccc3[nH]c2[C@@H]4[NH+]1[C@@H](C[C@H](C4)NCCc5c[nH]cn5)c6ccccc6F,C20504090,inactive
COc1ccc(c(c1)OC)Cn2c(nnc2[C@H](CC3=c4ccccc4=[NH+]C3)NC(=O)c5ccccn5)CCc6ccccc6,C64859441,inactive
C[C@H]1Cc2cc(ccc2O1)C(=O)C3=C(C(=O)N([C@H]3c4ccc(cc4)Br)CCCn5cc[nH+]c5)O,C15934763,inactive
Cc1ccc[nH+]c1NC(=O)[C@@H](Cc2ccccc2)NS(=O)(=O)c3ccc4c(c3)C[C@H](N4C(=O)C)C,C09118177,inactive
c1cc[nH+]c(c1)CCNC(=O)c2cccc(c2)Nc3c(cnn(c3=O)c4cccc(c4)Cl)Oc5ccc(cc5)Cl,C98015458,inactive
COc1ccc2c(c1OC)C(=O)O[C@H]2N3[C@@H](CCC3=O)C(=O)Nc4ccc(cc4Br)Br,C70680805,inactive
COc1ccc(cc1)c2nnc(n2c3ccc(cc3)OC)SCC(=O)N/N=C/c4ccc(c(c4)OC)OCc5ccccc5,C98219002,inactive
CC1=C2[C@H]([C@@H]([C@@]3([C@@H](C[C@@H]([C@]4([C@H]3[C@@H]([C@](C2(C)C)(C[C@@H]1OC(=O)C)O)OC(=O)C)CO4)OC(=O)C)OC(=O)C)C)OC(=O)C)OC(=O)C,C95100855,inactive
c1cc(cc(c1)C(F)(F)F)COc2ccsc2C(=O)N/[NH+]=C(/COc3ccc(cc3)Cl)\N,C20405178,inactive
CCc1ccc(cc1)N2C(=O)[C@](C(=O)NC2=O)(Cc3ccc(cc3)C(C)C)C[NH+]4C[C@H]5C[C@@H](C4)c6cccc(=O)n6C5,C70670068,inactive
CCCOc1cccc(c1)[C@H]2C(=C(C(=O)N2c3nc(c(s3)C(=O)OCC=C)C)O)C(=O)c4ccc5c(c4)C[C@H](O5)C,C97969168,inactive
COC(=O)c1ccc(cc1)[C@H]2[NH2+][C@H](CC(=N2)c3cccc(c3)Br)c4cc(ccc4O)Cl,C09542800,inactive
Cc1ccccc1COc2ccc(cc2)/C(=C/3\[C@H](N(C(=O)C3=O)CCC[NH+]4CCOCC4)c5ccc[nH+]c5)/O,C09244228,inactive
Cc1cccc([nH+]1)N[C@H](c2cccc(c2)Cl)c3c(c(sc3NC(=O)c4ccco4)C)C,C38547564,inactive
COc1ccc(cc1)c2csc3c2c(=O)n(c(n3)SCC(=O)Nc4nc(ns4)c5ccccc5)CC=C,C02890689,inactive
Cc1c(sc(c1C(=O)NC(=O)OC)NC(=O)c2ccc(s2)Br)C,C16689830,inactive
Cc1ccc2c(c1C)NC(=O)[C@@]23[C@@H]4[C@H]([C@H]([NH2+]3)CCSC)C(=O)N(C4=O)CCc5ccccc5,C15967871,inactive
C[C@]12CC[C@@H]([C@@]([C@@H]1CC[C@]3([C@H]2CC=C4[C@@]3(CC[C@@]5([C@H]4[C@@H](C(CC5)(C)C)O)C(=O)O[C@@H]6[C@@H]([C@@H]([C@@H]([C@@H](O6)CO)O)O)O)C)C)(C)C(=O)[O-])O,C67912215,inactive
CCOC(=O)c1c([nH]c(c1S(=O)(=O)N2CCC[C@@H](C2)C(=O)N3CCN(CC3)c4ccc(cc4)Cl)C)C,C08608005,inactive
c1ccc(c(c1)C(=O)NCC(=O)N/N=C/c2ccc(cc2)OC(=O)c3cccc(c3)F)Br,C15134387,inactive
CN(C)C(=O)N1CCC(CC1)n1ncc2c(cc(Br)nc12)C(=O)NCc1c(C)cc(C)[nH]c1=O,50149706,active
CC(C)(C)[C@H]1CC=C2[C@@H](C1)[C@H](C(C(=C2C#N)[NH3+])(C#N)C#N)c3ccc(c(c3)F)F,C16037126,inactive
CC(C)C[C@H]1C(=O)N(C2([NH2+]1)CCN(CC2)S(=O)(=O)c3ccc(cc3)F)Cc4cccc(c4)C(F)(F)F,C36032824,inactive
Cc1cccc(c1)N2C(=O)[C@@H]3[C@@H]([NH2+][C@]4([C@@H]3C2=O)c5cc(ccc5NC4=O)F)Cc6ccc(cc6)O,C16009989,inactive
CC(C)(C)c1c2c(n(n1)c3ccc(cc3)F)N(C(=O)CS[C@H]2c4cccs4)CC(=O)NCC[NH+](C)C,C37425955,inactive
Cc1cc(ccc1S(=O)(=O)NC[C@H](c2ccc3c(c2)OCO3)[NH+]4CCN(CC4)c5ccccc5F)OC,C38621003,inactive
CSc1cc(C)[nH]c(=O)c1CNC(=O)c1c(C)n([C@H](C)C2CCN(CC(F)(F)F)CC2)c2cc(Br)ccc12,575003,active
Cc1c(nc(s1)NC(=O)[C@@H](C)Sc2ccc(cc2)NS(=O)(=O)c3ccccc3)c4ccccc4,C22834108,inactive
Cc1ccc(cc1)NC(=O)CSc2ccccc2C(=O)NC[C@@H](c3cccs3)[NH+]4CCCC4,C09766885,inactive
Cc1cc(nc2c1cc(cc2)NC(=S)NCCCN3CCN(CC3)c4ccc(cc4)F)N5CCN(CC5)C,C20153847,inactive
COc1ccc2cc(ccc2c1)C(=O)C3=C(C(=O)N([C@H]3c4ccc(cc4)C(=O)OC)CCCn5cc[nH+]c5)O,C39847826,inactive
COC(=O)[C@@H]1C(=c2cc(ccc2=[NH+]1)Br)NC(=O)CN3CCN(CC3)c4ccc(cc4)Cl,C38583289,inactive
c1ccc(c(c1)c2nc(c(o2)NCC[NH+]3CCOCC3)S(=O)(=O)c4ccc(cc4)Br)F,C39845848,inactive
COc1cc(cc(c1OC)OC)c2nnc(n2c3ccc(cc3)F)SCC(=O)Nc4ccc(cc4)Br,C01283058,inactive
Cc1ccccc1CN2c3ccccc3-c4c(cnc(n4)SCC(=O)Nc5ccccc5OC)S2(=O)=O,C08619426,inactive
C[C@@H](c1nncn1C)N[C@H]2CCOc3c2cc(cc3Cl)Cl,C37293858,inactive
CC[C@H](C(=O)Nc1ccc2c(c1)sc(n2)SCC(=O)NCc3ccco3)Sc4[nH+]ccn4C,C59853972,inactive
Cc1cccn2c1nc(c(c2=O)/C=C\3/C(=O)N(C(=S)S3)CCc4ccccc4)NCc5ccc6c(c5)OCO6,C02390582,inactive
CC(C)n1ncc2c(cc(nc12)-c1cccc(c1)C(=O)NCCCN(C)C)C(=O)NCc1c(C)cc(C)[nH]c1=O,325817,active
Cc1cc2c(c(=O)[nH]1)CNC(=O)c1cc(Cl)cc(O[C@H]3CC[C@H](N(C)C)CC3)c1C/C=C/CCC2,CHEMBL3394230,active
CSCC[C@H](C(=O)Nc1c(c(c(n1Cc2ccco2)c3ccccc3)c4ccccc4)C#N)N5C(=O)c6ccccc6C5=O,C97999838,inactive
Cc1ccc(cc1)C2=NN([C@H](C2)c3ccc(cc3)Br)C(=[NH2+])S[C@@H]4CC(=O)N(C4=O)c5ccc(cc5)OC,C08425595,inactive
CC[C@@H]([C@H]1C(=NN(C1=O)c2nc3ccccc3s2)CSc4ccc(cc4)Cl)[NH2+]CCc5c[nH]cn5,C20573354,inactive
c1ccc(cc1)[C@H](CC(=O)Nc2ccc(cc2)c3cn4c([nH+]3)CCCC4)NC(=O)c5ccccc5Cl,C68729075,inactive
CN(Cc1ccccc1Br)C(=O)CSc2nnc(n2N)c3ccccc3,C97569380,inactive
[H]/N=C\1/C(=C/c2cc(c(c(c2)Br)OCCOc3ccccc3C)OC)/C(=O)N=C4N1N=C(S4)CCC,C08452987,inactive
Cc1cc(ccc1NC(=O)C[NH+](C)CC(=O)Nc2cc(nn2c3ccccc3)C)Br,C12992552,inactive
c1ccc(cc1)CC2CC[NH+](CC2)[C@H](c3cccc(c3)Br)c4c(n5c(s4)nc(n5)c6ccco6)O,C97992510,inactive
CN(C)Cc1ccc(cn1)-c1cc(N(C)[C@@H]2CC[C@H](N)CC2)c(C)c(c1)C(=O)NCc1c(C)cc(C)[nH]c1=O,172046,active
CC(=O)NCCc1ccc(cc1)S(=O)(=O)Nc2ccccc2C(=O)Nc3cccc(c3)Cl,C01441125,inactive
C1CC[NH+](CC1)Cc2nc(c3c4c(sc3n2)CCCC4)NCCCC[NH+]5CCC(CC5)C(=O)N,C32916223,inactive
Cc1c2c(n(n1)c3ccccc3)[NH+]=C4C(=Nc5ccccc5N4[C@H]2c6ccc(cc6)C(=O)OC)Nc7ccc(cc7OC)OC,C01861726,inactive
CCN([C@H]1CC[C@@H](CC1)N(C)C)c1cc(cc(C(=O)NCc2c(C)cc(C)[nH]c2=O)c1C)-c1nccs1,172160,active
Cc1c(c(=O)n(n1C)c2ccccc2)NC(=O)CN(c3cccc(c3)Br)S(=O)(=O)c4ccccc4,C00656737,inactive
CCN(c1cc(-c2ccc(CN(CCO)CCO)cc2)cc(C(=O)NCc2c(C)cc(C)[nH]c2=O)c1C)C1CCOCC1,CHEMBL3697489,active
CC(C1CNC1)c1cc(Cl)c2CCN(Cc3c(C)cc(C)[nH]c3=O)C(=O)c2c1Cl,435683,active
C[C@@H]1CCC[C@H]([C@@H]1C)NC(=O)[C@@H]2[C@@]34C=C[C@@H](O3)[C@@H]([C@@H]4C(=O)N2CC[NH+]5CCCC[C@@H]5C)C(=O)Nc6ccc(cc6)OC,C38147077,inactive
CCOCCOc1cccc(c1)C(=O)NC(=S)Nc2ccc(cc2)S(=O)(=O)NCCc3ccccc3,C10121546,inactive
CC1(C)CC(NC(=O)c2cc(F)c(Oc3ccccc3C#N)c(Br)c2)CC(C)(C)N1,CHEMBL3264781,active
c1cc(ccc1C(=O)Nc2nc3ccc(cc3s2)F)N4CCCC4=O,C12847667,inactive
CCc1cccc2c1NC(=O)[C@@]23[C@@H]4[C@H]([C@H]([NH2+]3)CCSC)C(=O)N(C4=O)CCc5ccccc5,C15959286,inactive
CC(C)C[NH+](Cc1ccc(o1)C(=O)OC)CC(=O)N(CCc2c[nH]c3c2cccc3)Cc4ccc(c(c4)Cl)Cl,C98020066,inactive
c1ccc(cc1)C[C@H]2C(=O)N(C3([NH2+]2)CCN(CC3)S(=O)(=O)c4cccc5c4nccc5)C[C@H]6CCCO6,C36027365,inactive
c1ccc(cc1)C(c2ccccc2)[NH+]3CCN(CC3)C(=S)Nc4ccc(cc4)S(=O)(=O)Nc5ncccn5,C59771676,inactive
Cc1ccc(c(c1)C)n2c(=O)c3ccccc3nc2SCC(=O)c4c(n(c(=O)n(c4=O)C)C)N,C03333229,inactive
Cc1ccc(cc1)NC2=Nc3ccccc3N4C2=[NH+]c5c(c(nn5c6ccccc6)C)[C@@H]4c7cccc(c7OC)OC,C02596314,inactive
CCN(C1CCOCC1)c1cc(\C=C\c2ccc(CN3C[C@H](C)O[C@H](C)C3)c(F)c2)cc(C(=O)NCc2c3CCCCc3c(C)[nH]c2=O)c1C,50544770,active
CC[NH+](CC)CCNC(=O)/C(=C/c1cn(c2c1cccc2)S(=O)(=O)N(C)C)/NC(=O)c3ccc(cc3)OC,C08766793,inactive
COC(=O)c1c(c2ccc(nc2s1)C[NH+]3CCCC[C@H]3CCO)NC(=O)/C=C/c4ccc(cc4)F,C11785696,inactive
Cc1ccc(cc1)c2nnc(n2c3ccc(cc3)C)SCC(=O)N/[NH+]=C/c4cccc(c4O)CC=C,C02358540,inactive
CCOC(=O)c1c(c(c(s1)NC(=O)CSc2c(c(c3c([nH+]2)CCCC3)c4ccc(cc4)OC)C#N)C#N)C,C08451113,inactive
C[C@@H](C(=O)NC(=O)NC1CCCCC1)N2CCN(CC2)S(=O)(=O)c3ccc(cc3)C(F)(F)F,C12698029,inactive
CC(=O)Nc1ccc(cc1)N([C@H](c2ccc(cc2)F)C(=O)NC3CCCCC3)C(=O)[C@@H]4COc5ccccc5O4,C00930836,inactive
c1ccc(c(c1)/C=N/NC(=O)CNC(=O)c2ccc(cc2)Cl)OCc3ccc(cc3)Br,C04230316,inactive
CCOc1ccc(cc1)[C@@H]2c3c(nn(c3[NH+]=C4N2c5ccccc5N=C4Nc6cccc(c6)F)c7ccccc7)C,C02324305,inactive
CNC(=O)c1c2c(sc1NC(=O)c3cn4ccsc4n3)CCCC2,C63844723,inactive
Cc1ccc(cc1)C2=NN([C@H](C2)c3ccc(cc3)Cl)C(=[NH2+])S[C@@H]4CC(=O)N(C4=O)c5cc(cc(c5)Cl)Cl,C08440314,inactive
Cc1ccc(cc1C)S(=O)(=O)Nc2ccc(c(c2)S(=O)(=O)Nc3ccc(cc3)OC)N4CCCCC4,C25396162,inactive
CC1(Cc2c(c(sc2C([NH2+]1)(C)C)NC(=O)CCCS(=O)(=O)c3ccc(cc3)F)C(=O)OC)C,C09914357,inactive
C[C@H]1[C@@H]([C@H]([C@H]([C@@H](O1)Oc2c(=O)c3c(cc(c(c3oc2c4ccc(cc4)OC)CC=C(C)C)O[C@@H]5[C@H]([C@@H]([C@H]([C@@H](O5)CO)O)O)O)O)O)O)O,C08382399,inactive
Cc1cccc(c1)c2c(cn(n2)c3ccccc3)[C@H]4CC(=NN4C(=O)C[NH2+]CCO)c5cccs5,C95116579,inactive
CCOc1ccc(cc1OCC)NC(=O)C[NH+](C)[C@@H](C)C(=O)Nc2c(c3c(s2)CCCCC3)C#N,C21671147,inactive
COc1ccc(cc1OC)c2cc(nc(n2)S(=O)(=O)CCCC(=O)Nc3ccccc3SC)C(F)(F)F,C03655088,inactive
CC1=NC(=C([C@H](C1C(=O)Nc2ccccc2)c3cc[nH+]cc3)C#N)SCC(=O)Nc4cccc(c4)C(F)(F)F,C08411353,inactive
CNC(=O)CSc1nc(c(s1)NC(=O)[C@@H]2CC(=O)N(C2)c3ccc(cc3)Cl)c4ccccc4,C12892667,inactive
c1cc(ccc1NC(=O)[C@H]2[C@H]3C=C[C@@]4([C@H]2C(=O)N([C@@H]4C(=O)NC5CCCCC5)C6CCCCC6)O3)Cl,C97962347,inactive
CCN([C@H]1CC[C@@H](CC1)N(C)C)c1cc(cc(C(=O)NCc2c(C)cc(C)[nH]c2=O)c1C)-c1cnn(C)c1C,172152,active
Cc1cc(ccc1NC(=O)COC(=O)c2cc(sc2)S(=O)(=O)N)Br,C18388267,inactive
c1cc(ccc1c2nnc(o2)CSc3nnc(n3N)C(F)(F)F)Br,C08877952,inactive
Cc1cc(C)c(CNC(=O)c2cc(-c3ccc(CN(C)C)cc3)nc(N3CCCCC3)c2)c(=O)[nH]1,CHEMBL3697402,active
CC(C)n1ncc2c(cc(nc12)-c1ccc2OCCOc2c1)C(=O)NCc1c(C)cc(C)[nH]c1=O,50075053,active
Cc1ccc(cc1)/[NH+]=c\2/c(cc3c(cnc(c3o2)C)CO)C(=O)Nc4ccc(cc4)Br,C02955709,inactive
C[C@H]([C@@H](c1cccs1)[NH+]2CCN(CC2)c3ccccc3F)NC(=S)Nc4cccc(c4)OC,C39700282,inactive
CCOC(=O)c1c(c(c(s1)NC(=O)CSc2c(c(cc(n2)c3ccccc3)C(F)(F)F)C#N)C#N)C,C08451107,inactive
c1ccc2c(c1)OC[C@H](O2)C(=O)N/N=C/c3ccc(c(c3)I)O,C01226603,inactive
c1cc(ccc1COc2ccc(cc2)/C=N/NC(=O)CSc3nnc(s3)N)Br,C40947241,inactive
c1ccc(cc1)c2ccc(cc2)C(=O)CCC(=O)Nc3ccc(cc3)S(=O)(=O)Nc4nccs4,C09367416,inactive
CC(C)Cc1c2c(c3c4c(c(=O)n(c(n4)NCCO)c5cccc(c5)Cl)sc3[nH+]1)CCC2,C13541754,inactive
C[C@@H]1[C@@H]([C@@H](C[C@@H](O1)O[C@H]2CC[C@@]3([C@H]4CC[C@@]5([C@H](CC[C@@]5([C@@H]4CC[C@@]3(C2)O)O)C6=CC(=O)OC6)C)/C=[NH+]/Cc7ccco7)O)O,C70673485,inactive
C/C=C(\C)/CNc1cc2c(c(n(c2[nH+]c1)CCc3c[nH]c4c3cccc4)C(=O)OC)NC(=O)COC,C14753868,inactive
c1ccc2c(c1)c(c[nH]2)CCN3[C@H](c4c(n[nH]c4C3=O)c5ccc(cc5)Br)c6cccnc6,C36619665,inactive
C[C@@H]1C[C@@]2(CC(C1)(C)C)C(=O)N(C(=O)N2)CC(=O)Nc3cccc(c3)S(=O)(=O)/N=C\4/CCCN4,C12675732,inactive
C[C@@H]1C[C@H]2[C@@H]([NH+]=C([NH+]=C2/C(=C/c3cc(c(c(c3)OC)OC)OC)/C1)[S-])c4cc(c(c(c4)OC)OC)OC,C34853713,inactive
C=CCn1c(nnc1SCC(=O)Nc2c(cc(cc2Br)F)F)[C@H](CO)NC(=O)c3ccccc3,C01076081,inactive
CC1=C([C@@H]([C@@H](C(=N1)SCC(=O)c2ccc(cc2)Br)C#N)c3ccccc3Cl)C(=O)Nc4ccccc4OC,C08400434,inactive
c1ccc(cc1)C[NH+]2CCc3c(sc(c3c4nc5ccccc5s4)NC(=O)c6ccc(cc6)S(=O)(=O)N7CCCCC7)C2,C97963489,inactive
CCc1ccc(cc1)NC(=O)CSc2ncc(c(n2)N)S(=O)(=O)c3ccc(s3)Cl,C45925032,inactive
CCOc1ccccc1NC(=O)C(=O)NC[C@@H](c2ccc3c(c2)CCCN3C)[NH+](C)C,C09135440,inactive
CCOc1cccc2c1nc(s2)n3c(cc(n3)C)NC(=O)[C@@H]4CCCN4S(=O)(=O)c5ccc(cc5)C,C21686467,inactive
CC(C)OC(=O)C1=c2n(c(=O)/c(=C\c3ccc(cc3)C(=O)OC)/s2)C(=C([C@@H]1c4ccc(cc4)C(=O)OC)C#N)N,C97968570,inactive
CC(C)(C)CC(C)(C)[NH2+]Cc1cc(c(c(c1)Br)OC[C@@H](c2ccc3c(c2)OCO3)O)OC,C20877074,inactive
CCCC[NH+](C)CCN1[C@@H]([C@@]23C=C[C@@H](O2)[C@@H]([C@@H]3C1=O)C(=O)Nc4ccc(cc4)OC)C(=O)NC5CCCCC5,C36066299,inactive
CC(C)n1ncc2c(cc(nc12)C1=CCN(CC1)C1CCN(C)CC1)C(=O)NCc1c(C)cc(C)[nH]c1=O,325958,active
COC(=O)c1ccc(cc1)NC(=O)CSc2[nH]cc(c(=O)n2)S(=O)(=O)c3ccc(cc3)Br,C97999343,inactive
CCc1cccc(c1NC(=O)C2[C@@H](C(C(=NC2=C)SCC(=O)NCc3ccccc3)C#N)c4ccco4)C,C12250146,inactive
c1ccc(c(c1)C(=O)NC(=S)Nc2ccc3c(c2)ccc(=O)o3)I,C20494689,inactive
CC1(C[C@H](CCO1)n2c3c(c(n2)O)[C@@H](SCC(=O)N3)c4ccc(c(c4F)F)F)C,C96118399,inactive
Cc1cc(C)c(CNC(=O)c2cc(-c3ccc(N4CCN(c5ncc(C(=O)NO)cn5)CC4)nc3)cc3c2cnn3C(C)C)c(=O)[nH]1,CHEMBL5189365,active
C[C@@H](C(=O)NC(=O)NC1CCCC1)Sc2nccn2c3ccc(cc3)Br,C18600920,inactive
Cc1c2c(n(n1)c3ccccc3)[NH+]=C4C(=Nc5ccccc5N4[C@H]2c6ccccc6OC)Nc7ccc(c(c7)Cl)OC,C01874024,inactive
CCN(C1CCOCC1)c1cc(cc(C(=O)NCc2c(C)cc(C)nc2=O)c1C)-c1ccc(C)cc1,172106,active
COc1ccc(cc1CSc2c(c(cc([nH+]2)C(F)(F)F)c3ccccc3)C#N)/C=N/NC(=O)[C@@H]4C[C@@H]4c5ccccc5,C08456183,inactive
c1ccc(cc1)/C=C(/C=N/NC(=O)CSc2[nH+]c3ccccc3n2Cc4ccc(cc4)Cl)\Br,C50861396,inactive
c1cc(ccc1NC(=O)COc2ccc(cc2Br)Cl)S(=O)(=O)NC[C@@H]3CCCO3,C09268320,inactive
c1cc(ccc1N2CCN(CC2)C(=O)c3coc(n3)C[NH+]4CCN(CC4)C[C@@H](C[NH+]5CCOCC5)O)F,C34677712,inactive
Cc1ccccc1C(=O)CN2c3ccccc3C(=[NH+][C@H](C2=O)NC(=O)Nc4ccccc4F)c5ccccc5,C95929407,inactive
CCN(c1cc(-c2ccc(CNC(C)C)cc2)cc(C(=O)NCc2c(C)cc(C)[nH]c2=O)c1C)C1CCOCC1,CHEMBL3697481,active
CCN(c1cc(-c2ccc(N3CCC(N(C)C)CC3)nc2)cc(C(=O)NCc2c(C(C)C)cc(C)[nH]c2=O)c1C)C1CCOCC1,CHEMBL3701051,active
c1cc(ccc1NC(=S)N(CCC[NH+]2CCOCC2)Cc3cc4cc5c(cc4nc3O)OCO5)F,C06445568,inactive
Cn1c([nH+]c2c1cccc2)N/N=C\c3c(c(cc(c3)Br)/C=N\Nc4n(c5c([nH+]4)cccc5)C)O,C97359977,inactive
COCCCN(CC(=O)N(Cc1ccc(cc1)F)Cc2cccs2)C(=O)Nc3c(cccc3Cl)Cl,C98016970,inactive
CCSc1c(ccs1)[C@@H]2C(=C(N(C3=C2C(=O)C[C@H](C3)c4ccccc4)c5ccc[nH+]c5)N)C#N,C09981715,inactive
CC(C)OCCCNC(=O)c1ccc(cc1)CSc2[nH+]c3cc[nH+]cc3n2Cc4ccccc4F,C08911824,inactive
c1ccc(cc1)CN(Cc2ccccc2)c3c(c(nc[nH+]3)N4CCN(CC4)c5ccccc5F)N,C40709662,inactive
CC(C)n1nc(C)c2c(cc(nc12)C1=CC(C)(C)NC(C)(C)C1)C(=O)NCc1c(C)cc(C)[nH]c1=O,325919,active
COc1cccc(c1)NC(=O)C(=O)NC[C@@H](c2cccs2)S(=O)(=O)c3ccc(cc3)Cl,C38771128,inactive
CCN(C1CCOCC1)c1cc(cc(C(=O)NCc2c(C)cc(C)[nH]c2=O)c1C)-c1ccc(C[N]2(O)CCOCC2)cc1,172131,active
CCOc1ccc(cc1)C2=N[C@H]([NH2+][C@H](C2)c3cccc(c3O)OCC)c4ccc(c(c4)Br)OC,C09542613,inactive
CNC(=O)[C@H]1CCN(C1)C(=O)Nc2cc(ccc2Cl)NC(=O)COC,C97815102,inactive
C[C@@H]1Cc2cc(ccc2N1S(=O)(=O)c3ccc(c(c3)C(F)(F)F)F)S(=O)(=O)N,C72030532,inactive
c1ccc(cc1)C/[NH+]=C(/c2c(c3n(n2)[C@H](C[C@H](N3)c4cccs4)C(F)(F)F)Br)\O,C00865761,inactive
Cc1cccc(c1C)[NH+]2CCN(CC2)CCNC(=O)[C@H](C(C)C)NS(=O)(=O)c3cccs3,C63671315,inactive
CC1(C[C@@H](C[C@@](C1)(C)C/N=C/C2C(=O)NC(=O)N(C2=O)Cc3ccccc3)O)C,C03832934,inactive
CCC[C@H](C)N\1C(=O)[C@@H](S/C1=N/c2c(n(n(c2=O)c3ccccc3)C)C)CC(=O)Nc4ccccc4F,C13134632,inactive
CCc1ccc(cc1)S(=O)(=O)N2CC[NH+](CC2)[C@@H](C)c3nc4ccccc4c(n3)Nc5cccc(c5)OC,C22052865,inactive
c1cc2cccc3c2c(c1)[C@H]([C@H]3N4CC[NH+](CC4)CCO)NS(=O)(=O)c5ccc(cc5)Cl,C19811175,inactive
c1ccc(c(c1)C(F)(F)F)NC(=O)CSc2[nH+]c(c(cn2)S(=O)(=O)c3cccs3)N,C16842167,inactive
C=CCc1cccc(c1O)/C=N/NC(=O)CSc2nnc(n2CC=C)CNc3ccc(cc3)I,C98045855,inactive
c1ccc(cc1)CN2CCN(CC2)C(=O)C3=C(C4=[NH+][C@H](C[C@H](N4N3)C(F)(F)F)c5cccs5)Cl,C19891623,inactive
CC[NH+](CC)CCSCC(=O)O[C@@H]1C[C@@]([C@H]([C@@H]([C@@]23CC[C@@H]([C@]1([C@@H]2C(=O)CC3)C)C)C)O)(C)C=C,C25757055,inactive
CC(C)(c1nc(no1)CSc2ccccc2Br)C(C)(C)[NH3+],C97495352,inactive
COc1cccc(c1O)/C=N/c2c(c([nH+][nH]2)/N=C/c3cccc(c3O)OC)Cc4ccc(cc4)Cl,C68572104,inactive
c1ccc(c(c1)CN2C[C@]34C=C[C@H](O3)[C@@H]([C@@H]4C2=O)C(=O)NCCCN5CCN(CC5)c6ccc(cc6)F)Cl,C59530963,inactive
CC1=C([C@H](n2c3ccccc3[nH+]c2N1)c4ccc(cc4)C(=O)OC)C(=O)Nc5cc(c(cc5OC)Cl)OC,C98009003,inactive
c1ccc(cc1)S(=O)(=O)Nc2cccc(c2)NC(=O)c3c4c(n(n3)c5ccc(c(c5)F)F)CCC4,C71958355,inactive
COC(=O)[C@@H]1[C@@H](CC2=C(C1=O)[C@@H](C(=C(N2c3ccc(cc3)C(F)(F)F)N)C(=O)OC)c4cccnc4)c5ccccc5,C98006029,inactive
CCOc1cccc(c1OCc2ccc(cc2Cl)Cl)[C@H]3C(=C(O[C@H]4C3=C(N=N4)C)[NH3+])C#N,C39350579,inactive
c1ccc(cc1)CN2CC[NH+](CC2)CCNC(=O)CSc3c4c(c5c(cccc5s4)F)ncn3,C33010211,inactive
CCCC[C@@H](CC)C(=O)Nc1ccc(cc1)[C@H]2C(=C([NH+]=C3N2CCCS3)C)C(=O)Nc4ccc(cc4)OC,C33631714,inactive
Cc1c2c(n(n1)c3ccccc3)[NH+]=C4C(=Nc5ccccc5N4[C@@H]2c6ccccc6)Nc7cc(ccc7OC)OC,C02312961,inactive
C[NH+]1CCN(CC1)S(=O)(=O)c2ccc(cc2)NC(=S)NC(=O)c3ccc(cc3)C(=O)OC,C10012576,inactive
CC1(CC2=C([C@@H](C(=C(N2Nc3ccccc3)[NH3+])C#N)c4ccc(c(c4)OC)OCc5ccccc5)C(=O)C1)C,C02170050,inactive
Cn1c2c(c(=O)[nH]c1=O)n(c([nH+]2)N/N=C/c3ccccc3)C[C@H](COc4ccc(cc4)Br)O,C08809373,inactive
CCN(C1CCOCC1)c1cc(cc(C(=O)NCc2c(C)cc(C)nc2=O)c1C)-c1ccc(CN2CC(CN3CCOCC3)C2)cc1,172109,active
Cc1cc(C)c(CNC(=O)c2cc(C#N)cc3c2CCN3C(C)C)c(=O)[nH]1,CHEMBL3975514,inactive
CC1(CC(CC([NH2+]1)(C)C)N(Cc2ccc[nH+]c2)C(=S)Nc3cc(ccc3Cl)C(F)(F)F)C,C22742616,inactive
Cc1c(sc(n1)c2ccccc2)C(=O)C3=C(C(=O)N([C@H]3c4ccc(cc4)C(C)(C)C)CCC[NH+](C)C)O,C33813557,inactive
c1ccc(cc1)[C@@H](c2ccco2)N(C(=O)Nc3csc4c3CCCC4)NC(=O)C(c5ccccc5)(c6ccccc6)O,C33352992,inactive
COc1ccc(cc1)c2c[nH]nc2c3ccc(cc3O)OCC[NH+]4C[C@@H]5C[C@H](C4)c6cccc(=O)n6C5,C11866405,inactive
CCCOc1ccc(cc1)C(=O)Oc2ccc(cc2/C=N/NC(=O)c3ccccc3I)Br,C04347497,inactive
C[NH+](C)CC[C@H](c1ccc(cc1)Cl)NC(=O)CCC(=O)Nc2ccc(c(c2)C(F)(F)F)Cl,C72243964,inactive
Cc1ccc(cc1)CSc2nnc(s2)N3[C@@H](C(=C(C3=O)O)S(=O)(=O)c4ccc(cc4)C)c5ccc(cc5)Cl,C98047913,inactive
c1ccc2c(c1)C=C[NH+]3[C@H]2[C@@H]4[C@H]([C@H]3C(=O)N)C(=O)N(C4=O)c5ccccc5Cl,C05278557,inactive
COc1ccc(cc1OC)NC(=O)c2cnn3c2[NH+]=C(C[C@H]3c4ccccc4Br)C(=O)[O-],C65102118,inactive
CSc1cc(C)[nH]c(=O)c1CNC(=O)c1c(C)n([C@H](C)C2CCC(CC2)N2CC(C2)OC2CCC2)c2ncc(Cl)cc12,575002,active
COc1ccc(cc1NC(=O)Cn2c(c(c([nH+]2)SC)c3nc(no3)c4ccccc4)N)Cl,C46914244,inactive
CC[NH+](CC)c1cccc(c1)Oc2cc(cc(c2)[N+](=O)[O-])NC(=O)c3cc(cc(c3I)I)I,C98001241,inactive
CCC[NH+]1CCc2c(sc(c2C(=O)N)NC(=O)[C@H]3CC(=O)N(C3)c4ccc(cc4)F)C1,C36629138,inactive
c1cc(oc1)CN(Cc2ccc(cc2)F)C(=O)CN(CCC[NH+]3CCOCC3)C(=O)c4ccc(c(c4)[N+](=O)[O-])Cl,C98017916,inactive
CCOC(=O)C1=C(OC(=C([C@@H]1c2ccc(cc2)OC)C#N)N)CSc3c(ccc([nH+]3)c4ccccc4)C#N,C02334965,inactive
COc1ccc(cc1)CCNC(=O)/C(=C\2/N(C(=O)[C@@H](S2)Cc3ccc(cc3)Br)c4ccccc4)/C#N,C97968699,inactive
COc1ccc(cc1OC)CC[n+]2c(csc2Nc3ccc(cc3)Cl)c4ccc(cc4)S(=O)(=O)N5CCCCC5,C97966129,inactive
c1ccc2c(c1)c(nc([nH+]2)c3cccnc3)N[C@@H](CO)[C@@H](c4ccc(cc4)[N+](=O)[O-])O,C24982214,inactive
CSc1cc(C)[nH]c(=O)c1CNC(=O)c1c(C)n([C@@H](C)[C@H]2CC[C@H](N3CC(OC4CC4)C3)CC2)c2ccccc12,CHEMBL5188476,active
CCOC(=O)C1[C@@H](C(=C(N=C1C)SCC(=O)N[C@@H](C)C23CC4CC(C2)CC(C4)C3)C#N)c5cccs5,C08411201,inactive
[H]/N=C\1/C(=C\c2cc(c(c(c2)OC)OCCOc3ccccc3Cl)OC)/C(=O)N=C4N1N=C(S4)c5cccc(c5)C,C97958810,inactive
Cc1cc(C)c(CNC(=O)c2cc(-c3cnn(CCN4CCOCC4)c3)cc(N(C)C3CCOCC3)c2C)c(=O)[nH]1,CHEMBL3697404,active
Cc1c(c(n[nH]1)O)C(c2cc(c(c(c2)Br)OCC(C)C)OC)c3c([nH]nc3O)C,C96193451,inactive
Cc1ccc2c(c1)[nH]c([nH+]2)SCC(=O)Nc3c(cc(cc3Br)Br)C,C59434880,inactive
Cc1ccc(cc1)S(=O)(=O)N2CCC(CC2)C(=O)Nc3nc(cs3)c4ccc(cc4)NC(=O)C,C15991563,inactive
CC(OCc1ccn(C)n1)c1c(C)c(cc2cccn12)C(=O)NCc1c(C)cc(C)[nH]c1=O,490142,active
C[C@@H](Cc1ccc(cc1)Br)NC(=O)Cn2c(=O)c3ccccc3c(n2)O,C44574272,inactive
Cc1ccc(cc1)C(=O)C2=C(C(=O)N([C@@H]2c3cccc[nH+]3)CCc4c[nH]c5c4cc(cc5)OC)O,C15920438,inactive
CC(C)NS(=O)(=O)c1ccc(cc1)NC(=S)NC(=O)CCCC(=O)OCCCc2ccccc2,C14016170,inactive
CCCc1cc(C)[nH]c(=O)c1CNC(=O)c1cc(cc2n(CC3CCCC3)ncc12)-c1ccc(nc1)N1CCN(CC1)C(C)C,50536557,active
CCCCOc1ccc(cc1OC)[C@H]2C(=C(C(=O)N2CC[NH+](C)C)O)C(=O)c3ccc(cc3C)OCC(C)C,C35025185,inactive
Cc1cc(c(n1c2ccc(cc2)O)C)/C=C/3\C(=NN(C3=O)c4ccccc4)O,C09087873,inactive
COc1cc(c(c(c1O)/C=[NH+]/c2ccc(cc2)N3CCN(CC3)C(=O)c4ccco4)Br)Br,C01860883,inactive
CCN([C@H]1CC[C@@H](CC1)N(C)C)c1cc(cc(C(=O)NCc2c(C)cc(C)[nH]c2=O)c1C)-c1cnc(C)cn1,172167,active
CCOc1ccc(cc1OC)C2=[NH+]C(=CC3=c4ccccc4=[NH+][C@H]32)C(=O)NCCc5ccccc5F,C38563989,inactive
CC(C)n1ncc2c(cc(nc12)C1CCN(CC1)C(=O)CCCN(C)C)C(=O)NCc1c(C)cc(C)[nH]c1=O,325913,active
CCCCOC[C@@H](CN1CCN(CC1)c2c(c([nH+]c(n2)c3ccccc3)C)Cc4cc(ccc4C)C)O,C36340324,inactive
CC(C)n1cc(C)c2c(cc(cc12)-c1ccc(cc1)N1CCNCC1)C(=O)NCc1c(C)cc(C)[nH]c1=O,50562606,active
CCCCCOc1ccc(cc1)[C@H]2C(=C(C(=O)N2c3nc4ccc(cc4s3)OCC)O)C(=O)c5ccc6c(c5)C[C@H](O6)C,C97970051,inactive
c1ccc(cc1)[C@@H]2C=C([NH+]=C3N2[N-]C(=N3)NC(=O)C(Cl)(Cl)Cl)c4ccccc4,C02317576,inactive
CN(CC(=O)NNC(=O)/C=C\c1cccc(c1)Br)S(=O)(=O)c2ccc(cc2)Cl,C97990391,inactive
CC(C)[C@@H](C(=O)Nc1ccc(cc1)OC)N(Cc2nc(cs2)c3ccccc3)C(=O)CN4c5ccccc5C(=O)C4=O,C03768035,inactive
Cc1ccc(cc1)C(=O)N(CC[NH+](C)C)Cc2cc3ccc(cc3[nH+]c2c4ccccc4C)F,C14982362,inactive
c1cc(sc1)CN(c2ccc3c(c2)OCCO3)C(=O)CSc4nnc(s4)N,C09873175,inactive
CC(=O)N[C@H]1CC[C@H](N(C)c2cc(-c3ccc(CN4CCOCC4)nc3)cc(C(=O)NCc3c(C)cc(C)[nH]c3=O)c2C)CC1,CHEMBL3697445,active
c1cc2n(c(=O)c1)C[C@H]3C[C@@H]2CN(C3)C[C@H]4C[NH+]5CC[C@H]4C[C@@H]5CNC(=S)Nc6ccc(cc6)n7cccn7,C67870843,inactive
COC(CO)c1cc(Cl)c2CCN(Cc3c(C)cc(C)[nH]c3=O)C(=O)c2c1Cl,435499,active
CCOc1cccc(c1O)[C@H]2CC(=N[C@@H]([NH2+]2)c3ccc(c(c3)Br)OC)c4ccc(cc4)C,C09542760,inactive
c1cc(ccc1NC(=O)N2CCN(C(=O)C2)CC(=O)NCCC[NH+]3CCCCCC3)Br,C46153504,inactive
c1cc(ccc1[C@H]2C[C@H](n3c(cc(n3)C(=O)Nc4cc(cc(c4)Oc5ccc6c(c5)CCC6)[N+](=O)[O-])N2)C(F)(F)F)Br,C97949087,inactive
c1ccc2cc(ccc2c1)S(=O)(=O)N3CCN(CC3)c4ccc(c(c4)NCCN5CCOCC5)[N+](=O)[O-],C19842861,inactive
CCN(c1cc(Cl)cc(C(=O)NCc2c(C)cc(C)n(C)c2=O)c1C)[C@H]1CC[C@H](N(C)C)CC1,CHEMBL3909934,active
C[C@H]1CCc2c(sc(c2C(=O)N)NC(=O)CSc3nnc(n3C)CCc4ccccc4)C1,C14092199,inactive
COc1cc2c(cc1OCc3ccccc3)[C@H]([NH2+]CC2)Cc4ccc(c(c4)O)OCc5ccccc5,C22051225,inactive
C[C@@H](C(C)C)NC(=O)c1csc(n1)C[NH+](Cc2cccc(c2)C(F)(F)F)Cc3ccc4c(c3)OCO4,C35807931,inactive
CNc1c(c[nH+]c(n1)N/N=C/c2cc(cc(c2OCc3ccccc3)I)I)F,C97964081,inactive
CC(C)C(=O)Nc1ccc(cc1)S(=O)(=O)NC[C@H](c2ccc3c(c2)OCO3)N4CC[NH+](CC4)C,C38638967,inactive
c1cnccc1c2c(c(sn2)C(=O)N3CCN(CC3)C4CCCCC4)N,C65150082,inactive
CN(C1CCOCC1)c1cc(cc(C(=O)NCc2c(C)cc(C)[nH]c2=O)c1C)-c1cnn(C)c1,172005,active
c1cc(cnc1)C(=O)N/N=C/c2cc(cc(c2O)I)Br,C01434032,inactive
c1cc(sc1)C(=O)Nc2ccc3n(c2=O)C[C@H]4C[C@@H]3CN(C4)C(=O)Nc5ccc(cc5)F,C04259084,inactive
Cc1c([nH+]c[nH]1)CSCCN/C(=C\2/C(=NN(C2=O)c3ccc(cc3)OC)c4ccc(cc4)OC)/C,C08992836,inactive
CNCCN(C)Cc1ccc(cc1)-c1cc(C(=O)NCc2c(C)cc(C)[nH]c2=O)c2cnn(C(C)C)c2c1,325846,active
Cc1ccc(cc1)S(=O)(=O)NC2=NC3=[NH+]C(=C[C@@H](N3N2)c4ccccc4)c5ccc(cc5)Cl,C01748368,inactive
Cc1ccc(cc1)c2[nH]c(c([nH+]2)S(=O)(=O)c3ccccc3)SCC(=O)NCc4cccc(c4)OC,C12252253,inactive
Cc1ccc(o1)[C@@H]2c3ccc(cc3OC(=C2C#N)[NH3+])OC(=O)COc4ccc(cc4)Br,C38659111,inactive
CC(C)C1Cc2cc(cc(Br)c2O1)C(=O)NCc1c(C)cc(C)[nH]c1=O,359827,active
Cc1cccc(c1)S(=O)(=O)N[C@@H](CC2=c3ccccc3=[NH+]C2)C(=O)Nc4ccc5ccccc5c4,C63187749,inactive
CCOc1cc(ccc1OCCOc2ccccc2Cl)/C=C/3\C(=O)NC(=O)N(C3=O)c4ccc(cc4)Br,C97958641,inactive
c1ccc(cc1)C(c2ccccc2)N3CCN(CC3)c4c(c(ncn4)N5CCN(CC5)c6cccc[nH+]6)N,C40730030,inactive
CC1=C([C@@H](N2CCCSC2=[NH+]1)c3cccc(c3)NC(=O)C4CCCC4)C(=O)Nc5ccccc5OC,C40368180,inactive
CCCCN(C1CCOCC1)c1cc(cc(C(=O)NCc2c(C)cc(C)[nH]c2=O)c1C)-c1ccc(CN2CCOCC2)cc1,172056,active
COC1CN(C1)[C@H]1CC[C@@H](CC1)[C@@H](C)c1sc2CCCN(Cc3c(C)cc(C)[nH]c3=O)C(=O)c2c1C,50594146,active
CC(=O)c1cccc(c1)N2C(=O)[C@@H]3[C@@H]([NH2+][C@]([C@H]3C2=O)(CCSC)C(=O)OC)c4ccc(cc4)O,C12498289,inactive
c1ccc2c(c1)-c3ccccc3C2[NH+]4CCN(CC4)C[C@H](COc5ccc(cc5)OC[C@@H](C[NH+]6CCN(CC6)C7c8ccccc8-c9c7cccc9)O)O,C49763204,inactive
COc1cc(ccc1OCc2ccc(cc2)Cl)/C=C/C(=O)Oc3ccc(cc3OC)/C=C(\C#N)/C(=O)N,C40890495,inactive
COc1ccc(cc1Br)n2c3ccc(cc3[nH+]c2N)I,C97353318,inactive
CCN([C@H]1CC[C@@H](CC1)N(C)Cc1ccc(OC)cc1)c1cc(Cl)cc(C(=O)NCc2c(C)n(C)[nH]c2=O)c1C,310771,active
COC[C@@H](C)n1c(C)c(C(=O)NCc2c(C)cc(C)nc2O)c2ccccc12,50110360,active
c1ccc(cc1)c2c([nH+]c([nH]2)SCC(=O)Nc3ccc(cc3)SC(F)F)c4ccccc4,C12564725,inactive
CC[NH+](CC)CCNC(=O)c1ccc(cc1)NC(=O)CCN2C(=O)/C(=C/c3ccc(cc3)F)/SC2=S,C08819045,inactive
CCOc1cc(cc(c1OCCOc2ccc(cc2)OC)Br)/C=C/3\C(=O)NC(=O)N(C3=O)c4ccc(cc4)Cl,C97959217,inactive
CC[C@@H](C)[C@@H](C(=O)NC1CCCCC1)NC(=O)[C@@H]2CC3=c4ccccc4=[NH+][C@@H]3[C@@H]5N2C(=O)c6c5cccc6,C63375683,inactive
Cc1ccccc1S(=O)(=O)/N=C(/c2ccccc2)\Nc3ccc(cc3)S(=O)(=O)/N=c/4\[nH]ccs4,C12600858,inactive
COc1ccccc1NS(=O)(=O)c2cccc(c2)C(=O)N/N=C/c3ccc(cc3)Br,C06250947,inactive
CCOc1ccc(cc1)NC(=O)N2Cc3c4c(sc3-n5cccc5[C@H]2c6ccc(cc6)OC)C[NH+](CC4)C,C35427156,inactive
c1ccc(cc1)COC(=O)N2CC=C3[C@H](C2)[C@@H](C(C(=C3C#N)[NH3+])(C#N)C#N)c4ccccc4C(F)(F)F,C16034476,inactive
COc1cc(c(cc1OCc2ccccc2Cl)Br)/C=N/NC(=O)c3cc(cc(c3O)Br)Br,C04196285,inactive
c1ccc(cc1)CC2CC[NH+](CC2)CC(=O)NCCN3C(=O)/C(=C/c4ccccc4Cl)/SC3=O,C15981847,inactive
c1ccc(cc1)CC2(C(=O)N(C(=O)N2)CN3CC[NH+](CC3)C/C=C/c4ccccc4)Cc5ccccc5,C22798149,inactive
COc1ccc2c(c1)c3c([nH]2)[C@@H]4C[C@@H]5[C@@H](C[C@@H]([C@@H]([C@@H]5C(=O)OC)OC)OC(=O)c6cc(c(c(c6)OC)OC)OC)C[NH+]4CC3,C05062975,inactive
Cc1c2c(c(c[nH+]1)CO)Cc3c(nc(nc3SCc4ccc(cc4Cl)F)c5ccccc5OC)O2,C08589195,inactive
CCc1c(c(n(n1)c2ccccc2)Oc3cccc(c3)F)C[NH+](C[C@@H](COCc4ccccc4)O)C5CC5,C36303229,inactive
C[C@H]1[C@H](C[C@@]2(CC[C@@]3(C(=CC[C@@H]4[C@@]3(CC[C@@H]5[C@@]4(C[C@@H]([C@@H]([C@@]5(C)C(=O)[O-])OC(=O)C)O)C)C)[C@@H]2[C@@]1(C)O)C)C(=O)[O-])O[C@@H]6[C@@H]([C@@H]([C@@H]([C@@H](O6)CO)O)O)O,C67912800,inactive
CCCc1cc(C)[nH]c(=O)c1CNC(=O)c1c(C)n([C@H](C)C2CCN(S(=O)(=O)CC)CC2)c2ccccc12,CHEMBL3605458,active
CC(C)c1ccc(cc1)[C@H]2C[C@@H](n3c(cc(n3)c4n[nH]c(=S)n4CCC[NH+](C)C)N2)C(F)(F)F,C20028582,inactive
c1cc(ccc1c2c(c[nH]n2)/C=C(\C#N)/C(=O)Nc3cc(ccc3Cl)Cl)F,C17082122,inactive
COC(=O)[C@]1([C@@H]2[C@@H]([C@@H]([NH2+]1)c3cccs3)C(=O)N(C2=O)c4ccc5c(c4)OCCO5)Cc6ccc(cc6)O,C12498030,inactive
Cc1cc(C)c(CNC(=O)c2cc(Br)cc3n(ncc23)C2CCN(CC2)C(=O)C2CCCCC2)c(=O)[nH]1,326129,active
Cc1c2c(n(n1)c3ccccn3)[NH+]=C4C(=Nc5ccccc5N4[C@@H]2c6cccc(c6)OC)Nc7cccc(c7)OC,C97952607,inactive
CS(=O)(=O)Nc1ccc(cc1Cl)NS(=O)(=O)c2cc(cc(c2)Cl)Cl,C13009426,inactive
CCOCCCN1[C@H](c2c(n[nH]c2C1=O)c3ccccc3O)c4cccc(c4)OCc5ccccc5,C38610589,inactive
CC[C@H](C)n1cc(C)c2c(C(=O)NCc3c(C)cc(C)[nH]c3=O)cc(-c3ccc(N4CCN(CCCCCOc5cccc6c5C(=O)N(C5CCC(=O)NC5=O)C6=O)CC4)nc3)cc21,CHEMBL5076965,active
C[C@]12CC[C@H]3[C@@H]([C@@H]1CC[C@@H]2OC(=O)CCC(=O)NCCC4=c5ccccc5=[NH+]C4)CCC6=CC(=O)CC[C@]36C,C63350098,inactive
CC(C)CCN1c2ccc(cc2OCC(C1=O)(C)C)NC(=O)c3ccc(cc3)S(=O)(=O)N4CCCCC4,C49507623,inactive
c1cc2c(nc1)n(c(n2)SCc3ccc(cc3)F)Cc4ccc(cc4)C(=O)NCCc5c[nH+]c[nH]5,C08912929,inactive
c1ccc(cc1)n2c(=O)c-3c4n(c(nc3n2)SCC(=O)N[C@H]5CCS(=O)(=O)C5)CCCCC4,C09390462,inactive
Cc1ccc(cc1)C(=O)N/C(=C\c2ccc(o2)c3cccc(c3)Cl)/C(=O)NCCCn4cc[nH+]c4,C16213150,inactive
CCC[NH+]1CCC(CC1)CN2[C@@H](C(=O)N(C2=S)c3ccc(cc3)F)CC(=O)Nc4ccc(cc4)OC,C15321364,inactive
c1ccc(cc1)CCn2c3c(c(=O)[nH]c2=S)C(N=C(N3)c4ccccc4)(C(F)(F)F)C(F)(F)F,C12376357,inactive
CC(C)Cc1ccc(cc1)S(=O)(=O)N2CCC3(CC2)C(=[NH+]CCN3)NCc4ccc(cc4)Cl,C65074860,inactive
COc1ccc(cc1)CCNC(=O)Nc2c([nH+]n(c2N)c3ccc(cc3)C(F)(F)F)c4ccc(cc4)OC,C34786033,inactive
COc1cc(C)[nH]c(=O)c1CN1CCc2c(Cl)cc(C(C)C3CN(C)C3)c(Cl)c2C1=O,435577,active
COc1ccccc1CCNC(=O)C(=O)NC[C@@H](c2ccco2)[NH+]3CCN(CC3)c4ccc(cc4)F,C09828883,inactive
c1ccc(c(c1)[N+](=O)[O-])S(=O)(=O)NNC(=O)COc2ccc(cc2Br)Br,C12584291,inactive
Cc1cc(n([nH+]1)[C@@H](C)C(=O)Nc2ccc(cc2Cl)NC(=O)C3(CCCC3)c4cccc(c4)OC)C,C78715792,inactive
COc1ccccc1NS(=O)(=O)c2cccc(c2)C(=O)NC[C@H](c3cccs3)[NH+]4CCOCC4,C32682570,inactive
CCOc1ccc(cc1)N/C(=[NH+]/c2ccc(cc2)OCC)/COc3c(cc(c4c3nc(cc4)C)Cl)Cl,C12565690,inactive
c1ccc(c(c1)C[NH+]2CC[NH+](C2c3c4c(cc(c3[O-])[N+](=O)[O-])oc5c4CCCC5)Cc6ccccc6O)O,C19321868,inactive
CCOc1ccc(cc1)c2csc(n2)/C(=C/Nc3ccc(cc3C(=O)c4cc(c(c(c4)OC)OC)OC)Cl)/C#N,C01828810,inactive
Cc1cc(c2c(c1)sc(n2)N3[C@H](C(=C(C3=O)O)C(=O)c4ccc5c(c4)C[C@H](O5)C)c6cc(c(c(c6)OC)OC)OC)C,C53333867,inactive
c1cc(ccc1/C=N/NC(=S)N)OC[C@@H](Cn2c3ccc(cc3c4c2ccc(c4)Cl)Cl)O,C95116849,inactive
Cc1c\2c(oc1C(=O)N[NH2+]C(=O)c3ccco3)CCC/C2=N\NS(=O)(=O)c4ccccc4,C40815082,inactive
COc1ccc(cc1)c2cc(n3c(n2)cc(n3)C(=O)Nc4c(c5c(s4)CCCC5)C(=O)OC)C(F)(F)F,C02082838,inactive
c1ccc(cc1)/C=C/S(=O)(=O)NCCC(=O)Nc2ccc3c(c2)[nH+]c([nH]3)C4CCC4,C97529307,inactive
CCOc1ccc(cc1)NC2=Nc3ccccc3N4C2=[NH+]c5c(c(nn5c6ccccc6)C)[C@H]4c7ccccc7F,C97951005,inactive
CCS(=O)(=O)C1=[NH+]SC2=NC(=O)/C(=C\c3ccc(cc3)OCCOc4cccc(c4)OC)/C(=[NH2+])N12,C20206515,inactive
c1ccc2c(c1)C3=C(C2=O)[C@@H]([C@@H]4C(=NC(=O)NC4=O)N3)c5ccc(cc5Cl)Cl,C63637814,inactive
CN(C1CCOCC1)c1cc(Br)cc(C(=O)NCc2c(C)cc(C)[nH]c2=O)c1C,50149884,active
c1ccc(c(c1)C(=O)NC2CC2)NC(=O)C[NH+]3CCC[C@@H]3c4ccc5c(c4)OCCO5,C09575976,inactive
c1cc(c(cc1[N+](=O)[O-])Cl)NCC[NH2+]Cc2ccc(o2)c3ccc(cc3Cl)Br,C20875662,inactive
CC(C)c1ccc(cc1)NC(=O)[C@H]2[C@H]3C=C[C@@]4([C@@H]2C(=O)N([C@@H]4C(=O)NC5CCCCC5)Cc6ccc[nH+]c6)O3,C20106779,inactive
Cc1c(c(n[nH]1)O)C(c2cc(c(c(c2)Br)OCC=C)OC)c3c([nH]nc3O)C,C96193448,inactive
CSCC[C@@H](C(=O)NNC(=O)c1cc2c(s1)CCC2)NS(=O)(=O)c3ccc(cc3)Cl,C17445566,inactive
CCOC(=O)c1c(csc1N[C@H](C(=O)c2ccc(cc2)C)NC(=O)c3ccco3)c4ccccc4,C01185293,inactive
CCc1ccccc1NC(=O)CN2CC[NH+](CC2)CC(=O)C3=c4ccccc4=[NH+][C@@H]3c5ccccc5,C39726937,inactive
CCOc1ccc(cc1)NC(=O)C[n+]2c3c(c4c(s3)COC(C4)(C)C)c(n(c2=O)Cc5ccco5)N,C20502879,inactive
CC(C)Cc1ccc(cc1)S(=O)(=O)Nc2ccc(cc2)C3(CC3)C(=O)NC4CCCCCC4,C33115394,inactive
Cc1ccc(cc1)c2c[nH+]c(n2c3ccc(cc3)OC(F)(F)F)SCC(=O)Nc4nc(cs4)C,C44088010,inactive
C[C@@H]1c2c(c3ccccc3[nH]2)[C@H](C[NH+]1[C@@H]4CC(=O)N(C4=O)c5cccc(c5)F)c6ccccc6,C72459754,inactive
C/[NH+]=C(/Nc1ccc(cc1)I)\S[C@H]2CC(=O)N(C2=O)c3cccc(c3)Cl,C59446352,inactive
c1cc(cc(c1)Br)N2C(=O)/C(=C/c3ccc(c(c3)Cl)O)/C(=O)NC2=O,C01220274,inactive
c1ccc(cc1)CC[NH+]2C[C@H](C[C@H](C2)C(=O)Nc3ccc4c(c3)CCC4)C(=O)NCc5cccc(c5)F,C14534739,inactive
CCOC(=O)c1c2c(sc1NC(=O)c3cccc(c3)NS(=O)(=O)c4ccccc4)C[NH+](CC2)C,C20570352,inactive
c1cc([nH]c1)/C=N/NC(=O)COc2ccc(cc2Br)Br,C05713222,inactive
Cc1c(c([nH]c1C(=O)OC)C)C(=C2[C@@H](N(C(=O)C2=O)Cc3ccc[nH+]c3)c4ccc(cc4)C(C)(C)C)O,C09374507,inactive
C[C@@H](c1ccccc1)/[NH+]=C(/c2c(c3n(n2)[C@@H](C[C@@H](N3)c4ccc(cc4)F)C(F)(F)F)Cl)\O,C09781124,inactive
Cc1c(c(sc1[C@H]([NH3+])O)NC(=O)CSc2nc(cc(n2)C(F)(F)F)c3cccs3)C(=O)OC(C)C,C98050219,inactive
COc1ccc(cc1)[C@@H](CNC(=O)c2cccc(c2)S(=O)(=O)N(CC=C)c3ccccc3)[NH+]4CCCCC4,C32969150,inactive
COc1ccccc1NC(=O)N2CCC3(CC2)[NH2+][C@H](C(=O)N3Cc4ccccc4)Cc5ccccc5,C36026756,inactive
Cc1cc(C)c(CNC(=O)c2cc(Br)cc3n(ncc23)C2CCN(CC2)C(=O)C2CCNCC2)c(=O)[nH]1,326154,active
Cc1ccc(cc1)NC(=O)COc2ccc(cc2)/C=N/NC(=O)C(=O)Nc3ccc(cc3)Oc4ccccc4,C58881661,inactive
COc1ccc(cc1Br)/C=N/NC(=O)CSc2[nH+]c3ccccc3n2Cc4ccc(cc4)Cl,C50860472,inactive
CCOC(=O)C1=C(OC(=C([C@@H]1c2ccc(cc2)OC)C#N)N)CSc3c(ccc([nH+]3)c4cc[nH+]cc4)C#N,C08670503,inactive
CC(C)n1ncc2c(cc(nc12)C1CCN(CC1)C(=O)CCN)C(=O)NCc1c(C)cc(C)[nH]c1=O,325968,active
CCc1cccc(c1Nc2c([nH+]c3n2cc(nc3)Br)c4ccc(c(c4)OC)O)C,C65331625,inactive
CCN(C1CCNCC1)c1cc(cc(C(=O)NCc2c(C)cc(C)nc2=O)c1C)-c1ccc(CN2CCOCC2)cc1,172120,active
C[C@@]1(C[C@@H](CC(C1)(C)C)O)CNS(=O)(=O)c2ccc3c(c2)c4ccccc4o3,C05493711,inactive
CC[NH+](CC)CCCN1[C@H](C(=C(C1=O)O)C(=O)c2c(n3cccc(c3n2)C)C)c4ccc(c(c4)Cl)Cl,C35484767,inactive
COc1ccc(cc1)Cn2c(c[nH+]c2SCC(=O)Nc3cccc(c3)C(F)(F)F)CO,C10019850,inactive
Cc1c(c(nc(n1)c2cc3c(c(c2)Cl)OCCCO3)N)I,C97624524,inactive
COc1ccc(cc1)Nc2nc(nc(n2)N/N=C/c3cc(ccc3O)Br)NCc4ccco4,C06156940,inactive
Cc1ccc(cc1)SCc2c3c([nH]n2)OC(=C([C@@H]3c4cc(c(c(c4)OC)OC)OC)C#N)[NH3+],C04168337,inactive
CCOC(=O)c1c(csc1NC(=O)c2cc(nc3c2cc(cc3)Br)c4ccc(cc4)OC)c5ccc(cc5)OC,C08454572,inactive
Cc1cc(nc(n1)N/C(=N\C(=S)Nc2ccc(cc2Cl)Cl)/NCCSCc3c([nH]c[nH+]3)C)C,C14159203,inactive
c1ccc2c(c1)c(c[nH]2)[C@H](C(=O)Nc3ccc4c(c3)OCO4)N(Cc5ccc[nH+]c5)C(=O)CN6c7ccccc7C(=O)C6=O,C08695696,inactive
CCOC(=O)c1ccc(cc1)N2C(=O)[C@@H](N(C2=S)CCc3cc[nH+]cc3)CC(=O)Nc4ccc(cc4)OC,C00709924,inactive
CN(C)CCCN(C)Cc1cc(C(=O)NCc2c(C)cc(C)[nH]c2=O)c2cnn(C3CCCC3)c2c1,326169,active
CCSc1cc(C)[nH]c(=O)c1CNC(=O)c1c(C)n([C@H](C)C2CCN(CC(F)(F)F)CC2)c2ccccc12,CHEMBL4639975,active
C[C@H](C(=O)N[C@H](c1cccc(c1)OC)c2[nH+]ccn2C)NS(=O)(=O)c3ccc(c(c3)Cl)Cl,C40040238,inactive
Cc1c(c(n(n1)c2cccc(c2)Cl)Oc3ccccc3)C[NH+](C[C@H](COc4ccccc4)O)C5CC5,C36301767,inactive
c1ccc(cc1)N2CCN(CC2)C(=O)CCCn3c(=O)c4ccccc4nc3SCC(=O)NCc5ccco5,C98049293,inactive
CCC(=O)N1CCC(CC1)n1ncc2c(cc(Br)cc12)C(=O)NCc1c(C)cc(C)[nH]c1=O,326157,active
Cc1cc(C)c(CN2CCCc3sc([C@H](C)C4CCN(Cc5ccccn5)CC4)c(C)c3C2)c(=O)[nH]1,CHEMBL4128444,active
CCN(C1CCOCC1)c1cc(cc(C(=O)NCc2c(C)cc(C)[nH]c2=O)c1C)-c1ccc(CN2CCCCC2)cc1,172069,active
Cc1ccc(cc1)c2c[nH+]c(n2c3ccccc3)SCc4nc5ccccc5c(=O)n4CC(=O)N,C21737109,inactive
C/C(=N/NC(=[NH2+])S[C@@H]1CC(=O)N(C1=O)c2ccc(cc2)Br)/c3ccc4ccccc4c3,C83253925,inactive
CC1CC[NH+](CC1)CCCOc2cc3c(cc2OC)c(ccn3)Oc4ccc(cc4F)NS(=O)(=O)c5cc(ccc5F)F,C98240517,inactive
CC(=O)N[C@H]1CCN(C1)C(=O)C[C@H]2[C@@H](CC[C@@H]3[C@]2(CC[C@H]([C@@]3(C)CO)OC(=O)Nc4ccc(cc4)OC)C)O,C04236670,inactive
c1ccc(cc1)c2cc(n3c(n2)c(c(n3)C(=O)Nc4ccc(c[nH+]4)Br)Cl)C(F)(F)F,C00844917,inactive
Cc1ccc(cc1)S(=O)(=O)N(CC(=O)N/N=C(/C)\c2cccc(c2)NC(=O)C)c3ccccc3F,C83260237,inactive
CCSc1nnc(s1)NC(=O)[C@H]2CCCN(C2)c3ccc4cc(ccc4[nH+]3)S(=O)(=O)N5CCCC5,C33355778,inactive
C[C@H](C(=O)Nc1c(c2c(s1)CCC2)C(=O)N)N3CCN(CC3)S(=O)(=O)c4ccccc4Cl,C15023116,inactive
c1cc[nH+]c(c1)CN(Cc2ccccn2)C[C@@H]3[C@@H]([C@@H]([C@@H](O3)CO)O)N4CCN(CC4)c5ccc(cc5)F,C67890387,inactive
C[NH+](C)[C@H](CNc1c2c(cn(c2[nH+]cn1)c3cccc(c3)C(F)(F)F)c4ccccc4)c5ccco5,C35681699,inactive
CCCCOc1ccc(cc1)C(=O)C2=C(C(=O)N([C@H]2c3ccc(cc3)Br)c4nnc(s4)SCc5ccc(cc5)F)O,C98046483,inactive
CC1(CC2=NC(=C)C([C@H]([C@H]2C(=O)C1)c3ccc[nH+]c3)C(=O)Nc4ccc(cn4)Br)C,C08413985,inactive
c1ccc(cc1)[C@@H]2CCN(C2)C(=S)Nc3ccc4c(c3)nc(c(n4)c5cccc[nH+]5)c6ccccn6,C01162885,inactive
Cc1c(n2ccccc2[nH+]1)/C(=C/3\[C@@H](N(C(=O)C3=O)CC[NH+](C)C)c4ccc(cc4)Br)/O,C09271279,inactive
CCN(CC)S(=O)(=O)c1cccc(c1)C(=O)N[C@H](Cc2c[nH]c3c2cccc3)C(=O)N/[NH+]=C\4/CCCN4,C12558853,inactive
Cc1cccc2c1[nH]c(=O)c(c2)[C@H](c3nnnn3Cc4ccccc4)[NH+](Cc5ccccc5)Cc6cccnc6,C06443886,inactive
Cc1ccc(c(c1)/N=C(/CSc2nnc(n2c3ccccc3)C/[NH+]=C(/c4ccccc4)\O)\O)C,C08599143,inactive
Cc1ccccc1CN([C@@H](c2ccc(c(c2)OC)OC)C(=O)Nc3ccc4c(c3)OCO4)C(=O)CSc5nc(cc(n5)C)C,C08712696,inactive
Cc1cccc(c1)COc2ccc(cc2)C(=O)C3=C(C(=O)N([C@H]3c4cccc(c4)OC)CCCn5cc[nH+]c5)O,C97952527,inactive
CCN(c1cc(Cl)cc(C(=O)NCc2c(C)cc(C)[nH]c2=O)c1C)[C@H]1CC[C@H](N(C)C2CCC2)CC1,CHEMBL3939074,active
c1ccc(cc1)COc2ccccc2OCC[NH2+]C[C@@H](COc3cccc4c3c5ccccc5[nH]4)O,C02540744,inactive
c1ccc(cc1)C2=C[C@@H](N=N2)[C@H]3NN[C@@H](N3[NH3+])SCC(=O)Nc4ccccc4C(F)(F)F,C38989582,inactive
Cc1cc[nH+]c(c1)N[C@H](c2ccccc2F)c3c4c(sc3NC(=O)c5ccco5)CCCC4,C38547388,inactive
CC(C)(C)Nc1c([nH+]c2n1nc(s2)N(C)CC(=O)Nc3ccccc3Cl)c4ccc(cc4)OC,C64703502,inactive
C/C(=N/Nc1[nH]nc(n1)SCC(=O)NCc2ccc(c(c2)Cl)Cl)/c3cc[nH+]cc3,C59023743,inactive
CCOC(=O)N1CCc2c(sc(c2C(=O)Nc3ccc(cc3OC)OC)NCc4cc(ccc4OC)OC)C1,C59586837,inactive
Cc1c([nH]c2c1cc(cc2)C(=O)N(Cc3cccc(c3)OCc4ccc5c(c4)OCO5)Cc6cccc[nH+]6)C,C12050502,inactive
c1ccc(cc1)C(c2ccccc2)C(=O)NC(=S)NNC(=O)c3ccc(cc3)NC(=O)c4ccccc4,C12289742,inactive
CN(C)Cc1ccc(cc1)-c1cc(N(C)C2CCNCC2)c(C)c(c1)C(=O)NCc1c(C)cc(C)nc1=O,514168,active
c1ccc2c(c1)c(c[nH]2)CCN3[C@@H]([C@@H](C(=O)C3=O)C(=O)c4ccc(cc4)Br)c5ccc[nH+]c5,C01413437,inactive
CCCCSC1([C@]2(C(=C([NH2+][C@@H]([C@@]2(C(=[NH+]1)N)C#N)c3ccccc3)C)C)C#N)SCCCC,C08686658,inactive
C=CCn1c(=O)c2ccc(cc2nc1SCC(=O)N3CCc4c3ccc(c4)S(=O)(=O)N)Cl,C16812776,inactive
c1cc(c[nH+]c1)CNC(=O)CN(Cc2ccc(c(c2)Cl)Cl)S(=O)(=O)c3ccc(cc3)Cl,C15225688,inactive
c1ccc(cc1)C(=O)c2ccc(cc2)C(=O)Nc3nnc(s3)SCC(=O)Nc4ccccc4F,C08791138,inactive
Cc1c(c(n[nH]1)c2ccc(cc2O)OCC[NH+]3C[C@@H](O[C@H](C3)C)C)c4ccc(cc4)Br,C20592291,inactive
COc1cccc(c1)c2nnc(s2)NC(=O)CCN(CCc3ccc(c(c3)OC)OC)C(=O)c4cccc(c4)OC,C98016853,inactive
C=CCNc1c(c(n([nH+]1)CC(=O)NCc2ccccc2Cl)N)c3nc(no3)c4ccc(cc4)Cl,C23125516,inactive
c1cc(c(nc1)SCC(=O)Nc2ccc3c(c2)OCO3)C(=O)NC[C@@H](c4ccco4)[NH+]5CCCC5,C14238096,inactive
CN1CCc2c(sc3c2c(nc(n3)SCCN4CCOCC4)N)C1,C20358617,inactive
C[C@@H]1C[C@H](C[NH+](C1)Cc2csc(n2)NC(=O)c3ccc(cc3)S(=O)(=O)NC(C)C)C,C14529675,inactive
CCCCCCCCCC/[NH+]=C/[C@]12CC[C@@H](C[C@]1(CC[C@@H]3[C@@H]2CC[C@]4([C@@]3(CC[C@@H]4C5=CC(=O)OC5)O)C)O)O,C70692154,inactive
CCN\1c2ccccc2S/C1=C/3\C(=O)[N+](=C(S3)Nc4ccc(cc4C)N(CC)CCO)C5CCCCC5,C97963981,inactive
c1ccc2c(c1)[C@H]([C@@H](N(C2=O)C3CCCC3)c4cccs4)C(=O)NCCCN5CCN(CC5)c6ccc(cc6)F,C33355699,inactive
C[C@@H](C(=O)NC1CCCC1)N(c2cccc(c2)F)C(=O)C[S@](=O)CC(=O)Nc3ccc(cc3)F,C12709843,inactive
CC(C)[C@H]1c2c(c(c(c(c2OC3=C1C(=O)C(C(=O)C3(C)C)(C)C)C(=O)C(C)C)O)[C@H](C4C(=O)C(C(=O)C(C4=O)(C)C)(C)C)C(C)C)O,C67912874,inactive
CC1(Cc2c(c([nH+]c3c2c(c(s3)C(=O)OC)N)N4CCCCC4)CN1C)C,C13116083,inactive
[H]/N=C\1/C(=C/c2cc(n(c2C)c3cc(cc(c3)C)C)C)/C(=O)N=C4N1N=C(S4)CCC,C41083387,inactive
CC1(CC2=C(C(=O)C1)[C@@](C(=O)N2CCc3ccc(c(c3)OC)OC)(C(F)(F)F)NC(=O)c4ccccc4)C,C02396847,inactive
Cc1c(sc([nH+]1)Nc2c(c(ncn2)NNC(=O)COc3ccc(cc3Cl)Cl)[N+](=O)[O-])C,C40650020,inactive
COc1cccc(C(=O)NCc2c(C)cc(C)[nH]c2=O)c1O,CHEMBL3975884,inactive
c1cc(c[nH+]c1)CN2[C@@H]([C@@]34C=C[C@@H](O3)[C@@H]([C@@H]4C2=O)C(=O)NC5CCCCC5)C(=O)NC6CCCCC6,C33939824,inactive
c1cc(c[nH+]c1)CNC(=O)c2c3c(sc2NC(=O)COc4ccc(cc4)[N+](=O)[O-])CCC3,C39915326,inactive
CCCSc1ccccc1NC(=O)CSc2nc([nH]n2)N/N=C/c3cccc(c3O)CC=C,C59004883,inactive
CC(=O)Nc1ccc(cc1)S(=O)(=O)n2c3ccccc3nc2SCC(=O)Nc4cc(ccc4OC)Cl,C06296906,inactive
CC(C)(C)c1cc(ccc1OCC(=O)Nc2ccc(cc2)S(=O)(=O)NC[C@H]3CCCO3)Br,C09269117,inactive
CCOc1ccc(cc1)N2C(=O)/C(=C\c3ccc(cc3)O[C@@H](C(Cl)(Cl)Cl)NC(=O)CC(C)C)/SC2=S,C33353135,inactive
CN(C)S(=O)(=O)c1ccc(cc1)/C(=C/2\[C@@H](N(C(=O)C2=O)CCCOC)c3ccc(cc3)OCC=C)/O,C17206838,inactive
COc1ccccc1N2CCN(CC2)S(=O)(=O)c3ccc(cc3)NC(=O)COc4ccc5c(c4)OCO5,C59345998,inactive
CSc1nc(C)[nH]c(=O)c1CNC(=O)c1cc(Cl)c2OC(C)(Oc2c1C)C1CCC(CC1)N1CC(C1)OC(F)F,542477,active
Cc1cc(cc(c1)OCCOc2ccc(cc2OC)/C=C\3/C(=[NH2+])N4C(=[NH+]SC4=NC3=O)SC)C,C20205480,inactive
Cc1cc(nc(n1)N/C(=N/C(=S)Nc2ccc(cc2)Nc3ccccc3)/NCCc4c[nH]c[nH+]4)C,C14156533,inactive
CCN(c1cc(-c2ccc(N3CCN(C)CC3)nc2)cc(C(=O)NCc2c(C)cc(C)[nH]c2=O)c1C)[C@H]1CC[C@H](N(C)C)CC1,CHEMBL3701029,active
COc1cccc(c1)C(=O)/N=C(/NCCC2=c3ccccc3=[NH+]C2)\Nc4ccc(c(c4)Cl)OC,C63589280,inactive
COc1ccc2c(c1)c(c[nH]2)CCN3[C@H](C(=C(C3=O)O)C(=O)c4ccc(cc4)F)c5cccc[nH+]5,C15920445,inactive
C[C@@H]1CCc2c(sc(c2C(=O)N)NC(=O)C3CCN(CC3)S(=O)(=O)c4ccc(cc4)OC)C1,C11131876,inactive
c1ccc(c(c1)/C=N\NC(=O)C(=O)Nc2ccc(cc2)Br)C(F)(F)F,C83309416,inactive
COc1cccc(c1)/C=c\2/c(=O)n3c(=C([C@@H](C(=C3N)c4nc5ccccc5s4)c6cccc(c6)OC)C(=O)OC)s2,C08448519,inactive
COc1cc2nc(NCCCN(C)C)nc(NC3CCN(CCCc4ccccc4)CC3)c2cc1OC,CHEMBL5179091,inactive
COc1cc(cc2c1OCC[NH+](C2)Cc3cn[nH]c3c4ccccc4)c5c(cc(cn5)C(F)(F)F)Cl,C11789399,inactive
c1ccc(cc1)[C@H](CCn2cc[nH+]c2)[NH2+]C3CCN(CC3)c4ccc(cc4)NC(=O)C5CCCC5,C39430520,inactive
c1cc(sc1)c2ccc(s2)c3ccc(c(n3)C(=O)Nc4c[nH+]ccc4N5CCC[C@@H](C5)[NH3+])N,C44138826,inactive
COc1cc(ccc1S(=O)(=O)NCCNc2c3ccccc3[nH+]c(n2)c4ccccc4Cl)F,C85410961,inactive
COc1cc(C)[nH]c(=O)c1CN1CCc2c(Cl)cc(C(C)C3CCN(CC3)C(=O)CO)c(Cl)c2C1=O,435694,active
CCOc1ccc(cc1)NC(=O)C(=O)N/N=C/c2ccc(c(c2)OC)OC(=O)c3c(c4ccccc4s3)Cl,C04282303,inactive
Cn1c(cc(n1)c2ccc(c(c2)OC)OC)[C@H]3C[NH+]4CC[C@@H]3C[C@@H]4CNC(=S)Nc5ccc(cc5)Cl,C43526672,inactive
COc1ccc(cc1NC(=O)c2c(c3c(cc([nH+]c3s2)c4cccs4)c5ccc(c(c5)OC)OC)N)Cl,C98000321,inactive
CC1CC[NH+](CC1)CCCN2[C@@H](C(=O)N(C2=S)c3ccc(cc3)Cl)CC(=O)Nc4ccc(cc4)OC,C20115167,inactive
Cc1ccc(cc1)S(=O)(=O)N[C@H]2Nc3c(cc(cc3S2)NC(=O)[C@@H]4C=c5ccccc5=[NH+]4)C,C64623285,inactive
COc1ccc(cc1OC)[C@@H]2C[C@H](n3c(cc(n3)C(=O)N4CC[NH+](CC4)C56CC7CC(C5)CC(C7)C6)N2)C(F)(F)F,C98006284,inactive
COc1ccccc1NC(=O)CSc2nc3c4ccccc4sc3c(=O)n2CCc5ccc(c(c5)OC)OC,C02961866,inactive
CCCc1cc(C)[nH]c(=O)c1CNC(=O)c1cc(-c2ccc(N3CCN(C(C)C)CC3)nc2)cc2c1cnn2C1CCCC1,CHEMBL4559875,active
C[C@@H]1[C@@H]([C@@H](C[C@@H](O1)O[C@@H]2CC[C@@]3([C@@H](C2)CC[C@@H]4[C@@H]3CC[C@@]5([C@@]4(C[C@@H]([C@@H]5C6=CC(=O)OC6)OC(=O)C)O)C)C)OC)O,C49803294,inactive
CSc1cc(C)[nH]c(=O)c1CN1CCN(C)c2c(Cl)cc(-c3c(C)noc3C)c(Cl)c2C1=O,CHEMBL5087318,active
CN(C)S(=O)(=O)c1ccc(c(c1)C(=O)NNC(=O)c2cc3c(s2)CCC3)Cl,C17445108,inactive
C[NH+](C)CC[NH+]1CCN(CC1)c2nc(c3c(n(nc3n2)c4cc(ccc4F)F)N)c5cccc(c5)F,C37375692,inactive
Cc1ccc(c(c1)C[NH+]2C[C@@H](C[C@H]2C(=O)NCc3ccc4ccccc4[nH+]3)n5cc(nn5)C(=O)OC)C,C15003836,inactive
c1ccc2=NC3=[NH+]C(=NC3=c2c1)/N=C/4\N[C@@]5(N4c6cccc(c6)C(F)(F)F)c7ccccc7NC5=O,C02430474,inactive
COc1ccc(cc1)c2nnc(o2)SCC(=O)Nc3ccc(cc3)N4CC[NH+](CC4)C5CCCCC5,C34857915,inactive
CC1(C)CC(CC(C)(C)N1)NC(=O)c1ccc(Oc2ccccc2C#N)c(Br)c1,50010816,active
CCCCCOc1ccc(cc1OC)[C@H]2/C(=C(/c3cc4ccccc4o3)\O)/C(=O)C(=O)N2CCCn5cc[nH+]c5,C08441287,inactive
CCOc1cc(cc(c1O)Br)[C@H]2c3c(n[nH]c3OC(=C2C#N)[NH3+])c4ccc(cc4)OC,C00718457,inactive
C/C(=N\NC(=O)c1cc(cc(c1)Cl)Cl)/c2ccc(cc2)NC(=O)C(F)(F)F,C20158661,inactive
Cc1cccc(c1NC(=O)CSc2nc3c(c(cs3)c4ccc(cc4)OC)c(=O)n2c5ccccc5)C,C02679647,inactive
c1ccc2c(c1)cccc2Nc3[n+](c(cs3)c4ccc(cc4)S(=O)(=O)N5CCCCC5)CCCO,C68723550,inactive
CCN(C1CCOCC1)c1cc(cc(C(=O)NCc2c(C)cc(C)[nH]c2=O)c1C)-c1ccc(NC(=O)CCCCCCNC(=O)C[C@@H]2N=C(c3c(C)c(C)sc3-n3c(C)nnc23)c2ccc(Cl)cc2)cc1,50605637,active
c1cc(ccc1NC(=O)C(=O)NC[C@@H](c2ccsc2)[NH+]3CCCCCC3)OC(F)(F)F,C08893374,inactive
CC(C)Oc1ccc(cc1)[C@H]2C(=C(C(=O)N2CCCn3cc[nH+]c3)O)C(=O)c4ccc(cc4)Br,C09339457,inactive
Cc1ccc(cc1Cl)NC(=O)[C@H](C(C)C)NC2=NS(=O)(=O)c3c2cccc3,C16200094,inactive
Cc1ccc(cc1)C2=NN([C@H](C2)c3ccc(cc3)Cl)C(=[NH2+])S[C@@H]4CC(=O)N(C4=O)c5ccc(cc5)C(=O)[O-],C98045393,inactive
C[C@@H]1C(=c2ccccc2=[NH+]1)SCC3=NN[C@@H](N3C)SCC(=O)Nc4ccc(cc4)Cl,C63598801,inactive
COc1ccccc1CNC(=O)C(=O)NCc2ccc(s2)[C@@H](c3cccs3)O,C90750205,inactive
Cn1c2c(c(=O)n(c1=O)C)n(c(n2)[NH2+]C[C@H]3CCC[C@@H](C3)C[NH3+])Cc4ccc(cc4Cl)Cl,C09191449,inactive
Cc1cccc(c1)COc2ccc(cc2)C(=O)C3=C(C(=O)N([C@H]3c4ccc(c(c4)OC)OC)Cc5cc[nH+]cc5)O,C97969227,inactive
c1ccc2c(c1)cccc2C[NH+](C[C@H](COc3ccc(cc3Cl)Cl)O)[C@@H]4CCS(=O)(=O)C4,C40317888,inactive
Cc1cccc(c1)NC2=Nc3ccccc3N4C2=[NH+]c5c(c(nn5c6ccccc6)C)[C@@H]4c7ccc(c(c7)OC)OC,C01898167,inactive
Cc1cc(C)c(CNC(=O)c2cc(C3CC3)nc3c2cnn3C(C)C)c(O)n1,CHEMBL1608462,inactive
CCC(=O)N1CCc2c1ccc(c2)S(=O)(=O)N[C@@H](Cc3ccccc3)C(=O)Nc4ccc(cc4)C(=O)C,C09692240,inactive
Cc1ccc(cc1)S(=O)(=O)Oc2ccc(cc2OC)[C@H](c3c([nH]n(c3=O)c4ccccc4)C)c5c(nn(c5O)c6ccccc6)C,C97999742,inactive
CCOc1cc(ccc1O)/C=N\NC(=O)CSc2nnc(n2c3ccc(cc3)OC)c4ccc(cc4)C,C33728128,inactive
CCN(c1ccccc1)S(=O)(=O)c2ccc(cc2)NC(=S)NC(=O)c3ccc(cc3)OCCOCC,C09697190,inactive
Cc1ccc(cc1)Cn2c3ccccc3[nH+]c2SCC(=O)N/N=C/c4cc(cc(c4O)Br)Br,C05359118,inactive
COc1ccc(cc1)C(=O)Oc2ccc(cc2/C=N/NC(=O)CNC(=O)c3ccccc3I)Br,C04347425,inactive
CC(C)C[C@@H]1[C@@H]2[C@@H](C(=O)N(C2=O)CCc3ccccc3)[C@]4([NH2+]1)c5cc(ccc5NC4=O)Br,C09429136,inactive
COc1ccccc1[C@H]2[C@@H]3[C@H](C(=O)N(C3=O)c4ccccc4)[C@@]([NH2+]2)(Cc5ccc(cc5)O)C(=O)OC,C12497182,inactive
CCN(C1CCOCC1)c1cc(cc(C(=O)NCc2c(cc(C)[nH]c2=O)C(C)C)c1C)C#CCN1C[C@H](C)N[C@H](C)C1,601741,active
Cc1cc(CNC(=O)[C@@H](N)CCSC[C@H]2O[C@@H](n3cnc4c(N)ncnc43)[C@H](O)[C@@H]2O)n(C)n1,CHEMBL3397319,inactive
c1cc2cccnc2c(c1)S(=O)(=O)N3C[C@@H]4C[C@H](C3)c5ccc(c(=O)n5C4)NC(=O)c6ccc(cc6)C#N,C05413664,inactive
CCCc1cc(C)[nH]c(=O)c1CNC(=O)c1cc(NC2CCNCC2)cc2n(ncc12)C(C)C,50536595,active
Cc1ccc(c(c1)N2CC[NH+](CC2)[C@@H]3CC(=O)N(C3=O)c4ccc(cc4)N5C(=O)C[C@H](C5=O)[NH+]6CCN(CC6)c7cc(ccc7C)C)C,C08412167,inactive
C[C@@H]1C[C@@H](CN(C1)S(=O)(=O)c2ccc(cc2)C(=O)Nc3c(c4c(s3)C[NH+](CC4)C(C)C)C(=O)NC)C,C08920786,inactive
Cc1ccccc1[NH+]2CCN(CC2)C[C@H](COc3ccc(cc3)OC[C@H](CN4CCN(CC4)c5ccccc5C)O)O,C97944199,inactive
CCC(=O)N1CCc2c1ccc(c2)S(=O)(=O)N[C@H](C(C)C)C(=O)Nc3ccc(cc3Br)C,C09692129,inactive
CC[C@H]1[C@@H]2[C@@H](C(=O)N(C2=O)c3cccc4c3cccc4)[C@@]5([NH2+]1)c6ccccc6N(C5=O)Cc7ccccc7,C15306550,inactive
CN(C1CCCC1)c1cc(cc(C(=O)NCc2c(C)cc(C)[nH]c2=O)c1C)-c1ccc(CN2CCOCC2)nc1,172013,active
COc1ccc(cc1OC)NC(=O)C2=C(C3=[NH+][C@H](C[C@H](N3N2)C(F)(F)F)c4cccs4)Cl,C00865942,inactive
CC(=C)Cn1c(nnc1SCC(=O)N/[NH+]=C/c2ccccc2O)c3ccc(cc3)Br,C02522019,inactive
Cc1cc(n(n1)CC(=O)NNC(=O)c2ccc(c(c2)I)Cl)C,C71906374,inactive
c1ccc(c(c1)C(=O)Nc2ccc(cc2)Br)NC(=O)C(=O)N/N=C/c3ccc(cc3)OC(=O)c4cccs4,C98221323,inactive
CCN1CCN(Cc2c(OC)cc(C)[nH]c2=O)C(=O)c2c(Cl)c(-c3c(C)noc3C)cc(Cl)c21,CHEMBL5085040,active
c1ccc(cc1)CCNC(=O)CSc2nc3ccccc3c(=O)n2CC4CCC(CC4)C(=O)NC[C@@H]5CCCO5,C98009655,inactive
CCOC(=O)N1CCN(CC1)S(=O)(=O)c2ccc(cc2)C(=O)N(CCC[NH+](C)C)c3nc4ccc(cc4s3)Cl,C38139128,inactive
CCCC[NH+](CCCC)CCCN1[C@H](C(=C(C1=O)O)C(=O)c2ccc(cc2)F)c3ccc(cc3)O,C08695367,inactive
Cc1c(c(n(n1)CC(=O)Nc2ccc3c(c2)c(c4c([nH+]3)CCCC4)Nc5ccc(c(c5)OC)OC)C)[N+](=O)[O-],C29752638,inactive
COc1cc2c(cc1OC)C[NH+](CC2)CC(=O)Nc3c4cc(ccc4[nH]c3C(=O)OC)Br,C02100833,inactive
COCCCN1C(=O)[C@H]2[C@H]([NH2+][C@@]3([C@@H]2C1=O)c4ccccc4NC3=O)CC5=c6ccccc6=[NH+]C5,C63270480,inactive
COc1ccccc1[C@H](CNc2cnn(c(=O)c2Cl)c3ccc(cn3)C(F)(F)F)[NH+]4CCCC4,C09945368,inactive
CCOC(=O)C1=C(OC(=C([C@H]1c2ccc(cc2)OC)C#N)N)CSc3c(ccc([nH+]3)c4cc[nH+]cc4)C#N,C17440307,inactive
c1ccc2c(c1)CCN(C2)C(=O)NCC(=O)Nc3ccc(cc3)N4CCc5c(ccs5)C4,C97568527,inactive
Cc1cc(c2c(c1)[C@@]3([C@@H]4[C@H]([C@@H]([NH2+]3)[C@@H](C)O)C(=O)N(C4=O)Cc5ccccc5OC)C(=O)N2)C,C35363843,inactive
Cc1ccccc1NC(=O)CSC2=C([C@H](C(=C(N2)C)C(=O)Nc3ccccc3OC)c4cccs4)C#N,C97950975,inactive
c1ccc(c(c1)C(=O)NNC(=O)Cc2c(cccc2Cl)Cl)NS(=O)(=O)c3cccs3,C12778214,inactive
c1ccc(cc1)CN(CC(=O)Nc2ccccc2)S(=O)(=O)c3ccc(cc3)S(=O)(=O)N4CCCC4,C13496924,inactive
Cc1ccc(cc1)NC(=O)N[C@H](Cc2ccccc2)C(=O)N3CC[NH+](CC3)C/C=C/c4ccccc4,C34970073,inactive
c1cc(ccc1c2csc(n2)NC(=O)CSCC(=O)OCC(=O)c3ccc(cc3)Br)Br,C02855387,inactive
Cc1ccc(cc1)S(=O)(=O)CNC(=O)[C@@H](c2ccc(c(c2)OC)O)N(C)C(=O)c3ccc(cc3)F,C36539299,inactive
CN(C)c1ccc(cc1)NC(=O)[C@@H](c2ccc(cc2)F)N(Cc3ccc(cc3)F)C(=O)CN4c5ccccc5C(=O)C4=O,C08695737,inactive
Cc1cc(c(c(=O)n1CCOC)[C@@H](c2ccc(cc2)SC)[NH+]3CCN(CC3)c4ccc(cc4)F)O,C22697782,inactive
Cc1cc(C)c(CNC(=O)c2cc(-c3ccc(N4CCNCC4)nc3)cc3c2C(C)CN3C2CCOCC2)c(=O)[nH]1,CHEMBL3900506,active
Cc1ccc(cc1S(=O)(=O)Nc2ccc(cc2)OC)S(=O)(=O)c3ccc(c(c3)S(=O)(=O)Nc4ccc(cc4)OC)C,C98002592,inactive
C[C@@H]1c2c(ncnc2S[C@@H]1C(=O)NCC(C)(C)CO)NCCC3=c4ccccc4=[NH+]C3,C64636259,inactive
Cc1ccc(c(c1)NC(=O)[C@@H](c2ccccc2)Sc3[nH]nc(n3)c4ccccc4Br)C,C09797994,inactive
COC(C1CCN(CC1)C=O)c1cc(Cl)c2CCN(Cc3c(OC)cc(C)[nH]c3=O)C(=O)c2c1Cl,435609,active
Cc1cc(cc[nH+]1)NC(=O)CSc2c(c(cc(n2)c3ccccc3)c4cc(c(c(c4)OC)OC)OC)C#N,C08412186,inactive
COc1ccc2=[NH+][C@H]3[C@H](NCCC3=c2c1)[C@@H]4[C@@H](N(C(=S)NC4=O)CCc5ccccc5)O,C63375921,inactive
[H]/N=C\1/C(=C\c2cc(c(c(c2)OC)OCCOc3ccc(cc3)[C@@H](C)CC)OC)/C(=O)N=C4N1N=C(S4)COc5ccccc5,C97960732,inactive
CCOC(=O)c1c(c(sc1N/C=C(/C#N)\c2nc(cs2)c3cccs3)C(=O)OCc4ccccc4)C,C02386876,inactive
Cn1c2ccc(cc2n(c1=O)C)[C@H](COc3ccc(cc3)CNCCc4ccc(cc4Cl)Cl)O,C13723202,inactive
Cc1cc(-c2ccccc2)[nH]c(=O)c1CNC(=O)c1cc(-c2ccc(N3CCN(C(C)C)CC3)nc2)cc2c1cnn2C(C)C,CHEMBL4591568,inactive
CSc1cc(C)[nH]c(=O)c1CNC(=O)c1c(C)n([C@H](C)[C@H]2CCC(CC2)Oc2cnn(C)c2)c2ncccc12,575030,active
Cc1ccc(cc1)S(=O)(=O)NNc2c(c(nc[nH+]2)NNS(=O)(=O)c3ccc(cc3)C)N,C40794632,inactive
c1ccc2c(c1)cccc2n3c(=O)c(c([nH]c3=O)O)[C@H](c4cc[nH+]cc4)[C@@H]5C(=O)NC(=O)N(C5=O)c6cccc7c6cccc7,C08445704,inactive
c1ccc(cc1)C[C@@H](c2ccccc2)NC(=O)c3csc(n3)C[NH+](Cc4cccc(c4)C(F)(F)F)Cc5ccccc5F,C98019599,inactive
Cc1ncsc1-c1ccc(CNC(=O)[C@@H]2C[C@@H](O)CN2C(=O)[C@@H](NC(=O)CCCNC(=O)c2ccc(-c3cnc(NCc4ccco4)n4cnnc34)cc2)C(C)(C)C)cc1,CHEMBL4749741,active
CC(C)(C)C(=O)N1CSC[C@@H]1C(=O)N[C@@H]2COc3c2cccc3,C69819213,inactive
c1ccc(c(c1)OCc2nnc(n2N)SCC(=O)N3CCN(CC3)Cc4ccc(s4)Cl)F,C25446861,inactive
Cc1ccc(cc1)c2csc3c2c(=O)[nH]c(n3)C[NH+](CCCOC)C[C@@H](COc4ccccc4)O,C36207649,inactive
COc1ccc(cc1COc2c(cc(cc2Br)Br)Br)/C=N/NC(=O)c3cc[nH]n3,C01271018,inactive
Cc1cc(C)c(CNC(=O)c2cc(nc3n(ncc23)C2CCCCC2)C2=CC(C)(C)NC(C)(C)C2)c(=O)[nH]1,325922,active
CCN(c1cc(-c2ccc(CN3C[C@H]4C[C@@H]3CO4)cc2)cc(C(=O)NCc2c(C)cc(C)[nH]c2=O)c1C)C1CCOCC1,CHEMBL3697457,active
CCCCCOc1cccc(c1)[C@H]2C(=C(C(=O)N2CC[NH+](CC)CC)O)C(=O)c3cc4cccc(c4o3)OC,C33523026,inactive
Cc1ccc2c(c(c(=O)oc2c1)CCC(=O)N[C@H](c3ccccc3)c4ccc5c(c4)[nH]c[nH+]5)C,C25146063,inactive
Cc1ccc(cc1)C(=O)Nc2ccc(cc2)S[C@H](c3ccccc3)C(=O)Nc4ccc(cc4)C(=O)C,C22753731,inactive
C[NH+]1[C@@H](NN[C@@H]1SCc2[nH]c(=O)c3ccccc3n2)c4cc5cc(ccc5o4)Br,C39969438,inactive
c1ccc(c(c1)NC(=O)c2nnc(s2)COc3ccc(cc3)C(=O)NCCC[NH+]4CCOCC4)F,C33114311,inactive
Cc1c(c(n(n1)Cc2ccc(cc2)Cl)C)NC(=O)CCCS(=O)(=O)c3nc(cc(n3)C(F)(F)F)c4ccccc4OC,C98043158,inactive
Cc1cccc(c1C)N[C@H](c2ccc3ccc(nc3c2O)C)c4cccc[nH+]4,C54621354,inactive
Cc1cccc(c1)COc2ccc(cc2)C(=O)C3=C(C(=O)N([C@H]3c4ccc(cc4)C(C)(C)C)CC[NH+](C)C)O,C08996947,inactive
CC(C)(C)c1c(c[nH]n1)CN2CCN(CC2)c3c(cccc3F)[C@@H](c4[nH+]ccn4C)O,C72340633,inactive
c1cc(cc(c1)Br)NC(=O)CSc2ccc([nH+]n2)N3CCC[C@H](C3)C(=O)NC4CC4,C49006551,inactive
Cc1ccc(cc1)Sc2cc3c(cc2NS(=O)(=O)c4ccc5=[NH+]C(=O)[NH+]=c5c4)n(c(=O)n3C)C,C63617418,inactive
Cc1cc(nc(n1)N/C(=N/C(=S)Nc2ccc(cc2Cl)Cl)/NCCc3c[nH]cn3)C,C14156516,inactive
CCN(C(=O)C1CC1)c1cc(-c2ccc(NC(=O)c3cccnc3)cc2)cc(C(=O)NCc2c(C)cc(C)[nH]c2=O)c1C,CHEMBL4867160,active
CCCSc1nc2c(c3c(s2)CO[C@@](C3)(C)CC)c4n1c(nn4)SCC(=O)N[C@@H](C)Cc5ccccc5,C01873971,inactive
CCOC(=O)c1c(c(sc1NC(=O)CSc2nn(c(=S)s2)c3ccccc3)C(=O)N)C,C20921529,inactive
Cc1cc(n([nH+]1)[C@@H](C)C(=O)Nc2ccc(cc2Cl)NC(=O)c3ccc(cc3)N4CCCC4=O)C,C72038713,inactive
CS(=O)(=O)N(Cc1ccccc1)c2ccc(cc2)C(=O)Nc3ccc(cc3)S(=O)(=O)N4CCCCC4,C00636477,inactive
Cc1ccc(cc1)c2n[nH]c(=S)n2CCC(=O)Nc3ccc(cc3)Br,C21216444,inactive
c1cc(c[nH+]c1)CNC(=O)c2c3c(sc2NC(=O)/C=C/c4ccc(cc4Cl)Cl)CCC3,C39915312,inactive
c1c(c(cc(c1Cl)S(=O)(=O)NC2CCCCC2)S(=O)(=O)NC3CCCCC3)N,C01199835,inactive
CN(C)c1ccc(cc1)NC(=O)C2(CCCC2)N(Cc3ccc(cc3)C(F)(F)F)C(=O)CN4C[C@@H](NC4=S)c5ccccc5,C08695900,inactive
CNc1cc(C(=O)NCc2c(C)cc(C)[nH]c2=O)c2cnn(C(C)C)c2n1,CHEMBL3946689,active
Cn1c2ccccc2[nH+]c1CCc3cccc(c3)NS(=O)(=O)c4ccc(cc4)Br,C15870516,inactive
CC(C)n1ncc2c(cc(cc12)-c1ccc(nc1)N1CCN(CC1)c1ncc(cn1)C(=O)NO)C(=O)NCc1c(C)cc(C)[nH]c1=O,50591112,active
COc1cccc2c1oc(c2)C(=O)C3=C(C(=O)N([C@H]3c4cc(c(c(c4)Br)O)OC)CCCn5cc[nH+]c5)[O-],C01110463,inactive
CCC[NH+](Cc1c(nn(c1Oc2ccc(cc2)F)C)c3ccccc3)C[C@@H](COCc4ccccc4)O,C36307641,inactive
Cc1c2c(n(n1)Cc3ccccc3)OC(=C([C@H]2c4ccc(cc4)Br)C#N)N,C02293262,inactive
CC[NH+]1CCc2c(sc(c2C(=O)N)NC(=S)NC(=O)c3ccccc3I)C1,C02308015,inactive
CCOc1ccc(cc1)NC(=O)/C(=C\c2cc(c(c(c2)I)OCc3ccc(c(c3)Cl)Cl)OCC)/C#N,C97960715,inactive
CCOC(=O)CN1CCC(CC1)[C@@H](C)n1c(C)c(C(=O)NCc2c(OC)cc(C)[nH]c2=O)c2ccccc12,50563823,active
CC1(C)CC(CC(C)(C)N1)NC(=O)c1ccc(Oc2ccccc2C#N)cc1F,50010682,inactive
CC(C)n1cc(C)c2c(cc(cc12)-c1ccc(nc1)N1CCN(C)CC1)C(=O)NCc1c(C)cc(C)[nH]c1=O,190196,active
CCOc1ccccc1NC(=O)CSc2[nH+]ccn2c3ccc(cc3)C(=O)NCc4cccs4,C38654721,inactive
COc1cccc(c1OC)NC(=O)NC[C@@H](c2ccc3c(c2)OCO3)[NH+]4CCN(CC4)c5ccccc5F,C38621310,inactive
c1ccc(cc1)C[NH+](Cc2ccccc2)CC(=O)N/N=C/3\c4ccccc4N(C3=O)Cc5ccccc5F,C59167040,inactive
Cc1c(sc2c1c(=O)n(c(n2)SCC(=O)Nc3c(c4c(s3)CCC4)C(=O)OC)Cc5cccnc5)C,C97946013,inactive
Cc1[nH]c(=O)c(CNC(=O)c2cc(-c3ccc(N4CCN(C(C)C)CC4)nc3)cc3c2cnn3C(C)C)c(C)c1C,CHEMBL4525296,active
c1cc(cc(c1)NC(=O)CSc2nnc(n2N)N/N=C/c3cccc(c3Cl)Cl)C(F)(F)F,C21316489,inactive
C[C@@H]([C@@H](c1cccs1)[NH+]2CCN(CC2)c3ccccc3F)NC(=S)Nc4ccccc4OC,C39700277,inactive
COc1ccccc1c2cc(c3c(nc[nH+]c3n2)N)c4ccc(cc4Cl)Cl,C09694543,inactive
c1cc(ccc1N2C(=O)C[C@@H](C2=O)[NH2+]CC3CCCCC3)N4C(=O)C[C@@H](C4=O)NCC5CCCCC5,C18069331,inactive
CC(C)n1ncc2c(cc(nc12)-c1cccc(c1)C(=O)NCCN(C)C)C(=O)NCc1c(C)cc(C)[nH]c1=O,325824,active
COCC(=O)Nc1c2cc(c[nH+]c2n(c1C(=O)OC)CCc3ccc(cc3)OC)NCc4ccccc4F,C14741604,inactive
COc1ccc(c(c1)[N+](=O)[O-])NC(=S)N[C@H](C(Cl)(Cl)Cl)NC(=O)c2cccc(c2)I,C98221427,inactive
CCN([C@H]1CC[C@@H](CC1)N(C)C)c1cc(Cl)cc(C(=O)NCc2c3ncccn3[nH]c2=O)c1C,310766,active
Cc1c(c(n[nH]1)c2ccc(cc2O)OCC[NH+]3CCN(CC3)c4ccccc4)c5ccccc5,C09410888,inactive
c1ccc(cc1)S(=O)(=O)N2CCC3(CC2)C(=[NH+]CCN3)NCc4cc(cc(c4)F)F,C65074678,inactive
c1ccc(cc1)CN(Cc2ccccc2)c3c(c([nH+]cn3)Nc4c(cc(cn4)C(F)(F)F)Cl)N,C40709719,inactive
c1ccc(c(c1)NC(=O)CCSc2nc([nH]n2)N/N=C/c3cc(ccc3O)Cl)Br,C21080459,inactive
CC1=NC2=C([C@H](C1C(=O)OCCc3ccccc3)c4cccc(c4)O)C(=O)C[C@@H](C2)c5ccc(c(c5)OC)OC,C06136924,inactive
c1ccc2=[NH+]CC(=c2c1)C[C@@H](C(=O)Nc3ccc4c(c3)OCO4)NS(=O)(=O)c5ccc(cc5)Cl,C63844202,inactive
[H]/N=C\1/C(=C/c2cc(c(c(c2)Cl)OCCOc3ccccc3C)OCC)/C(=O)N=C4N1N=C(S4)c5ccccc5Cl,C08494687,inactive
c1ccc(cc1)[C@H](C(=O)c2c[nH]c3c2cccc3)[NH+]4CCC(CC4)C(=O)Nc5ccccc5O,C24835809,inactive
Cc1ccc(cc1)S(=O)(=O)N[C@@H]2Nc3c(cc(cc3S2)NC(=O)[C@@H]4C=c5ccccc5=[NH+]4)C,C64623284,inactive
COc1cc(C)[nH]c(=O)c1CN1CCc2c(Cl)cc([C@H](O)C3COC3)c(Cl)c2C1=O,CHEMBL4060378,active
COc1cc(C)[nH]c(=O)c1CN1CCN(C)c2c(Cl)cc(-c3ccc(Cl)cc3F)c(Cl)c2C1=O,CHEMBL5069417,active
CCCc1cc(C)[nH]c(=O)c1CNC(=O)c1cc(cc2n(ncc12)C(C)C)-c1ccnc(c1)N1CCN(C)CC1,50400778,active
C[C@@]12C=C[C@@]3(O1)[C@@H]([C@@H]2C(=O)NC4CCCCC4)C(=O)N([C@@H]3C(=O)NC(C)(C)C)CC=C,C35314555,inactive
c1cc(ccc1NC(=O)[C@@H]2[C@H]3C=C[C@@]4([C@@H]2C(=O)N([C@@H]4C(=O)NC5CCCCC5)CCC[NH+]6CCCCC6)O3)Cl,C38147198,inactive
COc1cc(C)[nH]c(=O)c1CNC(=O)c1c(C)n(C(C)C2CCOCC2)c2ccccc12,CHEMBL5206126,active
CC(C)n1ncc2c(cc(Br)nc12)C(=O)NCc1c(C)cc(C)[nH]c1=O,50149638,active
CCN(C1CCOCC1)c1cc(cc(C(=O)NCc2c(cc(C)[nH]c2=O)C(C)C)c1C)-c1cnc(OC)cn1,601722,active
c1cc(cc(c1)[N+](=O)[O-])COc2c(cc(cc2Br)/C=N\NC(=O)C[NH+]3CCOCC3)Cl,C59246563,inactive
CCN([C@H]1CC[C@@H](CC1)N(C)C)c1cc(cc2c(NCc3c(C)cc(C)[nH]c3=O)nccc12)-c1ccc(CN2CCN(C)CC2)nc1,50594144,active
COC1CN(C1)C1CC[C@@H](CC1)[C@@H](C)n1c(C)c(C(=O)NCc2c(SC)cc(C)[nH]c2=O)c2cc(Cl)cnc12,574976,active
COc1ccc(cc1Cn2cc(cn2)[N+](=O)[O-])[C@H]3C(=C(N(C4=C3C(=O)CCC4)c5ccccc5)[NH3+])C#N,C00689141,inactive
CCOc1ccc(cc1OC)/C=C/C(=O)Nc2ccc3c(c2)c(c4c([nH+]3)CCCC4)Nc5ccccc5OC,C03646161,inactive
c1ccc(cc1)c2csc(n2)n3c(=O)c(c([nH]3)c4ccccc4)[C@@H](c5ccc(cc5)Br)[C@H](C#N)C(=O)N,C01204567,inactive
c1cc(ccc1NC(=O)CSc2nc3ccc(cc3s2)Nc4[nH+]c(nc(n4)N5CCCCC5)N6CCCCC6)F,C33358094,inactive
CN1C(=O)N[C@@H]([C@@H]([C@]1(C(F)(F)F)O)C(=O)c2cccs2)c3ccc(cc3)F,C12560863,inactive
c1cc(ccc1NC(=O)CSc2nnc3n2[NH+]=CN(C3)c4ccc(cc4)F)S(=O)(=O)N,C19897495,inactive
c1ccc(cc1)c2[nH]c(c([nH+]2)S(=O)(=O)c3ccccc3)SCC(=O)NCc4ccc(cc4)Cl,C06147866,inactive
COCCN(CC(=O)N(CCc1c[nH]c2c1cccc2)Cc3ccccc3OC)S(=O)(=O)c4cc(ccc4Cl)Cl,C98017733,inactive
CCCCOc1ccc(cc1)C(=O)C2=C(C(=O)N([C@@H]2c3ccc(cc3)F)c4nnc(s4)SCc5ccccc5Cl)O,C98046468,inactive
CN1CCC(CC1)N1CCC(CC1)n1ncc2c(cc(Br)cc12)C(=O)NCc1c(C)cc(C)[nH]c1=O,326118,active
CCN(C1CCOCC1)c1cc(\C=C\c2ccc(CN3C[C@H]4C[C@@H]3CO4)c(F)c2)cc(C(=O)NCc2c3CCCCc3c(C)[nH]c2=O)c1C,50544766,active
COc1cc(cc(c1OCc2ccccc2)C[NH2+]CCNc3ccc(cc3Cl)[N+](=O)[O-])Br,C10475098,inactive
CCN(C1CCOCC1)c1cc(\C=C\c2ccc(cc2)S(=O)(=O)N2CCOCC2)cc(C(=O)NCc2c(C)c3CCCCc3[nH]c2=O)c1C,50544759,active
CN([C@@H]1CC[C@H](N)CC1)c1cc(cc(C(=O)NCc2c(C)cc(C)[nH]c2=O)c1C)-c1ccc(CN2CCOCC2)nc1,172043,active
CC(C)[C@@H](C(=O)NC[C@@H](c1cccs1)[NH+](C)C)NS(=O)(=O)c2ccc3ccccc3c2,C25385818,inactive
Cc1ccc(cc1)NC(=O)CN2c3ccccc3[C@]4(C2=O)[C@H]5[C@@H]([C@@H]([NH2+]4)C)C(=O)N(C5=O)c6ccc(cc6)Br,C08439653,inactive
CC(C)n1ncc2c(cc(cc12)-c1cccc(CN2CCN(C)CC2)c1)C(=O)NCc1c(C)cc(C)[nH]c1=O,326091,active
Cn1c(cc(n1)c2ccc(c(c2)OC)OC)[C@H]3C[NH+]4CC[C@H]3C[C@@H]4CNC(=S)Nc5cc(cc(c5)OC)OC,C08635526,inactive
c1cc(c(c(c1)Cl)[C@@H](CNC(=O)CCCOc2ccc3c(c2)CCC(=O)N3)[NH+]4CCCC4)F,C71895426,inactive
Cc1cc(C)c(CNC(=O)c2cc(Br)nc3n(ncc23)C2CCN(CC2)C(=O)C(C)(C)C)c(=O)[nH]1,50149705,active
c1ccc(cc1)SCCOc2c(cc3ccc(cc3n2)F)C[NH2+][C@@H](Cc4c[nH]c[nH+]4)CO,C14991968,inactive
Cc1c2c(nc(n1)NC(=O)CSc3nnc(s3)N)C[C@@H](CC2=O)C,C13636202,inactive
CCOc1ccc(cc1)NS(=O)(=O)c2ccc3c(c2)[C@@H]4C=CC[C@@H]4[C@@H](N3)c5ccc(cc5)SC,C14551931,inactive
Cc1ccc(cc1)C(=O)N/C(=C/c2ccc(o2)c3ccc(cc3)Br)/C(=O)NCCCn4cc[nH+]c4,C01764443,inactive
c1ccc2c(c1)ccc3c2cc(c(=O)o3)c4csc(n4)/C(=C\Nc5ccc(cc5)S(=O)(=O)Nc6nccs6)/C#N,C08387227,inactive
CS(=O)(=O)c1cccc(c1)NC(=O)N2CCc3ccccc3C2,C43869674,inactive
CC(C)Oc1ccc(cc1OC)[C@H]2CC3=C([C@H](Nc4ccccc4N3)c5cc(c(c(c5)OC)O)OC)C(=O)C2,C21239166,inactive
CCN(CC)c1ccc(cc1)[C@@H]2[C@@H]3CC=C[C@@H]3c4cc(ccc4N2)S(=O)(=O)NC5CCCCC5,C14461364,inactive
CN(C)S(=O)(=O)c1cc(ccc1Cl)NC(=O)COC(=O)C[C@@H]2C(=O)Nc3ccccc3S2,C09545297,inactive
COc1ccc(cc1C(=O)NC(=S)Nc2ccc(c[nH+]2)I)Br,C00679135,inactive
CCCSc1ccccc1NC(=O)CSc2nnc(n2N)N/N=C/c3ccc(cc3)C(=O)OC,C20913700,inactive
CCOc1ccc(cc1)C2=N[C@H]([NH2+][C@@H](C2)c3cc(ccc3O)Cl)c4ccc(cc4)Br,C09541495,inactive
c1ccc(cc1)c2c3cc(ccc3nc(n2)c4ccc(cc4)NC(=O)CSc5nc6ccccc6s5)NC(=O)CSc7nc8ccccc8s7,C98043405,inactive
C[C@@H]1C[C@H]2[C@@H]3CC[C@@H]4CC(=O)C=C[C@@]4([C@@H]3[C@@H](C[C@@]2([C@@]1(C(=O)COC(=O)C)O)C)O)C,C33671704,inactive
C/C(=N\NC(=O)CN(c1ccccc1F)S(=O)(=O)c2ccccc2)/c3cccc(c3)NC(=O)C,C59436977,inactive
CC(C)[NH+]1CCc2c(sc3c2C(=N[C@H](N3)c4ccc(o4)c5cc(ccc5Cl)[N+](=O)[O-])O)C1,C15947063,inactive
C/C(=N\[NH+]=C(/N)\S[C@@H]1CC(=O)N(C1=O)c2ccc(cc2)F)/c3ccc(s3)Br,C59446074,inactive
C[C@@H](C(=O)NCCCc1ccccc1)Oc2ccc3c(c2)c4cc[nH+]c5c4n3c(=O)c6c5ccc(c6OC)OC,C70707885,inactive
CCN(C1CCOCC1)c1cc(cc(C(=O)NCc2c3CCCCc3c(C)[nH]c2=O)c1C)-c1ccc(CN2CCOCC2)cc1,335712,active
CC[C@H](C)n1nc(C)c2c(C(=O)NCc3c(C)cc(C)[nH]c3=O)cc(-c3ccc(N4CCNCC4)nc3)cc21,CHEMBL4847620,active
Cc1c(c(n(n1)C)C)NC(=O)[C@H](C)Sc2[nH]c(c([nH+]2)c3cccs3)c4cccs4,C09603461,inactive
CC1=C([C@@H](C2=C(N1)C[C@@H](CC2=O)c3cccs3)c4cc(c(cc4OC)Br)OC)C(=O)OC(C)C,C01140824,inactive
CSc1cc(C)[nH]c(=O)c1CNC(=O)c1c(C)n([C@H](C)C2CCN(CC(F)(F)F)CC2)c2ncncc12,574932,active
Cc1ccc(cc1)c2[nH]c(c([nH+]2)S(=O)(=O)c3ccccc3)SCC(=O)Nc4cc(ccc4C)Cl,C12112529,inactive
CC(C)[NH+](Cc1ccc(o1)C(=O)OC)CC(=O)N(CCc2c[nH]c3c2cccc3)Cc4ccc(c(c4)Cl)Cl,C98020076,inactive
c1cc(ccc1[C@@H]2CC(=C(C(=O)C2)/C=N/CCN3CC[NH+](CC3)CC(=O)Nc4ccc(cc4)Cl)[O-])Cl,C22861177,inactive
Cc1ccc(cc1S(=O)(=O)N)NC(=O)CSc2nnc(n2c3ccc(cc3)F)[C@@H](C)[NH+](C)C,C24090487,inactive
COc1ccc(cc1OC)COC[C@H](C[NH+]2CCC(CC2)CN3C(=O)c4cccc5c4c(ccc5)C3=O)O,C08431493,inactive
CCCN1CC=C2[C@H](C1)[C@H](C(C(=C2C#N)[NH3+])(C#N)C#N)c3ccc(c(c3)OCC)OCC[NH+]4CCOCC4,C08442021,inactive
c1cc(oc1)[C@@H](CNC(=O)C(=O)NCCc2ccc(cc2)F)S(=O)(=O)c3ccc(cc3)Cl,C17169721,inactive
C[C@@H]1CCCC[NH+]1Cc2c(nnn2c3c(non3)N)C(=O)N/N=C\c4ccc(c(c4)OC)OCc5ccccc5,C98216236,inactive
c1cc(cc(c1)Cl)CCn2cnc3c(c2=O)c4c(s3)C[C@H](CC4)[NH2+]Cc5cc(n[nH]5)C6CC6,C20212020,inactive
COc1cc(C)[nH]c(=O)c1CN1CCn2ccc3cc(-c4c(C)noc4C)c(Cl)c(C1=O)c23,50594118,active
Cc1c(c(=O)n(n1C)c2ccccc2)NS(=O)(=O)c3ccc(cc3)CCN4C(=O)c5cccc6c5c(ccc6)C4=O,C97993286,inactive
c1cc(ccc1[C@@H](c2ccncc2)[NH2+]C3CCN(CC3)c4ccc(cc4)NC(=O)C5CCCC5)Cl,C12190130,inactive
c1ccc(cc1)c2cc(ncn2)SCC(=O)Nc3nc4ccc(cc4s3)S(=O)(=O)N,C32535381,inactive
C[C@@H]1Cc2cc(ccc2O1)C(=O)C3=C(C(=O)N([C@@H]3c4cccc(c4)OCc5ccccc5)CCC[NH+]6CCOCC6)O,C97969560,inactive
CC[C@@H](C(=O)NCCOC)Sc1nc2c(c([nH]n2)C)c(=[NH2+])n1c3ccc(cc3)Br,C02927065,inactive
Cc1cccc(c1NC(=O)c2c(c3c(cc([nH+]c3s2)c4ccccc4)c5ccc(c(c5)OC)OC)N)C,C08990080,inactive
Cc1cc(nc(n1)C)NS(=O)(=O)c2ccc(cc2)NC(=O)[C@H]3CCc4c([nH]c([nH+]4)C)C3,C98341015,inactive
CN(C)c1ccc(cc1)[C@@H](CNC(=O)Nc2cccc(c2OC)OC)[NH+]3CCN(CC3)c4ccccc4,C22418762,inactive
c1ccc(cc1)[C@H](c2cccs2)NC(=O)C[NH+]3CCN(CC3)CC(=O)Nc4cccc(c4)F,C22791127,inactive
CCOCCCNC(=O)NC(=O)CSc1[nH]cc([nH+]1)c2ccc(cc2)Br,C09126811,inactive
CCN(C1CCOCC1)c1c(C)c(cc2n(ncc12)C(F)F)C(=O)NCc1c(C)cc(C)[nH]c1=O,516838,active
Cc1cc(C)c(CNC(=O)c2cc(cc3n(ncc23)C2CCCC2)N2CCN(CC2)C2CCNCC2)c(=O)[nH]1,326160,active
Cc1cc(n(n1)[C@@H]2CCS(=O)(=O)C2)NC(=O)/C=C/c3ccc(cc3Cl)Cl,C12918120,inactive
c1cc(cc(c1)Br)CNc2[nH+]n(c(n2)NCc3cccc(c3)Br)C(=O)c4ccco4,C97995281,inactive
c1cc(cc(c1)O)c2cn(nn2)C[C@H]3C[C@H]4CC[NH+]3C[C@@H]4C(=O)NCc5ccc(cc5)F,C08298659,inactive
COCc1cc(C)[nH]c(=O)c1CNC(=O)c1cc(nc2n(ncc12)C(C)C)C1=CC(C)(C)NC(C)(C)C1,325927,active
CCCc1cc(C)[nH]c(=O)c1CNC(=O)c1cc(-c2ccc(N3CCN(C(C)C)CC3)nc2)c2cnn(C(C)C)c2c1,CHEMBL4521826,active
Cc1cccc(c1)COc2ccc(cc2)C(=C3[C@@H](N(C(=O)C3=O)CCCn4cc[nH+]c4)c5cc[nH+]cc5)O,C09464182,inactive
COc1ccc(cc1)c2cc(n3c(n2)c(cn3)C(=O)Nc4cnn(c4)Cc5c(cccc5Cl)Cl)C(F)F,C00649110,inactive
CCCCOc1ccc(cc1OC)[C@@H]2c3c([nH]nc3C(=O)N2Cc4ccc[nH+]c4)c5ccccc5O,C08845462,inactive
CCN(c1cc(-c2ccc(C(=O)NCCCO)cc2)cc(C(=O)NCc2c(C)cc(C)[nH]c2=O)c1C)[C@H]1CC[C@H](N(C)C)CC1,CHEMBL3701041,active
CCCCCOc1cccc(c1)[C@@H]2C(=C(C(=O)N2CCC[NH+](C)C)O)C(=O)c3c(n4cccc(c4n3)C)C,C35484070,inactive
COc1cc(c(cc1Cl)OC)/N=C(/N2CCC(CC2)(C(=O)N)[NH+]3CCCCC3)\S,C04574491,inactive
c1ccc2c(c1)c(cn2Cc3ccc(cc3Cl)Cl)/C=N/Nc4[nH+]c(nc(n4)N5CCOCC5)N6CCOCC6,C05596981,inactive
CSc1cc(C)[nH]c(=O)c1CNC(=O)c1c(C)n([C@H](C)C2CCC(CC2)N2CC(F)C2)c2c(F)cccc12,574945,active
Cc1ccc(cc1NC(=O)Cc2cccc(c2)OC)S(=O)(=O)Nc3cccc(c3)Cl,C24751231,inactive
CN1c2ccccc2[C@@]3(C1=O)C(=C(C(=O)N3CCC[NH+]4CCOCC4)O)C(=O)c5ccc(cc5)Br,C97939528,inactive
c1cc(c(c(c1)Cl)[C@@H](CNC(=O)Cc2csc(n2)c3ccc4c(c3)OCO4)[NH+]5CCCC5)F,C72071538,inactive
COc1ccc(cn1)-c1cc(cc2CC(C)(Oc12)C=C)C(=O)NCc1c(C)cc(C)[nH]c1=O,359795,active
CCN(c1cc(-c2ccc(S(C)(=O)=O)cc2)cc(C(=O)NCc2c(C)cc(C)[nH]c2=O)c1C)[C@H]1CC[C@H](N(C)C)CC1,CHEMBL3701010,active
C[NH+](C)CCNC(=O)CN1c2c(c(nn2c3ccc(cc3)OC)c4ccccc4)[C@H](SCC1=O)c5ccc(cc5)F,C98011107,inactive
COc1ccc(cc1/C=N/NC(=O)CSc2nnc(n2c3ccccc3)c4cc(c(c(c4)OC)OC)OC)Br,C98219006,inactive
CCN([C@H]1CC[C@@H](CC1)N(C)C)c1cc2occc2c(C(=O)NCc2c(OC)cc(C)[nH]c2=O)c1C,458828,active
CC[NH+](CC)CCCN1[C@H](/C(=C(/c2ccc3c(c2)C[C@H](O3)C)\O)/C(=O)C1=O)c4ccc(cc4)Br,C09312965,inactive
CCN(C1CCOCC1)c1cc(cc(C(=O)NCc2c(C)cc(C)[nH]c2=O)c1C)-c1ccc(CNC(C)C)cc1,172086,active
Cc1c2c(c(c[nH+]1)CO)Cc3c(nc(nc3SCc4cccc(c4)F)c5ccccc5F)O2,C09116466,inactive
Cc1ccc(c(c1)Cl)OC[C@@H](C[NH+]2CCN(CC2)C[C@H](COc3ccc(cc3Cl)C)O)O,C19938949,inactive
CC1=C([C@@H]([C@@H]2C(=N1)C[C@@H](CC2=O)c3ccccc3)c4ccc(cc4OC)OC)C(=O)Nc5ccc(c[nH+]5)Br,C08440286,inactive
Cl.Nc1cccc2c(S(=O)(=O)NCc3ccccc3)cccc12,CHEMBL4854710,inactive
C[C@H](C(=O)NC[C@H]1CCCO1)S[C@@H]2NN=C(N2c3ccc(cc3)Cl)C4=c5ccccc5=[NH+]C4,C39947236,inactive
CCn1c2ccc(cc2c(=O)n(c1=O)CC)S(=O)(=O)Nc3cc(c(cc3Cc4c5cc(c(cc5cc[nH+]4)OC)OC)OC)OC,C79210340,inactive
c1ccc(cc1)CN(c2ccccc2C(=O)Nc3ccc(cc3)C(=O)N)S(=O)(=O)c4ccccc4,C00881249,inactive
C=CC(=O)Nc1nn(C(C)c2ccccc2)c(C)c1C(=O)NCc1c(C)cc(C)[nH]c1=O,CHEMBL5173402,active
Cc1cc(ccc1Cl)OCC(=O)NC(=S)Nc2ccc(c[nH+]2)I,C16282318,inactive
Cc1cc(C)c(CNC(=O)c2cc(nc3n(ncc23)C2CCOCC2)C2=CC(C)(C)NC(C)(C)C2)c(=O)[nH]1,325916,active
CCN(C1CCOCC1)c1cc(\C=C\c2ccc(CN3C[C@H](C)O[C@H](C)C3)c(F)c2)cc(C(=O)NCc2c(C)c3CCCCc3[nH]c2=O)c1C,50544769,active
Cc1cc(cc(c1)NC2=Nc3ccccc3N4C2=[NH+]c5c(c(nn5c6ccccc6)C)[C@H]4c7ccc(c(c7)OC)OC)C,C01853867,inactive
CCn1c(nnc1SCC(=O)Nc2c(cc(cc2Br)F)F)CC(=O)Nc3cccc(c3)OC,C02859286,inactive
c1ccc2c(c1)cccc2NC(=O)CSc3nnc(s3)NC(=O)c4ccc(cc4)Cl,C39723413,inactive
c1ccc(cc1)CCNC(=O)[C@@H]2C[C@@H](C[NH+](C2)Cc3ccc(cc3)O)COc4ccc5c(c4)CCC5,C14744478,inactive
c1ccc(cc1)c2ccc(o2)/C=C/C(=O)NC(=S)Nc3ccc4c(c3)nc(o4)c5ccc[nH+]c5,C57314112,inactive
c1ccc(cc1)n2cc(c(n2)c3cccc(c3)OCc4ccccc4Cl)/C=C(/C#N)\C(=O)NCCCn5cc[nH+]c5,C97947246,inactive
Cc1ccc(cc1)C2=NN3C(=[NH2+])/C(=C/c4cc(c(c(c4)Br)OCc5ccccc5)OC)/C(=O)N=C3S2,C97960172,inactive
Cc1cccc(c1)n2c(=[NH2+])c3c([nH]nc3nc2SCC(=O)Nc4ccc(c(c4)C)C)C,C08583589,inactive
CCc1c(c(n(n1)c2ccccc2)Oc3ccccc3)C[NH+](C[C@H]4CCCO4)C[C@@H](Cc5ccccc5)O,C36302990,inactive
Cc1ccc(cc1)CSc2nnc(s2)N3C4=C([C@@H](C(=C3N)C#N)c5ccc[nH+]c5)C(=O)CCC4,C12447720,inactive
Cc1ccc(cc1)NC(=O)c2ccccc2NC(=O)C(=O)N/N=C/c3ccc(cc3)OC(=O)c4ccccc4I,C04229916,inactive
CCCOc1ccc(cc1)C(=O)Oc2ccc(cc2/C=N/NC(=O)c3ccccc3NS(=O)(=O)c4ccc(cc4)Cl)Br,C04232012,inactive
CC1(CC2=C([C@@H](C(=C(N2)SCC(=O)NCCc3ccc(cc3)OC)C#N)c4cccc(c4)[N+](=O)[O-])C(=O)C1)C,C02849493,inactive
COC(=O)c1c2c(sc1NC(=O)COc3ccc(cc3Br)Br)CC[C@H]2C(=O)OC,C03959321,inactive
CN1C(=[NH2+])/C(=N\Nc2cccc(c2)C(F)(F)F)/C(=N1)c3ccc(cc3)Br,C25176554,inactive
COc1cccc(c1OC)/C=c\2/c(=O)n3c(=C([C@H](C(=C3N)C#N)c4cccc(c4OC)OC)C#N)s2,C02285034,inactive
CNc1c(c[nH+]c(n1)N/N=C\c2cc(c(c(c2)I)OCc3ccccc3C#N)OC)F,C97962975,inactive
c1ccc2=[NH+]CC(=c2c1)C[C@@H](C(=O)OCC(=O)c3ccccc3Br)NC(=O)c4cccs4,C63258906,inactive
CCc1c(cc(c([nH+]1)SCC2=C([C@H](C(=C(O2)N)C#N)c3ccccc3OC)C(=O)OCC)C#N)C,C08809597,inactive
CC(C)[C@H](c1[nH]c2ccccc2[nH+]1)NC(=O)C3CCN(CC3)S(=O)(=O)/C=C\c4ccccc4,C50568508,inactive
C[C@H]1CCC[C@H]([C@@H]1C)NC(=O)[C@@H]2[C@@]34C=C[C@@H](O3)[C@@H]([C@@H]4C(=O)N2CCC[NH+]5CCCCC5)C(=O)Nc6ccc(cc6)OC,C38147060,inactive
c1ccc2c(c1)c(c[nH]2)[C@@H](CC(=O)N3CC[NH+](CC3)Cc4ccc5c(c4)OCO5)c6ccc(c(c6)C(F)(F)F)Cl,C98021363,inactive
c1ccc2c(c1)CC[NH2+][C@H]2C3=C(C[C@H]([C@@H](C3=O)n4cncn4)c5ccccc5Oc6cccc(c6)Cl)O,C13144919,inactive
Cc1cccc2c1[nH]c(=O)c(c2)[C@@H](c3nnnn3CCOC)[NH+](CCc4ccccc4)Cc5cccs5,C06443691,inactive
CC(C)CN(C[C@H]([C@H](Cc1ccccc1)NC(=O)OC(C)(C)C)O)S(=O)(=O)c2ccc(cc2)N,C22050881,inactive
COc1ccc(cc1)N2C(=O)[C@@H]3[C@@H]([NH2+][C@@]([C@@H]3C2=O)(Cc4ccccc4)C(=O)[O-])c5ccc(cc5O)OC,C19848811,inactive
c1ccn2cc([nH+]c2c1)COc3cccc(c3)C(=O)Nc4cccc(c4)C(=O)NCC(F)(F)F,C11419193,inactive
c1cc(ccc1c2c(c[nH]n2)/C=C(\C#N)/C(=O)Nc3ccc4c(c3)OCCO4)Br,C20478895,inactive
c1ccc2c(c1)nc(n2C(F)F)SCC(=O)N3C[C@H](Oc4c3cccc4)C(=O)N,C11279966,inactive
C[C@@H](C(=O)Nc1c2cc(ccc2[nH]c1C(=O)OC)Br)N3CC[NH+](CC3)C4CCCCC4,C19372483,inactive
c1ccc(cc1)[P+](/C=C/N/[NH+]=C(/C(=N/N/C=C/[P+](c2ccccc2)(c3ccccc3)c4ccccc4)/[NH-])\N)(c5ccccc5)c6ccccc6,C97961999,inactive
COc1cc(cc(c1OC)OC)[C@@H]2CC3=C([C@H](c4c([nH]nc4O)N3)c5cc[nH+]cc5)C(=O)C2,C98037074,inactive
COc1ccc(cc1)C[C@@]2(C(=O)NC(=O)N(C2=O)c3cccc(c3)Cl)C[NH+]4C[C@H]5C[C@@H](C4)c6cccc(=O)n6C5,C70671714,inactive
Cc1c(c(n([nH+]1)[C@H]2CCS(=O)(=O)C2)C)CNC[C@H](c3cccs3)c4c[nH]c5c4cccc5,C12690117,inactive
CC(=O)Nc1ccc(cc1)c2csc(n2)NC(=O)[C@@H]3CS[C@]4(N3C(=O)CC4)c5cccs5,C13139339,inactive
Cc1cccc(c1C)NC(=O)NC(=O)CSc2nnc(n2c3ccc(cc3)Cl)[C@H](C)[NH+](C)C,C16685455,inactive
COc1ccc(cc1)[C@H]2[C@H]3CCCC[C@@]3(CC[NH+]2CC(=O)Nc4c(c5c(s4)CCCC5)C(=O)OC)O,C09281708,inactive
c1ccc(cc1)NS(=O)(=O)c2ccc3c(c2)[C@H]4C=CC[C@@H]4[C@H](N3)c5ccc[nH+]c5,C20750650,inactive
c1c(oc(c1)I)/C=N/NC(=O)CCCCCCC(=O)N/N=C/c2oc(cc2)I,C97946006,inactive
Cc1c(c(nc(n1)SC)C)CCC(=O)NC[C@H](c2c(cccc2Cl)F)[NH+]3CCO[C@@H](C3)C,C69615855,inactive
CCOc1ccccc1[C@H]2[C@@H]3CC=C[C@H]3c4cc(ccc4N2)S(=O)(=O)Nc5ccc(cc5C)C,C20748530,inactive
CCOC(=O)c1c(csc1NC(=O)CSc2nc3c(c(cs3)c4ccc(cc4)C)c(=O)n2c5ccccc5)c6ccc(cc6)F,C08431962,inactive
Cc1cccc(c1)NC(=S)NC[C@H]2c3cc(c(cc3CC[NH+]2Cc4ccccc4C)OC)OC,C36041095,inactive
C[NH+](C)CCCNC(=O)[C@H]1C[C@H](C[NH+](C1)CCc2ccccc2)C(=O)Nc3ccc(cc3)F,C14747769,inactive
CCN(C1CCOCC1)c1cc(\C=C\c2ccc(CN3CCOCC3)cc2)cc(C(=O)NCc2c(C)c3CCCCc3[nH]c2=O)c1C,50544771,active
c1cc(c(cc1Br)/C=[NH+]/CCOCCOCC/N=C/c2cc(ccc2O)Br)O,C15776614,inactive
c1ccc(cc1)N2C(=O)c3cccc(c3C2=O)NC(=S)NC(=O)c4ccc(o4)c5ccc(cc5)Cl,C22824967,inactive
c1ccc(cc1)COc2ccc3c(c2)c(c[nH]3)[C@H](C(=O)[O-])[NH+]4CCN(CC4)CCc5cc[nH+]cc5,C20676784,inactive
Cc1c(n(c([nH+]1)S[C@@H](C)C(=O)Nc2c(c3c(s2)CCC3)C(=O)N)C4CCCC4)C,C09914100,inactive
c1ccc(c(c1)C(=O)OCC(=O)NC2CCCCC2)NS(=O)(=O)c3ccc(cc3)Br,C09244581,inactive
c1ccc(cc1)[C@@H](CNC(=O)Cn2c(n[nH]c2=S)c3cccs3)C4=c5ccccc5=[NH+]C4,C63908570,inactive
CC(C)OC(=O)c1c2c(sc1NC(=O)c3cc4n(n3)[C@@H](C[C@H](N4)c5ccc(c(c5)OC)OC)C(F)(F)F)CCCC2,C03011272,inactive
CC(=O)N1C/C(=C\c2ccc(cc2)C(=O)OC)/C3=C(C1)[C@H](C(=C(O3)[NH3+])C#N)c4ccc(cc4)C(=O)OC,C39326687,inactive
CC(=O)c1ccc(cc1)S(=O)(=O)N2CCN(CC2)c3c(c(c(c(n3)F)F)Sc4cc(c(c(c4)C(C)(C)C)O)C(C)(C)C)F,C98005932,inactive
CC(=O)Oc1ccc(cc1OC)/C=N\NC(=O)CSc2[nH+]c3ccccc3n2Cc4ccccc4Cl,C38205861,inactive
COc1ccc(cc1OC)c2nnc(n2c3ccccc3)SCC(=O)N/N=C/c4cccc(c4)Br,C01897384,inactive
Cc1cccc(c1NC(=O)CSC2=NC(=C([C@@H](C2C#N)c3ccc(c(c3)OC)O)C(=O)OCC=C)C)C,C09015083,inactive
CC[NH+](CC)CCN(c1nc2ccc(cc2s1)Cl)C(=O)c3ccc(cc3)S(=O)(=O)N(CC)c4ccccc4,C60209798,inactive
CC(C)Oc1ccc(cc1)C(=C2[C@@H](N(C(=O)C2=O)Cc3ccc[nH+]c3)c4ccc(c(c4)Cl)Cl)O,C09158916,inactive
c1ccc(cc1)Cn2c(c3c(nc(nc3[nH+]2)N4CCN(CC4)Cc5ccc(cc5)F)c6ccccc6F)N,C37358822,inactive
CC(C)c1ccc(cc1)S(=O)(=O)c2cnc([nH+]c2N)SCC(=O)Nc3ccc(c(c3)Cl)OC,C09673572,inactive
CS(=O)(=O)c1ccc(cc1)C(=O)Nc2c(cc(cc2Cl)NC(=O)/C=C/c3ccco3)Cl,C26884603,inactive
C[C@@H]1C[C@@H](C[NH+](C1)CCCNC(=O)[C@@]2(Cn3c4ccccc4cc3C(=O)N2Cc5ccc6c(c5)OCO6)C)C,C37006610,inactive
c1ccc2c(c1)C3=N[C@H](C(=O)N3C(=N2)SCC(=O)Nc4cccc(c4)C(F)(F)F)CC(=O)NCc5cccs5,C08594906,inactive
Cc1[nH]c2cc(ccc2[nH+]1)/N=C/c3cc(cc(c3O)Br)Br,C05940854,inactive
Cc1cc(ccc1Br)OCC(=O)Nc2ccc(cc2)S(=O)(=O)Nc3nc(cc(n3)C)C,C00674660,inactive
Cc1nc2c(c(cs2)c3cccs3)c(=O)n1CC(=O)NN4C(=O)C5(CCCCC5)NC4=O,C09765323,inactive
CC(=O)c1ccc(cc1)N2CC[NH+](CC2)[C@H](c3c[nH]c4c3cc(cc4)OCc5ccccc5)C(=O)[O-],C12321152,inactive
Cc1ccc(c(c1)Nc2[n+](c(cs2)c3ccc(c(c3)C)C)/N=C/c4ccc(cc4O)O)C,C89610897,inactive
CC(C)c1ccc(cc1)[C@@H](C(=O)Nc2ccc(cc2)N(C)C)N(Cc3ccc[nH+]c3)C(=O)Cc4ccccc4,C36057649,inactive
CC1=C2[C@@H](C[C@H]1c3ccoc3)O[C@H]4[C@@]2([C@@H]([C@]5([C@@H](C[C@H]([C@@]6([C@@H]5[C@H]4OC6)C)O)OC(=O)C=C(C)C)C)CC(=O)OC)C,C98230030,inactive
Cc1c(cc(cc1I)I)/C=N/Nc2[nH+]c(nc(n2)NC)Nc3cccc(c3)C(F)(F)F,C97966077,inactive
COC(=O)c1c(c2ccc(nc2s1)C[NH+]3CCCC[C@H]3c4ccc[nH+]c4)NC(=O)C5CCCCC5,C12217593,inactive
C=CCn1c(nnc1SCC(=O)Nc2nc(cs2)c3ccccc3)[C@H](CO)NC(=O)c4ccccc4,C12379144,inactive
CCOC(=O)[C@H]1[C@@H](SC2=C1CCCC2)NC(=O)C[NH2+][C@@H]3CCCc4c3[nH]c5c4cc(cc5)[N+](=O)[O-],C39962632,inactive
c1ccc(cc1)[C@@H](c2cccs2)NC(=O)CN3CC[NH+](CC3)CC(=O)Nc4ccc(cc4)F,C22921486,inactive
CC[NH+](CC)CCN1[C@H](C(=C(C1=O)O)C(=O)c2ccc(cc2)OCC(C)C)c3ccc(c(c3)OCC)O,C39828041,inactive
CCCNC(=O)[C@H](Cc1ccccc1)NC(=O)[C@@H]2CC3=c4ccccc4=[NH+][C@@H]3[C@H]5N2C(=O)c6c5cccc6,C63384363,inactive
CCN(c1cc(Cl)cc2c1C/C=C/CCc1cc(C)[nH]c(=O)c1CNC2=O)C1CCC(F)(F)CC1,CHEMBL5202101,active
C[C@@H](CCCC(C)C)NC(=O)c1ccc(cc1)N2C(=O)[C@@]3([C@H]4C(=c5cc(ccc5=[NH+]4)OC)CCN3C2=O)C,C63362354,inactive
c1ccc(cc1)[C@H](c2cccs2)NC(=O)CN3CC[NH+](CC3)CC(=O)Nc4ccc(cc4)F,C22792168,inactive
CC(=O)NCCC1=c2ccccc2=[NH+][C@H]1/C=C\3/C(=O)NC(=O)N(C3=O)c4ccc(cc4)Br,C38676667,inactive
C=C1C([C@@H](C(C(=N1)SCC(=O)N2CCc3ccccc3C2)C#N)c4ccco4)C(=O)N,C09285003,inactive
C[C@H](c1ccc(cc1)n2cc[nH+]c2)[NH2+][C@H](C)C(=O)Nc3ccc(cc3)S(=O)(=O)N4CCCCC4,C12532438,inactive
C[C@H]1Cc2cc(ccc2O1)/C(=C/3\[C@@H](N(C(=O)C3=O)CCCn4cc[nH+]c4)c5ccc(cc5)C(C)(C)C)/O,C09374542,inactive
CCN(C1CCN(CCc2cccc(OC)c2)CC1)c1cc(Cl)cc(C(=O)NCc2c(C)n(C)[nH]c2=O)c1C,310793,active
Cc1cc(ccc1S(=O)(=O)NC[C@H](c2ccc3c(c2)CCCN3C)N4CC[NH+](CC4)C)NC(=O)C,C22735608,inactive
COc1ccc(cc1Br)c2cc(nc3c2c(nc[nH+]3)N)c4cc(c(c(c4)OC)OC)OC,C09694477,inactive
COc1ccccc1n2c3c(c(=O)n(c(n3)SCC(=O)Nc4cccc(c4)C(F)(F)F)c5ccccc5)sc2=S,C33357918,inactive
c1ccc2c(c1)C(=O)N(C2=O)CCC(=O)Nc3c4c(nn3c5ccc(cc5)Cl)CS(=O)(=O)C4,C08910200,inactive
c1ccc2c(c1)cc(cn2)N([C@H](c3ccc(cc3)O)C(=O)NC4CCCCC4)C(=O)c5c[nH+]ccn5,C00921339,inactive
CC1=NC(=C)C([C@@H](C1C(=O)OCC[NH+]2CCN(CC2)S(=O)(=O)c3ccccc3Cl)c4cccc(c4)[N+](=O)[O-])C(=O)OC,C08439571,inactive
CC(=O)Nc1cccc(c1)NC(=O)c2cccn(c2=O)Cc3ccccc3Cl,C05269969,inactive
Cn1c(c2c(nc(nc2n1)N3CC[NH+](CC3)CC[NH+](C)C)c4cccc(c4)Oc5ccccc5)N,C37377566,inactive
Cc1ccccc1N2CC[NH+](CC2)C[C@H](COc3ccc(cc3)OC[C@H](CN4CCN(CC4)c5ccccc5C)O)O,C97944199,inactive
c1ccc(cc1)c2c3cc(ccc3nc(n2)NN[C@H](C[NH+]4CCOCC4)O)Br,C95116618,inactive
c1cc(oc1)C(=O)n2c(nc([nH+]2)NCc3ccc(cc3)Br)NCc4ccc(cc4)Br,C97995262,inactive
CCOC(=O)[C@H]1CC[C@H](N(CC)c2cc(Cl)cc(C(=O)NCc3c(C)cc(C)[nH]c3=O)c2C)CC1,CHEMBL3961483,active
c1cc(cc(c1)F)CN(c2ccc(cc2)CC(=O)NCc3ccc[nH+]c3)C(=O)c4ccc(cc4)Cl,C34675999,inactive
CCN(CC)S(=O)(=O)c1ccc(cc1)Nc2c(c([nH+]cn2)Nc3cccc4c3[nH+]c(cc4)C)N,C40758547,inactive
COc1ccccc1[C@H](CNc2ccc(cc2S(=O)(=O)N)[N+](=O)[O-])[NH+]3CCCC3,C15128571,inactive
c1ccc(cc1)COc2ccc(cc2)/C(=C/3\[C@@H](N(C(=O)C3=O)Cc4cccnc4)c5ccc(cc5)O)/O,C09244011,inactive
COc1ccccc1N2C(=O)C[C@H](C2=O)S/C(=[NH+]\Cc3ccc(cc3)Cl)/Nc4ccc(cc4)F,C59446183,inactive
Cc1c(cno1)C(=O)Nc2ccc(c(c2)C(F)(F)F)NS(=O)(=O)c3ccc(cc3Cl)F,C68780000,inactive
CCOc1ccc(cc1OCC)CCN/C(=N/c2ccc(c(c2)Cl)Cl)/[n+]3c(cc(s3)C)N,C35739973,inactive
Cc1cc(c(c(c1)Cl)Nc2nnc(s2)SC[C@@H](CN3C[C@H](O[C@@H](C3)C)C)O)C,C72032072,inactive
CCOc1cc(cc(c1OCC)OCC)C(=O)/N=C(\NCc2cc[nH+]cc2)/Nc3cccc(c3)Cl,C45939802,inactive
Cc1ccc(cc1)NC(=O)CSc2c3c(nc(n2)c4ccccc4)Oc5c([nH+]cc(c5C3)CO)C,C09116145,inactive
CCc1ccc(cc1)C(=O)N(CCc2ccc(c(c2)OC)OC)CCC(=O)Nc3nnc(s3)c4ccc(cc4)Cl,C98016869,inactive
C=CCc1cccc(c1O)/C=N/Nc2[nH]nc(n2)SCC(=O)Nc3ccccc3Br,C58998114,inactive
C[C@@H](C(=O)NCCc1ccccc1)NC(=O)[C@@H]2CC3=c4ccccc4=[NH+][C@@H]3[C@H]5N2C(=O)c6c5cccc6,C63376184,inactive
CSc1cc(C)[nH]c(=O)c1CNC(=O)c1cc(Cl)c2OC(C)(Oc2c1C)C1CCC(CC1)N1CC(F)C1,542480,active
C[C@@H]1C[NH+](C[C@@H](O1)C)C[C@@H](COc2ccc(cc2)OC[C@H](C[NH+]3C[C@H](O[C@@H](C3)C)C)O)O,C11565513,inactive
CN(C)S(=O)(=O)c1ccc(cc1)C(=O)NCc2nnc(n2c3ccccc3OC)SCC(=O)Nc4ccc(cc4)F,C97985055,inactive
Cc1cc(C)c(CN2CCc3c(F)cc(O[C@@H]4CCOC4)c(Cl)c3C2=O)c(=O)[nH]1,CHEMBL3946272,active
c1ccc(cc1)NS(=O)(=O)c2ccc(cc2)NC(=O)Cn3c4ccccc4[nH+]c3c5cscn5,C25376328,inactive
CCOc1ccc(cc1)C(=O)[C@H]2[C@H](N(C(=O)C2=O)CCc3c[nH]c4c3cccc4)c5cc(ccc5OC)OC,C01411048,inactive
CCN(c1cc(OC)cc(C(=O)NCc2c(C)cc(C)[nH]c2=O)c1C)[C@H]1CC[C@H](N(C)C)CC1,CHEMBL3949741,active
c1ccc(cc1)OCc2nnc(s2)C(=O)Nc3ccc(cc3)C(=O)NCCC[NH+]4CCCCCC4,C33027992,inactive
c1cc(c(cc1NC(=O)C[NH+]2CCC(CC2)c3[nH]c4cc(ccc4[nH+]3)Cl)C(F)(F)F)Cl,C01359109,inactive
COC(=O)[C@@H]1C[C@H](CN1Cc2cccc(c2)F)NC(=O)[C@@H]3C(=c4cc(ccc4=[NH+]3)Cl)c5ccccc5,C64084455,inactive
COC(C1CCN(CC1)C(C)=O)c1cc(Cl)c2CCN(Cc3c(OC)cc(C)[nH]c3=O)C(=O)c2c1Cl,435614,active
c1ccc(cc1)C(=O)NCCCC[C@@H](C(=O)N/N=C/c2ccc(o2)c3ccccc3Cl)[NH+]4CCOCC4,C33959481,inactive
Cc1ccc(cc1)NC2=Nc3ccccc3N4C2=[NH+]c5c(c(nn5c6ccccc6)C)[C@H]4c7ccc(c(c7)OC)OC,C01896639,inactive
c1ccc(cc1)NC(=O)CSc2nnc(s2)N3CCN(CC3)C(=O)[C@@H]4COc5ccccc5O4,C23141676,inactive
c1ccn(c1)c2ccc(cc2NS(=O)(=O)c3cccc(c3)C(=O)NCC(F)(F)F)C(F)(F)F,C78552001,inactive
CCOc1ccc(cc1)NC(=O)CSc2nc3ccccc3n2C(=O)CCN4C(=O)/C(=C/c5cccs5)/SC4=S,C97946095,inactive
CCN(c1cc(/C=C/c2cccc(CN3CCOCC3)c2)cc(C(=O)NCc2c3c(c(C)[nH]c2=O)CCCC3)c1C)C1CCOCC1,CHEMBL4639968,active
c1ccc2c(c1)CC[NH2+][C@@H]2C3=C([C@@H]([C@H](CC3=O)c4ccccc4Oc5cccc(c5)Cl)n6cncn6)O,C08855423,inactive
Cc1c(c(n(n1)c2ccccc2)C)NC(=O)CSc3[nH]c(c[nH+]3)c4ccc(cc4)Br,C08719156,inactive
COc1cc(C)c(CNC(=O)c2cc3c(ccn3c([C@H](C)N3CCN(CC(F)(F)F)CC3)c2C)-c2c(C)noc2C)c(=O)[nH]1,490282,active
CCN(C(=O)C1CC1)c1cc(-c2ccc(N)cc2)cc(C(=O)NCc2c(C)cc(C)[nH]c2=O)c1C,CHEMBL4854228,active
CC1CC[NH+](CC1)[C@@H](CNC(=O)Cc2ccc(cc2)NS(=O)(=O)c3cccs3)c4ccccc4,C72006999,inactive
CCC1(C)Cc2cc(cc(c2O1)-c1ccc(OC)nc1)C(=O)NCc1c(C)cc(C)[nH]c1=O,359800,active
Cc1cc(ccc1F)C2=NN([N-]N2)C[NH+](C)Cc3cc(sc3)Br,C50898016,inactive
Cc1ccc(cc1C)c2csc3c2c(=O)[nH]c(n3)C[NH+](C[C@H](COCc4ccccc4)O)CC(C)C,C36205193,inactive
CCOc1cccc(c1)N2C(=O)C[C@@H](C2=O)SC(=[NH2+])N/N=C(\C)/c3ccc(cc3)C4CCCCC4,C59489296,inactive
CC(C)Cn1c(c(c(=O)n(c1=O)C)C(=O)CSc2c3cc(sc3ncn2)c4ccccc4)N,C02630111,inactive
CCN(c1cc(-c2ccc(CNC)cc2)cc(C(=O)NCc2c(C)cc(C)[nH]c2=O)c1C)C1CCOCC1,CHEMBL3697479,active
C=C1C([C@@H](C(C(=N1)SCC(=O)Nc2ccc(cc2)Br)C#N)c3cc[nH+]cc3)C(=O)Nc4ccc(cc4)Cl,C11024236,inactive
Cc1ccc(cc1)S(=O)(=O)NCCc2nnc3n2nc(cc3)SCC(=O)Nc4ccc(cc4)OC(F)(F)F,C08589403,inactive
Cc1ccccc1COc2ccc(cc2)C(=O)[C@@H]3[C@@H](N(C(=O)C3=O)Cc4ccc[nH+]c4)c5ccc(c(c5)OC)O,C08559372,inactive
C[C@@H]1CN(C[C@H](O1)C)C(=O)Cn2cc(c3c2cccc3)S(=O)(=O)CC(=O)Nc4ccc(cc4)C(=O)OC,C10460464,inactive
c1cc2c(cc1C(=O)c3c(c4cc5c([nH+]c4s3)CCCC5)N)OCCO2,C04074906,inactive
CCOc1ccccc1[C@@H]2[C@H]3CCCC[C@@]3(CC[NH+]2CC(=O)Nc4c(c5c(s4)CCCC5)C(=O)OC)O,C09266840,inactive
c1ccc(cc1)C(=O)NCc2nnc(n2c3ccc(cc3)Br)SCC(=O)Nc4nc5ccccc5s4,C11852199,inactive
Cc1cc(nc(n1)NS(=O)(=O)c2ccc(cc2)NC(=O)CSc3c(c(cc([nH+]3)c4ccc(cc4)OC)C(F)(F)F)C#N)C,C08416923,inactive
C[C@@H]1[C@H]([C@@H](C[C@@H](O1)O[C@@H]2CC[C@@]3([C@@H](C2)CC[C@@H]4[C@@H]3CC[C@@]5([C@@]4(C[C@@H]([C@@H]5C6=CC(=O)OC6)OC(=O)C)O)C)C)OC)O,C49803296,inactive
Cc1cc(nc(n1)Nc2[nH+]c(cs2)CC(=O)Nc3cc(ccc3OC)NC(=O)C)C,C49450730,inactive
CCOc1ccc(cc1)N[C@@H](c2ccc3ccc([nH+]c3c2O)C)c4cccs4,C54619044,inactive
COc1ccccc1[C@@H]2[C@H]3[C@H](N[C@H]([C@H](C3=O)[C@H]([NH2+]2)c4ccccc4OC)c5ccccc5OC)c6ccccc6OC,C59844317,inactive
C[NH+]1CCCN(CC1)C(=O)[C@@H]2C[C@H](C[NH+]2Cc3cc4c(c(c3)OC)OCO4)Sc5[nH]c6ccccc6n5,C11911986,inactive
Cc1cccn2c1nc(c(c2=O)/C=C(\C#N)/C(=O)Nc3c(n(n(c3=O)c4ccccc4)C)C)Oc5ccc(cc5)OC,C97946746,inactive
CC(=O)c1cccc(c1)NC(=O)N2CC[NH+](CC2)C(c3ccc(cc3)F)c4ccc(cc4)F,C23335394,inactive
COc1cccc(c1O)/C=[NH+]\c2ccc(cc2OC)c3ccc(c(c3)OC)/N=C\c4cccc(c4O)OC,C03144480,inactive
c1ccc(cc1)Cn2cc(c(n2)c3ccc[nH+]c3)/C=C/C(=O)Nc4ccc(cc4)CS(=O)(=O)N,C68739773,inactive
CSCC[C@H]1[C@H]2[C@@H](C(=O)N(C2=O)c3ccccc3F)[C@@]4(N1)c5ccccc5NC4=O,C16009951,inactive
Cc1ccc(cc1)NC(=O)N2CCN(C[C@H]2C)C(=O)C[NH+]3CCc4c(ccs4)[C@@H]3c5ccc(cc5)OC,C34829947,inactive
CCCOc1cccc(c1)C(=O)C2=C(C(=O)N([C@@H]2c3ccc(c(c3)Cl)Cl)CCC[NH+](C)C)O,C34933325,inactive
CCOc1cc(ccc1OCC=C)[C@@H]2c3c(n[nH]c3C(=O)N2Cc4ccc(cc4)F)c5c(cc(cc5O)C)C,C38705863,inactive
Cc1cc(C)c(CNC(=O)c2ccc3cnn(C(C)C)c3c2)c(=O)[nH]1,CHEMBL3770192,inactive
COc1ccc2c(c1)c(ccn2)[C@H]([C@H]3C[C@@H]4CC[NH+]3C[C@@H]4C=C)NC(=S)Nc5cc(cc(c5)C(F)(F)F)C(F)(F)F,C98229750,inactive
CCOC(=O)c1ccc(cc1)/[NH+]=c\2/c(cc3c(cnc(c3o2)C)CO)C(=O)Nc4cc(ccc4OC)Cl,C20617476,inactive
Cc1ccc(cc1)C2=NN([C@H](C2)c3ccc(cc3)Cl)C(=[NH2+])S[C@@H]4CC(=O)N(C4=O)c5ccc(cc5)Br,C08440311,inactive
COc1ccc(cc1)[C@@H](CNC(=O)N2CC[NH+](CC2)CC(=O)Nc3cccc(c3)F)[NH+]4CCCC4,C09605574,inactive
c1ccc2c(c1)cccc2OCC[C@H](C[NH+]3CCN(CC3)C[C@H](COc4cccc5c4cccc5)O)O,C23633950,inactive
COc1cccc(c1)NC(=O)CSc2nc(cs2)CC(=O)Nc3ccc(cc3)OC(F)(F)F,C08851055,inactive
c1cc(ccc1[C@@H]2C(=C(C(=O)N2CCCn3cc[nH+]c3)O)C(=O)c4ccc5c(c4)OCCO5)Br,C01108366,inactive
C[C@H]1[C@@H]([C@@H]([C@@H]([C@@H](O1)O[C@@H]2CC[C@]3([C@H](C2)CC[C@@H]4[C@@H]3CC[C@]5([C@@]4(CC[C@H]5c6ccc(=O)oc6)O)C)C=O)OC(=O)C)OC)OC(=O)C,C70707928,inactive
CCN(C1CCC(F)(F)CC1)c1cc(O[C@H]2C[C@@H](C2)N2CCCCC2)cc(C(=O)NCc2c(C)cc(C)[nH]c2=O)c1C,50594147,active
CC(C)c1ccc(cc1)n\2cc([nH]/c2=N\C(=O)CN(CC[NH+](C)C)C(=O)Cc3ccccc3)c4ccccc4,C96211464,inactive
CC(C)n1ncc2c(cc(nc12)-c1cccc(NC(C)=O)c1)C(=O)NCc1c(C)cc(C)nc1=O,325848,active
CC(C)(C)c1ccc(c(c1)Br)OCC(=O)NNC(=S)NC(=O)/C=C\c2ccccc2Cl,C98232570,inactive
COc1ccc(cc1CSC2=[NH+]CCS2)/C=N/NC(=O)c3c(n(nn3)c4c(non4)N)CSC5=NCCS5,C97967226,inactive
CCCc1cc(C)[nH]c(=O)c1CNC(=O)c1cc(cc2n(ncc12)C(C)(C)C)-c1ccc(nc1)N1CCN(CC1)C(C)C,50536572,active
CCCc1cc(C)[nH]c(=O)c1CNC(=O)c1cc(-c2ccc(N3CCN(C(C)C)CC3)nc2)cc2c1cnn2CCCCCCO,CHEMBL4529085,active
COc1ccc(cc1)CCNC(=O)C(=O)NC[C@@H](c2ccco2)[NH+]3CCN(CC3)c4ccccc4F,C09828936,inactive
CCCCOc1cccc(c1)[C@@H]2C(=C(C(=O)N2CCCn3cc[nH+]c3)O)C(=O)c4ccc5c(c4)C[C@@H](O5)C,C09358968,inactive
CSc1cc(C)[nH]c(=O)c1CNC(=O)c1c(C)n([C@H](C)[C@H]2CC[C@@H](CC2)N2CC(C2)OC2CC2)c2ncncc12,50541913,active
C[C@@]1([C@H](O[C@@]([C@]([C@@]1(C)O)(C)O)(C)O[C@@]2([C@@H](O[C@@]([C@]([C@@]2(C)O)(C)O)(C)O)CO)C)CO)O,C80053375,inactive
c1ccc(c(c1)NS(=O)(=O)c2cccc(c2)C(=O)Nc3ccccc3Cl)F,C06406241,inactive
CCCCOc1ccc(cc1OC)[C@@H]2C(=C(C(=O)N2c3cccc[nH+]3)O)C(=O)c4ccc5c(c4)C[C@H](O5)C,C38249462,inactive
C[C@H](C1CCN(CC2CC2)CC1)c1sc2CCCN(Cc3c(C)cc(C)[nH]c3=O)C(=O)c2c1C,439165,active
CC1(C[NH+]=C(S1)N2CC[NH+](CC2)C[C@@H](COc3ccc(cc3)OC[C@@H](CN4CCN(CC4)C5=[NH+]CC(S5)(C)C)O)O)C,C49771564,inactive
CCOc1ccc(cc1S(=O)(=O)N(C)C)N[C@@H](C)C(=O)Nc2ccc(c(c2)C(F)(F)F)Cl,C15501431,inactive
c1ccc(cc1)CC[NH2+][C@@H]2CC(=O)N(C2=O)c3ccc(cc3)N4C(=O)C[C@H](C4=O)[NH2+]CCc5ccccc5,C14257438,inactive
CCOc1ccccc1[C@@H]2[NH2+][C@H](CC(=N2)c3cccc(c3)OC)c4cc(ccc4O)Br,C20765251,inactive
CN(CCCC(=O)N[C@H](c1ccccc1)c2ccc3c(c2)[nH]c[nH+]3)S(=O)(=O)c4ccc(cc4)F,C12540850,inactive
C[C@@H]1c2c(sc(n2)NC(=O)C[NH+](C)C)C[C@]3([C@H]1[C@H]([C@@H](CC3)[C@H](C)C(=O)N(C)CCC#N)O)C,C03840968,inactive
CCOc1cc(ccc1OCc2ccccc2)/C=C\3/C(=[NH2+])N4C(=[NH+]SC4=NC3=O)S(=O)(=O)CC,C20206607,inactive
CCc1ccc(cc1)C2=N[C@H]([NH2+][C@H](C2)c3cc(ccc3O)Br)c4ccc(c(c4)OC)OC,C20763340,inactive
c1ccc2c(c1)[nH]c([nH+]2)SCC(=O)N/N=C/c3cc(cc(c3O)I)I,C04531194,inactive
c1cc(cc(c1)Cl)C[NH+](Cc2cccc(c2)Cl)C[C@@H]3[C@@H]([C@@H]([C@@H](O3)CO)O)N4CCN(CC4)c5ccc(cc5)F,C67890385,inactive
CCN(C1CCOCC1)c1cc(\C=C\c2cccc(CN3CCOCC3)c2)cc(C(=O)NCc2c3CCCCc3c(C)[nH]c2=O)c1C,50544774,active
CNCC(=O)N1CCC(=CC1)c1cc(C(=O)NCc2c(C)cc(C)[nH]c2=O)c2cnn(C(C)C)c2n1,325945,active
c1ccc2c(c1)CC[NH2+][C@H]2C3=C(C[C@@H]([C@@H](C3=O)n4cncn4)c5ccccc5Oc6cccc(c6)Cl)[O-],C36383386,inactive
C[C@H](C(=O)Nc1ccc(cc1)S(=O)(=O)N2CCCC2)n3c(nnc3SCCc4ccccc4)N,C40172568,inactive
Cc1ccc(cc1)C2=NN([C@H](C2)c3ccc(cc3)Br)C(=[NH2+])S[C@@H]4CC(=O)N(C4=O)c5cc(cc(c5)Cl)Cl,C97995848,inactive
c1ccc(c(c1)F)S(=O)(=O)Nc2ccc(cc2)Cn3cc([nH+]c3)c4nc(no4)c5ccc(cc5)Cl,C33254932,inactive
CC1(C)CC(CC(C)(C)N1)NC(=O)c1ccc(Oc2ccccc2C#N)c2ccccc12,50010722,active
CCN(c1cc(-c2ccc(CN3CCOCC3)cc2)cc(C(=O)NCc2c(C)cc(C)[nH]c2=O)c1C)C1CCOCC1,CHEMBL3414621,active
c1cnc(cn1)C(=O)N/N=C/c2cc(cc(c2O)Br)Br,C01296278,inactive
COc1cc(C)[nH]c(=O)c1CN1CCNc2c(Cl)cc(-c3c(C)noc3C)c(Cl)c2C1=O,CHEMBL5087917,active
Cc1ccc(cc1)[C@H]2C(=C(C(=O)N2CCc3c[nH]c4c3cc(cc4)OC)O)C(=O)c5ccc(cc5)Cl,C35165166,inactive
CN(C)S(=O)(=O)c1ccc(cc1)C(=O)[C@H]2[C@H](NC(=[NH+][C@@]2(C(F)(F)F)O)O)c3ccccc3,C06878694,inactive
CCN(C(=O)C1CC1)c1cc(cc(C(=O)NCc2c(C)cc(C)[nH]c2=O)c1C)-c1ccc(cc1)N1CCNCC1,50575218,active
CC(C)(C)OC(=O)NCC(=O)/N=C/1\N([C@H]2CS(=O)(=O)C[C@H]2S1)c3ccc(cc3)Br,C32635164,inactive
Cc1cc(C)c(CNC(=O)c2cc(cc3n(ncc23)C2CCCC2)C2CCN(CC2)C2CCNCC2)c(=O)[nH]1,326108,active
C[C@H](C(=O)Nc1ccc(cc1)OCc2ccccc2)[NH+](C)CC(=O)Nc3ccccc3Br,C16633251,inactive
CC(C)CCN1C(=O)c2c(c3cc(c(cc3n2C[C@]1(C)C(=O)NC4CCCCCC4)OC)OC)NC(=O)C,C21780905,inactive
CCN(CC)S(=O)(=O)c1ccc(cc1)C(=O)Nc2c(c3c(s2)C[NH+](CC3)C)c4nc5ccccc5s4,C97963376,inactive
Cc1cc(c2c(c1)[C@]3([C@@H]4[C@H]([C@H]([NH2+]3)CCSC)C(=O)N(C4=O)CCc5ccccc5)C(=O)N2)C,C15968461,inactive
CC(C)C[C@@H](C(=O)NCCc1ccc(cc1)Cl)N2C(=O)[C@@]3([C@@H]4C(=c5ccccc5=[NH+]4)CCN3C2=O)C,C63373379,inactive
C[C@@H](C(=O)NNC(=O)c1nc(n(n1)c2ccccc2)c3ccccc3)NC(=O)c4ccccc4Cl,C24584161,inactive
CC/[NH+]=C(/Nc1ccc(cc1)OC(F)(F)Cl)\S[C@H]2CC(=O)N(C2=O)c3ccc(cc3)I,C98003552,inactive
c1cc(sc1)c2nn(c(=O)o2)CC(=O)NC(C(=O)N)C(=O)N,C42789538,inactive
Cc1c([nH]nc1c2cc(c(s2)C)S(=O)(=O)NCc3cccc(c3)Br)C,C96341505,inactive
CCN(c1cc(C#CC(C)(C)C)cc(C(=O)NCc2c(C)cc(C)[nH]c2=O)c1C)[C@H]1CC[C@H](N(C)C)CC1,CHEMBL3942268,active
Cc1cc(C)c(CNC(=O)c2cc(Br)c3OC(C)(C)Cc3c2C)c(=O)[nH]1,359736,active
CCN(C1CCOCC1)c1c(C)c(cc2n(C)ncc12)C(=O)NCc1c(C)cc(C)[nH]c1=O,516834,active
c1cc(cc(c1)CSc2nnc(n2N)c3cccs3)CSc4nnc(n4N)c5cccs5,C11592190,inactive
c1ccc(cc1)c2c(cn(n2)c3ccccc3)/C=N/NC(=O)C(=O)Nc4ccccc4C(=O)Nc5ccc(cc5)Cl,C04261261,inactive
COc1ccc(cc1)CCNC(=O)C(=O)NC[C@H](c2ccco2)[NH+]3CCN(CC3)c4ccccc4F,C09828937,inactive
N[C@@H](CCSC[C@H]1O[C@H]([C@H](O)[C@@H]1O)n1cnc2c(N)ncnc12)C(O)=O,50009672,active
C[C@H](C(=O)Nc1c(c2c(s1)C[C@H](CC2)C(C)(C)C)C(=O)N[C@@H]3CCS(=O)(=O)C3)Oc4ccc(cc4)F,C98046857,inactive
Cc1cc([nH+]c2c1ccc(c2)OC)NN/C=C/3\c4ccccc4C(=O)N(C3=O)c5cccc(c5)C(F)(F)F,C32735808,inactive
CCN([C@H]1CC[C@@H](CC1)N(C)Cc1cccnc1)c1cc(Cl)cc(C(=O)NCc2c(C)n(C)[nH]c2=O)c1C,310781,active
c1ccc2c(c1)nc(s2)NC(=O)CSc3nnc(n3c4cccc(c4)C(F)(F)F)CNC(=O)COc5ccc(cc5)Cl,C97961627,inactive
CC[C@H](C)NC(=O)[C@H](CCSC)NC(=O)[C@@H]1CC2=c3ccccc3=[NH+][C@H]2[C@@H]4N1C(=O)c5c4cccc5,C63384345,inactive
CC(C)Oc1ccc(cc1)/C=C(\C(=O)Nc2cc[nH+]cc2)/NC(=O)c3cccc(c3)Br,C59168042,inactive
C[C@@]12CC[C@H]([C@@]([C@H]1CC[C@H]([C@H]2CC(=O)NCc3cccs3)O)(C)CO)OC(=O)Nc4ccc(c(c4)Cl)Cl,C04236826,inactive
COC(=O)[C@@H]1[C@H](CC2=C(C1=O)[C@@H](C(=C(N2c3cccc(c3)F)N)C(=O)OC)c4cccnc4)c5ccccc5,C53287626,inactive
COC(C1CCN(CC1)C(=O)CO)c1cc(Cl)c2CCN(Cc3c(OC)cc(C)[nH]c3=O)C(=O)c2c1Cl,50246932,active
C[C@H](c1ccccc1)/[NH+]=C(/c2cc3n(n2)[C@H](C[C@@H](N3)c4ccc(cc4)Br)C(F)(F)F)\O,C08444746,inactive
CCCCCOc1ccc(cc1)Cn2c3ccccc3[nH+]c2S[C@@H]4[C@H]([C@@H]([C@@H]([C@@H](O4)CO)O)O)O,C39915918,inactive
c1ccc(c(c1)c2nnn(n2)CC(=O)N(c3cccc(c3)F)[C@H](c4cc[nH+]cc4)C(=O)NC5CCCC5)F,C06445908,inactive
CCOC(=O)c1c2c(sc1NC(=O)Cc3ccc(cc3)SC(C)C)C([NH2+]C(C2)(C)C)(C)C,C36652975,inactive
CCN(C1CCOCC1)c1c(C2CC2)c(cc2n(C)ncc12)C(=O)NCc1c(C)cc(C)[nH]c1=O,516857,active
CCc1c(C(=O)NCc2c(C)cc(C)[nH]c2=O)cc2c(cnn2C)c1N(CC)[C@H]1CC[C@H](N2CC(OC)C2)CC1,CHEMBL5176772,active
CCN(c1cc(-c2ccc(CN3CCC(O)CC3)cc2)cc(C(=O)NCc2c(C)cc(C)[nH]c2=O)c1C)C1CCOCC1,CHEMBL3697468,active
CC(C)(C)c1ccc(cc1)OCCn2c3ccccc3nc2S[C@@H]4[C@H]([C@@H]([C@@H]([C@@H](O4)CO)O)O)O,C39915978,inactive
Cc1ccc(cc1)CSc2nnc(s2)N3[C@@H](C(=C(C3=O)O)C(=O)c4ccc5c(c4)C[C@H](O5)C)c6ccc(cc6)C(=O)OC,C97970060,inactive
CCN(C1CCOCC1)c1cc(Cl)cc(C(=O)NCc2c(C)cc(C)[nH]c2=O)c1C,50149889,active
CN(C)c1cccc2c1cccc2S(=O)(=O)NCCCNS(=O)(=O)c3cccc4c3cccc4N(C)C,C02169473,inactive
CC(C)(C)c1ccc(cc1)OCC(=O)NC(=S)NNC(=O)CCCOc2ccc(cc2Cl)Cl,C13976426,inactive
CC1(C)CC(CC(C)(C)N1)NC(=O)c1ccc(Oc2ccccc2C#N)c(c1)C#N,50010813,active
Cc1ccc(cc1)S(=O)(=O)Nc2ccc(cc2/C=N\c3[nH+]c4ccccc4n3C)Br,C00850252,inactive
C[C@@H](c1[nH+]c2ccccc2c(n1)NCc3ccccc3OC)N4CCN(CC4)S(=O)(=O)c5ccc(cc5)Cl,C98230922,inactive
c1ccc(cc1)C[NH+]2CCN(CC2)C(=O)CSc3nnc(n3N)c4ccc(cc4Cl)Cl,C26222875,inactive
CC(C)(C)c1ccc(cc1)c2nnc(n2N)SCC(=O)N3CC[NH+](CC3)[C@@H]4CCS(=O)(=O)C4,C22739356,inactive
CCOCCOc1ccc(cc1)C(=O)NC(=S)NNC(=O)c2ccc(c(c2)Br)OC,C09821945,inactive
Cc1cc2c(c(=O)n1Cc3ccc[nH+]c3)[C@@]4(c5ccccc5N(C4=O)CC(C)C)C(=C(O2)N)C(=O)OC,C39918672,inactive
Cc1ccc(cc1S(=O)(=O)Nc2ccccc2F)NC(=O)c3ccc(cc3)OCc4cscn4,C09585914,inactive
c1cc(ccc1OC[C@H](CN2CC[NH+](CC2)C3CCCCC3)O)OC[C@H](CN4CCN(CC4)C5CCCCC5)O,C22465627,inactive
CCc1cc(C)[nH]c(=O)c1CNC(=O)c1cc(cc2n(ncc12)C(C)C)-c1ccc(nc1)N1CCN(CC1)C(C)C,50536584,active
c1ccc(c(c1)N2CC[NH+](CC2)[C@@H](CNC(=O)Nc3ccc(cc3)F)c4ccc5c(c4)OCO5)F,C38638421,inactive
COc1cccc(c1O)[C@@H]2[C@H]3CC=C[C@@H]3c4cc(ccc4N2)S(=O)(=O)N5CCCCC5,C14459686,inactive
CSc1cc(C)[nH]c(=O)c1CNC(=O)c1c(C)n([C@H](C)[C@H]2CCC(CC2)N(C)C2(C)COC2)c2ccccc12,574836,active
Cn1ccnc1[C@H](c2ccc(cc2)Cl)[NH2+]C[C@@H](COC(c3ccc(cc3)F)c4ccc(cc4)F)O,C28656102,inactive
C[NH+]1CCc2cc(c(cc2[C@H]1Cc3ccc(c(c3Oc4cc5c(cc4OC)-c6c7c(cc(c6O)OC)CN(C[C@@H]7C5)C)OC)OC)OC)OC,C98003565,inactive
CCOc1ccc(cc1)/C=c\2/c(=O)n3c(=C([C@H](C(=C3N)C(=O)OCC)c4ccc(cc4)OCC)C(=O)OC)s2,C00989084,inactive
Cn1c(c(c(=O)n(c1=O)C)c2csc(n2)N3[C@H](CC(=N3)c4ccc(cc4)Cl)c5ccco5)N,C14110509,inactive
COC(=O)C[NH2+][C@H](c1ccccc1)c2cc(ccc2NC(=O)OCc3ccccc3)Br,C08829425,inactive
c1ccc2c(c1)CC[NH+](C2)CCCNC(=O)CSc3nnc(s3)C(=O)Nc4ccc(cc4)F,C33261369,inactive
CC[C@H]1CCCC[NH+]1CCCNC(=O)Cn2cnc3c(c2=O)c(c(s3)C)S(=O)(=O)N4CCC(CC4)C,C09835209,inactive
CCN(CC)Cc1ccc(-c2cc(C(=O)NCc3c(C)cc(C)[nH]c3=O)c(C)c(N(CC)C3CCOCC3)c2)cc1,CHEMBL3697483,active
c1cc(cc(c1)Cl)NC(=S)N(CCC[NH+]2CCOCC2)Cc3cc4cc5c(cc4nc3O)OCO5,C06445285,inactive
COc1cccc(c1)N2C[C@@H](CC2=O)/C(=N/CC/[NH+]=C(/c3c[nH]c4c3cccc4)\O)/O,C20732021,inactive
c1ccc2c(c1)c3c([nH]2)[C@@H](N4[C@H](C3)C(=O)N(CC4=O)CCCO)c5cccc(c5)Cl,C15955663,inactive
c1ccc(c(c1)NC(=O)C[NH+]2CC[NH+](CC2)CC(=O)Nc3ccc(c(c3)C(F)(F)F)Cl)Cl,C20767321,inactive
CC[NH+](CC)CCN1[C@@H](C(=C(C1=O)O)C(=O)c2ccc3c(c2)C[C@@H](O3)C)c4ccc(cc4)Br,C35005678,inactive
C=CCc1cccc(c1O)[C@H]2Nc3ccc(cc3C(=O)N2NC(=O)c4ccc(cc4)OCC=C)I,C02746604,inactive
c1cc(ccc1N/C=C(\C#N)/c2nc(cs2)c3cc4cc(ccc4oc3=O)Br)S(=O)(=O)/N=c/5\[nH]ccs5,C97968885,inactive
CCc1ccc(cc1)S(=O)(=O)N2CCN(CC2)[C@H](C)c3[nH+]c4ccccc4c(n3)NC5CCCCC5,C22052918,inactive
Cc1ccc(cc1)[C@H](C(=O)NC(C)C)N(c2cccc(c2)OC)C(=O)CCC(=O)Nc3cccc[nH+]3,C13501414,inactive
CSCC[C@@H](C(=O)NC1CCCCC1)NC(=O)[C@@H]2CC3=c4ccccc4=[NH+][C@@H]3[C@H]5N2C(=O)c6c5cccc6,C63384176,inactive
Cc1cc(OC(F)F)c(CN2CCc3c(Cl)cc(C(CO)C4CCOC4)c(Cl)c3C2=O)c(=O)[nH]1,435582,active
CCC(C)n1cc(C)c2c(C(=O)NCc3c(O)nn(CC)c3C)cc(-c3ccc(N4CCNCC4)nc3)cc21,CHEMBL5174820,inactive
Cc1c(sc2c1c(nc(n2)C[NH+]3CCC(CC3)C)Sc4nnc(n4CCC(=O)N)C5CC5)C,C13001796,inactive
COc1ccc(cc1)NS(=O)(=O)c2ccc3c(c2)[C@H]4C=CC[C@H]4[C@H](N3)c5ccc(c(c5)O)OC,C20689948,inactive
CCOC(=O)C1=c2n(c(=O)/c(=C/c3ccc[nH+]c3)/s2)C(=C([C@@H]1c4ccc[nH+]c4)S(=O)(=O)c5ccccc5)N,C08448705,inactive
CC(C)(C)c1c(c(nc([nH+]1)[C@@H]2CN3CCC[C@@H]3CO2)N)I,C97998824,inactive
c1cc(ccc1c2c[nH+]c(n2c3ccc(cc3)OC(F)(F)F)SCC(=O)N)Br,C44088082,inactive
COc1ccc(cc1)S(=O)(=O)N2CCN(CC2)CC(=O)Nc3c(c(cs3)c4ccc(cc4)Cl)C(=O)OC,C97948334,inactive
CN1CCc2c1ccc(c2)[C@@H](CNC(=O)C(=O)Nc3ccc(c(c3)Cl)OC)[NH+]4CCCCC4,C13008030,inactive
CC(C)n1ncc2c(cc(nc12)C1=CCN(CC1)C(=O)CCCN(C)C)C(=O)NCc1c(C)cc(C)[nH]c1=O,325943,active
C[NH+](C)CCN1C(=O)C(=C([C@@]12c3ccccc3N(C2=O)CC=C)C(=O)c4ccc(cc4)S(=O)(=O)N(C)C)[O-],C98046872,inactive
C[C@@H]1CCN(c2ccccc2S1)C(=O)CS[C@H]3NN=C(N3C4CC4)C5=c6ccccc6=[NH+]C5,C39939552,inactive
CC(C)NC(=O)NC(=O)COC(=O)[C@@H](CC1=c2ccccc2=[NH+]C1)NC(=O)c3cccs3,C63135137,inactive
Cc1cc2c(c(=O)n1Cc3ccc[nH+]c3)[C@H](C(=C(O2)N)C(=O)OC)c4cccc(c4OC)OC,C37866381,inactive
CSc1cc(C)[nH]c(=O)c1CNC(=O)c1c(C)n([C@H](C)[C@H]2CCC(CC2)N2CC(C2)OC2CC2)c2ncncc12,574970,active
Cc1ccc(cc1)n2c(nnc2SCC(=O)NN/C=C\3/C=[NH+]c4c3cccc4)c5ccc(cc5)OC,C01829169,inactive
COc1cc(C)[nH]c(=O)c1CN1CCN(C)c2c(Cl)cc(C(O)C3CCOCC3)c(Cl)c2C1=O,CHEMBL5091527,active
Cc1ccc(cc1)NS(=O)(=O)c2cccc(c2)C(=O)N[C@H](c3ccc(cc3)Cl)c4nccn4C,C16261813,inactive
CCCn1c(=O)c2c3c(sc2nc1SCc4[nH+]c5c(c(c(s5)C)C)c(n4)N)CCC3,C10396025,inactive
Cc1ccccc1COc2ccc(cc2)C(=O)C3=C(C(=O)N([C@@H]3c4cc(c(c(c4)OC)OC)OC)CCC[NH+](C)C)O,C97969060,inactive
c1cc(ccc1c2csc(n2)NC(=O)COC(=O)c3ccc(cc3)N4C(=O)CCC4=O)Br,C08443387,inactive
CCCOc1ccc(cc1OC)[C@@H]2C(=C(C(=O)N2CC[NH+]3CCCCC3)[O-])C(=O)c4ccc5c(c4)OCO5,C41545004,inactive
CCOc1ccc(cc1OC)[C@H]2c3c(n[nH]c3C(=O)N2Cc4ccc[nH+]c4)c5cc(c(cc5O)C)Cl,C09243117,inactive
c1cc(ccc1NS(=O)(=O)c2ccc(cc2)OCC(=O)Nc3cc(ccc3Cl)C(F)(F)F)F,C02876926,inactive
Cc1ccc2c(c1)c(c([nH]2)C(=O)OC)NC(=O)C[NH+]3CCc4ccccc4[C@@H]3CN5C(=O)c6ccccc6C5=O,C97954510,inactive
CN1CCCc2c1ccc(c2)[C@H](CNS(=O)(=O)c3ccccc3Br)[NH+]4CCCCC4,C08800184,inactive
CC(=O)C1[C@H](C(C(=NC1=C)SCC(=O)Nc2nc3ccc(cc3s2)Br)C#N)c4ccc[nH+]c4,C08439227,inactive
c1ccc(cc1)CCN(CCC(=O)NCc2cccc(c2)C(F)(F)F)c3c4ccccc4[nH+]c(n3)c5ccc(cc5)Cl,C98009859,inactive
CC[NH+](CC)CCCN1[C@H](C(=C(C1=O)O)C(=O)c2ccc(cc2)OCc3ccc(cc3)C)c4ccc(cc4)C(C)(C)C,C98047758,inactive
Cc1cc(C)c(CNC(=O)c2cc(-c3cnn(C)c3)cc(N(C)[C@H]3CC[C@@H](N)CC3)c2C)c(=O)[nH]1,CHEMBL3697437,active
C[C@H](c1ccc(cc1)S(=O)(=O)N)N(C)C(=O)/C=C/c2cc3c(c(c2)Cl)OCCCO3,C12996771,inactive
Cc1noc(C)c1-c1cc(Cl)c2CCN(Cc3c(C)cc(C)n(C)c3=O)C(=O)c2c1Cl,50586153,active
CCOC(=O)c1c2c(sc1NC(=O)c3ccc(cc3)S(=O)(=O)N4CCCCC4)C([NH2+]C(C2)(C)C)(C)C,C09391511,inactive
c1ccc-2c(c1)CCc3c2sc(c3)C(=O)N4CCN(CC4)C(=O)CO,C89548463,inactive
Cc1c(cc(o1)C(C)(C)C)c2cc(n(n2)c3cc(cc(c3)C(F)(F)F)C(F)(F)F)NC(=O)c4cc(nc(c4)Cl)Cl,C04289199,inactive
CC(C)CCOc1cccc(c1)[C@H]2C(=C(C(=O)N2CCCn3cc[nH+]c3)[O-])C(=O)c4ccc5c(c4)OCCO5,C09437172,inactive
Cc1cc(CC(C)C)c(CNC(=O)c2cc(-c3ccc(N4CCN(C(C)C)CC4)nc3)cc3c2cnn3C(C)C)c(=O)[nH]1,CHEMBL4551319,active
CC(C)n1ncc2c(cc(nc12)C1=CCN(CC1)C(C)=O)C(=O)NCc1c(C)cc(C)[nH]c1=O,325970,active
CCCOc1ccc(cc1OCC)[C@H]2c3c([nH]nc3C(=O)N2Cc4ccc[nH+]c4)c5ccccc5O,C08845436,inactive
CCOc1ccc(cc1)/C=C/2\C(=O)N(C(=S)S2)NC(=O)c3ccc(cc3)O,C35577698,inactive
CC1Cc2cc(cc(c2O1)-c1ccc(CN2CCOCC2)cc1)C(=O)NCc1c(C)cc(C)[nH]c1=O,359765,active
C[C@@H]1C(=c2ccccc2=[NH+]1)CCNS(=O)(=O)c3cccc(c3)S(=O)(=O)c4ccc(cc4)Cl,C63514082,inactive
COc1ccc(cc1OC)[C@@H]2C[C@@]([C@@H]([C@@H]([C@@]2(C#N)C(=O)OC)c3ccc(c(c3)OC)OC)C(=O)c4ccc5ccccc5c4)(c6ccc7ccccc7c6)O,C04546216,inactive
C[C@@]12CC[C@@H]3[C@@H]([C@@H]1C[C@@H]([C@@H]2O)[NH+]4CCCC4)CC[C@@H]5[C@@]3(C[C@@H]([C@@H](C5)O)N6CCOCC6)C,C56956129,inactive
CC1=C(C(C(=C(N1)C)C(=O)OC)c2cn(nc2c3ccc(cc3)S(=O)(=O)N(C)C)c4ccccc4)C(=O)OC,C00624623,inactive
COC(=O)c1cc(cc(c1)Nc2c(c([nH+]cn2)Nc3cccc(c3)C(F)(F)F)N)C(=O)OC,C40705754,inactive
C[C@@H](c1ccccc1Br)NC(=O)Cc2ccc(cc2)NS(=O)(=O)c3ccc(cc3)F,C12630287,inactive
Cc1ccc([nH+]c1)NC(=O)C2[C@@H](C3C(=NC2=C)C[C@H](CC3=O)c4ccc(cc4)OC)c5cccc[nH+]5,C16265754,inactive
Cc1cc(cc(c1)N(CC(=O)N/N=C(\C)/c2ccc(cc2)[N+](=O)[O-])S(=O)(=O)c3ccc(c(c3)OC)OC)C,C59646269,inactive
CC1Cc2cc(cc(c2O1)-c1ccc(nc1)N1CCNCC1)C(=O)NCc1c(C)cc(C)[nH]c1=O,359764,active
C[NH+](C)CCCN(c1nc2c(cccc2s1)OC)C(=O)c3ccc(cc3)S(=O)(=O)N4CCc5ccccc5C4,C38139123,inactive
Cc1c(cc2c([nH+]1)n(c(n2)C)Cc3cccc(c3)Cl)NC(=O)Nc4cccc(c4)Cl,C01338759,inactive
CC[C@H]1[C@]([C@@H]([C@@H](/C(=N/OCOCCOC)/[C@@H](C[C@@]([C@@H]([C@@H]([C@@H]([C@@H](C(=O)O1)C)O[C@@H]2C[C@@]([C@@H]([C@@H](O2)C)O)(C)OC)C)O[C@@H]3[C@@H]([C@@H](C[C@@H](O3)C)[NH+](C)C)O)(C)O)C)C)O)(C)O,C98230067,inactive
Cc1cc(SCc2ccccc2)c(CNC(=O)c2c(C)n([C@H](C)C3CCN(CC(F)(F)F)CC3)c3ccccc23)c(=O)[nH]1,CHEMBL4638720,active
COc1cc(cc(c1OC)OC)c2nnc(n2c3ccccc3)SCC(=O)N/N=C/c4cccc(c4)Br,C01901380,inactive
C[C@H](c1ccccc1Br)NC(=O)CCNS(=O)(=O)c2ccc(cc2)OC(F)(F)F,C15686707,inactive
COCCNC(=O)[C@H]1[C@@H](SC2=C1CCCC2)NC(=O)COC3=C[C@@H]4C(=c5ccccc5=[NH+]4)C=C3,C39781062,inactive
Cc1c2c(c(c[nH+]1)CO)Cc3c(nc(nc3SCC(=O)Nc4ccccc4F)c5ccccc5)O2,C09116169,inactive
CCOC(=O)C1=C(OC(=C([C@@H]1c2ccc(c(c2)CSc3ccccn3)OC)C#N)N)c4ccccc4,C00996995,inactive
c1cc(cc(c1)Cl)NC(=O)N2C[C@H]3C[C@@H]([C@@H](C2)O3)C(=O)NCC4CC4,C96083599,inactive
Cc1cc[nH+]c(c1)N[C@@H](c2cccc[nH+]2)c3c([nH]c4c3cc(cc4)NC(=O)c5ccc(cc5)Cl)C,C15859779,inactive
COc1ccc(cc1)c2c3c([nH]n2)C(=O)N([C@H]3c4ccc(cc4)Br)CCc5ccc(c(c5)OC)OC,C59796262,inactive
Cc1cccc(c1NC(=O)C[C@@H]2C(=O)N(/C(=N/c3ccc(c(c3)Cl)Cl)/S2)Cc4cccc[nH+]4)C,C13147601,inactive
c1cc[nH+]c(c1)c2csc(n2)NC(=O)c3cccc(n3)C(=O)Nc4nc(cs4)c5cccc[nH+]5,C09369247,inactive
c1ccc(cc1)C(c2ccccc2)[NH+]3CCN(CC3)c4c(c(ncn4)N5CCN(CC5)c6ccccc6F)N,C40730033,inactive
CCOC(=O)c1ccc(cc1)N2C(=O)[C@@H](N(C2=S)Cc3ccc(cc3)N4CCCC4=O)CC(=O)Nc5ccc(cc5)Cl,C97995464,inactive
c1ccc(cc1)[C@@H](CC(=O)NCc2ccc(cc2)OCc3ccc[nH+]c3)NC(=O)c4ccccc4Cl,C46790973,inactive
c1ccc(c(c1)NS(=O)(=O)c2ccc3c(c2)oc(=O)[nH]3)S[C@H](C(F)(F)F)Cl,C12560866,inactive
CC[C@@H](C)[C@@H](C(=O)NCCC(C)C)NC(=O)[C@@H]1CC2=c3ccccc3=[NH+][C@@H]2[C@@H]4N1C(=O)c5c4cccc5,C63383477,inactive
CCOc1cc(cc(c1OCc2ccccc2C)Br)[C@H]3C(=C(O[C@H]4C3=C(N=N4)C)[NH3+])C#N,C39243222,inactive
COc1cc(ccc1Nc2ncc(c(n2)Nc3cccc(c3)NC(=O)C=C)C(F)(F)F)NC4C[NH+](C4)CCF,C98239621,inactive
COCC[NH+](Cc1[nH]c(=O)c2c(csc2n1)c3ccc(c(c3)OC)OC)C[C@@H](Cc4ccccc4)O,C36205911,inactive
c1ccc(cc1)CC2CC[NH+](CC2)CCCNC(=O)CN3c4ccccc4O/C(=C/c5ccccc5F)/C3=O,C20733604,inactive
c1ccc2c(c1)cccc2N3C(=O)C[C@@H](C3=O)SC(=[NH2+])N4[C@@H](CC(=N4)c5cccs5)c6ccc(cc6)Br,C33353883,inactive
CCN(c1cc(-c2ccc(CN3CCCCC3)cc2)cc(C(=O)NCc2c(C)cc(C)[nH]c2=O)c1C)C1CCOCC1,CHEMBL3697465,active
c1cc(ccc1C(=O)NC(=S)NNC(=O)CCC(=O)Nc2ccc(cc2Cl)Cl)F,C12501023,inactive
c1ccc(cc1)C(c2ccccc2)C(=O)Nc3ccc4c(c3)sc(n4)NC(=O)c5ccco5,C20411046,inactive
CC(C)COC[C@@H](C[NH+](Cc1[nH]c(=O)c2c(csc2n1)c3ccc(cc3)Cl)C(C)C)O,C36206186,inactive
CCC(CO)c1cc(Cl)c2c(c1Cl)C(=O)N(Cc1c(C)cc(C)[nH]c1=O)CC2,CHEMBL4072040,active
c1ccc2c(c1)ncn2c3ccc(cc3)C(=O)N[C@@]4(CCSC4)C#N,C97491442,inactive
COc1ccccc1NC(=O)CSc2c([nH+]c([nH]2)c3ccccc3)S(=O)(=O)c4ccccc4,C11695882,inactive
Cc1cc[nH+]c(c1)N[C@H](c2ccc(cc2)Cl)c3ccc4cccnc4c3O,C04138532,inactive
Cc1ccc([nH+]c1)NC(=O)C2[C@H](C3=C(C[C@H](CC3=O)c4ccccc4)N=C2C)c5ccc(c(c5)COc6ccccc6C(=O)N)OC,C08440528,inactive
CCOC(=O)c1c(csc1NC(=O)CCSc2nc3c(c4c(s3)CCC4)c(=O)n2c5ccccc5)c6ccc(cc6)Cl,C98009726,inactive
CCN(c1cc(-c2ccc(CN3CCN(CCCCOc4cccc5c4C(=O)N(C4CCC(=O)NC4=O)C5=O)CC3)cc2)cc(C(=O)NCc2c(C)cc(C)[nH]c2=O)c1C)C1CCOCC1,CHEMBL5088417,active
CC(C)C[C@@H]1c2c(cc(c(c2O)Oc3c4c(cc(c3O)OC)CC[NH+]([C@@H]4CC(C)C)C)OC)CC[NH+]1C,C24717567,inactive
COc1ccc(cc1)NC(=O)NC(=O)C[NH+]2CCC[C@H](C2)C(=O)Nc3ccc(cn3)Cl,C40149617,inactive
CC1=C(/C(=C/c2ccc(o2)CNS(=O)(=O)c3ccc(cc3)Br)/C(=O)N1CCOC)C(=O)OC,C97960456,inactive
c1ccc2c(c1)cccc2CSc3nnc(s3)NC(=O)CSc4nnc(s4)NC(=O)c5ccccc5Br,C97995739,inactive
COc1cc(cc(c1OC[C@H](c2ccc3c(c2)OCCO3)O)Br)C[NH2+]Cc4ccc(cc4)F,C20877175,inactive
c1ccc2c(c1)CC[NH2+][C@H]2C3=C(C[C@H]([C@H](C3=O)n4cncn4)c5ccccc5Oc6cccc(c6)Cl)O,C13144920,inactive
C[C@@H](c1ccccc1)N2C[C@H](CC2=O)C(=O)NN3C(=O)C(NC3=O)(c4ccccc4)c5ccccc5,C09216942,inactive
COc1ccc(cc1COc2ccc(cc2)[N+](=O)[O-])[C@@H]3c4c(c5cc(ccc5[nH]4)OCc6ccccc6)CC[NH2+]3,C01825576,inactive
c1cc(c(cc1C(=[NH2+])N)Br)OCCCOc2ccc(cc2Br)C(=[NH2+])N,C01665651,inactive
Cc1ccccc1C2(CCCCC2)C(=O)N[C@H](C)C(=O)N3CCS(=O)(=O)CC3,C78721638,inactive
c1ccc2c(c1)C(=NS2(=O)=O)N3CCC[C@H](C3)C(=O)Nc4ccc(cc4)Cl,C08313035,inactive
Cc1c(cc2c(n1)nc([nH]2)SCC(=O)Nc3ccc(cc3)Cl)Br,C05454718,inactive
c1ccc2=[NH+]CC(=c2c1)CCN/C(=N\C(=O)c3ccc(cc3)F)/Nc4cccc(c4)Br,C63589490,inactive
Cc1cc(c(c(c1)Cl)NC(=O)c2cccc(c2)S(=O)(=O)N[C@@H]3CCS(=O)(=O)C3)C,C12229490,inactive
COc1ccc(c(c1)[C@H]2[C@H]([C@@](NC(=[NH+]2)O)(C(F)(F)F)O)C(=O)c3ccc(cc3)F)OC,C09409662,inactive
Cc1cccc(c1C)C(=O)Nc2c3ccc([nH+]c3sc2C(=O)OC)C[NH+](C)Cc4c([nH]nc4C)C,C14888194,inactive
c1ccc2c(c1)cc3ccccc3c2/C=N/NC(=O)c4c(nnn4c5c(non5)N)C[NH+]6CCCCC6,C02520772,inactive
Cc1cc(n(n1)c2ccc(cc2)NC(=O)c3cc(c(c(c3)OC)OC)OC)OC(=O)c4cc(c(c(c4)OC)OC)OC,C08616818,inactive
CC(=O)N[C@H]1CC[C@@H](N(C)c2cc(-c3cnn(CCN4CCOCC4)c3)cc(C(=O)NCc3c(C)cc(C)[nH]c3=O)c2C)CC1,CHEMBL3697430,active
CCOc1ccc2ccccc2c1C(=O)Nc3nc(cs3)CSCC(=O)Nc4ccc(cc4)F,C09590561,inactive
c1ccc(c(c1)/C=N/Nc2[nH]nc(n2)SCCC(=O)Nc3ccc(cc3)Br)Cl,C21077725,inactive
c1ccc2c(c1)OC[C@H](O2)C(=O)NCC(=O)N/N=C/c3cc(ccc3OC(=O)/C=C\c4ccco4)Br,C97966329,inactive
CCOC(=O)[C@H]1CCCN(C1)c2c(c(ncn2)N3CC[NH+](CC3)C(c4ccccc4)c5ccccc5)N,C40729702,inactive
COc1ccccc1Nc2nc(cs2)C(=O)N(Cc3ccccc3)CC(=O)NCc4cccc[nH+]4,C37436358,inactive
Cc1ccc2c(c1)c(c(n2C[C@H](CN3CC[NH+](CC3)CCO)O)c4ccccc4)c5ccccc5,C19908818,inactive
CN1c2ccc(cc2CC1=O)S(=O)(=O)Nc3ccc(cc3)c4cc5cc(ccc5[nH]4)F,C15730138,inactive
Cc1c(sc(n1)N2[C@H](C(=C(C2=O)O)C(=O)c3ccc4c(c3)C[C@@H](O4)C)c5ccc(cc5)C(=O)OC)C(=O)OC,C53336872,inactive
COCCn1c(c(c2c1[nH+]cc(c2)NC3Cc4ccccc4C3)NC(=O)Cc5ccccc5)C(=O)OC,C14743484,inactive
COc1ccc(cc1Br)/C=C/2\C(=O)N(c3ccccc3S2)CC(=O)NCC[NH+]4CCCC4,C20732338,inactive
CCN([C@H]1CC[C@@H](CC1)N(C)C)c1cc(Cl)cc(C(=O)NCc2c(CCN(C)C)cc3CCNn3c2=O)c1C,310739,active
COc1cc2cc[nH+]c(c2cc1OC)Cc3cc(c(cc3NC(=O)Nc4ccc(c(c4)Cl)Cl)OC)OC,C02090989,inactive
[H]/N=C\1/C(=C/c2cc(c(c(c2)Cl)OCCOc3ccc(c(c3)C)C)OCC)/C(=O)N=C4N1N=C(S4)CC,C08919089,inactive
c1cc(ccc1Cc2cnc(s2)NC(=O)CCNS(=O)(=O)c3ccc(cc3)F)Br,C24885286,inactive
c1ccc(cc1)C(=O)N/C(=C/c2ccc(o2)c3ccc(cc3)Br)/C(=O)NCc4cc[nH+]cc4,C33339466,inactive
C[C@H]1Cc2cc(ccc2O1)C(=O)C3=C(C(=O)N([C@H]3c4ccc(cc4)C(=O)OC)c5nnc(s5)SCc6ccc(cc6)Cl)O,C97970503,inactive
[H]/N=C\1/[NH+]=C(/C(=N\Nc2ccc(c(c2)S(=O)(=O)N3CCOCC3)OC)/S1)c4cc(ccc4F)F,C09715186,inactive
COc1cc(C)[nH]c(=O)c1CNC(=O)c1cc2c(ccn2c([C@H](C)N2CCN(CC(F)(F)F)CC2)c1C)-c1ccn[nH]1,490278,active
CCN(c1cc(-c2ccncc2)cc(C(=O)NCc2c(C)cc(C)[nH]c2=O)c1C)[C@H]1CC[C@H](N(C)C)CC1,CHEMBL3701015,active
CSc1cc(C)[nH]c(=O)c1CNC(=O)c1c(C)n([C@@H](C)[C@H]2OC[C@@H](CO2)N2CCC22COC2)c2ccccc12,575039,active
C[C@H](C(=O)Nc1cccc(c1)O)Sc2nc(cc(n2)C(F)(F)F)c3ccc(cc3)OC,C58961982,inactive
CC[C@@H]1CCCCN1S(=O)(=O)c2ccc(cc2)NC(=O)C[NH2+]CCc3c[nH]c4c3cc(cc4)C,C21265441,inactive
C[C@@H]1[C@@H]2[C@@H](C[C@@H](O1)O[C@H]3CC[C@@]4([C@H]5CC[C@@]6([C@H](CC[C@@]6([C@@H]5CC[C@@]4(C3)O)O)C7=CC(=O)OC7)C)C=O)O[C@@H](O2)c8ccc(cc8)OC,C79210234,inactive
CC(C)N1CC=C2[C@@H](C1)[C@H](C(C(=C2C#N)[NH3+])(C#N)C#N)c3cc(ccc3F)OC,C16037555,inactive
Cc1cc(c(cc1N2C(=O)[C@H]3[C@H]([NH2+][C@@]4([C@@H]3C2=O)c5ccccc5NC4=O)CC(=O)N)OC)[N+](=O)[O-],C09320503,inactive
COc1ccc(c2c1cccc2)C[C@]3(CCC(=O)N3)CCC(=O)N[C@@H](c4ccccc4)c5cc[nH+]cc5,C11789024,inactive
C[NH+](C)CCN1[C@H](C(=C(C1=O)O)C(=O)c2ccc(cc2)OCc3ccccc3)c4ccc(c(c4)OC)O,C09281321,inactive
c1cc(c(c(c1)Cl)[C@H](CNC(=O)CCCOc2ccc3c(c2)CCC(=O)N3)[NH+]4CCCC4)F,C71895427,inactive
CCCc1cc(C)n(C)c(=O)c1CN(C)C(=O)c1cc(cc2N(NCc12)C(C)C)-c1ccc(nc1)N1CCN(CC1)C(C)C,50594131,inactive
Cc1ccc(cc1)C(=O)OC[C@@H]2[C@@H](C[C@H](O2)n3c4c(c(nc(n4)C)N)nc(c3=O)C)OC(=O)c5ccc(cc5)C,C72130154,inactive
CCOC(=O)C1=C(OC(=C([C@H]1c2cccc(c2)OCc3ccccc3)C#N)N)CSc4c(cc5c([nH+]4)CCC5)C#N,C01875677,inactive
COCC[NH+](Cc1[nH]c(=O)c2c(csc2n1)c3ccc(cc3)Cl)C[C@H](Cc4ccccc4)O,C36206146,inactive
CN([C@H]1CC[C@@H](CC1)NC(C)=O)c1cc(cc(C(=O)NCc2c(C)cc(C)[nH]c2=O)c1C)-c1ccc(CN2CCOCC2)nc1,172048,active
CN(C)c1nc(nc(n1)N/N=C/c2cc(cc(c2OC)I)I)NCc3ccccc3,C08383263,inactive
C[C@@H]1Cc2c(c(=O)n(c(n2)SCC(=O)NCCc3ccc(c(c3)OC)OC)c4ccc(cc4)OC)S1,C10617883,inactive
CCN1C2=C([C@H](NC1=O)c3ccccc3C(F)(F)F)C(=O)N(C2)[C@@H](C(C)C)/C(=N/CC[NH+](C)C)/[O-],C35966546,inactive
c1cc2c(ccc(c2[nH+]c1)NC(=O)CCC(=O)OCC(=O)c3ccc(cc3)Br)Br,C08451517,inactive
CC[NH+]1CCc2c(sc3c2C(=N[C@H](N3)c4cccc(c4)OC(=O)c5cc(c(c(c5)OC)OC)OC)O)C1,C08928030,inactive
COc1ccc(cc1)c2nnc(n2c3ccc(cc3)Cl)SCC(=O)N/N=C/c4cc(c(cc4OC)OC)OC,C53276016,inactive
COc1ccc2c(c1)c3c([nH]2)[C@H](NCC3)c4ccc(c(c4)COc5ccc(cc5)Br)OC,C20112899,inactive
c1cc(nc(c1Cl)C(=O)N2CCC[C@@H]2C(=O)NC3CC3)Cl,C37984185,inactive
c1cc(ccc1F)S(=O)(=O)NCCC[NH+]2CCN(CC2)CCCNS(=O)(=O)c3ccc(cc3)F,C20457998,inactive
Cc1ccc(c(c1)OCC(=O)NC(=S)Nc2ccc(c[nH+]2)I)C(C)C,C16291113,inactive
C[C@H]1CN(C[C@@H](O1)C)C(=O)c2c(c(n[nH]2)C3CC3)Br,C49167692,inactive
c1ccc(cc1)CNC(=O)CSc2nc3ccc(cc3s2)Nc4nc(nc(n4)N5CCCC5)N6CCCC6,C64503663,inactive
c1ccc(cc1)C(c2ccccc2)[NH+]3CCN(CC3)C(=O)c4cnn5c4N[C@H](C[C@H]5C(F)(F)F)c6cccs6,C53365147,inactive
c1cc(c(cc1[N+](=O)[O-])I)N2CCC(CC2)O,C97410548,inactive
CC(C)CNC(=O)c1coc(n1)COc2ccc3c(c2)[C@@H]([NH+](CC3)Cc4ccccc4F)c5ccccc5,C34685551,inactive
COCCNC(=O)c1ccc(cc1)N2C(=O)[C@@H]3CC4=c5ccccc5=[NH+][C@@H]4[C@@H](N3C2=O)c6cccc(c6)OC,C63375335,inactive
c1ccc(cc1)CCNS(=O)(=O)c2ccc(cc2)NC(=O)[C@@H]3CC(=O)N(C3)c4ccc(cc4)F,C09288706,inactive
c1ccc(cc1)CN2c3ccccc3C4=CNN(C(=O)[C@@H]42)CC(=O)NCCC5=c6ccccc6=[NH+]C5,C63513797,inactive
C[C@@H]1C[C@H](NC(=S)N1)C(=O)N2CCC(CC2)[C@@H](Cc3ccccc3)[NH+](C)Cc4cccnc4,C11788678,inactive
CN([C@@H]1CC[C@@H](CC1)NC(C)=O)c1cc(cc(C(=O)NCc2c(C)cc(C)[nH]c2=O)c1C)-c1ccc(CN2CCOCC2)nc1,172051,active
COc1ccc(cc1)n2c(c3c(nc(nc3n2)N4CCN(CC4)CC[NH+]5CCOCC5)c6cccc(c6)F)N,C37359743,inactive
C[C@H](c1ccccc1)NCc2cc(c(c(c2)Br)OC[C@H](c3ccc4c(c3)OCO4)O)OC,C20876983,inactive
c1cc(ccc1NC(=O)C[NH+]2CCN(CC2)CC(=O)Nc3ccc(cc3)Br)Br,C23356466,inactive
CCC(C)(C)CN1CCC(CC1)[C@@H](C)c1sc2CCCN(Cc3c(C)cc(C)[nH]c3=O)C(=O)c2c1C,439163,active
CCOc1cc(ccc1OCc2ccc(cc2)Cl)/C=N\NC(=O)CSc3[nH]c4ccccc4[nH+]3,C50954751,inactive
c1cc[nH+]c(c1)N2CCN(CC2)C[C@H](Cn3c4ccc(cc4c5c3ccc(c5)Cl)Cl)O,C19790419,inactive
Cc1cccc2c1[nH]c(=O)c(c2)[C@H](c3nnnn3CCOC)[NH+](Cc4ccccc4)Cc5ccccc5Cl,C06444009,inactive
COc1ccc(cc1OC)CC(=O)NCCCc2[nH+]c3ccccc3n2CCOc4ccccc4CC=C,C40209107,inactive
CCOC(=O)c1ccccc1NC(=O)CN(c2cc(ccc2OC)OC)S(=O)(=O)c3ccc(c(c3)OC)OC,C59651257,inactive
Cn1cc[nH+]c1[C@H](c2ccc(cc2)F)NC(=O)c3ccc(cc3)NS(=O)(=O)c4cccs4,C14405920,inactive
Cc1ccc(cc1)S(=O)(=O)CN/C(=[NH+]/C(=S)NN(c2ccccc2)c3ccccc3)/c4ccccc4,C01877748,inactive
C=CCNC(=S)N1CC[NH+](CC1)[C@@H]2c3cccc4c3c(ccc4)[C@@H]2NS(=O)(=O)c5ccc(cc5)Cl,C09085915,inactive
c1ccc2c(c1)c(cc(n2)c3cccs3)C(=O)Nc4cccc([nH+]4)NC(=O)c5cc(nc6c5cccc6)c7cccs7,C08432270,inactive
CCOC(=O)c1ccc(cc1)NC2=Nc3ccccc3N4C2=[NH+]c5c(c(nn5c6ccccc6)C)[C@H]4c7ccccc7C,C01880115,inactive
c1ccc(cc1)C2(CCOCC2)CN3[C@H](CCC3=O)CC[NH2+]Cc4cc5c(cc4Cl)OCO5,C15067580,inactive
CC(=O)Nc1ccc(cc1)NS(=O)(=O)c2ccc(cc2)NC(=O)OC,C00822918,inactive
c1ccc2c(c1)[nH+]c(n2Cc3ccc(cc3)Br)CCCCCNC(=O)Cc4ccc(cc4)Cl,C40221700,inactive
C[C@@H](O)C([C@@H](C)O)c1cc(Cl)c2CCN(Cc3c(C)cc(C)[nH]c3=O)C(=O)c2c1Cl,435529,active
c1ccc(cc1)N2[C@H](CC(=N2)C(=O)N3CCC[C@@H](C3)c4nc(no4)c5cccc(c5)F)C(=O)N,C58166690,inactive
CC(C)Oc1cc(C)[nH]c(=O)c1CNC(=O)c1ccc2c(cc(C)nc2c1C)-c1ccc(nc1)N1CCN(C)CC1,50594137,active
CSc1cc(C)[nH]c(=O)c1CNC(=O)c1c(C)n([C@H](C)[C@H]2CCC(C)(O)CC2)c2ccccc12,574867,active
Cc1ccc(cc1)NC(=O)[C@H](c2ccccc2)SC3=[NH+]c4ccccc4C(=O)[N+]3=c5ccc(c[nH]5)C,C36659986,inactive
c1ccc2cc(ccc2c1)S(=O)(=O)N3CCN(CC3)C(=O)COC(=O)c4ccc(cc4O)O,C03531526,inactive
CC(C)(c1ccccc1)c2ccc(cc2)OC[C@H](C[NH2+][C@@H](Cc3ccccc3)c4nc(no4)c5ccccc5)O,C03384378,inactive
COc1ccccc1n2c(nnc2SCc3nc(cs3)C(=O)NCCC(c4ccccc4)c5ccccc5)c6ccco6,C98017527,inactive
c1ccc(cc1)/C=C/2\CN(CC3=C2OC(=C([C@@H]3c4cccs4)C#N)[NH3+])Cc5cccs5,C20459304,inactive
C[C@@H]1CCCC(=O)CCC/C=C/c2cc3c(c(c2C(=O)O1)O)[C@H](CC(=O)O3)c4ccc(cc4)OCCc5ccc(cc5)OC,C85879522,inactive
Cc1cccc(c1C)N[C@H]2/C(=N/S(=O)(=O)c3ccc(cc3)NC(=O)C)/[NH+]=c4ccccc4=[NH+]2,C39984522,inactive
CC(C)CCOc1ccc(cc1OC)[C@H]2/C(=C(/c3cc4ccccc4o3)\O)/C(=O)C(=O)N2CCCn5cc[nH+]c5,C08441298,inactive
CC(C)(C)OC(=O)N[C@@H](CC1=c2ccccc2=[NH+]C1)[C@@H]3N=N[C@@H](O3)SCc4ccc(c(c4)Cl)Cl,C63426775,inactive
c1ccc2=[NH+]CC(=c2c1)C[C@H]3[C@H]4[C@@H](C(=O)N(C4=O)c5cccc(c5)[N+](=O)[O-])[C@@]6([NH2+]3)c7ccccc7NC6=O,C63480122,inactive
CCOc1ccc(cc1OCC)CC[n+]2cnc3c(c2N)[C@H](c4ccc(cc4O3)O)c5ccc(cc5)OC,C09209423,inactive
Cc1cccc(c1)CN2[C@@H]([C@H](OC2=O)c3ccc(cc3)NC(=O)c4ccco4)C(=O)NCC[NH+](C)C,C40406076,inactive
CN(C)CCCOc1cccc(c1)-c1cc(C(=O)NCc2c(C)cc(C)[nH]c2=O)c2cnn(C3CCCC3)c2c1,326078,active
CCN(c1cc(-c2ccc(CN3CCN(CCCCCCCCCCCOc4cccc5c4C(=O)N(C4CCC(=O)NC4=O)C5=O)CC3)cc2)cc(C(=O)NCc2c(C)cc(C)[nH]c2=O)c1C)C1CCOCC1,CHEMBL5085241,active
c1ccc2c(c1)cc(o2)C(=O)C3=C(C(=O)N([C@H]3c4ccc(c(c4)Cl)Cl)c5nnc(s5)SCc6ccc(cc6)F)O,C08383321,inactive
COC(C1CN(C)C(=O)C1)c1cc(Cl)c2CCN(Cc3c(C)cc(C)[nH]c3=O)C(=O)c2c1Cl,435673,active
c1ccc(cc1)NC(=O)COc2ccc(cc2Br)/C=C/3\C(=O)N(C(=O)S3)CC(=O)N4CCN(CC4)c5ccccc5,C08450528,inactive
COc1cccc(c1)NC(=O)C(=O)NC[C@H](c2ccc3c(c2)OCO3)[NH+]4CCN(CC4)c5ccccc5F,C38621115,inactive
Cc1ccc(cc1NC(=O)NCCc2[nH+]ccn2C(F)F)NC(=O)NCCc3[nH+]ccn3C(F)F,C62613547,inactive
Cc1cc(nc(n1)SCC(=O)N(Cc2ccc(cc2)OC)[C@H](c3ccc(c(c3)OC)OC)C(=O)Nc4ccc(cc4)N(C)C)C,C08695730,inactive
CC(=O)Nc1ccc(cc1)N/C=C(\C#N)/c2nc(cs2)c3ccc4c(c3)OCO4,C04063790,inactive
CCOc1cc(c(c(c1O)/C=N/Nc2[nH+]c(nc(n2)N3CCCC3)N4CCOCC4)Br)Br,C97997807,inactive
c1ccc(cc1)CCc2[nH+]c3cccnc3n2CCNS(=O)(=O)c4ccc(cc4)Br,C33252103,inactive
c1ccc2=[NH+]C([NH+]=c2c1)S[C@H]3C[C@H](N(C3)Cc4cccc(c4)Cl)C(=O)NCCc5cccc(c5)F,C64058395,inactive
Cc1ccc(cc1S(=O)(=O)NCc2[nH]c3ccccc3n2)c4c5ccccc5c([nH+]n4)NCc6ccccc6,C01239928,inactive
c1ccc(cc1)c2ccccc2NC(=O)CS[C@@H]3NN[C@H](N3[NH3+])[C@@H]4C=C(N=N4)c5ccccc5,C39012635,inactive
COc1ccc(cc1)C2=N[C@H]([NH2+][C@@H](C2)c3cc(ccc3O)Cl)c4ccc(c(c4)Br)OC,C20764596,inactive
CCOC(=O)c1ccc(cc1)N(Cc2ccc[nH+]c2)C(=S)NC(=O)c3cccc(c3)Br,C22818616,inactive
CC[NH+](CC)CCCN1[C@@H](C(=C(c2ccc(cc2)OC)O)C(=O)C1=O)c3cccc(c3)Oc4ccccc4,C16732284,inactive
Cc1ccc(c(c1)C)c2csc3c2c(=O)[nH]c(n3)C[NH+](CCC(C)C)C[C@@H](COCC#C)O,C36207976,inactive
C[C@@H](C(=O)N/N=C/c1ccc(cc1OC(=O)c2ccc(cc2)Cl)OC(=O)c3ccc(cc3)Cl)Oc4ccc(cc4)Cl,C04347460,inactive
C[NH+]1CCN(CC1)[C@H](CNC(=O)c2ccc(cc2)S(=O)(=O)N3CCCCC3)c4ccc5c(c4)CCCN5C,C38673074,inactive
COC(C1CNC1)c1cc(C)c2CCN(Cc3c(C)cc(C)[nH]c3=O)C(=O)c2c1Cl,435672,active
Cc1cc(C)c(CNC(=O)c2cc3CC(C)(Oc3c(c2)-c2ccc(nc2)N2CCNCC2)C=C)c(=O)[nH]1,359798,active
COc1ccc(cc1OC)[C@@H]2C[C@@H](n3c(c(c(n3)C(=O)N4CCN(CC4)C(=O)c5ccccc5)Cl)N2)C(F)(F)F,C00714929,inactive
COC(=O)c1ccc(cc1)[C@H]2[C@H]([C@@](NC(=[NH+]2)O)(C(F)(F)F)O)C(=O)c3ccc(cc3)F,C08915375,inactive
C[C@]1(C(=O)N(C(=O)N1)NC(=O)CSc2[nH+]cc(n2CC=C)c3ccc(cc3)Cl)c4ccccc4,C09492067,inactive
CCCCCOc1ccc(cc1)[C@H]2C(=C(c3ccc4c(c3)C[C@H](O4)C)O)C(=O)C(=O)N2CCCn5cc[nH+]c5,C09292796,inactive
c1ccc(cc1)C(c2ccccc2)[NH+]3CCN(CC3)C(=O)c4cnn5c4N[C@H](C[C@H]5C(F)(F)F)c6ccc(cc6)Br,C33358583,inactive
c1ccc(c(c1)NC(=O)c2ccc(cc2)NS(=O)(=O)c3ccc(c(c3)Cl)F)F,C15422061,inactive
C/C(=C\N=C\1/N=C(S1)N(Cc2cccc(c2)OC)Cc3cccnc3)/[NH2+]C4CC([NH2+]C(C4)(C)C)(C)C,C21345533,inactive
C[C@H]1[C@@H]([C@H]([C@H]([C@@H](O1)O[C@@H]2[C@H](O[C@H]([C@@H]([C@H]2O)O)OCCC(=C)C)CO)O)O)O,C31162155,inactive
CCOc1ccc(cc1)n2cc(c3c2[nH+]cnc3NC[C@@H](c4cccs4)[NH+]5CCOCC5)c6ccccc6,C35681693,inactive
c1ccc(cc1)C(=O)N/[NH+]=c\2/c(cc3cc(ccc3o2)Br)C(=O)Nc4ccccc4,C33246842,inactive
CCCCn1c2ccc(cc2[nH+]c1SCC(=O)N[C@@H]3CCS(=O)(=O)C3)S(=O)(=O)N,C09491356,inactive
C[C@@H](C(=O)NCCC1=CCCCC1)NC(=O)[C@@H]2CC3=c4ccccc4=[NH+][C@H]3[C@H]5N2C(=O)c6c5cccc6,C63383687,inactive
c1ccc2=[NH+]CC(=c2c1)CCNC(=O)C(=O)NC[C@@H]3N(CCO3)S(=O)(=O)c4cc(ccc4F)F,C63676461,inactive
c1ccc2cc(c(cc2c1)C(=O)N3CCCN(CC3)C(=O)N)OC(F)F,C90511496,inactive
Cc1ccc(cc1)S(=O)(=O)CNC(=O)[C@H](c2ccc(cc2)N(C)C)N(C)C(=O)[C@H](c3ccccc3)OC,C36525170,inactive
CC(C)[C@H](CCNS(=O)(=O)c1c2c(c(c3c1OCO3)OC)C[NH+](CC2)C)c4ccc(cc4)Cl,C40309912,inactive
c1cc(cc(c1)F)C(=O)Oc2c(cc(cc2Br)Br)/C=N/NC(=O)COc3cc(ccc3Cl)Cl,C97961077,inactive
Cc1cccc(c1C)N2CCN(CC2)S(=O)(=O)c3ccc4c(c3)ccc(=O)[nH]4,C06748893,inactive
c1cc(c(cc1Br)C=[NH+]CCOCCOCC/[NH+]=C\c2cc(ccc2[O-])Br)O,C15776614,inactive
C[NH+]1[C@@H](NN[C@@H]1SCC(=O)N/N=C/[C@@H]2C=NN=C2c3ccc(cc3)F)c4cccc(c4)Br,C38610019,inactive
CN1CCc2c(c(c3c(c(sc3[nH+]2)C(=O)Oc4ccccc4)N)c5cccc(c5OC)OC)C1,C40570157,inactive
CCOc1ccccc1NC2=Nc3ccccc3N4C2=[NH+]c5c(c(nn5c6ccccn6)C)[C@H]4c7cccs7,C06150186,inactive
C[C@H](C(=O)N1CC(=O)Nc2c1cccc2)OC(=O)C3CCN(CC3)S(=O)(=O)c4ccccc4F,C08985290,inactive
Cc1cccc(c1)C[NH+]2CCN(CC2)C(=O)CSc3nnc(n3N)c4ccc(cc4Cl)Cl,C25672097,inactive
C[C@@H](c1nc2ccccc2c(n1)NC3CCCCC3)[NH+]4CCN(CC4)S(=O)(=O)c5ccc(cc5)OC,C22052584,inactive
COc1ccc(cc1OC)[C@@H]2[C@@H](N3c4ccc(cc4C=C[C@@H]3[C@@]2(C#N)C(=O)N)F)C(=O)c5ccccc5,C12371257,inactive
COc1ccc(cc1)CNC(=O)[C@@H](c2cc[nH+]cc2)N(c3ccc(cc3)F)C(=O)Cc4cccs4,C01354109,inactive
CCOc1ccc(cc1)C(=O)c2cn(c3ccc(cc3c2=O)OCC)CC(=O)Nc4ccc(cc4OC)OC,C97987002,inactive
CCOc1ccc(cc1)N(CC(=O)Nc2cccc(c2)N(C)S(=O)(=O)C)S(=O)(=O)c3ccc(cc3)SC,C02837941,inactive
[H]/N=C(/N/N=C/c1ccc(cc1)Br)\S[C@@H]2CC(=O)N(C2=O)c3ccc(cc3)Br,C13302273,inactive
COc1ccc(cc1)N(C(=O)/C=C\c2ccc(o2)Br)S(=O)(=O)c3ccc(c(c3)N)Cl,C96835544,inactive
Cc1cc(ccc1NC(=O)C[NH+](C)CC(=O)N[C@H](C)c2cccc(c2)Cl)Br,C13030283,inactive
CCN1c2ccccc2[C@]3(C1=O)C(=C(C(=O)N3C[C@H]4CCCO4)O)C(=O)c5ccc(cc5)S(=O)(=O)N(C)C,C97956796,inactive
CS(=O)(=O)Nc1nc2ccc(cc2s1)NC(=O)CN3c4cc(ccc4OCC3=O)Cl,C21883081,inactive
CC(C)(C)NS(=O)(=O)c1ccc(cc1)NC(=O)[C@H]2CC(=O)N(C2)c3ccc(cc3)F,C09288695,inactive
c1cc2c(cc1NC(=O)CSCc3cc(=O)n4ccsc4[nH+]3)[nH]c(n2)c5cc(ccc5F)F,C71938796,inactive
COc1ccc(cc1)OCC(=O)N/N=C/2\c3ccccc3N(C2=O)C[NH+]4CCCC[C@@H]4c5ccc[nH+]c5,C08964752,inactive
CC(C)Cn1c2cc(ccc2cc(c1=O)C[NH2+]CC3(CCCCC3)[NH+]4CCOCC4)SC,C23340178,inactive
COc1cc(cc(c1)OC)N/C(=N/C(=O)c2ccc3c(c2)OCO3)/NCCC4=c5ccccc5=[NH+]C4,C63589421,inactive
CC(C)CNC(=O)c1ccc(cc1)N2C(=O)[C@@H]3CC4=c5ccccc5=[NH+][C@H]4[C@@H](N3C2=O)c6ccc(cc6)OC,C63375852,inactive
[H]/N=C/1\[NH+]=C(/C(=N\Nc2cc(ccc2C)S(=O)(=O)Nc3ccc(cc3C)C)/S1)c4cc(ccc4F)F,C13134691,inactive
COc1ccccc1NC(=O)COc2ccc(cc2OC)/C=C/3\C(=O)N(C(=S)S3)c4ccc(c(c4)Cl)F,C97962220,inactive
COc1cccc(c1)OCCn2cccc2/C=C\3/C(=[NH2+])N4C(=[NH+]SC4=NC3=O)SCc5ccccc5,C31932592,inactive
C[NH+](C)[C@@H](CNC(=O)c1cccc(c1)S(=O)(=O)Nc2ccc(cc2)F)c3ccccc3OC,C18011478,inactive
COc1cc(cc(c1OCc2ccccc2Cl)Br)/C=N\NC(=O)Cc3csc([nH+]3)N,C83315175,inactive
COc1cc(C)[nH]c(=O)c1CN1CCN(C)c2c(Cl)cc(OC(C)C)c(Cl)c2C1=O,CHEMBL5072578,active
CCN([C@H]1CC[C@@H](CC1)N(C)C)c1cc(Cl)cc(C(=O)N(C)Cc2c(C)cc(C)[nH]c2=O)c1C,190187,active
Cc1cc(ccc1NC(=O)[C@@H]2CCC(=O)N([C@@H]2c3ccc(cc3)OC)c4cc(c(c(c4)OC)OC)OC)Br,C59515089,inactive
CN(C)c1ccc(cc1)[C@@H](CNS(=O)(=O)c2ccc(c(c2)F)OC)[NH+]3CCN(CC3)c4ccccc4,C21754874,inactive
C/C(=N/N=C/1\NC(=O)C[C@@H](S1)C(=O)Nc2ccc(cc2)OC)/c3ccc(cc3)Cl,C13423978,inactive
c1ccc2c(c1)CCN(C2)c3c(c(ncn3)Oc4ccc(c5c4nccc5)Br)N,C40780653,inactive
COc1ccc(cc1)NC(=O)C[C@H]2C(=O)N(C(=S)N2CCC[NH+]3CCN(CC3)c4ccc(cc4)F)Cc5ccco5,C33357090,inactive
Cc1ccc(cc1)n2c3ccccc3nc2SCC(=O)N4c5ccc(cc5C[C@H]4C)S(=O)(=O)N,C12736304,inactive
CC(=O)Nc1ccc(cc1)/C=C(\c2nnc(s2)C(=O)Nc3ccc(cc3)F)/Cl,C96993415,inactive
CC1=NC2=C([C@H](C1C(=O)Nc3ccc(c[nH+]3)Br)c4cc(ccc4OC)OC)C(=O)CC(C2)(C)C,C09861102,inactive
c1ccc(cc1)COc2cccc(c2)[C@H]3c4c([nH]nc4C(=O)N3CCCO)c5cc(ccc5O)Cl,C39898094,inactive
Cc1c(c([nH]c1C(=O)OC)C)C(=O)C2=C(C(=O)N([C@@H]2c3ccc(c(c3)Cl)Cl)CC[NH+](C)C)O,C08835079,inactive
c1ccc(cc1)[C@H](C(=O)NC[C@H](COc2cccc(c2Cl)Cl)O)[NH+]3CCSCC3,C97529282,inactive
c1ccc(cc1)c2c3cc(ccc3c4ccc(cc4n2)NC(=O)COc5ccc(cc5)Cl)NC(=O)COc6ccc(cc6)Cl,C98009014,inactive
Cc1c(c(n(n1)c2ccccc2)Cl)/C=C/C(=O)NNC(=O)c3ccc4c(c3)nc5n(c4=O)CCC5,C12886805,inactive
CCN([C@H]1CC[C@@H](CC1)N(C)C)c1cc(Cl)cc(C(=O)NCc2c(n(C)n(C)c2=O)C(F)(F)F)c1C,310804,active
c1cc(cc(c1)Br)NS(=O)(=O)c2ccc(s2)c3ccc(=O)[nH]n3,C20574767,inactive
COc1ccccc1NC(=O)C(=O)N/N=C/c2ccc(c(c2)OC)OC(=O)c3cccc(c3)Br,C04355338,inactive
c1cc(ccc1CO[C@H](C[NH+]2CCCCC2)CN3CCCCC3)COC(CN4CCCCC4)CN5CCCCC5,C96602081,inactive
CC(=O)Nc1ccc(cc1)S(=O)(=O)N2CC3(C[NH+](C2)CN(C3)S(=O)(=O)c4ccc(cc4)NC(=O)C)C(=O)c5ccccc5,C29749218,inactive
CCCN1C/C(=C\c2ccc(cc2)SC)/C3=C(C1)[C@H](C(=C(O3)[NH3+])C#N)c4ccc(cc4)SC,C17610636,inactive
CC1(CC2=C([C@@H](C(=C(N2c3ccccc3C(F)(F)F)N)C#N)c4ccc(c(c4)C[NH+]5CCCC5)OC)C(=O)C1)C,C00673592,inactive
Cc1cc(nc(n1)C)NS(=O)(=O)c2ccc(cc2)NC(=O)CSc3nnc(n3CC=C)COc4ccccc4,C97958378,inactive
C[C@H](C(=O)N[C@H](C(=O)N1CCC[C@@H]1C(=O)N[C@@H]2CCCc3c2cccc3)C(C)(C)C)[NH2+]C,C12502384,inactive
Cc1cc(C)c(CNC(=O)c2cc(-c3ccc(N4CCNCC4)nc3)cc3c2C(C)CN3C2CCCC2)c(=O)[nH]1,CHEMBL3898133,active
CCOC(=O)C[NH2+][C@H](c1ccccc1)c2cc(ccc2/N=C\c3cc(c(c(c3)OC)OC)OC)Br,C97997081,inactive
CC[NH+](CC)CCOC(=O)c1ccc(cc1)NC(=S)Nc2c(c3c(s2)C[C@@H](CC3)C)C(=O)OC,C13749796,inactive
Cc1c(sc(n1)c2ccccc2)C(=O)C3=C(C(=O)N([C@@H]3c4ccc(cc4)OCC=C)CCC[NH+](C)C)O,C33813591,inactive
CC(C)(C)c1ccc(cc1)C[n+]2c3ccccc3n(c2N)CCCOc4ccc(cc4)Br,C59233646,inactive
CC1CCN(CC1)C(=O)C2=NC=C(C2)S(=O)(=O)N3CCC[C@H](C3)C(=O)Nc4ccc(cc4)OC,C64637856,inactive
c1ccc2c(c1)[C@H](CC(=O)N2)C(=O)Nc3cc(ccc3N4CCCCC4)S(=O)(=O)N5CCCCC5,C24905853,inactive
CN(C)c1ccc(cc1)[C@@H]2CC3=C([C@H](Nc4ccccc4N3)c5cc(c(c(c5)OC)OC)OC)C(=O)C2,C21259733,inactive
Cc1ccc(cc1)c2cc(c3cc(ccc3[nH+]2)NC(=O)Nc4ccc(c(c4)Cl)C)OCC(=O)OC,C33278548,inactive
Cc1cccc(c1)Oc2c(c(nn2C)c3ccccc3)C[NH+](CC4CC4)C[C@@H](COCc5ccccc5)O,C36306543,inactive
CO[C@@H]1C[C@H](NC1)c2nc(no2)c3cc(cs3)Br,C71302700,inactive
CCN(c1cc(Cl)cc(C(=O)NCc2c(C)cc(C)n(C)c2=O)c1C)C1CCOCC1,CHEMBL3770154,active
c1ccc(cc1)COC(=O)N2CC=C3[C@H](C2)[C@H](C(C(=C3C#N)[NH3+])(C#N)C#N)c4ccccc4C(F)(F)F,C08441969,inactive
CCOC(=O)C1=C(OC(=C([C@@H]1c2ccc(cc2)Cl)C#N)N)CSc3c(cc4c([nH+]3)CCCCC4)C#N,C06089269,inactive
Cc1ccc(cc1Cl)NC(=O)C(=O)NC[C@H](c2ccc3c(c2)CCCN3C)[NH+]4CCCC4,C09135770,inactive
COc1ccc(cc1NC(=O)NC[C@H](c2ccc3c(c2)OCO3)[NH+]4CCN(CC4)c5ccccc5F)Cl,C38621332,inactive
C[C@]\1(C[NH+]([C@H](C/C1=N\CCc2ccc(c(c2)OC)OC)c3ccccc3)CCc4ccc(c(c4)OC)OC)O,C16948744,inactive
COc1cc(cc(c1OC[C@H](c2ccc3c(c2)OCCO3)O)Br)C[NH2+]CCc4ccccc4,C20877131,inactive
C[NH+]1CCN(CC1)CCCN2[C@@H](C(=O)N(C2=S)c3cccc(c3)Cl)CC(=O)Nc4ccc(cc4)Br,C59515132,inactive
CCCCN1C(=O)[C@@H]2[C@H](N[C@]3([C@@H]2C1=O)c4cccc(c4NC3=O)Cl)CC5=c6ccccc6=[NH+]C5,C63383527,inactive
CCCOc1ccc(cc1OCC)[C@H]2C(=C(C(=O)N2c3nc4c(cc(cc4s3)C)C)O)C(=O)c5ccc6c(c5)OCCO6,C97969723,inactive
CCN(C1CCC(CC1)N1CC(C1)OCC(F)(F)F)c1c(C)c(cc2n(C)ncc12)C(=O)NCc1c(C)cc(C)[nH]c1=O,516865,active
Cc1ccc2ccc(c(c2[nH+]1)O)[C@H](c3cccc(c3)F)Nc4ccc(cn4)Cl,C54200387,inactive
Cc1ccc(cc1)S(=O)(=O)CNC(=O)[C@@H](c2ccc(c(c2)OC)OC)N(C(=O)c3ccco3)C(C)(C)C,C36584922,inactive
c1ccc2c(c1)OC[C@@H](O2)CNC(=O)N[C@@H]3CC(=O)N(C3)c4ccc(cc4)Cl,C04374394,inactive
COc1ccc2=[NH+][C@H]3[C@@H](NCCC3=c2c1)c4ccc(c(c4)CN5CCN(CC5)c6ccc(cc6)F)OC,C63349861,inactive
C[C@@]1(CCCN(C1)C(=O)N[C@H]2CC(=O)N([C@@H]2c3ccc(cc3)Cl)C)CO,C92354286,inactive
C[C@H]1[C@H]([C@@H]([C@@H]([C@@H](O1)O[C@@H]2[C@@H]([C@@H]([C@@H](O[C@@H]2OC)CO)O)O)O)O)O,C06932870,inactive
C[C@H]1[C@H]([C@@H](C[C@@H](O1)O[C@@H]2CC[C@@]3([C@H]4CC[C@@]5([C@@H](CC[C@@]5([C@@H]4CC[C@@]3(C2)O)O)C6=CC(=O)OC6)C)/C=N/Cc7ccccn7)O)O,C70670175,inactive
Cc1c(sc(n1)COc2ccc(cc2)Cl)C(=O)Nc3cccc(c3)C#Cc4cccc[nH+]4,C12639323,inactive
Cc1ccc(cc1)/C(=N\Nc2[nH]nc(n2)SCC(=O)Nc3ccc4c(c3)sc(n4)SCC=C)/C,C59021486,inactive
CCOc1ccc(cc1)n2c(c(c3c2nc4ccccc4[nH+]3)C(=O)NC5=C([C@@H]6CCCC[C@H]6S5)C(=O)OCC)N,C01874849,inactive
CCN(C1CCOCC1)c1cc(cc(C(=O)NCc2c(C)cc(C)[nH]c2=O)c1C)-c1ccc(CNC[C@H](O)CO)cc1,172090,active
Cc1ccc(c(c1)c2c3c([nH]n2)C(=O)N([C@@H]3c4cc(c(c(c4)OC)OC)OC)CCc5ccc(c(c5)OC)OC)O,C29749230,inactive
c1cc(ccc1[C@H]2C[C@H](n3c(c(c(n3)C(=O)NCCCn4cc[nH+]c4)Cl)N2)C(F)(F)F)Cl,C12844353,inactive
COC(C1CCNCC1)c1cc(Cl)c2CCN(Cc3c(C)cc(C)[nH]c3=O)C(=O)c2c1Cl,435660,active
COCC[NH2+][C@H]1C[C@H](N2[C@@H](Cc3c4ccccc4[nH]c3[C@H]2C1)C(=O)OC)c5ccc(c(c5)F)Cl,C12603187,inactive
C[C@]12CC/C(=N\OCC(=O)N[C@@H](Cc3c[nH]cn3)C(=O)OC)/C=C1CC[C@@H]4[C@@H]2CC[C@]5([C@H]4CC[C@@]5(C#C)O)C,C70692259,inactive
Cc1cccc(c1)NC(=O)C(=O)NC[C@@H](c2ccc3c(c2)CCCN3C)[NH+]4CCCCC4,C09138098,inactive
COc1ccc(c(c1OC)OC)/C=N/NC(=O)CSc2nnc(n2c3ccccc3)c4ccc(cc4)Br,C01897970,inactive
c1ccc(cc1)C2=C[C@H](N=N2)[C@@H]3NN[C@@H](N3[NH3+])SCC(=O)Nc4ccc(cc4)Oc5ccccc5,C38994517,inactive
C[C@@]1(CC1(Cl)Cl)C(=O)N[C@@H](c2ccc(c(c2)OC)OC)c3c4cc(c(cc4cc[nH+]3)OC)OC,C15082840,inactive
CCCN(CCC)S(=O)(=O)c1ccc(cc1)C(=O)Nc2c(c3c(s2)C[NH+](CC3)CC)C(=O)OC,C03007002,inactive
Cc1nc(cc(n1)[C@H]2C[NH+]3CC[C@H]2C[C@@H]3CNS(=O)(=O)c4ccc(cc4)NC(=O)C)c5ccccc5Br,C08623337,inactive
CC[C@@H](C)C(=O)O[C@H]1[C@@H](C[C@@H]2[C@@]([C@@H](C[C@@H]([C@]2([C@@]13CO3)COC(=O)C)OC(=O)C)C)(C)[C@@H]4C[C@@H]5C=CO[C@@H]5O4)O,C67903167,inactive
CCOc1ccc(c(c1)[N+](=O)[O-])NC(=O)CSc2nnc(n2Cc3ccccc3)COc4ccc(cc4)Br,C98218791,inactive
COc1cc(ccc1S(=O)(=O)NCCCS(=O)(=O)N)N,C45068032,inactive
CC(C)[C@@H](N(C)C(=NC1=NC(N=C(O1)C(C(F)(F)F)C(F)(F)F)(C(F)(F)F)C(F)(F)F)[NH-])P(=O)(OC(C)C)OC(C)C,C08445377,inactive
Cn1cc[nH+]c1[C@H](c2cc(cc(c2)OC)OC)NC(=O)c3cc4cc(ccc4[nH]3)Br,C25674129,inactive
C[C@@H](c1nnc(n1c2ccc(cc2)Cl)S[C@@H](C)C(=O)Nc3cc(ccc3Cl)Cl)[NH+](C)C,C03376356,inactive
CC(C)[C@H](C(=O)N(C)C)Sc1nnc(n1N)c2cccc(c2)Br,C57811424,inactive
COc1ccc(cc1)[C@@H](CNC(=O)CN2C(=O)/C(=C/c3cccs3)/SC2=S)[NH+]4CCCCC4,C38615161,inactive
c1ccc(c(c1)c2nnc(n2N)SCC(=O)N3CC[NH+](CC3)Cc4ccc(s4)Cl)Cl,C25445142,inactive
C[C@@H]1CCC[C@@H]([C@@H]1C)[NH2+][C@@H]2CC(=O)N(C2=O)c3ccc(cc3)N4C(=O)C[C@@H](C4=O)[NH2+][C@@H]5CCC[C@@H]([C@@H]5C)C,C37089022,inactive
COc1cc(ccc1OC(=O)c2ccccc2Cl)/C=N/NC(=O)CNC(=O)c3ccccc3I,C02542673,inactive
CCN(C(=O)C1CCCC1)c1cc(cc(C(=O)NCc2c(C)cc(C)[nH]c2=O)c1C)-c1ccc(nc1)N1CCN(CC2CC2)CC1,441961,active
COc1cc(cc(c1OC)OC)c2[nH]c(c([nH+]2)SCC(=O)Nc3nccs3)c4ccc(cc4)Cl,C09674143,inactive
Cn1c(cc(=O)c(c1C[NH+]2CCN(CC2)c3ccc(cc3)OC)O)C[NH+]4C[C@H]5C[C@@H](C4)c6cccc(=O)n6C5,C85879277,inactive
Cc1cc[nH+]c(c1)N[C@@H](c2cccc(c2)F)c3ccc4ccc(nc4c3O)C,C04631192,inactive
COC(=O)c1ccccc1NC(=O)/C(=C/[P+](c2ccccc2)(c3ccccc3)c4ccccc4)/NC(=O)c5ccccc5,C98229548,inactive
Cc1c(c(nn1C)c2nnc(n2c3ccc(cc3)F)SCC(=O)Nc4c(c5c(s4)CCCC5)C(=O)OC)Br,C97948943,inactive
C[NH+](C)CCN1[C@@H](/C(=C(/c2ccc(cc2)OCC=C)\O)/C(=O)C1=O)c3ccc(cc3)Br,C08903560,inactive
c1ccc(c(c1)C#N)S(=O)(=O)NCc2ccc(cc2)C(=O)Nc3ccc(cc3Cl)F,C09647062,inactive
COc1cc(C)[nH]c(=O)c1CNC(=O)c1c(C)n([C@H](C)C2CCN(CC2)C2COC2)c2ccccc12,50563822,active
c1ccc(cc1)[C@@H](CNS(=O)(=O)c2ccc(cc2)Cl)[NH+]3CCN(CC3)C(=O)c4ccc(cc4)Cl,C33737348,inactive
[H]/N=C/1\C(=C/c2ccc(cc2)OC(=O)c3ccc(cc3)Cl)\C(=O)N=C4N1C(=NS4)S(=O)(=O)C,C96459957,inactive
COc1c(cc(c(c1)OC)Br)/C=N/NC(=O)CCC(=O)N/N=C/c2c(cc(c(c2)Br)OC)OC,C98228044,inactive
CCCN1CC=C2[C@@H](C1)[C@@H](C(C(=C2C#N)N)(C#N)C#N)c3ccc(c(c3)OCC)OCC[NH+]4CCOCC4,C33716442,inactive
Cc1cc(C)c(CNC(=O)c2cc(nc3n(ncc23)C2CCC2)C2=CC(C)(C)NC(C)(C)C2)c(=O)[nH]1,325920,active
COc1ccc(cc1)NS(=O)(=O)c2ccc(cc2)OCC(=O)Nc3ccc(cc3)I,C01072597,inactive
Cn1cc[nH+]c1[C@H](c2ccc(cc2)[N-]S(=O)(=O)c3ccc4c(c3)c5ccccc5o4)O,C12428196,inactive
CC(=O)Nc1ccc(cc1)S(=O)(=O)Nc2cc(ccc2N3CC[NH+](CC3)C)C(F)(F)F,C06183004,inactive
CCCCCCOc1ccc(cc1OC)[C@H]2c3c(n[nH]c3C(=O)N2Cc4cc[nH+]cc4)c5ccccc5O,C38610105,inactive
Cc1c2c(n(n1)c3ccccn3)[NH+]=C4C(=Nc5ccccc5N4[C@@H]2c6ccc(c(c6)OC)OC)Nc7cccc(c7)C(F)(F)F,C97999792,inactive
CCN(C1C[C@@H](C)N[C@H](C)C1)c1cc(F)cc(C(=O)NCc2c(C)c(F)c(C)n(C)c2=O)c1C,601705,active
C[C@@H](c1ccc(cc1F)F)NC(=O)COC(=O)c2ccccc2NC(=O)CSc3[nH+]ccn3C,C23510945,inactive
c1cc(ccc1NS(=O)(=O)c2ccc(c(c2)Cl)F)S(=O)(=O)Nc3ccc(cc3)Cl,C03427493,inactive
Cc1cc(C)c(CNC(=O)c2cc(cc3n(ncc23)C2CCCC2)-c2cccnc2)c(=O)[nH]1,326088,active
C[C@@H]1Cc2cc(ccc2O1)/C(=C/3\[C@H](N(C(=O)C3=O)CCCn4cc[nH+]c4)c5ccc(cc5)C(C)(C)C)/O,C09359897,inactive
C[C@H](c1ccccc1)[NH2+][C@H](C)C(=O)Nc2cc(ccc2Cl)S(=O)(=O)N3CCCCC3,C09255031,inactive
Cc1cc(Cl)c(CNC(=O)c2cc(Cl)c3OC(C)(Oc3c2C)C2CCC(CC2)N2CC(C2)OC2CC2)c(=O)[nH]1,542475,active
c1c(sc(n1)[C@@H]2CCCO2)C(=O)N3CC[C@]4(CCCC[C@@H]4C3)O,C89777470,inactive
c1ccc2cc(c(cc2c1)C(=O)N3CC[NH+](CC3)Cc4ccncc4)NS(=O)(=O)c5cccs5,C25402687,inactive
C[C@@H]1CCc2c(sc(c2C(=O)N)NC(=O)[C@@H]3CCCN3S(=O)(=O)c4ccc(cc4)F)C1,C08896187,inactive
c1cc(c(cc1NC(=O)CSc2c(c(sn2)SCC(=O)Nc3ccc(c(c3)Cl)Cl)C#N)Cl)Cl,C01808148,inactive
CC(C)[C@H](c1cccs1)[NH2+]CC(=O)N2CCN(CC2)CC(=O)Nc3ccccc3C(F)(F)F,C29202698,inactive
CSc1cc(C)[nH]c(=O)c1CNC(=O)c1c(C)n([C@H](C)[C@H]2CCC(CC2)NC2COC2)c2ccccc12,574834,active
CC(=O)O[C@H]1C[C@H]2[C@@]([C@@H]3[C@@]1([C@@]45[C@@H](O4)C(=O)[C@@H]([C@@]5(CC3)C)c6ccoc6)C)([C@H](C[C@H](C2(C)C)O)OC(=O)C)C,C67911108,inactive
Cc1cc(C)c(CNC(=O)c2cc(Br)cc3n(ncc23)C2CCOCC2)c(=O)[nH]1,326133,active
CSc1cc(C)[nH]c(=O)c1CNC(=O)c1c(C)n([C@H](C)C2CCN(CC2)C#N)c2ccccc12,574889,active
CSc1cc(C)[nH]c(=O)c1CNC(=O)c1c(C)n([C@H](C)C2CCC(CC2)N2CC(F)C2)c2ccccc12,574872,active
CC(C)Cc1ccc(cc1)S(=O)(=O)N2CCC3(CC2)C(=[NH+]CCN3)NCc4cccc(c4)F,C65074866,inactive
CC(C)(C)[NH2+][C@H]1CC(=O)N(C1=O)c2ccc(cc2)C(=O)OCC(=O)c3ccc(cc3)Br,C22745052,inactive
CC(=O)Nc1c(c2c(s1)CCCC2)[C@H](c3ccccc3)[NH+]4CCN(CC4)c5ccc(cc5)F,C39853432,inactive
c1ccc(c(c1)CNC(=O)CCn2c(=O)c3c(ccs3)n(c2=O)CC(=O)NCCC4=CCCCC4)Cl,C20151590,inactive
CCOc1cc(ccc1OCC=C)[C@H]2C(=C(C(=O)N2CCCn3cc[nH+]c3)[O-])C(=O)c4ccc5c(c4)C[C@@H](O5)C,C97955808,inactive
Cc1cccc2c1[nH]c(=O)c(c2)[C@H](c3nnnn3C(C)(C)C)[NH+](Cc4ccccc4)Cc5ccc(cc5)OC,C06443899,inactive
Cc1cc(cc(c1)NC(=O)c2cccc(c2)/N=C/3\N[C@H]4CS(=O)(=O)C[C@H]4S3)C,C06738994,inactive
[H]/N=C\1/C(=C/c2cc(c(c(c2)Cl)OCCOc3cc(cc(c3)C)C)OC)/C(=O)N=C4N1N=C(S4)C(C)C,C27549914,inactive
Cc1cc(ccc1F)S(=O)(=O)[N-]c2ccc(cc2)C(=O)NC[C@H](c3ccccc3OC)[NH+]4CCCC4,C23079049,inactive
COc1ccc(cc1)n2c(=O)c3c4c(sc3nc2SCC(=O)Nc5ccc(cc5OC)OC)CCCC4,C01088237,inactive
CC(C)[C@H](c1ccc2c(c1)OCCCO2)[NH2+]CC(=O)Nc3cccc(c3)S(=O)(=O)N4CCCC4,C14237894,inactive
CCN(C1CCOCC1)c1cc(\C=C\c2cccc(CN3CCOCC3)c2)cc(C(=O)NCc2c(C)c3CCCCc3[nH]c2=O)c1C,50544773,active
CCOCCCN1[C@@H]([C@@]23C=C[C@@H](O2)[C@@H]([C@@H]3C1=O)C(=O)Nc4cccc(c4)C)C(=O)N[C@@H]5CCC[C@@H]([C@@H]5C)C,C09777260,inactive
CCCc1cc(C)[nH]c(=O)c1CNC(=O)c1cc(cc2n(ncc12)C(C)C)-c1ccc(cc1)C(F)(F)F,50536580,active
c1ccc2c(c1)C(=NC3=C([C@H](C4=C(N23)C[C@H](CC4=O)c5ccco5)c6cccs6)C#N)N,C09579540,inactive
c1ccc(cc1)N2CCN(CC2)C(=O)C3CCC(CC3)Cn4c(=O)c5ccccc5nc4SCC(=O)NC6CCCC6,C98009631,inactive
c1cc(sc1)C(=O)Oc2ccc(cc2)/C=c\3/c(=[NH2+])n-4[nH]/c(=C/C(=O)N5CCOCC5)/sc4nc3=O,C49723412,inactive
[H]/N=C\1/C(=C/c2cc(c(c(c2)Cl)OCCOc3ccc(cc3)C)OC)/C(=O)N=C4N1N=C(S4)COc5ccccc5,C08494456,inactive
c1ccc(cc1)c2csc3c2c(nc(n3)c4cccnc4)NCCc5ccc(s5)S(=O)(=O)N,C32927094,inactive
CCN(CC)S(=O)(=O)c1ccc(cc1)Nc2c(c(nc[nH+]2)Nc3ccc(cc3)Oc4ccccc4)N,C40759591,inactive
CCOc1cc(cc(c1OCc2ccccc2Cl)Br)/C=N/NC(=O)c3c(n(nn3)c4c(non4)N)COc5ccccc5,C97966629,inactive
COCCn1c(nnn1)[C@@H](c2cc3cc(ccc3[nH]c2=O)OC)[NH+](CCc4ccccc4)Cc5ccccc5,C06239087,inactive
C[C@@H]1C/C=C/C=C/[C@@H]([C@@H](C[C@@H]([C@@H]([C@H]([C@@H](CC(=O)O1)O)OC)O[C@H]2[C@@H]([C@H]([C@@H]([C@H](O2)C)O)N(C)C)O)CC=O)C)O[C@@H]3CC[C@@H]([C@H](O3)C)N(C)C,C94313165,inactive
CC1(Cc2c(c(sc2C([NH2+]1)(C)C)NC(=O)[C@H]3CCCN3S(=O)(=O)c4cccs4)C(=O)OC)C,C09505397,inactive
c1ccn2c(c1)nc(c(c2=O)/C=C/3\C(=O)N(C(=S)S3)Cc4ccc5c(c4)OCO5)NCCCn6cc[nH+]c6,C02252613,inactive
C[C@H](Oc1ccc(-c2cc3c(C4=CCNCC4)ncnc3[nH]2)cc1)c1ccccc1,CHEMBL5173004,inactive
COc1cc(cc(c1OCC#C)I)/C=N\NC(=O)Cn2c3ccccc3[nH+]c2c4c(non4)N,C33353180,inactive
CC(C)CN1C(=O)/C(=C\c2cnn(c2)C)/N=C1SCC(=O)Nc3c(c4c(s3)CCCCC4)C(=O)OC,C13959567,inactive
Cc1cc(C)c(CNC(=O)c2cc(-c3cnn(CCN4CCOCC4)c3)cc(N(C)[C@H]3CC[C@H](N)CC3)c2C)c(=O)[nH]1,CHEMBL3697442,active
C[C@H]1CCCCN1S(=O)(=O)c2ccc(cc2)C(=O)Nc3c(c4c(s3)C[NH+](CC4)C(C)C)C(=O)NC,C08920844,inactive
c1ccc2c(c1)c(c[nH]2)CC[NH2+][C@H]3CC(=O)N(C3=O)c4ccc(cc4)C(=O)OCC(=O)c5ccc(cc5)F,C22837724,inactive
c1ccc2c(c1)cccc2C[NH+]3CCN(CC3)Cc4nc5ccccc5c(=O)n4CC(=O)N,C22803654,inactive
COc1ccc(cn1)-c1cc(cc2CC3(CCCC3)Oc12)C(=O)NCc1c(C)cc(C)[nH]c1=O,359811,active
C[C@H](C[NH2+]CC[NH2+]Cc1cc(c(c(c1)Br)OCc2ccc(cc2Cl)Cl)OC)O,C23469509,inactive
CCOc1ccc(cc1)c2nnc(n2CCC(=O)NC[C@@H](c3cccs3)[NH+]4CCC(CC4)C)[S-],C27574165,inactive
C[C@@]1(C(=O)N(C(=O)N1)C[C@@H](c2ccc(cc2)Cl)O)c3ccc4c(c3)OCCCO4,C12817678,inactive
c1ccc(cc1)CCO[C@@H]2[C@H]([C@@H]([C@@H]([C@@H](O2)CO[C@@H]3[C@@H]([C@@H]([C@@H](CO3)O)O)O)O)O)O,C49600056,inactive
C[NH+](C)CCn1c2c(c(nc1=O)SCC(=O)Nc3cc(cc(c3)C(F)(F)F)C(F)(F)F)CCCC2,C09324982,inactive
Cc1c(c(n(n1)C)COc2ccc(cc2C[C@@H](C)[NH3+])Br)Br,C91324303,inactive
C[C@]12CC[C@@]34C[C@@]35CC[C@@H](C([C@H]5[C@H](C[C@H]4[C@@]1(C[C@@H]([C@@H]2[C@]6(CC[C@H](O6)C(C)(C)O)C)O)C)O)(C)C)O[C@H]7[C@@H]([C@H]([C@@H]([C@H](O7)CO)O)O)O,C08382334,inactive
CCN(CC)C(=O)CN1c2ccccc2[C@@]3(C1=O)[C@H]4[C@@H]([C@@H](N3)Cc5c[nH]c6c5cccc6)C(=O)N(C4=O)Cc7ccccc7,C29748780,inactive
Cc1ccccc1COc2ccc(cc2)C(=O)C3=C(C(=O)N([C@@H]3c4ccc(cc4)[N+](=O)[O-])CCC[NH+](C)C)O,C35445285,inactive
CCOc1cc(ccc1OCCC(C)C)[C@@H]2C(=C(C(=O)N2c3nnc(s3)SCc4ccc(cc4)Cl)O)C(=O)c5ccc6c(c5)C[C@H](O6)C,C97970360,inactive
CC[C@]1(NN(C(=[NH+]1)SCC(=O)Nc2c(c3c(s2)CCCC3)C(=O)OCC)c4ccccc4)C,C59564788,inactive
Cc1c2c(=[NH2+])n(c(nc2[nH]n1)SCC(=O)Nc3cc(ccc3OC)OC)c4cccc(c4)Cl,C02927375,inactive
c1ccc(c(c1)Oc2ccc(cc2)S(=O)(=O)N3CCC(CC3)[NH+]4CCC(CC4)Oc5cc[nH+]cc5)Cl,C98298746,inactive
Cc1cccc(c1)c2nc3c4ccccc4nc(n3n2)NCCC[NH+]5CCN(CC5)c6ccc(cc6)OC,C09831175,inactive
COc1ccccc1N2CCN(CC2)[C@H]3[C@H](O[C@H]([C@H]3O)CO)CN(Cc4ccc(cc4)F)Cc5ccc(cc5)F,C67890389,inactive
CN(C)C(=O)COc1ccc(cc1)NC(=O)[C@@H](Cc2ccccc2)NC(=O)c3ccc(cc3)Cl,C43750455,inactive
CC(C)[C@@H](C(=O)OCC(=O)Nc1c(cccc1Cl)Cl)NS(=O)(=O)c2ccc(cc2)Cl,C08881767,inactive
C[NH+]1CCc2c(sc3c2C(=[NH+][C@@H](N3)c4ccc(c(c4)OC)OC(=O)c5ccc(cc5)OC)O)C1,C20059221,inactive
Cc1ccc(cc1)CSc2nnc(s2)N3C4=C([C@H](C(=C3N)C#N)c5ccc[nH+]c5)C(=O)CC(C4)(C)C,C12447719,inactive
CC(C)n1ncc2c(cc(nc12)C1CCN(CC1)C(=O)CO)C(=O)NCc1c(C)cc(C)[nH]c1=O,325997,active
COc1ccc(cc1OC)c2cc(c(c([nH+]2)SCC(=O)c3ccc(c(c3)O)O)C#N)C(F)(F)F,C01125836,inactive
CC[C@H](C)NC(=O)c1ccccc1N2C(=O)[C@@H]3CC4=c5ccccc5=[NH+][C@H]4[C@@H](N3C2=O)c6ccc(cc6)OC,C63375993,inactive
Cc1cccc(c1)N2C[C@@H](CC2=O)C(=O)Nc3nnc(s3)SCC(=O)Nc4ccccc4F,C08905605,inactive
C[NH+]1CCN(CC1)Nc2c(c(ncn2)N3CC[NH+](CC3)C(c4ccccc4)c5ccccc5)[N+](=O)[O-],C40611880,inactive
CN1c2ccccc2[C@]3(C1=O)C(=C(C(=O)N3CCC[NH+]4CCOCC4)[O-])C(=O)c5ccc(cc5)Br,C97939529,inactive
CC1=NC(=C([C@@H](C1C(=O)Nc2ccc(cc2)Cl)c3cc[nH+]cc3)C#N)SCC(=O)Nc4ccc(cc4)Br,C11024235,inactive
COc1ccc2cc(c([nH+]c2c1)N3CCN(CC3)c4ccc(cc4)F)CNCCC[NH+]5C[C@H]6C[C@@H]5C=C6,C14888883,inactive
CCOc1ccc(cc1)[C@H](CCC(=O)N/N=C/c2cc(c(c(c2)Br)OCC=C)Cl)O,C83300489,inactive
c1cc(sc1)C(=O)Nc2ccc(cc2)NS(=O)(=O)c3ccc(c(c3)F)F,C12526248,inactive
COc1ccc(c(c1)OC)N2C(=O)C[C@H](C2=O)[NH+]3CCC(CC3)C(=O)Nc4ccccc4O,C12907415,inactive
Cc1ccccc1OC[C@@H](C[NH+](Cc2ccco2)Cc3c(nn(c3Oc4ccccc4)C)c5ccccc5)O,C36308143,inactive
Cc1cc[nH+]c(c1)NC(=O)C2[C@@H](C3C(=NC2=C)CC(CC3=O)(C)C)c4ccc(c(c4)OC)CSc5ccccc5,C08450305,inactive
CCN([C@H]1CC[C@H](CC1)C(O)=O)c1cc(Cl)cc(C(=O)NCc2c(C)cc(C)[nH]c2=O)c1C,190220,active
c1ccc2c(c1)c(=O)n(c(n2)SCC(=O)c3ccc(cc3)Br)CCCCCC(=O)NCc4ccco4,C98049296,inactive
COc1cc(cc(c1OC)OC)c2c3c([nH]n2)OC(=C([C@H]3c4ccc(cc4)C(F)(F)F)C#N)[NH3+],C01217243,inactive
c1ccc(c(c1)/C=N/Nc2[nH]nc(n2)SCCC(=O)Nc3cccc(c3)Br)O,C21040797,inactive
c1ccc(cc1)CN(Cc2ccccc2)c3c(c([nH+]cn3)N(Cc4ccccc4)c5cccc[nH+]5)N,C40709654,inactive
CCN(c1cc(-c2ccc(CN3CCC[C@@H](O)C3)cc2)cc(C(=O)NCc2c(C)cc(C)[nH]c2=O)c1C)C1CCOCC1,CHEMBL3697467,active
CC(C)n1ncc2c(cc(nc12)C1CCN(CC1)C(=O)C1CN(C)C1)C(=O)NCc1c(C)cc(C)[nH]c1=O,325914,active
c1cc(ccc1/C=C/2\C(=O)N(C(=O)N2)CC(=O)Nc3ccc(cc3)Cl)N4CCCC4,C09265127,inactive
CCNc1c(cnc(n1)c2cc(c(c(c2)Br)O)OC)I,C97627159,inactive
c1cc(ccc1CCO)N[C@H]2CC(=O)N(C2=O)c3ccc(cc3)I,C33579112,inactive
C[C@H](Cc1cccs1)[NH+](Cc2ccc(cc2)OC)CC(=O)N3CCc4c3ccc(c4)S(=O)(=O)N,C24893159,inactive
CCCC[C@H]1C[C@@](OC1=O)(C)c2csc([nH+]2)NCCNc3nc(cs3)[C@@]4(C[C@H](C(=O)O4)CCCC)C,C06481437,inactive
Cc1cc(nc(n1)/N=C(/NC(=S)Nc2ccc(cc2)C(F)(F)F)\N3CCN(CC3)c4cccc[nH+]4)C,C14159794,inactive
COc1ccc(cc1OC)CCNC(=O)c2c(c3c4c(c([nH+]c3s2)c5cccs5)CCCC4)N,C40568333,inactive
CC(=O)Nc1ccc(cc1)S(=O)(=O)Nc2c(nc3ccccc3n2)n4ccc(=[NH+]C(=O)c5ccccc5)cc4,C80843135,inactive
CC(C)(C)n1c(c2c(nc(nc2n1)NCc3ccc[nH+]c3)c4cccc(c4)Oc5ccccc5)N,C37358371,inactive
CN(CCO)Cc1cccc(c1)-c1cc(C(=O)NCc2c(C)cc(C)[nH]c2=O)c2cnn(C3CCCC3)c2c1,326096,active
C[C@H]([C@H]1c2cc(c(cc2CC[NH+]1Cc3cccc(c3)F)OC)OC)NC(=O)NC(C)C,C34855548,inactive
C[C@H](C(=O)NC1COC1)c1cnc(NC[C@H]2CC[C@H](Nc3ccc4ccnc(Cl)c4n3)CC2)nc1,CHEMBL5198844,active
CC[C@]1(CC[C@H](O1)[C@@]2(CC[C@@]3(O2)C[C@@H]([C@@H]([C@@H](O3)[C@@H](C)[C@@H]([C@@H](C)C(=O)[O-])OC)C)O)C)[C@@H]4[C@@H](C[C@@H](O4)[C@@H]5[C@@H](C[C@@H]([C@@](O5)(CO)O)C)C)C,C72186739,inactive
Cc1cc(c(c(c1)C)NC(=O)C2CCN(CC2)C(=O)[C@@H]3CC(=O)N(C3)C(C)(C)C)C,C20354650,inactive
Cc1cc(C)c(CNC(=O)c2cc(nc3n(ncc23)C2CCCC2)C2=CC(C)(C)NC(C)(C)C2)c(=O)[nH]1,325910,active
Cc1ccc(cc1C)NS(=O)(=O)c2ccc(cc2)NC(=S)NC(=O)[C@@H](C)c3ccc(cc3)CC(C)C,C66199431,inactive
[H]/N=c/1\c(cc2c(n1CCc3ccc(c(c3)OC)OC)nc4c(cccn4c2=O)C)S(=O)(=O)c5ccc(cc5)Br,C97999950,inactive
CN1[C@H]2[C@H](C(=O)N(C1=O)C)N(/C(=[NH+]/CCC3=c4ccccc4=[NH+]C3)/N2)Cc5ccc(c(c5)Cl)Cl,C63437823,inactive
COc1ccc(cc1O)[C@@H]2[C@@H]3CC=C[C@H]3c4cc(ccc4N2)S(=O)(=O)N5CCCC5,C20690292,inactive
CCCCn1c(c(c(c(c1=O)C#N)C)/C=C/2\C(=O)N(C(=S)S2)CCCCCC(=O)O)N3CCCCC3,C33813470,inactive
CCOc1ccccc1CN(C2CC([NH2+]C(C2)(C)C)(C)C)C(=S)Nc3ccc(c(c3)OC)Cl,C59188364,inactive
CN([C@H]1CC[C@@H](CC1)NC(C)=O)c1cc(cc(C(=O)NCc2c(C)cc(C)nc2=O)c1C)-c1cnn(CCN2CCOCC2)c1,514176,active
C[C@@H]1CCCC[NH+]1CCC(=O)Nc2c(c3c(s2)CCC3)C(=O)Nc4ccc(cc4)Br,C08919215,inactive
COc1ccc(cc1)n2c3c(c(n2)c4ccccc4)[C@@H](SCC(=O)N3CC(=O)NCc5cc[nH+]cc5)c6ccc(c(c6)OC)OC,C98011118,inactive
COc1cc(cc(c1OC[C@@H](c2ccc3c(c2)OCO3)O)Br)C[NH2+]C[C@@H](c4ccccc4)O,C20877064,inactive
CC(C)Oc1ccc2CCN(Cc3c(C)cc(C)[nH]c3=O)C(=O)c2c1C,50193657,active
COc1ccc(cc1)NC(=O)CSC2=NN[C@H](N2Cc3ccccc3)CC4=c5ccccc5=[NH+]C4,C63323718,inactive
CC(=O)Nc1ccc(cc1)/C=[NH+]/c2ccc(cc2)S(=O)(=O)c3ccc(cc3)/N=C/c4ccc(cc4)NC(=O)C,C98219641,inactive
c1cc(ccc1C2=C[C@H](N=N2)[C@@H]3NN[C@@H](N3[NH3+])SCC(=O)Nc4ccc(cc4Cl)Cl)F,C38989730,inactive
Cc1ccc(c(c1)C)NC2=[N+]([C@@H](CS2)C)C(=O)c3ccccc3SCC(=O)NCC4CCCCC4,C97985730,inactive
CCOC(=O)c1c2c(sc1NC(=O)/C(=C/c3c(nc4ccccn4c3=O)Oc5ccc(cc5)C)/C#N)CCCC2,C97946724,inactive
c1ccc(cc1)C(c2ccccc2)[NH+]3CCN(CC3)c4c(c(ncn4)NCCc5cccs5)N,C40730139,inactive
CCOc1cccc(c1O)[C@H]2CC(=N[C@@H]([NH2+]2)c3cc(ccc3OC)Br)c4ccc(cc4)C,C09542752,inactive
COc1ccccc1OCCOc2c(cc(cc2Cl)/C=C\3/C(=O)NC(=O)N(C3=O)c4ccc(cc4)Br)Cl,C97957765,inactive
CC[C@H](c1c2c(sc1n3cccc3)C[NH+](CC2)CC)NC(=O)Nc4cc(c(cc4OC)OC)Cl,C20386540,inactive
C[C@@H]1[C@H](N[C@@H](O1)c2ccccc2[N-]S(=O)(=O)C)C[NH+](C)CC3=c4ccccc4=[NH+]C3,C64626302,inactive
CSc1cc(C)[nH]c(=O)c1CNC(=O)c1c(C)n([C@H](C)C2CCN(CC2)C2CC(F)(F)C2)c2ccccc12,574944,active
Cc1cccc(c1)COc2ccc(cc2)C(=O)C3=C(C(=O)N([C@@H]3c4ccc(cc4)N(C)C)CCCn5cc[nH+]c5)O,C97970589,inactive
COc1cc(C)[nH]c(=O)c1CNC(=O)c1c(C)n([C@H](C)C2CCOCC2)c2ccccc12,CHEMBL3605456,active
C[C@@H](c1nc2ccccc2c(n1)Nc3cccc(c3)OC)N4CCN(CC4)S(=O)(=O)c5ccc(cc5)Cl,C98230928,inactive
Cc1c2c(n(n1)c3ccccc3)Oc4c(c(=[NH2+])n(cn4)CCc5ccc(c(c5)OC)OC)[C@H]2c6ccccc6,C13770985,inactive
COc1ccc(cc1OC)/C=N/n2c(c(c3c2nc4ccccc4[nH+]3)S(=O)(=O)c5cccs5)N,C02393148,inactive
C[C@@H](c1[nH+]c2ccccc2c(n1)NCCc3ccccc3)N4CCN(CC4)S(=O)(=O)c5ccc(cc5)Br,C98230854,inactive
Cc1cc(C)c(CNC(=O)c2cc(cc(N(CC3CCC3)C3CCOCC3)c2C)-c2ccc(CN3CCOCC3)cc2)c(=O)[nH]1,172057,active
CCOc1ccc(cc1OCC)[C@H]2C(=C(C(=O)N2CC[NH+]3CCOCC3)O)C(=O)c4ccc5c(c4)C[C@@H](O5)C,C97954429,inactive
c1ccc(cc1)C(c2ccccc2)[NH+]3CCN(CC3)CCC(=O)NNC(=O)/C=C/c4cccs4,C22785581,inactive
COc1cccc(c1)NC(=O)/C(=C/c2c3ccccc3cc4c2cccc4)/NC(=O)c5ccccc5,C03009951,inactive
CCOC(=O)C1=C(OC(=C([C@H]1c2ccc(cc2)Cl)C#N)N)CSc3c(cc4c(n3)CC[NH+](C4)C)C#N,C08448667,inactive
COc1cc(cc(c1OC[C@@H](c2ccc3c(c2)OCO3)O)Br)C[NH2+]Cc4ccc(cc4)F,C20877055,inactive
c1ccc2c(c1)cccc2CC(=O)NNC(=O)c3cccc(c3)S(=O)(=O)Nc4ccccc4Cl,C17397025,inactive
Cc1cccc(c1)COc2ccc(cc2)C(=O)C3=C(C(=O)N([C@@H]3c4ccc(cc4)C(=O)OC)CCC[NH+](C)C)O,C97952413,inactive
C[C@@H]1[NH+]=C(N2N1C(=[NH+][C@@H]2C)SCC(=O)c3ccc(cc3)F)SCC(=O)c4ccc(cc4)F,C13464516,inactive
CCOc1ccc(cc1OCC)NC(=O)C[NH+](C)CCC(=O)Nc2ccc(cc2)S(=O)(=O)N,C22198799,inactive
C[C@]1(C[C@H]([C@@H]2[C@@]([C@H]1CO)([C@H](CCC2(C)C)O[C@H]3[C@@H]([C@H]([C@@H]([C@H](O3)CO)O)O)O)C)O)O,C72320163,inactive
C[C@@]12C[C@@H](CC(C1)(C)C)[NH+](C2)CN3c4ccc(cc4/C(=N/NC(=O)COc5ccccc5OC)/C3=O)Br,C98000079,inactive
Cc1ccc(cc1)S(=O)(=O)N[C@H](CC(C)C)C(=O)NC[C@H](C)[NH+]2CCN(CC2)c3ccccc3,C32722732,inactive
c1ccc(cc1)C[C@H](C(=O)N2CCC3(CC2)c4c([nH+]c[nH]4)CCN3)NC(=O)c5ccccc5,C25106769,inactive
CCOc1ccc(cc1OCC)[C@@H]2C(=C(C(=O)N2CC[NH+]3CCOCC3)O)C(=O)c4ccc5c(c4)C[C@H](O5)C,C97954430,inactive
CCc1cc(C)[nH]c(=O)c1CNC(=O)c1cc(Cl)cc(N(CC)C2CCOCC2)c1C,CHEMBL3771372,active
COc1ccc(cc1)/C=C/C(=O)NCCC(=O)Nc2nc3c(s2)C[NH+](CC3)Cc4ccccc4,C16003192,inactive
CCN(C1CCOCC1)c1cc(cc(C(=O)NCc2c(cc(C)[nH]c2=O)C(C)C)c1C)-c1ccc(nc1)N1CCN(CC1)C1CCN(C)CC1,172180,active
COc1ccc(cc1)NC(=O)N2CC[NH+](CC2)C[C@@H](c3ccc(cc3)Cl)OCc4c(cccc4F)F,C23436673,inactive
C/C(=N/[NH+]=C(\N)/S[C@@H]1CC(=O)N(C1=O)c2cc(ccc2Cl)Cl)/c3cccs3,C59537017,inactive
CC(C)(C(=O)Nc1c(c2c(s1)C[NH+](CC2)C)c3nc4ccccc4s3)Oc5ccc(cc5)Cl,C36628734,inactive
CC[C@H]1[C@@H]([C@@H]2[C@@](O2)(/C=C/C(=O)[C@@H](C[C@@H]([C@@H]([C@H]([C@@H](CC(=O)O1)O)C)O[C@@H]3[C@@H]([C@@H](C[C@@H](O3)C)[NH+](C)C)O)CC=O)C)C)C,C38141406,inactive
CSCCC(=O)Nc1ccc2c(c1)c(c[nH]2)CC[NH+]3CCN(CC3)c4cccc(c4)C(F)(F)F,C23332998,inactive
c1cc(ccc1OCc2nnc(n2N)SCC(=O)Nc3cc4c(cc3Br)OCCO4)F,C15623719,inactive
CCN([C@H]1CC[C@@H](CC1)N(C)C)c1cc(cc(C(=O)NCc2c(C)cc(C)[nH]c2=O)c1C)-c1cnn(C)c1,172138,active
Cc1ccc(cc1C)S(=O)(=O)NNC(=O)c2ccccc2NS(=O)(=O)c3cccs3,C16150956,inactive
Cn1c2c(c(=O)n(c1=O)C)n(c([nH+]2)C[NH+](Cc3ccccc3)Cc4ccccc4)C[C@@H](CO)O,C09124150,inactive
CCN(C1CCOCC1)c1cccc2c1CCCCCCc1cc(C)[nH]c(=O)c1CNC2=O,50061978,active
COC1CC[C@@H](CC1)[C@@H](C)n1c(C)c(C(=O)NCc2c(SC)cc(C)[nH]c2=O)c2ccccc12,574859,active
CC1CC(NC(=O)c2ccc(Oc3cccc(-c4ccnnc4)c3C#N)c(Cl)c2)CC(C)(C)N1,CHEMBL3264792,inactive
CCCCCCCCCC/[NH+]=C/[C@]12CC[C@@H](C[C@]1(CC[C@@H]3[C@@H]2CC[C@]4([C@@]3(CC[C@@H]4C5=CC(=O)OC5)O)C)O)O[C@@H]6C[C@H]([C@@H]([C@@H](O6)C)O)O,C79210182,inactive
CC[C@@H](CO)Nc1c2c(c3c4c(c([nH+]c3s2)C(C)C)COC(C4)(C)C)nc(n1)SC,C09273971,inactive
[H]/N=C/1\C(=C/c2ccc(cc2)OCCCOc3ccc(cc3)Cl)\C(=O)N=C4N1C(=NS4)S(=O)(=O)C,C96459835,inactive
CC1(CC(CC([NH2+]1)(C)C)N(Cc2ccc[nH+]c2)C(=S)Nc3ccc(cc3)Oc4ccccc4)C,C05945366,inactive
CCOc1ccc(cc1)/C=N\n2c(c(c3c2nc4ccccc4[nH+]3)C(=O)NCCc5ccc(cc5)OC)N,C02250214,inactive
C[C@@H]1Cc2cc(ccc2O1)C(=O)C3=C(C(=O)N([C@@H]3c4ccc(cc4)C(=O)OC)c5nnc(s5)SCc6ccc(cc6Cl)Cl)O,C97970288,inactive
c1ccc2c(c1)ccc(c2Br)OCC(=O)N/N=C/c3cccc(c3)O,C05777194,inactive
C[C@]12CCC(=O)C=C1CC[C@H]3[C@@H]2C(=O)C[C@]4([C@@H]3CC[C@@]4(C(=O)COC(=O)CCC(=O)N[C@@H](Cc5c[nH]c[nH+]5)C(=O)OC)O)C,C70699343,inactive
CCN(C1CCOCC1)c1cc2oc(CN3CCCCC3)cc2c(C(=O)NCc2c(OC)cc(C)[nH]c2=O)c1C,458793,active
c1cc(ccc1C(=O)Nc2nc(cs2)c3cc(sc3Cl)Cl)Oc4ccc(cc4)C(=O)Nc5nc(cs5)c6cc(sc6Cl)Cl,C97961284,inactive
C[NH+](CCCNC(=O)CCc1nnc2n1c3ccccc3c(=O)n2Cc4ccccc4)Cc5ccccc5,C09673552,inactive
c1ccc2c(c1)[nH+]c(n2CCCOc3ccccc3Cl)S[C@H]4[C@H]([C@@H]([C@@H]([C@@H](O4)CO)O)O)O,C39916031,inactive
CCc1ccc(cc1)C2=N[C@@H]([NH2+][C@@H](C2)c3cc(ccc3O)Br)c4ccc(c(c4)OC)OC,C20763355,inactive
[H]/N=C\1/C(=C/c2ccc(c(c2)OC)OCCOc3ccc(cc3)[C@H](C)CC)/C(=O)N=C4N1N=C(S4)COc5ccccc5,C08494549,inactive
Cc1ccc(cc1)C(=O)Oc2ccc(cc2/C=N/NC(=O)C(=O)Nc3ccccc3C(=O)Nc4ccc(cc4)Br)Br,C04282501,inactive
Cc1cc(nc2c1cc(cc2)NC(=S)NCCCN3CCc4ccccc4C3)N5CC[NH+](CC5)C,C15961476,inactive
c1cc(sc1)CNC(=O)c2ccc(cc2)n3cc[nH+]c3SCC(=O)NCc4ccc(cc4)Cl,C96324453,inactive
c1cc2c(cc1NC(=O)CSCc3cc(=O)n4ccsc4[nH+]3)[nH]c([nH+]2)c5cc(ccc5F)F,C71938796,inactive
c1cc(cc(c1)Cl)/C=N/NC(=O)C(=O)Nc2ccc(c(c2)C(F)(F)F)Cl,C59459745,inactive
c1ccc(cc1)[C@H](c2ccc(cc2)Cl)OCCN3CCN(CC3)C(=O)[C@@H]4CS[C@H]([NH2+]4)c5cccnc5,C38545374,inactive
CCOC(=O)[C@]1(CCC[NH+](C1)Cc2cn(c3c2cccc3)CC(=O)N)Cc4ccccc4C,C12434921,inactive
CCN(c1cc(-c2ccc(C(=O)N3CCC3)cc2)cc(C(=O)NCc2c(C)cc(C)[nH]c2=O)c1C)[C@H]1CC[C@H](N(C)C)CC1,CHEMBL3701040,active
CC(C)n1ncc2c(cc(nc12)-c1cccc(CN(C)C)c1)C(=O)NCc1c(C)cc(C)[nH]c1=O,325807,active
C[C@@H](c1ccc(cc1)C(=O)CSc2nnc(s2)Nc3cccc(c3)Br)NC(=O)C,C16698860,inactive
CCOC(=O)c1c(oc2c1c(c(c3c2cccc3)O)[C@H](c4ccc(cc4)C)[NH+]5CCN(CC5)C(=O)OCC)C,C33592148,inactive
c1ccc2c(c1)[nH]c([nH+]2)SC/C(=N/NC(=O)c3cccnc3)/c4ccc(cc4)Br,C59460735,inactive
CC(C)(C#Cc1ccc(s1)C[NH+]2CCN([C@H](C2)CCO)Cc3cccc(c3)OC)O,C19790965,inactive
CCCCN1C(=O)[C@H]2[C@H]([NH2+][C@@]3([C@@H]2C1=O)c4ccccc4N(C3=O)Cc5ccccc5Cl)CCSC,C12420035,inactive
COc1ccccc1NC(=S)Nc2ccc(cc2)S(=O)(=O)Nc3cc(cc(c3)Cl)Cl,C13937373,inactive
CC(=O)N[C@@H](Cc1c[nH]c2c1cccc2)C(=O)Nc3nc(cs3)c4cc(ccc4OC)OC,C29266551,inactive
CCOC(=O)C1=C(OC(=C([C@H]1c2ccc(cc2)F)C#N)N)CSc3c(cc4c([nH+]3)CCCCC4)C#N,C00663467,inactive
C=CCOc1ccccc1C[NH+]2C[C@@H](C[C@H]2C(=O)NCc3cccnc3)Sc4[nH]c5ccccc5n4,C11967813,inactive
C[C@H](C(=O)Nc1c(c2c(s1)CCCCC2)C#N)Sc3nnc(s3)NCc4ccc(cc4)OC,C16324796,inactive
CCOc1cc(cc(c1OCc2ccccc2)Br)/C=C\3/C(=O)NC(=O)N(C3=O)c4ccc(cc4)Br,C97960570,inactive
Cc1cc(ccc1NC(=O)C(=O)NC[C@@H](c2ccc(cc2)N(C)C)[NH+]3CCc4ccccc4C3)[N+](=O)[O-],C38667062,inactive
COc1ccccc1n2c(=O)c3c(nc2SCC(=O)NCc4ccco4)n(c(=S)s3)CCc5ccccc5,C03018774,inactive
c1ccc(cc1)CN(CC(=O)Nc2ccc(cc2)N3CCN(CC3)C(=O)c4ccccc4F)C(=O)C5CCC5,C36013282,inactive
CC1CCc2cc(cc(Br)c2OC1)C(=O)NCc1c(C)cc(C)[nH]c1=O,359792,active
COc1cccc(c1)C[NH+](Cc2ccc(o2)C(c3ccc(cc3)F)(c4ccc(cc4)F)O)C[C@@H]5CCCO5,C36203381,inactive
C=C1C([C@H](C2C(=N1)CCCC2=O)c3ccc(o3)COc4ccc(cc4)C#N)C(=O)Nc5ccc(c[nH+]5)Br,C08440217,inactive
Cc1ccc(cc1)S(=O)(=O)NCC(=O)N/N=C/c2cc(ccc2OC(=O)c3ccccc3C)Br,C02532205,inactive
[H]/N=C\1/C(=C/c2ccc(c(c2)OC)OCCOc3ccc(cc3)Br)/C(=O)N=C4N1N=C(S4)c5ccccc5C,C08495190,inactive
COc1ccc(cc1)[C@@H]2[C@@H]3[C@@H](N[C@H]([C@@H](C3=O)[C@H]([NH2+]2)c4ccc(cc4)OC)c5ccc(cc5)OC)c6ccc(cc6)OC,C59641109,inactive
COc1ccc(cc1OC)[C@H](c2c(n3c(s2)ncn3)O)N4CCN(CC4)C(c5ccccc5)c6ccccc6,C97987856,inactive
Cc1ccc(c(c1)C)OCCn2cc(c3c2cccc3)/C=N\Nc4[nH+]c(nc(n4)N5CCCC5)N6CCCC6,C33680130,inactive
c1cc(ccc1F)S(=O)(=O)N[C@H]2Nc3ccc(cc3S2)C(=O)NC4=CC5=CC=N[C@@H]5C=C4,C39954675,inactive
CN1CC[NH+](CC1)CCCOc2cc3c(cc2OC)c(c(cn3)C#N)Nc4cc(c(cc4Cl)Cl)OC,C22448983,inactive
c1ccc2c(c1)[nH]c([nH+]2)SC/C(=N/NC(=O)c3cccc(c3)[N+](=O)[O-])/c4cccc(c4)Br,C59460601,inactive
CCN(C1CCC(CC1)N(C)C)c1c(CC)c(cc2n(C)ncc12)C(=O)NCc1c(OC)cc(C)[nH]c1=O,516851,active
CCCCNC(=O)[C@@H](N)CCSC[C@H]1O[C@@H](n2cnc3c(N)ncnc32)[C@H](O)[C@@H]1O,CHEMBL3397316,inactive
CN(C)c1ccc(cc1)[C@@H](CNC(=O)C(=O)Nc2ccc3c(c2)OCCO3)[NH+]4CCc5ccccc5C4,C38667048,inactive
CCCc1cc(C)[nH]c(=O)c1CNC(=O)c1cc(cc2n(ncc12)C(C)C)-c1ccc(F)cn1,50536581,active
c1ccc(cc1)[C@H](c2ccc3c(c2)[nH]c[nH+]3)NC(=O)[C@H]4CCCN(C4)S(=O)(=O)c5ccc(cc5)F,C36039819,inactive
CCCCCOc1ccc(cc1OCC)[C@H]2C(=C(C(=O)N2CCC[NH+]3CCOCC3)O)C(=O)c4ccc5c(c4)C[C@H](O5)C,C97967205,inactive
Cc1cc[nH+]c(c1)N[C@@H](c2cccc[nH+]2)c3c([nH]c4c3cc(cc4)NC(=O)c5ccccc5OC)C,C21805880,inactive
CC(C)COc1ccc(cc1)/C(=C/2\[C@H](N(C(=O)C2=O)CC[NH+](C)C)c3cccc(c3)Br)/O,C09349823,inactive
[H]/N=C\1/C(=C\c2ccc(cc2)OCCOc3cccc(c3)OC)/C(=O)N=C4N1N=C(S4)S(=O)(=O)CC,C20208204,inactive
CC(OCc1cc(F)cc(F)c1)c1c(C)c(cc2cccn12)C(=O)NCc1c(C)cc(C)[nH]c1=O,490135,active
CCOc1ccc(cc1)NC(=O)CSc2c3c(nc(n2)c4ccc(cc4)Cl)Oc5c([nH+]cc(c5C3)CO)C,C97987128,inactive
COC(c1cc(Cl)c2CCN(Cc3c(C)cc(C)[nH]c3=O)C(=O)c2c1Cl)C1(F)CCN(C)CC1,435611,active
CCOc1cccc(c1O)[C@@H]2CC(=N[C@H]([NH2+]2)c3cc(ccc3OC)Br)c4ccc(cc4)C,C09542754,inactive
CCC[NH+](C[C@H](Cc1ccccc1)O)CC(=O)N2CCc3c(ccs3)[C@@H]2COc4cccc(c4)F,C36309617,inactive
c1ccc(cc1)Cn2c(c3c(nc(nc3[nH+]2)N4CCN(CC4)CCOc5ccccc5)c6ccccc6F)N,C44854584,inactive
c1cc(c(cc1Cl)[N+](=O)[O-])NC(=O)[C@](C(F)(F)F)(OC([C@@](C(F)(F)F)(OC(C(C(F)(F)F)(F)F)(F)F)F)(F)F)F,C95100600,inactive
CCCc1cc(C)[nH]c(=O)c1CNC(=O)c1cc(cc2n(ncc12)C(C)C)-c1ccccc1,50536554,active
CCOc1ccccc1n2c3c(c(=O)n(c(n3)SCC(=O)Nc4ccc(cc4)[NH+](C)C)c5ccccc5)sc2=S,C03019030,inactive
C[C@@H](C(=O)Nc1c(cccc1F)F)S[C@@H]2NN=C(N2C3CC3)C4=c5ccccc5=[NH+]C4,C39995185,inactive
c1cc(ccc1/C=N/NC(=[NH2+])S[C@@H]2CC(=O)N(C2=O)c3ccc(cc3)Br)O,C01021261,inactive
CC[NH+](CC)C[C@H](COc1c(ccc2c1sc3c2c(=O)n4c(n3)CCCCC4)Br)O,C09943219,inactive
Cn1c(=O)c(cnc1Nc2ccc(cc2)F)c3ccc(cn3)Oc4ccnc5c4cc(c(c5)OCCC[NH+]6CCOCC6)OC,C43202030,inactive
CC(=O)N[C@H]1c2cc(cnc2N([C@@H]1C(=O)OC)CCC3=c4ccccc4=[NH+]C3)NCc5cccc(c5)F,C63985827,inactive
c1ccc2c(c1)c(c(o2)C(=O)Nc3ccccc3F)NC(=O)Cc4cccs4,C05035431,inactive
CSCC[C@@H](C(=O)N1CCC2(CC1)c3c([nH+]c[nH]3)CC[NH2+]2)NC(=O)COc4ccc(cc4)Cl,C20589581,inactive
Cc1ccc(cc1)S(=O)(=O)NC2=NC3=[NH+]C(=C[C@H](N3N2)c4ccc(cc4)F)c5ccc(cc5)Cl,C06101497,inactive
CC[C@H](C(=O)Nc1ccccc1C)Oc2c(ccc3c2sc(c3C(=O)OC)NC(=O)C)Br,C33113685,inactive
CC(=O)OCC(=O)[C@@]12[C@@H](C[C@@H]3[C@@]1(C[C@@H]([C@]4([C@H]3CC(=C5[C@@]4(CCC(=C5)OCCCl)C)C#N)F)O)C)OC(O2)(C)C,C04215327,inactive
Cc1cc(C)c(CNC(=O)c2cc(cc3n(ncc23)C2CCCC2)-c2cccc(CNCCO)c2)c(=O)[nH]1,326076,active
COc1ccc(cc1)NS(=O)(=O)c2ccc-3c(c2)C(=NO)c4c3ccc(c4)S(=O)(=O)Nc5ccc(cc5)OC,C03010360,inactive
C[C@@H]1C(=C(N=N1)C)CCC2=[NH+]C3=c4ccccc4=[NH+][C@H](N3N2)SCc5cc(=O)n6cc(ccc6n5)Cl,C63708140,inactive
CCN(c1cc(/C=C/c2ccc(CN3CCN(C)CC3)cc2)cc(C(=O)NCc2c3c(c(C)[nH]c2=O)CCCC3)c1C)C1CCOCC1,CHEMBL4647553,active
CCN(C(=O)C1CC1)c1cc(-c2cnc(N3CCN(CC4CC4)CC3)c(C)c2)cc(C(=O)NCc2c(C)cc(C)[nH]c2=O)c1C,CHEMBL4863309,active
c1[nH]nc(n1)/N=C(/[C@@](C(F)(F)F)(OC([C@@](C(F)(F)F)(OC(C(C(F)(F)F)(F)F)(F)F)F)(F)F)F)\O,C68574609,inactive
Cc1cc(Sc2ccccc2)c(CNC(=O)c2c(C)n([C@H](C)C3CCN(CC(F)(F)F)CC3)c3ccccc23)c(=O)[nH]1,CHEMBL4638163,active
CCN(CC)C(=O)CS[C@@H]1NN[C@H](O1)[C@H](CC2=c3ccccc3=[NH+]C2)NC(=O)OC(C)(C)C,C63411785,inactive
Cc1cccc(c1)COc2ccc(cc2)C(=O)C3=C(C(=O)N([C@H]3c4ccc(cc4)Cl)CCCn5cc[nH+]c5)O,C04649984,inactive
C[C@H](C(=O)Nc1ccccc1C(=O)c2ccccc2)[NH+](C)CC(=O)Nc3ccccc3Br,C16633281,inactive
CC(C)n1ncc2c(cc(nc12)C1CC1)C(=O)NCc1c(C)cc(C)nc1=O,190178,active
CC[C@H](C)n1cc(C)c2c(cc(cc12)-c1ccc(nc1)N1CCN(CCCCCCCCOc2cccc3C(=O)N(C4CCC(=O)NC4=O)C(=O)c23)CC1)C(=O)NCc1c(C)cc(C)[nH]c1=O,50582381,active
CC(C)(C)c1ccc(cc1)OCCCn2c3ccccc3nc2S[C@H]4[C@@H]([C@@H]([C@@H]([C@@H](O4)CO)O)O)O,C39916021,inactive
c1ccc(c(c1)c2ccc(o2)[C@@H]3[C@H]([C@@]([NH+]=C(N3)O)(C(F)(F)F)O)C(=O)c4ccc(cc4)Cl)[N+](=O)[O-],C09312514,inactive
c1cc(ccc1/C=N/N=C/2\NC(=O)[C@H](S2)CC(=O)Nc3ccc(cc3)Br)[N+](=O)[O-],C39843397,inactive
Cc1cc(C)c(CNC(=O)c2cc3CCOc3c(c2)-c2ccc(nc2)N2CCNCC2)c(=O)[nH]1,359768,active
COc1cc(c(cc1O)/C=C(\C#N)/C(=O)Nc2ccccc2Cl)Br,C03616023,inactive
C[NH+]1CCN(CC1)c2ccc(cc2)NC(=O)CSc3nnc(o3)c4ccc(cc4)Br,C34718556,inactive
CCOC(=O)[C@@H](Cc1cc(c(c(c1)I)Oc2ccc(cc2)OC)I)NC(=O)C,C08619209,inactive
CC(C)NC(=O)[C@H](c1ccc(cc1)Cl)N(Cc2cccs2)C(=O)CCC(=O)Nc3cccc[nH+]3,C13501382,inactive
Cc1cc(C)c(CNC(=O)c2cc(Br)c3OC(C)(C)CCc3c2)c(=O)[nH]1,359773,active
c1ccc(cc1)C(c2ccccc2)(c3ccccc3)n4c5ccc(cc5c(n4)c6cc[nH+]cc6)N,C91365325,inactive
C[C@@H](C(=O)NC(=O)NC(C)(C)C)OC(=O)CNS(=O)(=O)c1cc(ccc1Cl)C(F)(F)F,C16799873,inactive
CCOC(=O)C1=C(N=C([C@H]([C@@H]1c2ccccc2F)C#N)SCC(=O)Nc3c(cc(cc3C)C)C)O,C09015043,inactive
c1cc(ccc1c2ccc(o2)/C=C(/C#N)\C(=O)NCC[NH+]3CCCCC3)S(=O)(=O)N,C13785708,inactive
c1ccc2c(c1)[nH]c([nH+]2)Cc3ccc(cc3)N[C@@H]4CC(=O)N(C4=O)c5ccc(cc5)Br,C01133268,inactive
CCN(C1CCN(CC1)C(C)=O)c1cc2occc2c(C(=O)NCc2c(OC)cc(C)[nH]c2=O)c1C,458818,active
CC(C)NS(=O)(=O)c1ccc2c(c1)[C@@H]3C=CC[C@H]3[C@H](N2)c4ccccc4OC,C20749279,inactive
CCOc1ccc(cc1)NC(=O)C[C@@H]2C(=O)[N+](=C(S2)Nc3ccc(cc3)OC)CCc4ccc(cc4)Cl,C97960263,inactive
c1cc(oc1)/C=[NH+]/c2ccc(c(c2)Cl)NC(=O)c3ccc(cc3)C(=O)Nc4ccc(cc4Cl)/N=C/c5ccco5,C00865568,inactive
c1ccc(cc1)c2ccc(cc2)c3csc(n3)C4=C(N(CC4=O)N5CCCCC5)N,C34769706,inactive
Cc1cc2c(c(=O)o1)[C@@H](C(=C(O2)N)S(=O)(=O)c3ccccc3)c4ccc(cc4)Cl,C01402112,inactive
c1ccc2c(c1)C(=O)N([C@H](N2)c3csc(n3)c4ccc(cc4)Cl)CCC[NH+]5CCOCC5,C27865859,inactive
C[C@@H](c1nnc(n1c2ccc(cc2)Cl)S[C@@H](C)C(=O)Nc3ccccc3SC)[NH+](C)C,C22718738,inactive
CCn1c(=O)c2c3c(sc2nc1SCC(=O)Nc4ccc(cc4)S(=O)(=O)Nc5cc(nc(n5)C)C)CCCC3,C01891378,inactive
CC[NH+](CC(=O)Nc1ccc(cc1)NC(=O)C)[C@@H](C)C(=O)Nc2ccc(c(c2)C(F)(F)F)Cl,C16556819,inactive
CC[C@H](C(=O)Nc1ccccc1OC)SC2=Nc3ccccc3C4=N[C@@H](C(=O)N42)CC(=O)NCc5ccccc5,C02968238,inactive
CCN(C1CCOCC1)c1cc(cc(C(=O)NCc2c(C)cc(C)[nH]c2=O)c1C)-c1ccc(CNCCO)cc1,172092,active
c1ccc(cc1)C(c2ccccc2)N3CC[NH+](CC3)CN4c5ccccc5[C@](C4=O)([C@H]6C(=O)N=C(S6)N)O,C22804354,inactive
c1ccc(c(c1)C(=O)NC2CC2)NC(=O)CSc3nnc(n3C[C@H]4CCCO4)c5ccc(cc5)F,C09712025,inactive
c1cc(ccc1C(=O)NC(=S)Nc2ccc(cc2Br)[N+](=O)[O-])I,C14275233,inactive
c1ccc(c(c1)C[NH2+]CC(=O)CSc2nc3c(cn[nH]3)c(=O)n2c4cccc(c4)C(F)(F)F)Cl,C20663939,inactive
Cc1nc2n(n1)c(c(s2)[C@@H](c3cccc(c3)Cl)[NH+]4CCN(CC4)C(c5ccccc5)c6ccccc6)O,C22852792,inactive
C[C@@]12CC[C@H]([C@@]([C@H]1Cc3c(nc(s3)NC(=O)C4CCC4)[C@H]2CC(=O)N(C)CC#C)(C)CO)O,C04222456,inactive
COc1ccc(cc1)c2c3c([nH]n2)C(=O)N([C@H]3c4cccc(c4)Br)Cc5cc[nH+]cc5,C40344974,inactive
Cc1cccc(c1)N([C@@H](c2ccc(cc2)Cl)C(=O)NC(C)C)C(=O)CCC(=O)Nc3cccc[nH+]3,C13501374,inactive
c1ccc2c(c1)cccc2C[NH+](C[C@@H](COc3ccc(cc3Cl)Cl)O)[C@@H]4CCS(=O)(=O)C4,C40317886,inactive
COc1cc2c(NC3CCN(Cc4ccccc4)CC3)nc(NCCCN(C)C)nc2cc1OCc1ccccc1,CHEMBL5202637,inactive
Cc1cccc(c1)COc2ccc(cc2)/C(=C/3\[C@H](N(C(=O)C3=O)CCCn4cc[nH+]c4)c5ccc(cc5)O)/O,C13552439,inactive
CC[NH+]1CCC2(CC1)N=C(C(=N2)SCC(=O)Nc3ccc(cc3)Cl)c4ccc(cc4)Br,C35397216,inactive
COc1ccc(c(c1)OC)Nc2c3ccccc3[nH+]c(n2)N4CCN(CC4)S(=O)(=O)c5ccc6c(c5)OCCO6,C98009037,inactive
CC1=CC(=O)[C@H]([C@@H]2N1c3ccccc3S[C@@H](C2)c4ccsc4)C(=O)NCC5[NH+]=c6ccccc6=[NH+]5,C64084201,inactive
c1cc(ccc1[C@@H](CNC(=O)c2ccc(o2)S(=O)(=O)c3ccc(cc3)Cl)[NH+]4CCCCCC4)Cl,C40322231,inactive
CCN(C1CCOCC1)c1cc2oc(CN3CCN(C)CC3)cc2c(C(=O)NCc2c(OC)cc(C)[nH]c2=O)c1CC,50287072,active
CCOc1ccc(cc1)NC(=O)CSc2c3c(nc(n2)c4ccc(cc4)OC)Oc5c([nH+]cc(c5C3)CO)C,C08589269,inactive
CCN([C@H]1CC[C@@H](CC1)N(C)C)c1cc(cc(C(=O)NCc2c(C)cc(C)[nH]c2=O)c1C)C(C)C,190195,active
c1ccc2=[NH+]CC(=c2c1)[C@@H](CNC(=O)CNC(=O)c3ccc4c(c3)OCO4)c5ccccc5Cl,C63919965,inactive
CC(C)n1ncc2c(cc(nc12)N1CCC(CC1)N1CCNCC1)C(=O)NCc1c(C)cc(C)[nH]c1=O,325950,active
CCCCCOc1ccc(cc1OCC)[C@@H]2C(=C(C(=O)N2CC[NH+]3CCOCC3)O)C(=O)c4ccc5c(c4)C[C@@H](O5)C,C97969412,inactive
c1ccc(cc1)NC(=O)C(=S)Nc2ccccc2c3ccccc3NC(=S)C(=O)Nc4ccccc4,C20523198,inactive
CSc1cc(C)[nH]c(=O)c1CNC(=O)c1c(C)n([C@H](C)C2CCC(CC2)N2CC(C2)OC2CC2)c2ncccc12,574879,active
CCN(C1CCOCC1)c1cc(cc(C(=O)NCc2c(C)cc(C)[nH]c2=O)c1C)-c1ccc(CN2CCCOCC2)cc1,172082,active
COCCN1C(=O)[C@@H]2[C@@H]([NH2+][C@]3([C@@H]2C1=O)c4cc(ccc4NC3=O)Cl)Cc5ccc(cc5)O,C16022179,inactive
c1ccc(cc1)C(=O)NCCCC[C@H](C(=O)N/N=C/c2ccc(o2)c3cccc(c3)Cl)[NH+]4CCCCC4,C33959581,inactive
c1ccc2c(c1)c(=O)n(c(n2)SCC(=O)NCCC3=CCCCC3)CC4CCC(CC4)C(=O)NC[C@@H]5CCCO5,C98009661,inactive
Cc1cc(nc(n1)SCC(=O)N(Cc2ccc(cc2)F)[C@@H](c3ccc(c(c3)OC)OC)C(=O)Nc4ccc(cc4)OC)C,C08712667,inactive
CCOc1cc(cc(c1OCc2cccc3c2cccc3)Br)/C=N/[NH+]=C(/c4c(non4)N)\N,C13477563,inactive
CC(C)N1c2c(cc(c[nH+]2)NC(=O)[C@@H](CC3=c4ccccc4=[NH+]C3)NC(=O)OCc5ccccc5)CN1,C63160866,inactive
CC(C)(C)NC(=O)N(CC[NH+]1CCOCC1)CC(=O)N2[C@H](CC(=N2)c3cccn3C)c4ccc(cc4)Cl,C35963487,inactive
Cc1cc(C)c(CNC(=O)c2c(C)n([C@H](C)C3CCOCC3)c3ccccc23)c(=O)[nH]1,CHEMBL3605453,active
COc1ccc2=[NH+][C@@H]3[C@H](NCCC3=c2c1)[C@@H]4[C@@H](N(C(=O)NC4=O)Cc5cc(cc(c5)OC)OC)O,C63376032,inactive
Cc1cc(c(n1c2ccc(cc2)Br)C)/C=C(\C#N)/C(=O)O[C@@H](c3ccc(cc3)F)C(=O)N,C09376298,inactive
Cc1c(nc(o1)c2ccccc2NC(=O)Cc3ccccc3)CNC(=O)CCc4cc[nH+]cc4,C14993339,inactive
CCOC(=O)c1ccc(cc1)[n+]2c-3nc(n4c5ccccc5[nH]c4c3sc2=S)SCC(=O)NC6CCCCC6,C33357925,inactive
CN(C)CCCN(C)Cc1ccc(cc1)-c1cc(C(=O)NCc2c(C)cc(C)[nH]c2=O)c2cnn(C3CCCC3)c2c1,326084,active
COC(C1CN(C1)C(=O)[C@@H](C)O)c1cc(Cl)c2CCN(Cc3c(C)cc(C)[nH]c3=O)C(=O)c2c1Cl,435664,active
CCN(c1cc(/C=C/c2ccc(CN3CCOCC3)cc2)cc(C(=O)NCc2c(C)c3c([nH]c2=O)CCCC3)c1C)C1CCOCC1,CHEMBL4644328,active
CSc1cc(C)[nH]c(=O)c1CNC(=O)c1c(C)n([C@H](C)[C@H]2CCC(CC2)NC2(C)CCOC2)c2ccccc12,575034,active
c1ccc(cc1)C[NH+]2CCN(CC2)CC(=O)N/N=C/c3cc(cc(c3[O-])Br)Br,C19367254,inactive
c1ccc(c(c1)N2CCN(CC2)c3c(c([nH+]cn3)N4CCN(CC4)c5cccc(c5)Cl)N)F,C40728406,inactive
c1ccc2c(c1)OC[C@H](O2)C(=O)N3CCN(CC3)CCC(=O)Nc4c(c5c(s4)CCCC5)C#N,C13117353,inactive
c1cc(cc(c1)Br)Oc2ccc(cn2)NC(=O)N(Cc3cc[nH+]cc3)Cc4cccnc4,C78551745,inactive
CS(=O)(=O)Nc1cc(ccc1F)NC(=O)[C@@H](CC(=O)[O-])[NH3+],C85814700,inactive
CSc1cc(C)[nH]c(=O)c1CNC(=O)c1c(C)n([C@H](C)[C@H]2CC[C@@H](CC2)N2CC(C2)OC2CC2)c2ncc(Cl)cc12,50541914,active
c1cc2c(cc1Cl)c(c[nH]2)CCN3C(=O)[C@@H](NC3=O)CCC(=O)NCc4cc[nH+]cc4,C09419076,inactive
COc1ccc(cc1)c2cc(c3c([nH+]cnc3n2)N)c4ccc(cc4)Cl,C09694568,inactive
CCC[NH+](CC(=O)Nc1ccc2c(c1)nc([nH]2)C(F)(F)F)CC(=O)Nc3ccc(c(c3F)F)F,C32934515,inactive
c1ccc(cc1)C(=O)N/C(=C/c2cn(nc2c3ccc(cc3)Cl)c4ccccc4)/C(=O)NCCCn5cc[nH+]c5,C01844026,inactive
[H]/N=C\1/N(C(=O)/C(=C/c2ccc(o2)c3cccc(c3)C(F)(F)F)/S1)c4c(non4)NC(=O)C,C33387154,inactive
Cc1ccc(cc1)S(=O)(=O)NCCC(=O)Oc2ccc3c(c2)occ(c3=O)Oc4ccc(cc4)Br,C00625847,inactive
CCSc1nnc(s1)NC(=O)[C@](C(F)(F)F)(OC([C@@](C(F)(F)F)(OC(C(C(F)(F)F)(F)F)(F)F)F)(F)F)F,C95100489,inactive
CN1CCN(CC1)S(=O)(=O)c2ccc(cc2)NC(=O)c3ccc(s3)Cl,C16605730,inactive
CCN(C1CCOCC1)c1cc(cc(C(=O)NCc2c(C)cc(C)[nH]c2=O)c1C)-c1ccc(CN2C[C@@H]3C[C@H]2CO3)cc1,172062,active
CC(C)n1ncc2c(cc(nc12)C1CCNCC1)C(=O)NCc1c(C)cc(C)[nH]c1=O,325930,active
Cc1cc(nc(n1)SCC(=O)N(Cc2ccc[nH+]c2)[C@H]([C@@H]3CCC=CC3)C(=O)Nc4ccc5c(c4)OCO5)C,C01407835,inactive
c1cc(ccc1[C@H]2C(=C(C(=O)N2c3nc4ccc(cc4s3)F)O)C(=O)c5ccc(cc5)F)O,C33556005,inactive
Cc1ccc(cc1)C2=NN3C(=[NH2+])/C(=C/c4ccc(cc4)OCCOc5ccc(cc5)Br)/C(=O)N=C3S2,C97966233,inactive
CCCSc1ccccc1NC(=O)CSc2nc([nH]n2)N/N=C/c3ccc(cc3O)N(CC)CC,C59039236,inactive
CCc1ccc(cc1)NC2=Nc3ccccc3N4C2=[NH+]c5c(c(nn5c6ccccc6)C)[C@@H]4c7ccc(c(c7)OC)O,C98000221,inactive
c1ccc(cc1)C(=O)N2CCN(CC2)c3ccccc3NC(=S)NC(=O)c4cccc5c4cccc5,C32125277,inactive
CCOc1cc(cc(c1OC(C)C)I)[C@@H]2C(=C(OC3=C2C(=O)CC(C3)(C)C)[NH3+])C#N,C36612680,inactive
CC(C)CC(=O)Nc1ccc(cc1)C(=O)NNC(=S)NC(=O)CCC(=O)OCCCc2ccccc2,C13999380,inactive
c1ccc2c(c1)CCN2S(=O)(=O)c3cccc(c3)C(=O)Nc4nc(cs4)c5ccc[nH]5,C10276667,inactive
Cc1ccc(c(c1)Br)NC(=O)CSc2nnc(s2)NC(=O)C,C59041616,inactive
CC(C)n1ncc2c(cc(nc12)-c1ccc(CN2CCOCC2)cc1)C(=O)NCc1c(CN(C)C)cc(C)[nH]c1=O,325849,active
COc1ccc(cc1)C(=O)NCCc2nnc3n2nc(cc3)SCC(=O)Nc4ccc(cc4)C(F)(F)F,C97990175,inactive
c1cc(cc(c1)N2CC[NH+](CC2)[C@H]3[C@H](O[C@H]([C@H]3O)CO)CNC(=O)Nc4cccc(c4)Cl)C(F)(F)F,C67890438,inactive
CC(=O)Nc1c2cc(c[nH+]c2n(c1C(=O)OC)CCc3c[nH]c4c3cccc4)NCc5cccc(c5)O,C14744269,inactive
CC[NH+](CC)[C@H](CCCCNC(=O)c1ccccc1)C(=O)N/N=C/c2cc(ccc2OC)Br,C33959510,inactive
c1cc(ccc1C[C@@]2(C(=O)NC(=O)N(C2=O)c3ccc(cc3)Br)CCc4cc[nH+]cc4)F,C01128338,inactive
CCc1ccccc1NC(=O)Cn2c(c(c([nH+]2)SC)c3nc(no3)c4ccc(cc4)Cl)N,C46914948,inactive
Cc1cc(C2CCCC2)c(CNC(=O)c2cc(-c3ccc(N4CCN(C(C)C)CC4)nc3)cc3c2cnn3C(C)C)c(=O)[nH]1,CHEMBL4567859,active
CNCCCOc1cccc(c1)-c1cc(C(=O)NCc2c(C)cc(C)[nH]c2=O)c2cnn(C3CCCC3)c2c1,326077,active
c1ccc(c(c1)[C@@H]2[C@H]3CC=C[C@@H]3c4cc(ccc4N2)S(=O)(=O)N5CCOCC5)O,C14474038,inactive
CCOc1ccc2c(c1)sc(n2)SCC(=O)Nc3ccc(cc3)S(=O)(=O)Nc4cccc[nH+]4,C09282039,inactive
COCC[NH2+][C@@H]1C[C@H](N2[C@@H](Cc3c4ccccc4[nH]c3[C@H]2C1)C(=O)OC)c5ccc(cc5)C(F)(F)F,C20504071,inactive
CCOc1cc(ccc1OCc2ccccc2Cl)/C=N/NC(=O)Cc3nnc(s3)NC(=O)c4ccccc4C,C01900735,inactive
c1cc(ccc1CSc2ccc(o2)C=C3C(=O)NC(=O)NC3=O)Cl,C20324474,inactive
CC(C)n1ncc2c(cc(nc12)C1CCN(CC1)C(=O)CN(C)C)C(=O)NCc1c(C)cc(C)[nH]c1=O,325963,active
CCOC(=O)c1c(csc1NC(=O)CSc2nc3c(c(cs3)c4ccccc4)c(=O)n2c5ccccc5)c6ccccc6Cl,C98227420,inactive
Cc1cc(C)c(CNC(=O)c2c(C)n(C(C)c3cnn(C)c3)c3ccccc23)c(=O)[nH]1,CHEMBL3605448,active
CC(C)[C@H](C(=O)NNC(=O)c1ccc(cc1Cl)Cl)NC(=O)c2ccccc2NC(=O)c3ccc(cc3)OC,C98048254,inactive
c1ccc(cc1)/C=C/c2nc(c3c4c(sc3n2)CCCC4)NCC[NH2+][C@@H]5CCS(=O)(=O)C5,C32809988,inactive
CC(C)COc1ccc(cc1)[C@@H]2C3=C(C[C@@H](CC3=O)c4ccc(cc4)OC)Nc5ccccc5N2,C21252391,inactive
CCOC(=O)c1ccc(cc1)NC2=Nc3ccccc3N4C2=[NH+]c5c(c(nn5c6ccccc6)C)[C@@H]4c7ccccc7C,C01880117,inactive
COc1ccccc1NC(=O)CSc2nnc(n2c3ccccc3)COc4ccc(cc4)Br,C00649464,inactive
CCOC(=O)c1ccc(cc1)n2c(cc(c2C)/C=N/NC(=O)COc3ccccc3I)C,C97960981,inactive
Cc1cc(C)c(CNC(=O)c2cc(-c3ccc(N4CCN(C)CC4)nc3)cc3c2c(C)cn3C(C)C)c(=O)[nH]1,CHEMBL3909511,active
CC(C)NC(=O)[C@@H](c1ccc(cc1)Cl)N(Cc2cccs2)C(=O)CCC(=O)Nc3cccc[nH+]3,C13501383,inactive
CSc1cc(C)[nH]c(=O)c1CNC(=O)c1cc(Cl)c2OC(C)(Oc2c1C)C1CCN(CC(F)(F)F)CC1,542482,active
CN(C)CCNCc1cc(C(=O)NCc2c(C)cc(C)[nH]c2=O)c2cnn(C3CCCC3)c2c1,326155,active
c1ccc(c(c1)C[NH+]2CCN(CC2)c3ccc(cc3Cl)NC(=O)CSc4ccc(cc4)Cl)Cl,C20971600,inactive
c1cc(c(cc1/C(=N/c2ccc(cc2[NH+]3CCOCC3)N4CCOCC4)/O)[N+](=O)[O-])N,C12521953,inactive
COc1ccc(cc1)C(=O)C2=C(C(=O)N([C@@H]2c3ccc(c(c3)OC)OC)CCC4=c5ccccc5=[NH+]C4)O,C63526641,inactive
CCN(C1CCOCC1)c1cc2oc(cc2c(C(=O)NCc2c(OC)cc(C)[nH]c2=O)c1CC)C1CCN(C)CC1,458809,active
CCCOc1ccc(cc1)C(=O)C2=C(C(=O)N([C@@H]2c3ccc(c(c3)OCC)O)CCC[NH+](C)C)O,C39827052,inactive
CCOC(=O)[C@@H]1[C@@H](CC2=C(C1=O)[C@@H](C(=C(N2c3cccc(c3)F)N)C(=O)OCC)c4cccc(c4)F)c5cccs5,C98007179,inactive
c1cc2c(cc1NC(=O)c3nnc(s3)C4CCN(CC4)S(=O)(=O)c5cc(ccc5F)F)OCO2,C33273282,inactive
COc1cc(cc(c1OC)OC)NC(=O)c2c(c3ccc(nc3s2)c4cc[nH+]cc4)N,C00661171,inactive
CC[C@@]1(C[NH+]2CCc3c4ccccc4[nH]c3[C@](C[C@@H](C2)[C@H]1O)(c5cc6c(cc5OC)N([C@@H]7[C@@]68CC[NH+]9[C@H]8[C@@](C=CC9)([C@@H]([C@@]7(C(=O)OC)O)OC(=O)C)CC)C=O)C(=O)OC)O,C94307003,inactive
CC(C)(C)OC(=O)N[C@@H](CC1=c2ccccc2=[NH+]C1)[C@H]3N=N[C@@H](O3)SCc4ccc(cc4Cl)Cl,C63425571,inactive
C[NH+]1CCN(CC1)S(=O)(=O)c2ccc(cc2)NC(=S)NC(=O)c3ccc(c(c3)I)OC,C97940409,inactive
Cn1c2ccc(cc2[nH+]c1CCC(=O)Nc3ccc4c(c3)[nH+]c([nH]4)C5CCC5)S(=O)(=O)N(C)C,C72058564,inactive
CCCCN1C(=O)[C@@H]2[C@@H]([NH2+][C@]3([C@@H]2C1=O)c4cc(ccc4NC3=O)Cl)Cc5ccc(cc5)O,C09429123,inactive
CC(=O)Nc1ccc(cc1Cl)NS(=O)(=O)c2cccnc2Cl,C25453445,inactive
Cc1ccc(cc1)[C@H]2[C@@H]3C(=c4ccccc4=[NH+]3)C[C@@H]5N2C(=O)N(C5=O)c6ccc(cc6)C(=O)NCCC(C)C,C63375605,inactive
c1cc(ccc1c2csc([n+]2CCCO)Nc3ccc(cc3)OC(F)(F)Cl)S(=O)(=O)N4CCCC4,C80857560,inactive
CC(C)(C)c1ccc(s1)[C@H]2C(=C(N(C3=C2C(=O)CCC3)c4cccc(c4)C(F)(F)F)[NH3+])C#N,C25782299,inactive
c1ccc(cc1)CSc2nnc(s2)N3[C@@H](C(=C(c4ccc(cc4)F)O)C(=O)C3=O)c5ccc[nH+]c5,C09210740,inactive
Cc1ccccc1COc2ccc(cc2)C(=C3[C@H](N(C(=O)C3=O)CCCn4cc[nH+]c4)c5ccc(cc5)O)O,C09424970,inactive
c1cc(cc(c1)S(=O)(=O)NNC(=O)CSCc2nc(cs2)c3ccc(cc3)Cl)C(F)(F)F,C02142343,inactive
CCCOc1ccc(cc1OCC)[C@@H]2[C@H]3C[C@H](CC=C3C(=C(C2(C#N)C#N)[NH3+])C#N)C(C)(C)C,C19851743,inactive
CCOc1ccc(cc1)N/C(=[NH+]/C)/S[C@H]2CC(=O)N(C2=O)c3ccc(cc3)I,C59490289,inactive
c1cc2c(c(c1)Br)N(CCC2)S(=O)(=O)c3c[nH]cn3,C76018093,inactive
C[C@@H](c1[nH+]c2ccccc2n1CCCOc3ccc(cc3)Cl)NC(=O)Cc4ccc(c(c4)OC)OC,C40195127,inactive
[H]\N=C\1/C(=C/c2ccc(c(c2)OC)OCCOc3ccc(c(c3)C)Cl)/C(=O)N=C4N1C(=NS4)SC,C20114588,inactive
COc1cccc(c1)CC[NH2+][C@H]2CC(=O)N(C2=O)c3ccc(cc3)N4C(=O)C[C@H](C4=O)NCCc5cccc(c5)OC,C18203546,inactive
CN(C1CCCC1)c1cc(cc(C(=O)NCc2c(C)cc(C)nc2=O)c1C)-c1cnn(C)c1,514160,active
CCOC(=O)c1ccc(cc1)NC(=O)/C(=C/c2cccc(c2)Br)/NC(=O)c3ccco3,C27532550,inactive
Cc1ccccc1COc2ccc(cc2)C(=O)C3=C(C(=O)N([C@H]3c4ccccc4F)CCC[NH+](C)C)O,C35445567,inactive
CC[C@@H]1[C@@]([C@@H]([C@H](/C(=N\O)/[C@@H](C[C@@]([C@@H]([C@H]([C@@H]([C@H](C(=O)O1)C)O[C@@H]2C[C@]([C@@H]([C@H](O2)C)O)(C)OC)C)O[C@@H]3[C@@H]([C@H](C[C@H](O3)C)N(C)C)O)(C)O)C)C)O)(C)O,C85867249,inactive
CSc1cccc(c1)NC(=O)c2cccc(c2)/N=C/3\N[C@@H]4CS(=O)(=O)C[C@H]4S3,C21522251,inactive
Cc1ccc(c(c1)C)N2C(=O)/C(=C/c3cc(n(c3C)c4ccc(cc4)O)C)/C(=O)NC2=S,C09264456,inactive
c1ccc(cc1)C(c2ccccc2)(c3nnc(n3c4ccc(cc4)F)SC[C@H](C(F)(F)F)O)O,C08649553,inactive
CCN(c1cc(-c2cn(C)cn2)cc(C(=O)NCc2c(C)cc(C)[nH]c2=O)c1C)[C@H]1CC[C@H](N(C)C)CC1,CHEMBL3701039,active
CC(=O)Nc1ccc(cc1)NC(=O)[C@H](C2CCCC2)[NH+]3CCN(CC3)C(=O)c4cccc(c4)Br,C36311997,inactive
CCN([C@H]1CC[C@@H](CC1)N(C)C)c1cc(cc(C(=O)NCc2c(C)cc(C)[nH]c2=O)c1C)-c1ccn(C)n1,172153,active
C[C@]12CC[C@](C1(C)C)(CC2=O)C(=O)NCC[NH+](CCNC(=O)[C@@]34CC[C@@](C3(C)C)(C(=O)C4)C)CCNC(=O)[C@@]56CC[C@@](C5(C)C)(C(=O)C6)C,C97999941,inactive
c1ccc2c(c1)[nH+]c(n2CCCOc3ccc(cc3Cl)Cl)S[C@@H]4[C@@H]([C@@H]([C@@H]([C@@H](O4)CO)O)O)O,C39916036,inactive
CCOC(=O)[C@H]1CCCN(C1)C(=O)c2cccc(c2)CSc3[nH+]c(cc(n3)N4CCN(CC4)c5ccc(cc5)OC)C(C)(C)C,C98015410,inactive
CNCC(=O)N1CCC(CC1)c1cc(C(=O)NCc2c(C)cc(C)[nH]c2=O)c2cnn(C(C)C)c2n1,325985,active
COc1ccc(c(c1)F)c2c3c(n(nc3nc(n2)NCC[NH+]4CCCC4)Cc5ccccc5)N,C35929034,inactive
COc1cccc(c1)NC(=O)CSc2nnc(n2N)NN=C(Cc3ccccc3)Cc4ccccc4,C20826969,inactive
Cc1ccccc1N/C(=C/2\Cc3cc(c(cc3\C2=[NH+]/CCC4=c5cc(ccc5=[NH+]C4)OC)OC)OC)/[S-],C63626169,inactive
Cc1cc(C)c(CNC(=O)c2cc3CC(C)(C)Oc3c(c2)C(F)(F)F)c(=O)[nH]1,359734,active
Cc1ccc(cc1)C2=NN([C@@H](C2)c3ccc(cc3)Br)C(=[NH2+])S[C@@H]4CC(=O)N(C4=O)c5ccc(cc5)C(=O)[O-],C59823998,inactive
CNC(=O)c1c2c(sc1NC(=O)c3ccc(s3)Cl)CN(CC2)C(=O)OC,C05255408,inactive
c1cc[nH+]c(c1)NC(=S)NC(=O)COc2ccc3cc(ccc3c2Br)Br,C12500107,inactive
CCCc1nnc2n1N[C@@H]([C@H](S2)C(=O)Nc3ccccc3C(F)(F)F)c4ccc(cc4)OCC,C09294998,inactive
C/C(=N/Nc1[nH+]c2c(n1Cc3cccc(c3)Br)c(=O)[nH]c(=O)n2C)/c4ccc(cc4)Cl,C05295058,inactive
CCN([C@H]1CC[C@@H](CC1)N(C)C)c1cc(cc(C(=O)NCc2c(C)cc(C)[nH]c2=O)c1C)-c1ccc(cc1)S(C)(=O)=O,172143,active
CCCOc1ccc(cc1)N2C(=O)C[C@@H](C2=O)SC(=[NH2+])N3[C@@H](CC(=N3)c4ccc(cc4)C)c5ccc(cc5)Cl,C59706171,inactive
CCN(C1CCC(CC1)N1CCN(C)CC1)c1c(CC)c(cc2n(C)ncc12)C(=O)NCc1c(C)cc(C)[nH]c1=O,516859,active
c1cc(cc(c1)Cl)C(=O)N2[C@H]3CCCC[C@@H]3C[C@@H]2C(=O)Nc4ccc5c(c4)CC(=O)N5,C79103436,inactive
COc1ccc(cc1CSc2nc3ccc(cc3s2)NC(=O)CSc4nnnn4c5ccccc5)[N+](=O)[O-],C33353623,inactive
c1cc(sc1)[C@H](c2ccc3c(c2)CCCC3)NC(=O)c4ccc5c(c4)OCC(=O)N5,C40013224,inactive
COc1cccc(c1OC)[C@@H]2C3[C@@H](N[C@H](C(C3=O)[C@H](N2)c4cccc(c4OC)OC)c5cccc(c5OC)OC)c6cccc(c6OC)OC,C95100684,inactive
c1ccc(c(c1)NC(=O)N2CCC[C@@H]2c3nnc(s3)C(=O)Nc4cccc(c4)Cl)F,C64930738,inactive
CCCc1cc(C)[nH]c(=O)c1CNC(=O)c1cc(F)cc(N(CC)C2C[C@@H](C)N[C@H](C)C2)c1C,601709,active
CCOc1ccc(cc1)NC(=O)C[C@H]2C(=O)N(C(=S)N2CCC[NH+]3CCC(CC3)C(=O)N)c4ccc(cc4)F,C98005926,inactive
C[C@@H]([C@H](c1cccs1)[NH+]2CCN(CC2)c3ccc(cc3)F)NC(=O)c4cc(c(c(c4)OC)OC)OC,C09611866,inactive
Cc1ccccc1C(=O)N[C@](C(=O)OC)(C(F)(F)F)Nc2ccc(c[nH+]2)Br,C02050454,inactive
Cc1c2c(n[nH]1)OC(=C([C@H]2c3ccc(c(c3)COc4cc(ccc4[N+](=O)[O-])F)OC)C#N)[NH3+],C01005632,inactive
COc1ccc(cc1)c2c([nH+]c([nH]2)c3ccc(c(c3)OC)OC)SCC(=O)Nc4ccc5c(c4)OCO5,C09674205,inactive
COc1cccc(c1OCc2ccccc2Cl)[C@@H]3c4c(n[nH]c4OC(=C3C#N)[NH3+])c5ccccc5,C20274643,inactive
COc1ccc(cc1)C(=O)Oc2ccc3ccccc3c2/C=N/NC(=O)CNC(=O)c4ccccc4I,C04302625,inactive
[H]/N=C(\NCCC[C@H](C(=O)OCC=C)[NH3+])/NS(=O)(=O)c1c(c(c2c(c1C)CC(O2)(C)C)C)C,C71788302,inactive
Cc1ccc(cc1)OCCC(=O)Oc2ccc(cc2OC)[C@@H]3C4=C(CC(CC4=O)(C)C)c5c6ccc[nH+]c6ccc5N3,C53253827,inactive
CC(=O)Nc1ccc(cc1)S(=O)(=O)Nc2cc(c(cc2Cc3c4cc(c(cc4cc[nH+]3)OC)OC)OC)OC,C06238701,inactive
C[C@@H]1CCC[C@H]([C@@H]1C)NC(=O)[C@@H]2[C@@]34C=C[C@@H](O3)[C@@H]([C@@H]4C(=O)N2C(C)(C)C)C(=O)Nc5cccc(c5)SC,C36066225,inactive
C[C@H](CNC(=O)c1ccc(cc1)S(=O)(=O)Nc2ccc(cc2)OC)[NH+]3CCc4ccccc4C3,C25636743,inactive
CC(C)(C(=O)N[C@@H](COCc1ccccc1)C(=O)N2CCC3(CC2)CN(c4c3cccc4)S(=O)(=O)C)[NH3+],C13493966,inactive
c1cc(cc(c1)Br)/C=N\NC(=O)C(=O)Nc2ccc(cc2Cl)Cl,C33348492,inactive
CCCc1cc(C)[nH]c(=O)c1CNC(=O)c1cc(nc2n(ncc12)C(C)C)-c1ccncc1,50594110,active
CSc1cc(C)[nH]c(=O)c1CNC(=O)c1c(C)n([C@H](C)C2CCN(CC2)C2CC2)c2ncccc12,574874,active
Cc1cc(C)c(CNC(=O)c2cc(Br)nc3c2cnn3C2CCCC2)c(=O)[nH]1,CHEMBL3770438,active
c1cc(ccc1S(=O)(=O)N[C@@H](CO)C(=O)OCC(=O)C23CC4CC(C2)CC(C4)C3)Br,C12541334,inactive
COCCN[C@H]1C[C@H]([NH+]2[C@@H](Cc3c4ccccc4[nH]c3[C@H]2C1)C(=O)OC)c5cccc(c5)OC,C12603273,inactive
CCOC[C@@H](C)n1c(C)c(C(=O)NCc2c(SC)cc(C)[nH]c2=O)c2ccccc12,574882,active
CSc1cc(C)[nH]c(=O)c1CNC(=O)c1c(C)n([C@H](C)[C@H]2CC[C@@H](CC2)NC2COC2)c2ccccc12,50541905,active
CC(C)n1ncc2c(cc(nc12)C1=CCN(CC1)C(=O)CCN(C)C)C(=O)NCc1c(C)cc(C)[nH]c1=O,325967,active
CCOc1ccc(cc1)NC(=O)CSc2c3c(nc(n2)c4ccccc4F)Oc5c([nH+]cc(c5C3)CO)C,C97987144,inactive
COc1cc(ccc1OC(=O)c2ccc(cc2)Cl)/C=N/NC(=O)C(=O)Nc3ccc(cc3)Br,C02506400,inactive
COc1cc(C)n(C)c(=O)c1CN1CCN(C)c2c(Cl)cc(-c3c(C)noc3C)c(Cl)c2C1=O,CHEMBL5074685,active
c1ccc2c(c1)c(nn(c2=O)CC(=O)Nc3cccc(c3)/C=C/c4cccc[nH+]4)C(=O)N,C09469734,inactive
C[C@H](C(=O)N1CCC2(CC1)c3c(nc[nH]3)CC[NH2+]2)NC(=O)COc4ccc(cc4)Cl,C08739760,inactive
CC(C)[C@H]1[C@@H]2[C@@H](C(=O)N(C2=O)CCc3ccc(c(c3)OC)OC)[C@]4([NH2+]1)c5cc(ccc5NC4=O)Cl,C13575019,inactive
Cc1cc(c(c(c1)C)NC(=O)CSC2=C([C@@H]([C@H]3C(=N2)CCCC3=O)c4ccc(c(c4)OC)O)C#N)C,C09075598,inactive
CN(C)Cc1ccc(cn1)-c1cc(N(C)C2CCOCC2)c(C)c(c1)C(=O)NCc1c(C)cc(C)[nH]c1=O,172026,active
Cc1cc(C)c(CN2CCc3ccc(O[C@@H]4CCOC4)c(Cl)c3C2=O)c(=O)[nH]1,CHEMBL3967105,active
c1ccc(cc1)CN2CC[NH+](CC2)[C@H](c3ccc(cc3Cl)Cl)c4c(n5c(s4)nc(n5)c6ccco6)O,C22795454,inactive
COC(C1CS(=O)(=O)C1)c1cc(Cl)c2CCN(Cc3c4occc4c(C)[nH]c3=O)C(=O)c2c1Cl,378913,active
CC(C)Sc1nnc(s1)N2C3=C([C@@H](C(=C2N)C#N)c4ccc(o4)COc5ccc(cc5)[N+](=O)[O-])C(=O)CCC3,C98007266,inactive
CCOC(=O)[C@H](Cc1ccccc1)NC(=O)CSc2nc3c(n2Cc4ccc(cc4)Cl)c(=O)n(c(=O)n3C)C,C33354962,inactive
Cc1cc[nH+]c(c1)N[C@@H](c2ccccc2Cl)c3c(c(sc3NC(=O)c4ccco4)C)C,C38547568,inactive
CCOc1ccc(c(c1)[N+](=O)[O-])c2ccc(o2)/C=C\3/C(=[NH2+])N4C(=[NH+]SC4=NC3=O)SCC(C)C,C20238945,inactive
c1ccc(cc1)c2c3c([nH]n2)C(=O)N([C@H]3c4ccc(cc4)OCc5ccc(cc5)Cl)CC[NH+]6CCOCC6,C40339796,inactive
COc1ccc(c(c1)c2cc(c3c(c(sc3[nH+]2)C(=O)c4ccc5c(c4)OCCO5)N)C(F)(F)F)OC,C09557687,inactive
CN(C1CCNCC1)c1cc(cc(C(=O)NCc2c(C)cc(C)nc2=O)c1C)-c1cnn(CCN2CCOCC2)c1,514166,active
CN(C)C1CCC(CC1)C1(C)Oc2c(O1)c(C)c(cc2Cl)C(=O)NCc1c(C)cc(C)[nH]c1=O,50590376,active
CCN(C1CCOCC1)c1c(C)c(cc2nn(C)cc12)C(=O)NCc1c(OC)cc(C)[nH]c1=O,516875,active
Cc1ccc(cc1)S(=O)(=O)/N=C(/C[NH+]2CCCCC2)\N3CCN([C@H]3c4ccc(cc4)OC)S(=O)(=O)c5ccc(cc5)C,C97961125,inactive
COC(=O)[C@@H]1Cc2c3ccccc3[nH]c2[C@H]4N1[C@@H](C[C@H](C4)[NH2+]C5CC5)c6ccc(cc6)OC(F)(F)F,C12603018,inactive
c1cc(ccc1C(C(F)(F)F)(C(F)(F)F)O)NC(=O)c2cc(ccc2Cl)[N+](=O)[O-],C02983405,inactive
CC[NH+]1C[C@@]2(CC[C@@H]([C@@]34[C@@H]2C[C@@H]([C@H]31)[C@]56[C@H]4C[C@@H]([C@H](C5)C(=C)[C@H]6OC(=O)c7ccccc7)O)OC(=O)c8ccccc8)C,C85902204,inactive
Cc1cccc(c1)NS(=O)(=O)c2ccc(c(c2)NS(=O)(=O)c3ccc(c(c3)F)C)C,C71974493,inactive
c1ccc(cc1)[C@H]2C/C(=N\NC(=O)C[C@@H]3CCS(=O)(=O)C3)/c4ccccc4O2,C07751751,inactive
COc1ccc(c(c1)OC)NC(=O)C2(CCSCC2)N(Cc3ccc[nH+]c3)C(=O)CN4C[C@@H](NC4=S)c5ccccc5,C08695956,inactive
Cc1c2c(cc(/c(=[NH+]/c3cc(ccc3OC)Cl)/o2)C(=O)Nc4cccc(c4)C(F)(F)F)c(cn1)CO,C20617287,inactive
CC[C@@H](c1nnnn1Cc2ccco2)[NH+](CCc3cccc(c3)C)Cc4cc5cc(ccc5[nH]c4=O)OCC,C13495960,inactive
c1ccc2c(c1)c(c[nH]2)CCNC(=O)Cc3ccc(cc3)NC4=N[C@@H]5CS(=O)(=O)C[C@H]5S4,C09860563,inactive
COc1ccc(cc1)C2=CCN(CC2)C(=O)C3=NN([C@@H](C3)C(=O)N)c4ccccc4,C60883328,inactive
c1ccc(cc1)C(c2ccccc2)[NH+]3CCN(CC3)CCC(=O)N/N=C/c4cc(ccc4O)Br,C19363143,inactive
c1ccc2c(c1)cccc2Oc3c(c(ncn3)NNC(=O)c4ccccc4Br)N,C40683303,inactive
Cc1ccc(cc1)NC(=O)c2ccccc2NC(=O)C(=O)N/N=C/c3ccc(cc3)OC(=O)/C=C/c4ccccc4,C04260927,inactive
CCN(c1cc(/C=C/c2ccc(CN3C[C@@H]4C[C@H]3CO4)c(F)c2)cc(C(=O)NCc2c(C)c3c([nH]c2=O)CCCC3)c1C)C1CCOCC1,CHEMBL4633092,active
c1ccc(c(c1)C[NH2+][C@H]2CC(=O)N(C2=O)c3ccc(cc3)C(=O)OCC(=O)c4ccc(cc4)Cl)Cl,C22835364,inactive
c1ccc2c(c1)CN[C@]3(CCN(C3)C(=O)Cc4cccs4)C(=N2)NC5CCCC5,C65265876,inactive
c1ccc(cc1)CCNC(=O)CSc2nc3c(c(=O)n2c4ccc(cc4)F)sc(=S)n3Cc5ccco5,C03043190,inactive
c1ccc(c(c1)COc2ccccc2/C=N/NC(=O)CSc3nnc(n3N)c4ccccc4O)Cl,C58991767,inactive
COc1ccc(cc1OC)[C@H](C(=O)NC2CCCCC2)N(c3ccc(cc3)F)C(=O)[C@@H]4COc5ccccc5O4,C00930852,inactive
c1ccc2c(c1)c(cc(=O)o2)NCCN3CC[NH+](CC3)[C@H](c4c[nH]c5c4ccc(c5)Cl)C(=O)[O-],C31809485,inactive
Cc1cccc(c1OCCOc2ccc(cc2)/C=C\3/C(=[NH2+])N4C(=[NH+]SC4=NC3=O)S(=O)(=O)C)C,C20205908,inactive
c1ccc(c(c1)/C=N\NC(=O)COc2ccc(cc2)I)O,C96838710,inactive
c1ccc(cc1)c2c3c([nH]n2)C(=O)N([C@@H]3c4ccc(cc4)OCc5ccccc5Cl)CC[NH+]6CCOCC6,C40339755,inactive
COc1ccc(cc1OC)/C=N/NC(=O)CSc2nnc(n2c3ccccc3)c4ccc(cc4)Br,C01876041,inactive
Cc1ccc(c(c1)C)NC(=O)C2=C([NH+]=C3N([C@H]2c4ccc(cc4)NC(=O)c5cccc(c5)F)CCCS3)C,C33748763,inactive
c1cc(ccc1NC(=O)[C@H]2[C@H]3C=C[C@@]4([C@@H]2C(=O)N([C@@H]4C(=O)NC5CCCCC5)CCC[NH+]6CCCCC6)O3)Cl,C38147199,inactive
c1ccc(cc1)[C@H](CCC(=O)N/N=C/c2cn(c3c2cccc3)Cc4ccc(c(c4)Cl)Cl)O,C83326273,inactive
Cc1ccc(cc1)S(=O)(=O)N/[NH+]=c\2/c(cc3cc(ccc3o2)[N+](=O)[O-])C(=O)Nc4ccccc4Cl,C59170574,inactive
CCOC(=O)c1c2c(sc1NC(=O)CCCS(=O)(=O)c3ccccc3)C[NH+](CC2)Cc4ccccc4,C36718227,inactive
C[C@H]1C(=O)Nc2cc(ccc2O1)NC(=O)c3ccc(cc3)NC(=O)CSc4[nH+]ccn4C,C09549675,inactive
CCn1c(nnc1SC/C(=N/c2nncs2)/O)[C@H](C)/[NH+]=C(/c3ccccc3Br)\O,C09289755,inactive
Cc1ccc(cc1NC(=O)C(=O)NC[C@@H](c2ccc(cc2)N(C)C)[NH+]3CCc4ccccc4C3)[N+](=O)[O-],C38667066,inactive
CCOCCCN1C(=O)/C(=C/2\c3ccccc3N(C2=O)CC(=O)Nc4c(n(n(c4=O)c5ccccc5)C)C)/SC1=S,C98217088,inactive
Cc1cc(C)c(CNC(=O)c2cc3CC(C)(C)Oc3c(F)c2)c(=O)[nH]1,359733,active
c1ccc2cc(ccc2c1)OCC(=O)Nc3cccc([nH+]3)NC(=O)COc4ccc5ccccc5c4,C08450728,inactive
CCCn1c2ccc(cc2[nH+]c1SCc3nc(no3)c4cccc(c4)C(F)(F)F)S(=O)(=O)N,C36648252,inactive
c1ccc(cc1)C(c2ccccc2)C(=O)Nc3ccc(cc3)S(=O)(=O)/N=C/4\CCCCCN4,C14866648,inactive
[H]/N=C\1/C(=C/c2cccn2c3cc(c(cc3OC)OC)Cl)/C(=O)N=C4N1N=C(S4)C(F)(F)F,C41076311,inactive
CC1(C)CC(NC(=O)c2ccc(Oc3ccccc3C#N)c(C#N)c2)CC(C)(C)N1,CHEMBL3264777,active
C[C@H](c1ccccc1)Nc2c(c(ncn2)N3CC[NH+](CC3)C(c4ccccc4)c5ccccc5)N,C40729772,inactive
Cc1cc(c(n1c2ccc(cc2)O)C)/C=C\3/C(=O)N(C(=O)N3)c4cccc(c4)Cl,C34705203,inactive
CC(=O)Nc1cccc(c1)NC(=O)[C@@H](CC2=c3ccccc3=[NH+]C2)NC(=O)c4cccs4,C63182477,inactive
CC(C)c1ccc(cc1)S(=O)(=O)N2CCC3(CC2)C(=[NH+]CCN3)NCc4ccc(cc4)Cl,C65074845,inactive
C[C@@H](c1nc2ccccc2c(n1)NCc3ccccc3OC)N4CCN(CC4)S(=O)(=O)c5ccc(cc5)Br,C98230848,inactive
CC[NH+]1CCN(CC1)c2cc(c3cc(ccc3n2)NC(=S)NCCN4CCN(CC4)c5ccccc5F)C,C20153667,inactive
Cc1ccc(cc1)S(=O)(=O)NNC(=O)[C@](C(F)(F)F)(OC([C@@](C(F)(F)F)(OC(C(C(F)(F)F)(F)F)(F)F)F)(F)F)F,C95100620,inactive
CCCc1cc(C)[nH]c(=O)c1CNC(=O)c1cc(Br)cc2c1cnn2C(C)C,CHEMBL4584071,active
COc1ccc(cc1NC(=S)N[C@@H](C(Cl)(Cl)Cl)NC(=O)c2ccccc2I)[N+](=O)[O-],C98223213,inactive
C[C@H]1Cc2cc(ccc2O1)C(=O)C3=C(C(=O)N([C@@H]3c4cccc(c4)Oc5ccccc5)CCCn6cc[nH+]c6)O,C97955611,inactive
COc1cc(C)[nH]c(=O)c1CN1CCN(C)c2c(Cl)cc(c(Cl)c2C1=O)-c1ccc(cc1)N1CCOCC1,50586168,active
COc1ccccc1OCCCOc2ccc(cc2)/C=C\3/C(=[NH2+])N4C(=NC3=O)SN=C4S(=O)(=O)C,C20206136,inactive
Cc1cc[nH+]c(c1)n2c(=O)c3ccccc3[nH+]c2SCC(=O)Nc4c(cccc4C(C)C)C,C36849867,inactive
COc1ccc(cc1)S(=O)(=O)N[C@H]2Nc3ccc(cc3S2)C(=O)NC4[NH+]=c5ccccc5=[NH+]4,C63280070,inactive
CS(=O)(=O)c1ccccc1C(=O)N2CCc3c(c4ccccc4[nH]3)C2,C23757741,inactive
Cc1ccc(cc1)c2[nH]c(c([nH+]2)S(=O)(=O)c3ccccc3)SCC(=O)Nc4ccc(cc4)C(=O)OC,C12252341,inactive
CCc1c(cc2occc2c1C(=O)NCc1c(OC)cc(C)[nH]c1=O)N(CC1CC1)C1CCN(CC(F)(F)F)CC1,458827,active
c1ccc(cc1)CCOc2ccc(cc2Br)C(=O)NC(=S)NNC(=O)Cc3ccccc3,C14767149,inactive
Cc1cc(C)c(CNC(=O)c2cccc3n(ncc23)C2CCCC2)c(=O)[nH]1,326168,active
CCCOC(=O)c1ccc(cc1)NC(=O)C[C@@H]2C(=O)N(C(=S)N2NC(=O)c3cccc(c3)OC)c4ccc(cc4)Cl,C97995811,inactive
CCOC(=O)c1c2c(sc1NC(=O)CS(=O)(=O)c3ccc(cc3)OC)C([NH2+]C(C2)(C)C)(C)C,C10023656,inactive
CCOC(=O)c1c(csc1NC(=O)CSc2n[nH+]c(n2CC=C)C3CCCCC3)c4cccs4,C25391432,inactive
CCN(C(=O)C1CC1)c1cc(-c2cnc(N3CCN(CC4CC4)CC3)cc2C)cc(C(=O)NCc2c(C)cc(C)[nH]c2=O)c1C,CHEMBL4872040,active
CCOc1cccc(c1O)[C@@H]2CC(=N[C@H]([NH2+]2)c3ccc(cc3)Br)c4cccc(c4)OC,C20763650,inactive
CCCCN(CC)S(=O)(=O)c1ccc(cc1)C(=O)Nc2c(c3c(s2)C[NH+](CC3)CC)C(=O)OC,C03007006,inactive
CCN(C1CCOCC1)c1cc2oc(CN3CCOCC3)cc2c(C(=O)NCc2c(OC)cc(C)[nH]c2=O)c1CC,50287307,active
Cc1ccc2=[NH+]CC(=c2c1)CCN3C[C@@H](CC3=O)C(=O)N[C@@H]4[NH2+][C@@H]5CC(CC(=O)[C@@H]5S4)(C)C,C64538146,inactive
c1ccc(cc1)c2c3c(n(n2)c4ccc(cc4)F)N(C(=O)CS[C@H]3c5ccccc5F)CC(=O)NCc6cc[nH+]cc6,C98011197,inactive
COc1ccccc1NC(=S)N[C@@H](C(Cl)(Cl)Cl)NC(=O)Cc2ccc(c(c2)OC)OC,C01233000,inactive
Cc1ccc(c2c1sc(n2)N(CCC[NH+](C)C)C(=O)c3ccc(cc3)S(=O)(=O)N4CCc5ccccc5C4)OC,C64712081,inactive
c1ccc2=[NH+]CC(=c2c1)CCNC(=O)c3ccc(cc3)[N-]S(=O)(=O)C4=C(S[C@H](C4)Cl)Cl,C63240688,inactive
CCN(c1cc(Cl)cc(C(=O)NCc2c(CCN(C)C)cc3n(c2=O)NCC3)c1C)[C@H]1CC[C@H](N(C)C)CC1,CHEMBL5208822,active
CCOc1ccc(cc1)NC(=O)[C@H]2CC(=O)N(/C(=N\c3ccc(cc3)F)/S2)CCc4ccc(c(c4)OC)OC,C97959712,inactive
C[C@H]1Cc2cc(ccc2O1)C(=O)C3=C(C(=O)N([C@H]3c4ccc(cc4Cl)Cl)CC[NH+]5CCOCC5)O,C35005337,inactive
Cc1ccc(cc1)C(=O)COC(=O)c2ccc(cc2)N3C(=O)C[C@H](C3=O)[NH2+]CCc4c[nH]c5c4cccc5,C22833809,inactive
c1cc(cc(c1)F)[C@@H]2C(=O)NCCN2C(=O)c3ccc4c(c3)scn4,C97813843,inactive
CCc1c(cc(c([nH+]1)SCC2=C([C@H](C(=C(O2)N)C#N)c3cccc(c3)F)C(=O)OCC)C#N)C,C00705883,inactive
C[C@@H]1C[C@@H](n2c(c(cn2)c3n[nH]c(=S)n3[C@@H](C)c4ccccc4)N1)C(F)(F)F,C08534465,inactive
COC(=O)C1=C(OC(=C([C@@H]1c2cc[nH+]cc2)C#N)N)CSc3c(cc4c([nH+]3)CCCCCC4)C#N,C16189660,inactive
CC(=C)C1(C)Cc2cc(cc(Br)c2O1)C(=O)NCc1c(C)cc(C)[nH]c1=O,359833,active
CCCc1cc(C)[nH]c(=O)c1CNC(=O)c1cc(-c2ccc(N3CCC(N(C)C)CC3)nc2)cc(N(CC)C2CCOCC2)c1C,CHEMBL3701052,active
COc1ccc(cc1OC)[C@H](CC(=O)N2CCN(CC2)c3nc4ccc(cc4c(n3)c5ccccc5)Br)N,C98009751,inactive
CN(C)Cc1ccc(cc1)-c1cc(N(C)[C@@H]2CC[C@@H](CC2)NC(C)=O)c(C)c(c1)C(=O)NCc1c(C)cc(C)nc1=O,172034,active
c1cc(ccc1C(=O)Nc2nnc(s2)SCC(=O)Nc3cc(ccc3Cl)C(F)(F)F)Br,C97961358,inactive
CN(C)c1ccc(cc1)NC(=O)C2(CCSCC2)N(Cc3ccco3)C(=O)CN4C[C@@H](NC4=S)c5ccccc5,C08695962,inactive
CC1(C)CC(CC(C)(C)N1)NC(=O)c1ccc(Oc2ccccc2C#N)c(c1)C1CC1,50010814,active
C[C@H]1C(=O)N[C@H](C(=O)N1c2cc(ccc2Br)OC)C(C)C,C88331115,inactive
CCOc1ccccc1N2CCN(CC2)CN3C(=S)N([C@@H](N3)C4=c5ccccc5=[NH+]C4)C[C@H]6CCCO6,C63245260,inactive
c1ccc(cc1)OC[C@H](C[NH+](Cc2ccc(o2)c3cc(ccc3Cl)Cl)[C@@H]4CCS(=O)(=O)C4)O,C40312669,inactive
c1ccc(c(c1)C(=O)N2CCCC2)NC(=O)c3ccc(cc3)C(=O)Nc4ccccc4C(=O)N5CCCC5,C13996536,inactive
C[NH+](C)[C@H](Cc1ccccc1)CNC(=O)c2ccc(cc2)NS(=O)(=O)c3cccs3,C25155716,inactive
COc1ccccc1N(CCC(=O)N)C(=O)C[NH+]2CCC(=CC2)c3c[nH]c4c3cccc4,C89473790,inactive
c1cc(cc(c1)Cl)C(=O)N2[C@H]3CCCC[C@H]3C[C@@H]2C(=O)Nc4ccc5c(c4)CC(=O)N5,C79103445,inactive
COCCNC(=O)[C@@H]1C[C@@H](C[NH+]1Cc2ccccc2Cl)NCc3ccc(c4c3cccc4)OC,C19743297,inactive
CCN(C1CCOCC1)c1cc(cc(C(=O)NCc2c(C)cc(C)[nH]c2=O)c1C)-c1ccc(NC(=O)CCCCCCCNC(=O)C[C@@H]2N=C(c3c(C)c(C)sc3-n3c(C)nnc23)c2ccc(Cl)cc2)cc1,50605638,active
c1ccc(cc1)c2cc([nH+]c(c2C#N)SCC(=O)Nc3ccc(c(c3)[N+](=O)[O-])Cl)c4ccccc4,C06474296,inactive
CC(C)[C@@H](C(=O)NCc1ccco1)NC(=O)[C@@H]2CC3=c4ccccc4=[NH+][C@H]3[C@@H]5N2C(=O)c6c5cccc6,C63376159,inactive
Cc1c(c([nH]c1C(=O)OC)C)/C(=C/2\[C@@H](N(C(=O)C2=O)CCC[NH+](C)C)c3ccc(cc3)Br)/O,C09073738,inactive
c1ccc(cc1)[P+](c2ccccc2)(c3ccccc3)c4c(oc(n4)c5ccc(cc5)Cl)NN,C97976821,inactive
c1c(c(sc1Cl)Cl)S(=O)(=O)N2CCC(CC2)(C(=O)N)N3CCCCC3,C06156838,inactive
C=CCC1(S(=O)(=O)n2cc(C)c3c(C(=O)NCc4c(OC)cc(C)[nH]c4=O)cc(-c4ccc(N5CCN(C)CC5)nc4)cc32)CC1,CHEMBL5174478,inactive
c1ccc(cc1)COC(=O)N2Cc3c(nn(c3N)c4ccc(cc4)Br)C2,C95077258,inactive
C[NH+](C)[C@@H](CNC(=O)c1ccccc1CSc2[nH]c3ccccc3n2)c4cccc(c4)F,C69231827,inactive
CC(C)(C)C[NH2+]CCn1c2c(c(ncn2)N)nc1Sc3cc(ccc3I)O,C57219019,inactive
Cc1c([nH]c([nH+]1)SCC(=O)N[C@H]2N=N[C@@H](S2)SCc3ccccc3)Cc4ccc(cc4)O,C39605791,inactive
CCc1c(c([nH+]c(n1)S[C@H](C)c2nnc(o2)c3cccs3)N)c4ccc(cc4)Cl,C12564093,inactive
COC(c1cc(Cl)c2c(c1Cl)C(=O)N(Cc1c(C)cc(C)[nH]c1=O)CC2)C1CS(=O)(=O)C1,CHEMBL4067961,active
CC[NH+](CC)CCCn1c(=O)c2ccccc2nc1SCc3nc(nc(n3)Nc4ccccc4)N,C20075570,inactive
CC(C)NS(=O)(=O)c1ccc2c(c1)[C@H]3C=CC[C@H]3[C@H](N2)c4ccc(cc4)OC,C20678554,inactive
CC[NH+](CC)CCn1c2c(c(=O)n(c(n2)SCc3cccc(c3)Br)c4ccccc4OC)sc1=S,C03034073,inactive
c1cc(ccc1c2nnc(n2N)SCC(=O)N3CC[NH+](CC3)Cc4ccc(s4)Cl)F,C25446827,inactive
C[C@@H](CCc1ccco1)/[NH+]=C/[C@]23CC[C@@H](C[C@]2(CC[C@@H]4[C@@H]3CC[C@]5([C@@]4(CC[C@@H]5C6=CC(=O)OC6)O)C)O)O,C70698916,inactive
COC(=O)[C@@H]1C(=c2cc(ccc2=[NH+]1)Br)NC(=O)C[NH+]3CCN(CC3)C(=O)c4ccco4,C38685099,inactive
c1ccc(cc1)C[C@H](c2ccccc2)NC(=O)C[NH+]3CCN(CC3)C(=O)c4csc(n4)NC5CCCCC5,C34831416,inactive
CCOc1ccc(cc1C[NH+]2C[C@H]3C[C@@H](C2)c4cccc(=O)n4C3)/C=N/NC(=O)COc5ccc(cc5F)F,C01026735,inactive
CC1(C)CC(CC(C)(C)N1)NC(=O)c1ccc(Oc2cccc(-c3cn[nH]c3)c2C#N)c(Cl)c1,50010821,active
CC[C@H](C)NC(=O)c1ccccc1NC(=O)c2ccccc2N(Cc3ccccc3)S(=O)(=O)c4ccccc4,C02837965,inactive
CCCc1cc(C)[nH]c(=O)c1CNC(=O)c1cc(cc(N(CC)C2CCOCC2)c1C)-c1ccc(CN2CCOCC2)cc1,172168,active
C[C@@H]1Cc2cc(ccc2O1)C(=O)C3=C(C(=O)N([C@@H]3c4cccc(c4)OCCC(C)C)Cc5cc[nH+]cc5)O,C09359180,inactive
CCOC(=O)c1c2c(sc1NC(=O)[C@@H]3CCCN3S(=O)(=O)c4ccc(cc4)C)C([NH2+]C(C2)(C)C)(C)C,C36660262,inactive
CCOc1cc(ccc1OCC=C)[C@@H]2C(=C(C(=O)N2c3nc4ccc(cc4s3)Cl)O)C(=O)c5ccc6c(c5)C[C@@H](O6)C,C97970466,inactive
CCN(C1CCN(CC1)S(C)(=O)=O)c1cc2occc2c(C(=O)NCc2c(OC)cc(C)[nH]c2=O)c1C,458817,active
CN1C(=O)C(=Cc2c(cc3c(c2OC)OCO3)CCN(C)C(=S)NC4CCCCC4)C(=O)N(C1=O)C,C02152737,inactive
CC(=O)Nc1ccc2c(c1)sc(n2)NC(=O)C3CCN(CC3)S(=O)(=O)c4ccc(cc4F)F,C36651956,inactive
Cc1cc(nc([nH+]1)N[C@H](c2ccc(cc2)OC)c3c(c(sc3NC(=O)c4ccccc4)C)C)C,C35476973,inactive
CC[NH+]1CCN(CC1)c2ccc(cc2S(=O)(=O)N[C@H]3CCCc4c3cccc4)NC(=O)Cc5ccccc5,C34919594,inactive
CC(C)Cc1ccc(cc1)c2csc(n2)/C(=C/Nc3ccc(cc3C(=O)c4cc(c(c(c4)OC)OC)OC)Cl)/C#N,C01828393,inactive
Cc1ccc(cc1)CSc2nnc(s2)N3[C@H](C(=C(C3=O)O)S(=O)(=O)c4ccc(cc4)C)c5ccc(cc5)Cl,C98047914,inactive
COC(=O)c1ccccc1NC(=O)/C(=C(\c2ccccc2)/[P+](c3ccccc3)(c4ccccc4)c5ccccc5)/NC(=O)c6ccccc6,C98229534,inactive
Cc1ccc(c(c1)C)NC(=O)C(=O)NC[C@H](c2ccc3c(c2)OCO3)[NH+]4CCN(CC4)c5ccccc5F,C38621102,inactive
COc1ccc(cc1OC)S(=O)(=O)N(CC(=O)NCCC[NH+]2CCCCCC2)c3ccc(cc3)Cl,C13671598,inactive
CC(C)S(=O)(=O)c1ccc(cc1)C(=O)/N=c\2/n(c3ccc(cc3s2)S(=O)(=O)N)CCOC,C09623529,inactive
CCOc1ccc(cc1)[C@H](CCC(=O)N/N=C/c2ccc(c(c2)I)OCC#N)O,C83300894,inactive
Cn1c2ccc(cc2c(=O)n(c1=O)C)S(=O)(=O)NC[C@H](c3ccc(c(c3)OC)OC)[NH+]4CCCCC4,C55104313,inactive
CCN(C1CCOCC1)c1cc2oc(CN3CCN(CC3)C(C)C)cc2c(C(=O)NCc2c(OC)cc(C)[nH]c2=O)c1CC,458794,active
C=CC(=O)N1CCC(N(CC)c2cc(-c3ccc(CN4CCCCC4)cc3)cc(C(=O)NCc3c(C)cc(C)[nH]c3=O)c2C)CC1,CHEMBL5201874,active
CC[C@@H](C)[C@@H]1C(=O)N(C2([NH2+]1)CCN(CC2)S(=O)(=O)c3cccc(c3)C(F)(F)F)Cc4ccc(cc4)F,C36024453,inactive
CCOC(=O)[C@@H]1[C@H]([C@H]1C(=O)NN/C=C/2\C=[NH+]c3c2cccc3)C(=O)Nc4cccc(c4)C(F)(F)F,C13394737,inactive
c1ccc(cc1)[C@H](C(=O)Nc2ccc(cc2)F)Sc3ccc(c[nH+]3)S(=O)(=O)N4CCOCC4,C09221117,inactive
Cc1ccc(cc1)c2csc3c2c(=O)n(c(n3)SCC(=O)Nc4ccc(cc4)S(=O)(=O)N)c5ccccc5,C03202616,inactive
CCN1c2ccccc2[C@]3(C1=O)C(=C(C(=O)N3CCC[NH+](C)C)O)C(=O)c4ccc(cc4)S(=O)(=O)N5CCCC5,C98046920,inactive
CCN([C@H]1CC[C@@H](CC1)N(C)CCOC)c1cc(cc(C(=O)NCc2c(C)n(C)[nH]c2=O)c1C)-c1ccc(OCCOC)cc1,310774,active
CCN(c1cc(Cl)cc(C(=O)NCc2c(C)cc(C)[nH]c2=O)c1C)[C@H]1CC[C@@H](C(=O)O)CC1,CHEMBL3959720,active
CCCc1cc(C)[nH]c(=O)c1CNC(=O)c1cn2ccc(-c3ccc(N4CCN(C(C)C)CC4)nc3)cc2n1,CHEMBL4568935,inactive
COc1ccc(cc1)CCNC(=O)CSc2nc([nH]n2)N/N=C/c3cc(ccc3OC)Br,C59019095,inactive
Cc1cccc(c1)COc2ccc(cc2)C(=O)C3=C(C(=O)N([C@@H]3c4ccc[nH+]c4)CCCn5cc[nH+]c5)O,C09462525,inactive
CC(=O)Nc1c(c2c(s1)CCCC2)[C@@H](c3cccc(c3)OC)[NH+]4CCN(CC4)CCO,C22030885,inactive
CCn1c(nnc1SCC(=O)Nc2c(cc(cc2C)I)C)c3cc4cccc(c4o3)OC,C02860385,inactive
COCCn1c(nnc1SCc2ccc(cc2)Br)c3c(c4ccc[nH+]c4s3)N,C64794345,inactive
Cc1cc(n([nH+]1)[C@@H](C)C(=O)Nc2ccc(cc2Cl)NC(=O)c3c(ccs3)SC)C,C78616364,inactive
COc1ccccc1[C@@H]2C(=C(N(C3=C2C(=O)CCC3)c4nnc(s4)SCc5ccc(cc5)Cl)N)C#N,C98006237,inactive
CCn1c(nnc1SCC(=O)Nc2ccc(cc2)C(F)(F)F)CC(=O)Nc3ccc(cc3C)C,C10141608,inactive
COc1ccc2c(c1)c3c([nH]2)[C@@H]4C[C@H]5[C@@H](C[C@@H]([C@@H]([C@@H]5C(=O)OC)OC)OC(=O)c6cc(c(c(c6)OC)OC)OC)C[NH+]4CC3,C05062978,inactive
Cn1ccnc1[C@H](c2ccc(cc2)Cl)NC(=O)c3ccc(cc3)NC(=O)CSc4[nH+]ccn4C,C16263046,inactive
Cc1nc(cs1)COc2ccccc2C(=O)Nc3ccc(cc3)NS(=O)(=O)c4ccc(cc4)F,C24353303,inactive
CCOc1ccc(cc1OCC)CCNS(=O)(=O)c2cc(ccc2C)c3c4ccccc4c(n[nH+]3)Nc5ccccc5,C03618696,inactive
Cc1cccc(c1)COc2ccc(cc2)/C(=C/3\[C@@H](N(C(=O)C3=O)CCC[NH+](C)C)c4ccc(cc4)O)/O,C13571182,inactive
CCCCOc1ccc(c(c1)C)/C(=C/2\[C@@H](N(C(=O)C2=O)Cc3ccc[nH+]c3)c4ccc(c(c4)OC)O)/O,C09380599,inactive
Cc1nnc(s1)SCC(=O)Nc2cc(c(cc2Cc3c4cc(c(cc4cc[nH+]3)OC)OC)OC)OC,C98048350,inactive
CCN(C(=O)C1CC1)c1cc(-c2ccc(N3CCN(CC4CC4)CC3)cc2)cc(C(=O)NCc2c(C)cc(C)[nH]c2=O)c1C,CHEMBL4858611,active
CCOc1ccc(c(c1)[N+](=O)[O-])N2C3=C([C@@H](C(=C2N)C#N)c4cc(ccc4Cl)[N+](=O)[O-])C(=O)C[C@H](C3)c5ccccc5,C08456023,inactive
C[C@H](c1ccccc1)NC(=O)[C@@H]2CCCc3c2nc(s3)NC(=O)c4ccc(cc4)OC,C09100865,inactive
Cc1cc(C)c(CNC(=O)c2ccc(Oc3ccccc3)cc2)c(=O)[nH]1,CHEMBL3605440,active
CC(C)(C)OC[C@@H](C[NH+](Cc1c(nn(c1Oc2cccc(c2)F)C)c3ccccc3)C[C@@H]4CCCO4)O,C36307246,inactive
c1cc(oc1)C(=O)NNC(=O)c2ccc(cc2)NS(=O)(=O)c3cc(sc3Cl)Cl,C09508780,inactive
CC(C)(C)C(=O)Nc1ccc(cc1)c2csc(n2)NC(=O)Cn3c[nH+]c4c3c(=O)n(c(=O)n4C)C,C12573098,inactive
Cc1cc[nH+]c(c1)N[C@@H](c2ccc(cc2OC)OC)c3cc(sc3NC(=O)c4ccco4)C,C64790077,inactive
COc1ccc(cc1)C2=NC(c3c(=O)[nH]c(=O)n(c3N2)c4ccccc4F)(C(F)(F)F)C(F)(F)F,C20058619,inactive
c1ccc2c(c1)[C@H]([C@H](N(C2=O)c3cc[nH+]cc3)c4cccs4)C(=O)[O-],C49453009,inactive
c1ccc(cc1)C(=O)N/C(=C/c2ccc[nH+]c2)/C(=O)Nc3ccc(cc3)I,C15774403,inactive
CCC(CC)C(=O)Nc1c(c2c(s1)CCC2)C(=O)OCC(=O)Nc3cc(ccc3Cl)S(=O)(=O)C,C89943071,inactive
CC(C)n1ncc2c(cc(C=O)nc12)C(=O)NCc1c(C)cc(C)[nH]c1=O,325928,active
c1cc(ccc1NC(=S)NC(=C(C(F)(F)F)C(F)(F)F)C(C(F)(F)F)(F)F)S(=O)(=O)Nc2nccs2,C08382557,inactive
C[NH+](C)CCCN1[C@@H](C(=C(C1=O)[O-])C(=O)c2ccc(cc2)OCc3ccccc3)c4ccc(cc4OC)OC,C39826982,inactive
CC(C)C[NH+](C[C@H](COC(C)C)O)CC(=O)N(CCc1c[nH]c2c1cccc2)Cc3ccc(cc3)C(C)(C)C,C35842589,inactive
COc1ccccc1Cn2c(c3ccc(cc3nc2=S)/C(=[NH+]/C[C@@H]4CCCO4)/O)[O-],C03043879,inactive
COc1ccc(cc1)C[NH2+]Cc2cc(c(c(c2)Br)OC[C@@H](c3ccc4c(c3)OCO4)O)OC,C20877094,inactive
c1ccc2c(c1)cccc2CC(=O)N[C@H](C(Cl)(Cl)Cl)NC(=S)N3C[C@@H]4C[C@H](C3)c5cccc(=O)n5C4,C70673712,inactive
CC(C)[C@H](C(=O)NC[C@H](c1ccccc1OC)[NH+]2CCCC2)NC(=O)C34CC5CC(C3)CC(C5)C4,C27571090,inactive
C/C(=N\Nc1[nH]nc(n1)SCCC(=O)Nc2ccc(cc2)S(=O)(=O)N3CCCC3)/c4cccs4,C20835874,inactive
Cc1ccc2c(cc(c(c2[nH+]1)OCC(=O)NCCc3ccc(cc3)S(=O)(=O)N)Cl)Cl,C09244857,inactive
Cc1ccc(cc1C)c2c3ccccc3c(n[nH+]2)N/N=C\c4cn(nc4c5ccccc5)c6ccccc6,C38175839,inactive
CSc1cc(C)[nH]c(=O)c1CNC(=O)c1c(C)n([C@H](C)[C@H]2CCC(CC2)N2CC(C2)S(C)(=O)=O)c2ccccc12,575055,active
CSc1cc(C)[nH]c(=O)c1CNC(=O)c1c(C)n([C@H](C)[C@@H]2CC[C@@H](CC2)NC2(C)COC2)c2ccccc12,574745,active
CC(C)CCNC(=O)[C@H](C(C)C)NC(=O)[C@@H]1CC2=c3ccccc3=[NH+][C@@H]2[C@@H]4N1C(=O)c5c4cccc5,C63383796,inactive
C[C@@H]1CC[C@@]2(CC[C@@]3(C(=CC[C@H]4[C@]3(CC[C@@H]5[C@@]4(CC[C@@H]([C@]5(C)C(=O)[O-])O)C)C)[C@@H]2[C@]1(C)O)C)C(=O)O[C@@H]6[C@@H]([C@@H]([C@@H]([C@@H](O6)CO)O)O)O,C67903305,inactive
Cc1cc(c(n1c2ccc(cc2)S(=O)(=O)N)C)C(=O)COC(=O)c3cncn3c4ccc(cc4)F,C21510287,inactive
c1ccc(cc1)Nc2ccccc2C(=O)OCC(=O)Nc3cccc(c3)I,C32124564,inactive
c1ccc2cc(ccc2c1)NC(=O)[C@H](CC3=c4ccccc4=[NH+]C3)NC(=O)c5ccccc5Cl,C63901458,inactive
Cc1cc(C)c(CNC(=O)c2cc(Br)cc3n(ncc23)C2CCN(CC2)C(=O)C2CCC2)c(=O)[nH]1,326199,active
CCN(c1cc(C(=O)NCc2c(OC)cc(C)[nH]c2=O)nc2c(-c3ccnc(N(C)C)c3)cnn12)C1CCOCC1,CHEMBL5198663,active
C[C@H](c1ccc(cc1)n2cc[nH+]c2)NC(=O)[C@H](Cc3ccccc3)NS(=O)(=O)c4ccccc4F,C33026623,inactive
CCN1c2ccccc2[C@]3(C1=O)C(=C(C(=O)N3CCC[NH+](C)C)O)C(=O)c4cccc(c4)S(=O)(=O)N5CCCCC5,C98046788,inactive
c1cc(ccc1n2c3c(c(n2)C(=O)NCC(=O)Nc4ccc(c(c4)F)F)CCCC3)F,C14373559,inactive
c1ccc2c(c1)c(c[nH]2)C[NH+]3C[C@H](C[C@H](C3)C(=O)NCCc4c[nH]c[nH+]4)COc5cccc(c5)C(F)(F)F,C14532750,inactive
c1cc(c(cc1[N+](=O)[O-])C(=O)NC(=S)Nc2c(c3c(s2)CCC3)C#N)N4CCOCC4,C12860729,inactive
Cc1ccc(cc1)CNC(=O)CSc2c([nH+]c([nH]2)c3ccc(cc3)C)S(=O)(=O)c4ccccc4,C12112520,inactive
CCN(c1cc(Cl)cc(C(=O)NCc2c(C)cc(C)[nH]c2=O)c1C)C1CCC(C(C)(C)C)CC1,CHEMBL3947443,active
C[C@H]1Cc2cc(ccc2N1C(=O)C)S(=O)(=O)N(C)CC(=O)Nc3nc4ccc(cc4s3)OC,C20922419,inactive
Cc1cc(no1)NC(=O)[C@H](c2ccccc2)Sc3ccc(cc3)NC(=O)Cc4ccc(cc4)Cl,C22750139,inactive
Cc1cc(C)c(CN2CCc3c(Cl)cc(C(CO)N4CC[C@H](F)C4)c(Cl)c3C2=O)c(=O)[nH]1,435548,active
COCCn1c(nnn1)[C@H](c2cc3cc4c(cc3[nH]c2=O)OCO4)[NH+]5CCN(CC5)c6ccc(cc6)OC,C06136295,inactive
CCN(C1CCOCC1)c1ccc(Cl)c(C(=O)N(C)Cc2c(C)cc(C)[nH]c2=O)c1C,50149907,active
COc1ccc(cc1)S(=O)(=O)c2cnc(nc2N)N3CC[NH+](CC3)C(c4ccccc4)c5ccccc5,C71772053,inactive
COc1cc(cc(c1OC)OC)[C@@H](c2c(n3c(s2)ncn3)O)N4CC[NH+](CC4)C(c5ccccc5)c6ccccc6,C97987857,inactive
Cc1ccc(cc1)S(=O)(=O)/N=C\2/[C@H]([NH+]=c3ccccc3=[NH+]2)Nc4cc(ccc4C(=O)O)Cl,C39984044,inactive
CSc1cc(C)[nH]c(=O)c1CNC(=O)c1c(C)n([C@H](C)[C@H]2CCC(CC2)N2CC[C@@H](F)C2)c2ccccc12,574941,active
COc1cccc(c1F)c2cn(c(=O)n(c2=O)C[C@H](c3ccccc3)[NH3+])Cc4c(cccc4F)F,C28470431,inactive
CCCC1=C2[C@H](C(=C(O[C@@H]2N=N1)[NH3+])C#N)c3cccc(c3OCc4c(cccc4Cl)F)OC,C39964294,inactive
CCOC(=O)c1c(csc1NC(=O)[C@H](C)Sc2cc(c3cc(cc(c3[nH+]2)C)C)C)c4ccccc4,C32529563,inactive
Nc1ncnc2c1ncn2[C@H]1O[C@@H](CSCC[C@H](N)C(=O)NCc2cc(-c3ccccc3)[nH]n2)[C@H](O)[C@@H]1O,CHEMBL5200328,active
c1cc(ccc1NC(=O)NC[C@H]2CCN(C2)c3ccc(cc3)F)N4CCCC4=O,C66343814,inactive
CCc1cc2c(c(c(=[NH2+])oc2c(c1O)[C@H](c3ccccc3)N4CCOCC4)c5nc(cs5)C)O,C20412173,inactive
CSc1cc(C)n(C)c(=O)c1CN1CCN(C)c2c(Cl)cc(-c3c(C)noc3C)c(Cl)c2C1=O,CHEMBL5081019,active
[H]/N=C\1/C(=C/c2ccc(c(c2)OC)OCCOc3ccccc3OC)/C(=O)N=C4N1N=C(S4)c5ccccc5Cl,C08494271,inactive
c1ccc(cc1)OCCOc2ccc(cc2)/C=c\3/c(=[NH2+])n-4[nH]/c(=C/C(=O)N5CCCCC5)/sc4nc3=O,C20333757,inactive
Cc1ccc(c(c1)OCCOc2c(cc(cc2Cl)/C=N/Nc3cc(nc([nH+]3)N4CCCC4)N5CCCC5)OC)C(C)C,C97958910,inactive
CC1=C([C@@H](N2CCCSC2=[NH+]1)c3ccc(cc3)NC(=O)Nc4ccccc4OC)C(=O)OCCOC,C33702980,inactive
c1cc(ccc1c2cc([nH]n2)c3nnc(n3N)SCC(=O)Nc4cc(cc(c4)C(F)(F)F)C(F)(F)F)Cl,C97990114,inactive
CN(C)S(=O)(=O)c1cccc(c1)N/C(=[NH+]/c2cc(cc(c2)Cl)Cl)/[S-],C08579865,inactive
c1ccc(cc1)S(=O)(=O)N(CC(=O)N/[NH+]=C/c2ccccc2O)c3cccc(c3)Br,C03663303,inactive
Cc1ccc2c(c1)cc(c(=O)n2CC(C)C)[C@H]3CC(=Nc4c3c(nn4c5ccc(=O)[nH]n5)C)O,C36357668,inactive
CC1COCc2c(Br)cc(cc2C1)C(=O)NCc1c(C)cc(C)[nH]c1=O,359776,active
CC(C)C[C@@H](C(=O)NC1CCCC1)NC(=O)[C@@H]2C(S[C@@H]3N2C(=O)c4c3cccc4)(C)C,C13556537,inactive
COC1CN(C1)C1CC[C@@H](CC1)[C@@H](C)n1c(C)c(C(=O)NCc2c(SC)cc(C)[nH]c2=O)c2ccccc12,574838,active
CCC[NH+]1CCc2c(sc(c2C(=O)OCC)NC(=O)[C@H]3CCCN3S(=O)(=O)c4ccc(cc4)C)C1,C36660259,inactive
CCCOc1ccc(cc1)c2c(cn(n2)c3ccccc3)/C=N/NC(=O)C(=O)Nc4cccc(c4Cl)Cl,C02521834,inactive
Cc1ccc(cc1F)NC(=S)Nc2cccc(c2)c3nnc4n3CCCCC4,C07353486,inactive
CCCCCOc1ccc(cc1OC)[C@@H]2C(=C(C(=O)N2c3cccc[nH+]3)O)C(=O)c4ccc5c(c4)C[C@@H](O5)C,C34989981,inactive
Cc1cc(c(c(c1)C=O)O)C[NH+](CCN(Cc2ccco2)Cc3cc(cc(c3O)C=O)C)Cc4ccco4,C19370085,inactive
CC1(CC2=C([C@H](c3c([nH]c(nc3=O)SCc4ccc[nH+]c4)N2)c5cccc(c5OC)OC)C(=O)C1)C,C04787185,inactive
c1ccc(cc1)C[C@H](C(=O)N[C@H](Cc2ccccc2)C(=O)OCc3ccc(cc3)[N+](=O)[O-])NC(=O)C[NH3+],C04018289,inactive
CNc1c(cc(cn1)Br)S(=O)(=O)Nc2ccccc2I,C50650702,inactive
Cc1ccc2cc3c(c(sc3nc2c1)C(=O)N4CCN(CC4)c5ccc(cc5)OC)N,C01342825,inactive
CC(=O)c1cccc(c1)NC(=O)CSc2[nH+]c(c(cn2)S(=O)(=O)c3cccs3)N,C16842163,inactive
CCc1ccc(cc1)N([C@H](c2cccc[nH+]2)C(=O)NC3CCCCC3)C(=O)Cn4nc(nn4)c5ccccc5,C00905795,inactive
CCN(C1CCOCC1)c1cc(cc(C(=O)NCc2c(C)cc(C)nc2=O)c1C)-c1cnn(C)c1,172103,active
C[C@H]1Cc2cc(ccc2O1)C(=O)C3=C(C(=O)N([C@@H]3c4ccc(cc4)OC)c5nnc(s5)SCc6ccccc6)O,C97970698,inactive
C[C@]12CC/C(=N\OCC(=O)N[C@H](Cc3c[nH]c[nH+]3)C(=O)OC)/C=C1CC[C@@H]4[C@@H]2CC[C@]5([C@H]4CC[C@@]5(C#C)O)C,C70692260,inactive
c1cc(cc(c1)NS(=O)(=O)c2ccc(cc2)Br)C(=O)NC[C@@H](c3ccco3)[NH+]4CCCC4,C12526206,inactive
c1cc2c(cc1C(=O)N3CCC(CC3)C(=O)N)nc(n(c2=O)C4CCCCC4)SCc5cc[nH+]cc5,C04030322,inactive
C[C@H]1CCCC[C@H]1n2c(nnc2SCC(=O)Nc3c(ccs3)C(=O)N)c4cccnc4,C03368165,inactive
CSc1cc(C)[nH]c(=O)c1CNC(=O)c1c(C)n([C@H](C)[C@H]2OCC(CO2)N2CC(C)(C)C2)c2ccccc12,574940,active
c1ccc(c(c1)C(=O)NCC(=O)N/N=C/c2ccc(cc2)OC(=O)c3cccs3)I,C02542613,inactive
Cc1cccc(c1)NC(=S)N[C@@H](C)[C@@H]2c3cc(c(cc3CC[NH+]2Cc4ccc(cc4)F)OC)OC,C36043249,inactive
c1ccc(cc1)S(=O)(=O)Nc2ccc(cc2)C(=O)N/N=C/c3c4ccccc4ccc3OC(=O)c5ccc(cc5Cl)Cl,C98218923,inactive
Cc1ccc2nc(c(c(=O)n2c1)/C=C/3\C(=O)N(C(=S)S3)CCCCCC(=O)O)N4C[C@@H](C[C@@H](C4)C)C,C33452775,inactive
C[C@H]1c2c(c3ccccc3[nH]2)[C@H](C[NH+]1[C@@H]4CC(=O)N(C4=O)c5ccc(cc5)OC(F)(F)F)c6ccccc6,C72459855,inactive
c1ccc(cc1)[C@@H]2CC(=NN2C(=[NH2+])S[C@@H]3CC(=O)N(C3=O)c4ccc(cc4)F)c5ccccc5,C36048036,inactive
C=CC(=O)N1CCC(N(CC)c2cc(-c3ccc(CN4CCOCC4)cc3)cc(C(=O)NCc3c(C)cc(C)[nH]c3=O)c2C)CC1,CHEMBL5173951,active
Cc1cc(C)c(CNC(=O)c2cc(-c3cnn(C)c3)cc(N(C)C3CCNCC3)c2C)c(=O)[nH]1,CHEMBL3697421,active
COC(=O)c1cc(cc(c1)NC(=O)CSc2nc3c(c(cs3)c4ccccc4)c(=O)n2CC=C)C(=O)OC,C01896064,inactive
CSc1cc(C)[nH]c(=O)c1CNC(=O)c1c(C)n([C@H](C)[C@H]2CCNC[C@@H]2F)c2ccccc12,574887,active
CCN(C1CCOCC1)c1cc2occ(C)c2c(C(=O)NCc2c(OC)cc(C)[nH]c2=O)c1C,50287056,active
Cc1ccc2ccc(N[C@H]3CC[C@H](CNc4ncc(C(O)C(=O)NC5COC5)cn4)CC3)nc2c1Cl,CHEMBL5186598,active
CCCCc1nn2c(=O)cc([nH+]c2s1)N3CCN(CC3)c4ccc(c(c4)NCCc5ccccc5)[N+](=O)[O-],C05946675,inactive
CC1=C([C@@H](C(=C(N1)SCC(=O)Nc2ccc(cc2Br)[N+](=O)[O-])C#N)c3ccc(cc3)Cl)C(=O)C,C98048674,inactive
Cc1cc(C)c(CNC(=O)c2cc3CC(C)(C)Oc3c(\C=C\c3ccccc3)c2)c(=O)[nH]1,359744,active
Cn1nc(CNC(=O)[C@@H](N)CCSC[C@H]2O[C@@H](n3cnc4c(N)ncnc43)[C@H](O)[C@@H]2O)cc1C1CCC1,CHEMBL3397328,inactive
Cc1ccc(cc1)S[C@H](C)C(=O)Nc2ccc(c(c2)S(=O)(=O)Nc3ccc(cc3)OC)OC,C19595875,inactive
C[C@@H](C(=O)Nc1ccccc1Sc2ccccc2)[NH+]3CCN(CC3)CC(=O)Nc4ccc(cc4)F,C22781097,inactive
CCN(C(=O)C1CCCC1)c1cc(cc(C(=O)NCc2c(C)cc(C)[nH]c2=O)c1C)-c1ccc(cc1)C(=O)N1CCOCC1,441966,active
COc1ccc2c(c1CSc3ccccn3)NC(=[NH2+])C4=COc5c(c([nH]n5)c6ccccc6)[C@@H]24,C96581876,inactive
Cc1c(c(n(n1)c2ccccc2)Oc3ccc(cc3F)F)C[NH+](C[C@H](COc4ccccc4)O)C(C)C,C36304092,inactive
COC(=O)c1ccccc1NC(=O)CSc2c([nH+]c([nH]2)c3ccccc3)S(=O)(=O)c4ccccc4,C12112479,inactive
CC[C@H](C)[C@@H](C(=O)NCCC(C)C)NC(=O)[C@@H]1CC2=c3ccccc3=[NH+][C@H]2[C@@H]4N1C(=O)c5c4cccc5,C63383486,inactive
CC[NH+](CC)CCNC(=O)/C(=C\c1cn(c2c1cccc2)S(=O)(=O)N(C)C)/NC(=O)c3ccccc3F,C96498099,inactive
Cc1cccc(c1)Cn2cc(c3c2cccc3)/C=C\4/C(=[NH2+])N5C(=NC4=O)SC(=N5)c6ccccc6Cl,C19853962,inactive
Cc1ccc(c(c1)C)N2C(=O)C[C@H](C2=O)S/C(=[NH+]\Cc3ccc4c(c3)OCO4)/Nc5ccc(cc5)OC,C59446265,inactive
CCN(CC)S(=O)(=O)c1cccc(c1)C(=O)N[C@@H](c2ccccc2)c3ccc4c(c3)[nH]c[nH+]4,C12540126,inactive
c1ccc(cc1)C[C@H](C(=O)N2CCC3(CC2)c4c([nH+]c[nH]4)CCN3)NC(=O)c5ccco5,C25107668,inactive
CCN(CC)S(=O)(=O)c1cc(ccc1C)NC(=O)C[NH2+]c2c(n(n(c2=O)c3ccccc3)C)C,C12617757,inactive
CCS(=O)(=O)n1c(nc(n1)NCc2ccc(cc2)Br)NCc3ccc(cc3)Br,C97995264,inactive
Cc1ccccc1NC(=O)CSc2c3c(c4c5c(c([nH+]c4s3)N6CCOCC6)COC(C5)(C)C)nc(n2)SC,C08767889,inactive
CCCN1C/C(=C\c2ccc(cc2)OCC)/C3=C(C1)[C@H](C(=C(O3)[NH3+])C#N)c4ccc(cc4)OCC,C39324522,inactive
Cc1ccccc1COc2ccc(cc2)C(=O)C3=C(C(=O)N([C@H]3c4cccc(c4)[N+](=O)[O-])CC[NH+](C)C)O,C35445282,inactive
CC[NH+]1CCN(CC1)C(=O)c2cccc(c2)Nc3c(cnn(c3=O)c4cccc(c4)Cl)Oc5ccc(cc5)Cl,C98015466,inactive
CSc1cc(C)[nH]c(=O)c1CNC(=O)c1c(C)n([C@H](C)C2CCN(CCC(F)(F)F)CC2)c2ccccc12,574953,active
c1ccc(cc1)NC(=O)N2CCC(CC2)c3nnc(s3)C(=O)Nc4cccc(c4)F,C33114065,inactive
CCc1ccc(cc1)S(=O)(=O)N2CC[NH+](CC2)[C@H](C)c3nc4ccccc4c(n3)NCc5ccccc5,C22052848,inactive
CCOc1ccc(cc1)C(=O)C2=C(C(=O)N([C@@H]2c3ccc(cc3)F)CCc4c[nH]c5c4cc(cc5)OC)O,C35165423,inactive
c1ccc2=[NH+]CC(=c2c1)/C=N/NC(=O)[C@@H]3[C@H](N(N=N3)c4c(non4)N)CSc5ccc(cc5)Cl,C38688988,inactive
CC(C1CN(C)C1)c1cc(C)c2CCN(Cc3c(C)cc(C)[nH]c3=O)C(=O)c2c1Cl,435578,active
COc1ccc(c(c1)[C@@H]2C(=C(N(C3=C2C(=O)CCC3)c4nnc(s4)SC)[NH3+])C#N)OC,C39439864,inactive
CC(C)[C@H](C(=O)O[C@@H]1C[C@H]2[C@@]([C@@H]3[C@@]1(C4=CC[C@@H]([C@@]4([C@@H](C3)OC(=O)C)C)c5ccoc5)C)([C@H](C[C@H](C2(C)C)OC(=O)C)OC(=O)C)C)O,C67912961,inactive
COc1ccc(cn1)-c1cc(C(=O)NCc2c(C)cc(C)[nH]c2=O)c(C)c2CC(C)(C)Oc12,359755,active
Cc1ccc(cc1)N([C@@H](c2cc[nH+]cc2)C(=O)NC(C)(C)C)C(=O)Cn3nc(nn3)c4ccc(cc4)Cl,C06245101,inactive
Cc1cccc(c1C)[NH+]2CCN(CC2)c3c(c([nH+]cn3)Nc4nc5ccc(cc5s4)OC)N,C54544267,inactive
CC1=NC(=C)C([C@@H](C1C(=O)OC/C=C/c2ccccc2)c3cccc(c3)[N+](=O)[O-])C(=O)OCCOc4ccc(cc4)NC(=O)C,C08439543,inactive
CC[NH+](CC)CCCN1[C@@H](C(=C(C1=O)O)C(=O)c2cc3cccc(c3o2)OC)c4ccc(cc4)OCC=C,C33813696,inactive
CSCC[C@@H]1[C@H]2[C@@H](C(=O)N(C2=O)Cc3ccccc3)[C@@]4(N1)c5ccccc5N(C4=O)Cc6ccc(cc6)F,C98006385,inactive
CSc1cc(C)[nH]c(=O)c1CNC(=O)c1c(C)n([C@H](C)C2CCC(CC2)NCC(F)(F)F)c2ncncc12,574954,active
CC1=C([C@@H]([C@H]2C(=N1)CC(CC2=O)(C)C)c3ccc(c(c3)COc4cccc(c4Cl)Cl)OC)C(=O)Nc5ccc(c[nH+]5)Br,C08450313,inactive
Cc1ccc(cc1Cl)N2C3=C(C(=O)CCC3)[C@@]4(c5ccccc5N(C4=O)C)C(=C2N)C#N,C13567725,inactive
CC(C)c1ccc(cc1)NC(=O)N(Cc2nc(cs2)C(=O)N3CCN(CC3)c4ccccc4OC)C(C)C,C00965008,inactive
c1ccc(cc1)C(c2ccccc2)[NH+]3CCN(CC3)CC(=O)N4CCCc5c4c(=O)oc6c5cc(cc6)O,C20155269,inactive
Cc1nc2n(n1)c(c(s2)[C@H](c3ccc(cc3)F)[NH+]4CCN(CC4)C(c5ccccc5)c6ccccc6)O,C22784269,inactive
COc1ccc(cc1)NCc2nnc(n2N)SCC(=O)Nc3cccc(c3)C(F)(F)F,C59312199,inactive
c1ccc(cc1)c2cnc(c3c2nc(cc3)C(F)(F)F)NCC[NH+]4CCN(CC4)Cc5cccnc5,C24912690,inactive
c1ccc2=[NH+]CC(=c2c1)C[C@H](C(=O)Nc3ccc(cc3)CC#N)NC(=O)c4ccccc4Cl,C63182773,inactive
c1cc(ccc1S(=O)(=O)N=C2C=C(C(=O)C3=C2CC=CC3)NNC(=O)C4=CCNC=C4)Br,C26786642,inactive
c1ccc2=[NH+]CC(=c2c1)C3=NN[C@@H](N3C4CC4)SCC(=O)NN5C(=O)C6(CCCCC6)NC5=O,C39732875,inactive
CSc1cc(C)[nH]c(=O)c1CNC(=O)c1c(C)n([C@H](C)C2CCC(CC2)N2CC(C2)OC(F)F)c2cc(F)ccc12,574878,active
CCOC(=O)C1=C(OC(=C([C@@H]1c2ccc(cc2)Cl)C#N)N)CSc3c(cc4c([nH+]3)CC[NH+](C4)C)C#N,C08448666,inactive
CCN(C1CCN(CC1)C1CCOCC1)c1c(C)c(cc2n(C)ncc12)C(=O)NCc1c(C)cc(C)[nH]c1=O,516862,active
c1ccc2c(c1)ccc(n2)c3c(c4cc(ccc4[nH]3)F)CCCC(=O)Nc5ccc6c(c5)OCO6,C39867546,inactive
CCN([C@H]1CC[C@@H](CC1)N(C)C)c1cc(cc(C(=O)NCc2c(C)cc(C)[nH]c2=O)c1C)-c1ccc(CN2CCOCC2)nc1,601728,active
c1ccc(cc1)/C=C\2/C(=O)N(C(=O)S2)CC(=O)Nc3ccc(cc3)S(=O)(=O)Nc4cccc[nH+]4,C08819048,inactive
CN1CCc2c1ccc(c2)[C@@H](CNC(=O)C(=O)Nc3ccc(c(c3)Cl)F)[NH+]4CCCC4,C08964101,inactive
c1ccc(cc1)C(=O)c2cc(ccc2NC(=O)CCC(=O)OCC(=O)c3ccc(cc3)Br)Cl,C04157239,inactive
CCCN([C@H]1CC[C@@H](CC1)N(C)C)c1cc(cc(C(=O)NCc2c(C)n(C)[nH]c2=O)c1C)-c1ccc(OCCOC)cc1,310773,active
COc1cccc(c1)NC(=O)c2ccc(c(c2)S(=O)(=O)Nc3ccc(cc3)Cl)Cl,C24813151,inactive
CN(C)Cc1ccc(cn1)-c1cc(N(C)C2CCCC2)c(C)c(c1)C(=O)NCc1c(C)cc(C)[nH]c1=O,172029,active
CC(C)Oc1ccc(cc1OC)[C@@H]2[C@H]3CN(CC=C3C(=C(C2(C#N)C#N)[NH3+])C#N)C(=O)OCc4ccccc4,C26607751,inactive
c1ccc(cc1)N2C[C@H](CC2=O)C(=O)Nc3nnc(s3)SCC(=O)Nc4ccc(cc4)C(=O)N,C09517885,inactive
c1ccc2c(c1)ccc(c2/C=[NH+]/NC(=O)CSc3nnc(n3C4CCCCC4)c5ccc(cc5)Cl)O,C02324976,inactive
CCN(C1CCC(CC1)N(C)C)c1cc(cc(C(=O)NCc2c(C)cc(C)[nH]c2=O)c1C)-c1ccc(OCCOC)cc1,50594134,active
c1cc(ccc1C(=O)NNC(=O)CCCN2C(=O)/C(=C/c3ccc4c(c3)OCO4)/SC2=S)F,C12274877,inactive
CCCCCOc1ccc(cc1OC)[C@H]2[C@@H]3CN(CC=C3C(=C(C2(C#N)C#N)[NH3+])C#N)C(=O)OCC,C01776910,inactive
CSc1cc(C)[nH]c(=O)c1CNC(=O)c1c(C)n([C@H](C)[C@H]2CC[C@H](N3CC(OC4CC4)C3)CC2)c2ccccc12,CHEMBL4635863,active
c1ccc(cc1)N2C[C@@H](CC2=O)C(=O)Nc3ccc(cc3)C(=O)Nc4ccc(cn4)Cl,C10462413,inactive
C[C@@H]1C(=C([NH2+]N1[C@@H]2CCS(=O)(=O)C2)C)C[NH2+]C[C@@H](c3cccs3)c4c[nH]c5c4cccc5,C39785755,inactive
Cc1c(sc(c1C(=O)OC)NC(=O)C[NH+]2CC[C@@]3(CCCC[C@@H]3[C@@H]2c4ccc(cc4OC)OC)O)C,C08684643,inactive
c1ccc2=[NH+]CC(=c2c1)CCNC(=O)CCCNC(=O)N3CC[C@H]4[C@@H](C3)N=C5[C@@H]4C=C(C=C5)Cl,C63270969,inactive
CCOc1ccc(cc1)C(=O)Oc2ccc(cc2OCC)/C=N/NC(=O)C(=O)Nc3cccc(c3Cl)Cl,C04296255,inactive
C[C@@]12CC[C@@H](CC1=CC[C@@H]3[C@@H]2CC[C@@]4([C@@H]3CC=C4C(=O)C[C@@H]5c6c(cc7c(c6OC)OCO7)CC[NH+]5C)C)O,C37238532,inactive
CCOc1cc(ccc1OCCC(C)C)[C@@H]2C(=C(C(=O)N2CC[NH+](C)C)[O-])C(=O)c3ccc4c(c3)C[C@H](O4)C,C20533208,inactive
Cc1ccc(c(c1)C)n2c3c(c(=O)n(c(n3)SCC(=O)Nc4nccs4)c5ccccc5OC)sc2=S,C03026885,inactive
Cc1cccc(c1)NC(=O)CSc2nc3c(c([nH]n3)C)c(=[NH2+])n2c4ccc(cc4)Br,C02927056,inactive
CCOc1cc(ccc1OCc2ccccc2)[C@@H]3C(=C(C(=O)N3c4nc5ccc(cc5s4)C)O)C(=O)c6ccc7c(c6)OCCO7,C97969726,inactive
COc1ccc(cc1)NC(=O)[C@@H]2N=N[C@@H](S2)CSCC(=O)NCCC3=c4ccccc4=[NH+]C3,C64491452,inactive
CC(=O)Nc1ccc(cc1)OCc2cc(ccc2OC)[C@@H]3[C@@H]4C(=c5cc(ccc5=[NH+]4)OC)CCN3,C63349920,inactive
c1ccc(cc1)Oc2ccc(cc2)NC(=O)[C@H]3[C@H]4C=C[C@@]5([C@@H]3C(=O)N([C@@H]5C(=O)NC6CCCCC6)Cc7cccs7)O4,C33357055,inactive
CCC(=O)Nc1cc(ccc1C)NC(=O)CSc2c(cc3ccccc3n2)Cc4ccccc4,C13502687,inactive
CCN(C1CCOCC1)c1cc(cc(C(=O)NCc2c(C)cc(C)[nH]c2=O)c1C)C#CCN1CCCC1,601739,active
Cn1c(cc(n1)c2ccc3ccccc3c2)[C@H]4C[NH+]5CC[C@H]4C[C@@H]5COC(=O)Nc6cccc(c6)C(F)(F)F,C67870654,inactive
c1ccc(cc1)CSC2=[NH+]SC3=NC(=O)/C(=C\c4ccc(o4)c5ccc(c(c5)Cl)Cl)/C(=[NH2+])N23,C30732580,inactive
CSc1cc(C)[nH]c(=O)c1CNC(=O)c1c(C)n([C@H](C)C2CCN(CC2)C2CC2)c2ccccc12,574900,active
Cc1ccc(cc1)NC(=O)c2c(nc[nH]2)Nc3[n+](c(c(s3)C(=O)N4CCCCC4)[NH3+])c5ccccc5,C71405247,inactive
Cc1ccc(cc1)S(=O)(=O)N(CC(=O)N/N=C/c2ccc(c(c2)Br)N(C)C)c3ccc(cc3)F,C59652442,inactive
CN(C)c1ccc(cc1)[C@@H](CNS(=O)(=O)c2ccc(s2)Cl)[NH+]3CCN(CC3)c4ccc(cc4)F,C21755146,inactive
CCCCN(CCCC)S(=O)(=O)c1ccc(cc1)C(=O)Nc2c(c3c(s2)C[NH+](CC3)CCC)C(=O)N,C08881234,inactive
Cc1cc(C)c(CN2CCc3c(Cl)cc([C@H](CO)[C@@H]4CCCO4)c(Cl)c3C2=O)c(=O)[nH]1,CHEMBL4073054,active
CCN(C1CCN(C)CC1)c1cc(cc(C(=O)NCc2c(C)cc(C)[nH]c2=O)c1C)-c1ccc(nc1)N1CCN(C)CC1,601721,active
CC1(C)CC(CC(C)(C)N1)NC(=O)c1ccc(Oc2ccccc2C#N)c(F)c1,50010811,active
c1ccc(cc1)c2nnc(n2c3ccccc3)SCC(=O)N/[NH+]=C/4\NC[C@@H](S4)CBr,C36729272,inactive
C[C@@H]1Cc2cc(ccc2O1)C(=O)C3=C(C(=O)N([C@H]3c4ccc(cc4)Br)CCC[NH+](C)C)O,C34990748,inactive
CCN([C@H]1CC[C@@H](CC1)N(C)C)c1cc(cc(C(=O)NCc2c(C)cc(C)[nH]c2=O)c1C)C(=O)N1CCC1,190204,active
COC(C1CCOC1)c1ccc2CCN(Cc3c(C)cc(C)[nH]c3=O)C(=O)c2c1Cl,435626,active
c1cc(ccc1NC(=O)CCNS(=O)(=O)c2ccc(cc2)Cl)S(=O)(=O)NC3CCCCC3,C20628814,inactive
COc1ccc2c(c1)c(c[nH]2)CCN3[C@@H](C(=C(C3=O)O)C(=O)c4cccs4)c5ccc(c(c5)OC)OC,C35164219,inactive
c1cc(ccc1C(=O)C[C@H]2C(=O)N/C(=N\c3ccc(cc3)S(=O)(=O)Nc4nccs4)/S2)F,C39843307,inactive
COc1ccc(cc1OC)[C@H](C(=O)NC2CCCCC2)N(c3ccc(cc3)F)C(=O)[C@H]4COc5ccccc5O4,C00930850,inactive
Cc1cc(C)c(CNC(=O)c2cc(cc3n(ncc23)C2CCCC2)N2CCN(CCN)CC2)c(=O)[nH]1,326159,active
c1cc(ccc1NC(=S)NC(=O)c2ccc(cc2Cl)Cl)S(=O)(=O)NC3CCCCC3,C13978875,inactive
CCOC(=O)[C@@H]1[C@@H](CC2=C(C1=O)[C@@H](C(=C(N2c3ccc(cc3)[N+](=O)[O-])N)C(=O)OCC)c4cccc(c4)F)c5cccs5,C98007113,inactive
Cc1ccc2c(c1)[nH]c([nH+]2)SCC(=O)N3[C@@H]([C@@H]4CCC/C(=C/c5cccs5)/C4=N3)c6cccs6,C35168330,inactive
CC(=O)Nc1ccc(cn1)C#CC2(CCCCC2)NC(=O)C[NH2+][C@@H]3CCS(=O)(=O)C3,C12219583,inactive
C[C@H]1C(=c2ccccc2=[NH+]1)CCN3[C@H](C(=C(C3=O)O)C(=O)c4ccc(cc4)OC)c5ccc(cc5)F,C63515359,inactive
Cc1ccc2ccc(N[C@H]3CC[C@H](CNc4ncc(cn4)C(CO)C(=O)NC4COC4)CC3)nc2c1Cl,50597034,active
c1ccc(c(c1)NS(=O)(=O)c2ccc(cc2)/C=C\C(=O)NNC(=S)NC3CCCCC3)Cl,C97990382,inactive
c1cc(cc(c1)F)C(=O)Oc2c(cc(cc2Br)Br)/C=N/NC(=O)CNC(=O)c3ccco3,C03116219,inactive
Cc1ccc(cc1)S(=O)(=O)N(C[C@H]2CCCO2)C[C@@H](Cn3c4ccc(cc4c5c3ccc(c5)Br)Br)O,C08440919,inactive
Cc1ccc(cc1)Oc2c(c(ncn2)N3CC[NH+](CC3)C(c4ccccc4)c5ccccc5)N,C40729980,inactive
CC[NH+](CC)Cc1c(n(nn1)c2c(non2)N)C(=O)N/N=C(\C)/c3ccc(cc3)OCc4ccc(cc4Cl)Cl,C98215996,inactive
COC(=O)C1=C(OC(=C([C@@H]1c2ccccc2F)C#N)N)CSc3c(cc4c([nH+]3)CCCCC4)C#N,C00663602,inactive
c1cc(ccc1[C@H]2C(=C(C(=O)N2CCCn3cc[nH+]c3)O)C(=O)c4ccc(cc4)Br)Cl,C09240564,inactive
c1cc(ccc1[C@H]2[C@@H]3[C@@H](Oc4ccc(cc4C3=Nc5n2nc[nH+]5)Cl)c6cc[nH+]cc6)F,C49937850,inactive
Cc1ccc(cc1)[C@H](C(=O)NC(C)(C)C)N(Cc2cccs2)C(=O)CCC(=O)Nc3cccc[nH+]3,C08994918,inactive
CCCCCCOc1ccc(cc1)[C@@H]2C(=C(C(=O)N2CCCn3cc[nH+]c3)[O-])C(=O)c4c(nc(s4)C)C,C35567811,inactive
CN(C1CCCCC1)c1cc(cc(C(=O)NCc2c(C)cc(C)nc2=O)c1C)-c1cnn(C)c1,514151,active
CC(=O)Nc1ccc(cc1)C2=Nc3nc(nn3[C@@H](C2)c4ccccc4Cl)CCCO,C02667871,inactive
CC1(O[C@@H]2[C@@H](O1)[C@H](O[C@@H]2[C@H](COC(c3ccccc3)(c4ccccc4)c5ccccc5)[NH3+])OCc6ccccc6)C,C72130304,inactive
COc1ccc(cc1)NC2=[N+](C(=O)/C(=C\c3cccc(c3OC)OC)/S2)CCc4c[nH]c5c4cccc5,C96585426,inactive
COc1ccc(cc1OC)S(=O)(=O)N(CCc2ccccc2)CC(=O)Nc3ccc(cc3)Br,C01202649,inactive
Cc1c(c(n(n1)c2ccccc2)O)/C=C/3\C(=O)NN(C3=O)c4ccc(cc4)Br,C00847557,inactive
CCN(c1cc(/C=C/c2ccc3c(c2)NC(=O)CO3)cc(C(=O)NCc2c(C)c3c([nH]c2=O)CCCC3)c1C)C1CCOCC1,CHEMBL4637305,active
CC(C)c1ccc(cc1)NC(=O)c2ccc(c(c2)[N+](=O)[O-])NCCC[NH+]3CCN(CC3)c4cccc(c4)Cl,C49767745,inactive
CCCOc1ccc(cc1)N2C(=O)C[C@@H](C2=O)SC(=[NH2+])N/N=C(\C)/c3ccc(cc3)C4CCCCC4,C59489400,inactive
CC(=O)Nc1ccc(cc1)S(=O)(=O)Nc2c(nc3ccccc3n2)Nc4ccc(cc4)C(=O)Nc5ccc(cc5)OC,C01876427,inactive
Cc1ccc(cc1S(=O)(=O)NCc2[nH]c3ccccc3n2)c4c5ccccc5c(n[nH+]4)Nc6ccc(cc6)O,C06489501,inactive
Cc1ccc(cc1)C(=O)C2=C(C(=O)N([C@H]2c3ccccc3F)C[C@@H](c4ccc(cc4)Cl)[NH+]5CCCCC5)O,C98048189,inactive
Cc1cccn2c1nc(c2C)C(=O)C3=C(C(=O)N([C@H]3c4ccc(c(c4)OC)O)Cc5ccco5)O,C35484646,inactive
C[C@@H]1CC[C@@]23CCC(=O)[C@H]2[C@]1([C@@H](C[C@@]([C@H]([C@@H]3C)O)(C)C=C)OC(=O)CSC(C)(C)CNC(=O)[C@@H](C(C)C)[NH3+])C,C77320007,inactive
c1ccc(c(c1)[C@@H]2[C@H]3[C@@H](C(=O)N(C3=O)c4ccc(cc4)F)[C@@]([NH2+]2)(CC5=c6ccccc6=[NH+]C5)C(=O)[O-])O,C63465133,inactive
COc1ccc(cc1OC)CCN(CCC(=O)Nc2nnc(s2)c3ccc(cc3)Cl)C(=O)c4cccc(c4)C(F)(F)F,C98016822,inactive
CC1(CC(CC([NH2+]1)(C)C)NC(=O)CSc2nc([nH]n2)N/N=C/c3cc(ccc3OC)Br)C,C20834836,inactive
C[C@@H]1C[C@@H](C[NH+](C1)CCC(=O)O[C@@H]2CC[C@@]3([C@@H]4CC[C@]5([C@@H]([C@@H]4C=C(C3=C2)C)CC[C@@]5(C(=O)C)OC(=O)C)C)C)C,C70701227,inactive
c1c(cc(cc1C(F)(F)F)S(=O)(=O)NCCNS(=O)(=O)c2cc(cc(c2)C(F)(F)F)C(F)(F)F)C(F)(F)F,C95742711,inactive
CCN(c1cc(Cl)cc(C(=O)NCc2c(C)cc(C)[nH]c2=O)c1)C1CCOCC1,CHEMBL3769788,inactive
CSc1cc(C)[nH]c(=O)c1CNC(=O)c1c(C)n([C@H](C)[C@H]2CCC(CC(C)C([O-])=O)CC2)c2ccccc12,575025,active
COc1ccc2CCN(Cc3c(C)cc(C)[nH]c3=O)C(=O)c2c1Cl,50193704,active
Cc1ccc(c(c1)C)n2c3c(c(n2)c4ccccc4)[C@@H](SCC(=O)N3CC(=O)NCc5ccc[nH+]c5)c6ccccc6C,C98012066,inactive
CCc1[nH]c(c([nH+]1)C)CN2CCC3=C([C@@H](S[C@@H]3C2)S(=O)(=O)NCC4CCCCC4)C(=O)OC,C64044149,inactive
CCN(C(=O)C1CCCC1)c1cc(cc(C(=O)NCc2c(C)cc(C)[nH]c2=O)c1C)-c1ccc(CN2CCOCC2)cc1,50575202,active
CN(C)CCCN1CCC(=CC1)c1cc(C(=O)NCc2c(C)cc(C)[nH]c2=O)c2cnn(C3CCCC3)c2c1,326193,active
c1cc(ccc1COc2ccc(cc2C[NH2+]CCNc3ccc(cc3Cl)[N+](=O)[O-])Br)F,C16401809,inactive
CCOc1ccc(cc1OCC)Cn2c3c(nc2SCC(=O)Nc4ccc(cc4)OC(F)(F)Cl)n(c(=O)n(c3=O)C)C,C98005108,inactive
CCOc1ccc(cc1)CC(=O)N[C@H](CCSC)C(=O)N2CCC3(CC2)c4c(nc[nH]4)CCN3,C13570619,inactive
CC(C)CN(CC(=O)Nc1nc(cs1)CC(=O)N2CCN(CC2)c3ccccc3Cl)C(=O)c4ccccc4,C00698548,inactive
C[C@]1(NC(=O)N(N1)c2c(cc(cn2)C(F)(F)F)Cl)C3=NO[C@@H](C3)CNc4c(cc(cn4)C(F)(F)F)Cl,C12856937,inactive
CC1(CC2=C([C@H](C(=C(O2)N)C(=O)OC)c3ccc(o3)COc4cccc(c4)Br)C(=O)C1)C,C00648623,inactive
CC\1=NN(C(=O)/C1=C\Nc2ccc(cc2)S(=O)(=O)/N=c\3/cc(nc([nH]3)OC)OC)c4ccc(cc4)I,C08440974,inactive
COc1cc(cc(c1OC)OC)C(=O)c2cc(ccc2N/C=C(\C#N)/c3nc(cs3)c4cc5ccccc5oc4=O)Cl,C97966516,inactive
[H]/N=C\1/C(=C\c2ccc(c(c2)Cl)OC(=O)c3ccc(cc3)F)/C(=O)N=C4N1N=C(S4)S(=O)(=O)C,C20207984,inactive
C[C@@]1(C(=O)N(C(=O)N1)C[C@@H](c2ccc(cc2F)F)O)c3ccc(cc3Cl)Cl,C51258221,inactive
C[C@H](c1ccccc1)[NH2+]Cc2cc(c(c(c2)Br)OC[C@@H](c3ccc4c(c3)OCCO4)O)OC,C20877123,inactive
CC(=O)Nc1ccc(cc1)S(=O)(=O)NC[C@@H](c2cccs2)S(=O)(=O)c3ccc(cc3)Cl,C38935057,inactive
CCN(c1cc(-c2ccc(CN3CCN(C)CC3)cc2)c(C)c(C(=O)NCc2c(C)cc(C)[nH]c2=O)c1C)C1CCOCC1,CHEMBL5183810,active
C[C@H](c1cccn2c1[nH+]c(c2)c3ccc(cc3)C[C@H](C[NH3+])NC(=O)c4ccc(c(c4)Cl)OC(C)C)O,C98091527,inactive
C[NH+]1CCc2c(sc(c2c3nc4ccccc4s3)NC(=O)[C@@H]5CC(=O)N(C5)c6ccc(cc6)F)C1,C36629116,inactive
Cc1cc2c(c(=O)n1CCc3ccccc3)[C@@H](C(=C(O2)N)C#N)c4ccc(cc4)Cl,C01471951,inactive
CCOC(=O)[C@H](CC(C)C)NC(=O)[C@@H]1C[C@@]23C=C[C@@]1([C@@H]4[C@@]25CC[NH+]([C@@H]3Cc6c5c(c(cc6)OC)O4)C)OC,C96316356,inactive
c1ccc(cc1)/C=C/S(=O)(=O)Nc2ccc(cc2)C(=O)NNC(=O)c3cc(ccc3Cl)Cl,C18098304,inactive
COc1ccc(c(c1)[C@@H]2C(=C(OC(=C2C(=O)OC)CSc3c(cc4c([nH+]3)CCCCC4)C#N)N)C#N)F,C08451209,inactive
c1ccc(cc1)OCCOCCOc2ccc(cc2/C=N/NC(=O)Cc3nnc(s3)N)Br,C13799981,inactive
Cc1ccc(cc1)NC(=O)CSC2=[NH+]C(=C3C[NH+](CN=C3N2c4ccc(cc4)C)CCc5ccc(c(c5)OC)OC)[O-],C98042701,inactive
CCc1cc(c(s1)SCC)[C@@H]2C3C(=NC(=C2C(=O)Nc4cccc[nH+]4)C)C[C@H](CC3=O)c5ccccc5,C05928462,inactive
CCCn1c(c(c(c(c1=O)C#N)C)/C=C/2\C(=O)N(C(=S)S2)CCCCCC(=O)O)N3CCCCCC3,C33813468,inactive
CC1(C[NH+]=C(S1)N2CC[NH+](CC2)C[C@H](COc3ccc(cc3)OC[C@H](CN4CCN(CC4)C5=[NH+]CC(S5)(C)C)O)O)C,C49771564,inactive
Cn1cc(cn1)CC[NH2+][C@@H]2CCc3c(sc4c3c(=O)n(cn4)CCc5cccc(c5)Cl)C2,C14999324,inactive
CC[C@H](C)n1cc(C)c2c(cc(cc12)-c1ccc(nc1)N1CCNCC1)C(=O)NCc1c(C)cc(C)[nH]c1=O,50017293,active
COc1ccc(cc1)n2c(nnc2SCC(=O)N/N=C/c3cc(cc(c3O)Br)Br)c4ccccc4,C97939502,inactive
COc1cc(ccc1OCCc2cccc[nH+]2)CN([C@H]3CCCCNC3=O)S(=O)(=O)c4ccccc4F,C11788778,inactive
COc1ccc(c(c1OC)OC)/C=C/2\C[NH2+]CC3=C2OC(=C([C@@H]3c4ccc(c(c4OC)OC)OC)C#N)N,C39326844,inactive
Cc1ccccc1COc2ccc(cc2)/C(=C/3\[C@H](N(C(=O)C3=O)CCC[NH+](C)C)c4ccc[nH+]c4)/O,C09436765,inactive
CC1CC[NH+](CC1)Cc2c(nnn2c3c(non3)N)C(=O)N/N=C/c4cc(ccc4OCc5cccc6c5cccc6)Cl,C97966655,inactive
c1ccc(c(c1)C(=O)Nc2ccc(cc2)Br)NC(=O)C(=O)N/N=C/c3coc4ccc(cc4c3=O)Cl,C04259756,inactive
C[C@H]1CC[C@@]2(CC[C@@]3(C(=CC[C@@H]4[C@@]3(CC[C@@H]5[C@@]4(CC[C@@H]([C@@]5(C)CO)O)C)C)[C@@H]2[C@@]1(C)O)C)C(=O)O[C@@H]6[C@@H]([C@@H]([C@@H]([C@@H](O6)CO)O)O)O,C67912985,inactive
CC\1(c2ccccc2N(/C1=C\C(=O)[C@H]([C@@H](c3ccc(cc3)OC)[NH+]4CCN(CC4)c5ccccc5F)O)C)C,C32706040,inactive
Cc1c2c(n(n1)c3ccccc3)[NH+]=C4C(=Nc5ccccc5N4[C@@H]2c6ccc(cc6)N(C)C)Nc7ccc(cc7OC)OC,C01879650,inactive
CCN(c1cc(-c2ccc(NC(=O)CCCCCCCNC(=O)C[C@@H]3N=C(c4ccc(Cl)cc4)c4c(sc(C)c4C)-n4c(C)nnc43)cc2)cc(C(=O)NCc2c(C)cc(C)[nH]c2=O)c1C)C1CCOCC1,CHEMBL5175060,active
Cc1c(sc([nH+]1)N)C(=O)N/N=C/c2ccc(cc2)N3[C@@H](CC(=N3)c4ccccc4)[C@H]5CC=CC=C5,C08800963,inactive
CCOc1ccc(cc1Cl)C(=O)C2=C(C(=O)N([C@@H]2c3ccc(cc3)Br)CCCn4cc[nH+]c4)[O-],C53291397,inactive
CC(C)[C@@H](C(=O)NNC(=O)CC1=c2ccccc2=[NH+]C1)NS(=O)(=O)c3cccc(c3)Cl,C64737513,inactive
CSc1cc(C)[nH]c(=O)c1CNC(=O)c1c(C)n([C@H](C)[C@H]2CCC(CC2)NC2(CF)COC2)c2ncccc12,575045,active
C/C(=N\NC(=O)CN(c1ccc(cc1)OC)S(=O)(=O)C)/c2cccc(c2)NC(=O)c3cccc(c3)Cl,C97964098,inactive
Cc1ccc(cc1)S(=O)(=O)Oc2ccc(cc2/C=N/Nc3cc(nc([nH+]3)N4CCCC4)N5CCCC5)Br,C97958957,inactive
Cc1ccc(cc1)S(=O)(=O)C/[NH+]=C(\c2ccccc2)/NC(=S)NN(c3ccccc3)c4ccccc4,C11852420,inactive
Cc1ccc(c(c1)C)NC(=O)[C@H]2CC(=O)[N+](=C(S2)Nc3ccc(cc3)OC)CCc4ccc(cc4)Cl,C58943683,inactive
Cn1c2c(c(=O)n(c1=O)C)n(c([nH+]2)NCCc3c[nH]c4c3cccc4)Cc5ccc(cc5)Br,C08775655,inactive
CC(C)C(=O)Nc1nc(cs1)CC(=O)N(Cc2ccc(c(c2)Cl)Cl)Cc3cccc[nH+]3,C72052623,inactive
c1ccc(cc1)CC(=O)NN2C(=O)/C(=C/c3c[nH]nc3c4cccc(c4)[N+](=O)[O-])/SC2=S,C35516407,inactive
c1ccc(cc1)CN2C(=O)N(C(=O)C23CC[NH+](CC3)Cc4nc5ccccc5s4)CCCc6ccc[nH+]c6,C14744232,inactive
CCOC(=O)c1c2c(sc1NC(=O)c3ccc(cc3)S(=O)(=O)N4CCCc5c4cccc5)C([NH2+]C(C2)(C)C)(C)C,C97963606,inactive
Cc1ccc(cc1C)n2c(nnc2SCC(=O)c3c(n(c(=O)n(c3=O)C)C)N)c4ccccc4,C03232770,inactive
CCS(=O)(=O)N1Cc2ccccc2C[C@@H]1C(=O)Nc3cccc(c3)S(=O)(=O)N4CCCCC4,C09662697,inactive
CC(C)n1ncc2c(cc(nc12)C1CCN(CC1)C(=O)C1CCNCC1)C(=O)NCc1c(C)cc(C)[nH]c1=O,325948,active
C[C@H](Cc1cccs1)[NH+](Cc2ccc(cc2)OC)CC(=O)Nc3cc(cc(c3)C(=O)N)C(=O)N,C24892642,inactive
COc1ccc(cc1)N2C(=O)C[C@H](C2=O)NNc3cc(c4cc(ccc4[nH+]3)Cl)c5ccccc5,C18212464,inactive
C[C@H](C(=O)Nc1ccc(cc1Cl)F)Sc2[nH]nc(n2)c3ccccc3F,C05677387,inactive
CN1C2=C([C@H](NC1=O)c3cccc(c3OC)OC)C(=O)N(C2)CC(=O)Nc4ccccc4F,C34792637,inactive
COc1cc2c(cc[nH+]c2cc1OC)Oc3ccc(cc3)N(c4ccc(cc4)F)C(=O)C5(CC5)C(=O)N,C71623881,inactive
CCN(C1CCS(=O)CC1)c1cc(cc(C(=O)NCc2c(C)cc(C)[nH]c2=O)c1C)-c1ccc(C[N+]2([O-])CCOCC2)cc1,172129,active
CCCCCCCCS(=O)(=O)C[C@H](CSc1c(c(cc([nH+]1)c2ccccc2)c3ccccc3)C#N)O,C08448611,inactive
c1cc(ccc1COc2ccc(cc2)/C=c\3/c(=[NH2+])n-4[nH]/c(=C/C(=O)N5CCCC5)/sc4nc3=O)Cl,C49657382,inactive
CC(=O)Nc1ccc(cc1)/[NH+]=C/c2ccccc2OCOc3ccccc3/C=N/c4ccc(cc4)NC(=O)C,C16321166,inactive
CCOc1ccc(cc1)c2nnc(n2N)SCc3[nH+]c(c4c5c(sc4n3)CCCCC5)N,C10536093,inactive
CCCCCOc1ccc(cc1OCC)[C@@H]2C(=C(C(=O)N2CCC[NH+]3CCOCC3)O)C(=O)c4ccc5c(c4)C[C@H](O5)C,C97967204,inactive
COc1cccc(c1CN2CCC[C@@H](C2)c3c(c[nH]n3)c4ccc(cc4F)F)O,C42881846,inactive
CC(=O)N[C@@H](Cc1ccccc1)C(=O)N[C@@H](Cc2ccccc2)C(=O)N[C@H](Cc3c[nH]cn3)C(=O)OC,C64219159,inactive
CCOC(=O)c1c2c(sc1NC(=O)[C@H](C)Sc3nnc(n3CCOC)c4cccnc4)CCCCC2,C10611103,inactive
CC(C)(C)NC1=Nc2ccccc2C[NH2+][C@@]13CCN(C3)C(=O)c4cccc(c4)F,C65265951,inactive
CCN(c1cc(-c2ccc(CN3CCN(CCCCCCCOc4cccc5c4C(=O)N(C4CCC(=O)NC4=O)C5=O)CC3)cc2)cc(C(=O)NCc2c(C)cc(C)[nH]c2=O)c1C)C1CCOCC1,CHEMBL5089835,active
CN1[C@H](C[C@@H](NS1(=O)=O)c2cccs2)C(=O)Nc3ccc(cc3F)F,C71384988,inactive
CCOc1ccc2c(c1Cl)C(=O)N(Cc1c(C)cc(C)[nH]c1=O)CC2,CHEMBL3947273,active
CC1CN(C2CCCC2)c2cc(cc(C(=O)NCc3c(C)cc(C)[nH]c3=O)c12)-c1ccc(CN2CCOCC2)cc1,50205636,active
C[C@]12CC[C@H]([C@@]([C@H]1Cc3c(nc(s3)NC(=O)C(C)(C)C)[C@H]2CC(=O)NCC[NH+]4CCOCC4)(C)CO)O,C43553446,inactive
C/C(=N/NC(=O)C[NH+]1CCN(CC1)S(=O)(=O)c2ccc(cc2)Br)/c3ccc(cc3)O,C08836680,inactive
COc1c/c(=N/S(=O)(=O)c2ccc(cc2)/[NH+]=C/c3ccc(c(c3)O)O)/[nH]c(n1)OC,C59461106,inactive
Cc1c(c(=O)n(n1C)c2ccccc2)NS(=O)(=O)c3ccc(c(c3)[N+](=O)[O-])NCC[NH+]4CCOCC4,C13138582,inactive
c1ccc(cc1)Cn2c(nnc2SCc3ccc(cc3)F)C4CC[NH+](CC4)Cc5ccc(cc5)O,C11782997,inactive
c1cc(cc(c1)C(F)(F)F)c2ccc(o2)[C@H]3Nc4c(c5c(s4)CCCC5)C(=[NH+]3)O,C02765512,inactive
CC(C)Oc1ccc(cc1)C(=O)[C@H]2[C@@H](N(C(=O)C2=O)CC[NH+]3CC[NH2+]CC3)c4ccc(cc4)[N+](=O)[O-],C08779158,inactive
CC(C)C[C@@H](C(=O)N[C@@H](Cc1c[nH]c[nH+]1)C(=O)Nc2ccc3ccccc3c2)NC(=O)[C@H](Cc4cnc[nH]4)[NH3+],C71788438,inactive
c1ccc(cc1)C(=O)COC(=O)[C@@H](CC2=c3ccccc3=[NH+]C2)NC(=O)c4ccc(cc4)Br,C63623029,inactive
CN1c2ccccc2C(=[NH+][C@@H](C1=O)NC(=O)Nc3ccc(cc3C(F)(F)F)Cl)c4ccccc4,C95929291,inactive
c1ccc(c(c1)NS(=O)(=O)c2ccc(cc2)C(=O)NC[C@H](c3cccs3)[NH+]4CCOCC4)F,C22007880,inactive
CCOc1cc(ccc1OCC=C)[C@@H]2C(=C(C(=O)N2CC[NH+]3CCOCC3)O)C(=O)c4ccc5c(c4)C[C@@H](O5)C,C38140340,inactive
CC(=O)Nc1ccc(cc1)S(=O)(=O)/N=C\2/[C@H]([NH+]=c3ccccc3=[NH+]2)Nc4ccc5ccccc5c4,C39976471,inactive
CC(C)c1ccc2c(c1)[C@H](Cc3ccc(cc3S2)F)[NH+]4CCN(CC4)CCOC(=O)c5cc(c(c(c5)OC)OC)OC,C22789216,inactive
C[C@@H](c1[nH+]c2ccccc2c(n1)NCCc3ccccc3)N4CCN(CC4)S(=O)(=O)c5ccc(cc5)C(C)(C)C,C98230964,inactive
CCN(c1cc(-c2ccc(CNCCO)cc2)cc(C(=O)NCc2c(C)cc(C)[nH]c2=O)c1C)C1CCOCC1,CHEMBL3697487,active
C[C@H](c1ccc(cc1)OC)NC(=O)c2c(nc([nH]2)C3CC[NH+](CC3)C)c4ccc(cc4)OC,C19698723,inactive
C[C@@H](C(=O)N1CCC[C@H]1C(=O)[O-])NC(=O)[C@@H]([C@@H](CCCC[NH3+])N)O,C06020050,inactive
c1ccc(cc1)CC/[NH+]=C(\Nc2ccc(cc2)C(=O)[O-])/N3CC[NH+](CC3)CCOc4ccc(cc4)Cl,C15782773,inactive
C[C@H]1C(=c2ccccc2=[NH+]1)C(=O)[C@H](C)OC(=O)c3ccc(cc3)N4C(=S)S[C@@H](N4)SC,C39943240,inactive
Cc1ccc(c(c1)C)NS(=O)(=O)c2ccc(cc2)NC(=S)NC(=O)COc3ccc(cc3)C(C)(C)C,C12499887,inactive
COc1ccccc1[C@@H](CNC(=O)Nc2ccc(cc2)CCN3CCSCC3)[NH+]4CCCC4,C72049446,inactive
CCOC(=O)c1ccc(cc1)N2C(=O)[C@H](N(C2=S)CCC[NH+]3CCC(CC3)C(=O)N)CC(=O)Nc4ccc(cc4)OC,C98005914,inactive
COc1ccc(cc1OC)CCNS(=O)(=O)c2ccc(c(c2)C(=O)Nc3ccccc3C(F)(F)F)F,C03023995,inactive
Cc1cc(c(c(c1NS(=O)(=O)C)C)S(=O)(=O)Nc2cccc(c2)C(F)(F)F)C,C71974054,inactive
COC(=O)c1c(c2ccc([nH+]c2s1)C[NH+]3CCCC[C@H]3CCO)NC(=O)c4ccc(cc4)F,C11912431,inactive
C[C@@H]1CCCC[NH+]1CCCNC(=O)[C@@H](C2CCCC2)[NH+]3CCN(CC3)C(=O)c4ccc(cc4)Cl,C36256930,inactive
c1cc(sc1)c2cc(nc(n2)SCC(=O)Nc3cc(cc(c3)OCC(C(F)F)(F)F)[N+](=O)[O-])C(F)(F)F,C02799731,inactive
Cc1c(c(=O)n(n1C)c2ccccc2)NC(=S)Nc3ccc(cc3Cl)Br,C01122039,inactive
CCc1ccccc1NC(=O)CSc2nc3c(c4c(s3)CN(CC4)C(=O)C)c(=O)n2Cc5ccco5,C35432188,inactive
Cc1cccc(c1)COc2ccc(cc2)C(=O)C3=C(C(=O)N([C@H]3c4ccccc4F)CCCn5cc[nH+]c5)O,C17044464,inactive
c1ccc(cc1)CN2C(=O)[C@](C(=O)NC2=O)(Cc3ccc(cc3)O)C[NH+]4C[C@H]5C[C@@H](C4)c6cccc(=O)n6C5,C70672240,inactive
c1ccc(cc1)NC(=O)CSc2nnc(n2C[C@H]3CCCO3)c4c(c5ccc[nH+]c5s4)N,C64794536,inactive
Cc1cc(C)c(CNC(=O)c2cc(-c3ccc(CN4CCOCC4)cc3)cc3c2C(C)CN3C2CCOCC2)c(=O)[nH]1,CHEMBL3892623,active
Cc1c([nH+]c[nH]1)CSCCN/C(=C\2/C(=NN(C2=O)c3nc4ccccc4s3)c5ccccc5)/C,C20288214,inactive
CC1(C)CC(NC(=O)c2ccc(Oc3ccccc3C#N)c(Cl)c2)CC(C)(C)N1,CHEMBL3264779,active
c1ccc(cc1)c2[nH]c(nn2)C[NH2+]C3CCN(CC3)c4ccc(cc4)C(=O)N5CCc6ccccc6C5,C12509883,inactive
CCCCOc1ccc(cc1OCC)[C@H]2C(=C(C(=O)N2c3nc4ccc(cc4s3)OCC)O)C(=O)c5ccc6c(c5)OCCO6,C97969793,inactive
C[C@@H]1Cc2c3ccccc3[nH]c2[C@@H]([NH+]1C[C@@H](COc4ccccc4)O)c5ccc(c(c5)OC)OC,C36367820,inactive
c1ccc(c(c1)[C@@H]2C(=C(C(=O)N2CCCn3cc[nH+]c3)O)C(=O)c4ccc(cc4)Br)Cl,C09271930,inactive
CC(C)(C)NC(=O)CSc1nc([nH]n1)N/N=C/c2ccccc2OCc3cccc(c3)Br,C59019314,inactive
C=C1C([C@H]([C@H](C(=N1)SCC(=O)Nc2cccc(c2)C(F)(F)F)C#N)c3cc[nH+]cc3)C(=O)Nc4ccccc4,C08411367,inactive
CCN(c1cc(-c2cnc(N3CCN(C)CC3)nc2)cc2c(NCc3c(C)cc(C)[nH]c3=O)nccc12)[C@H]1CC[C@H](N(C)C)CC1,CHEMBL5190398,active
CC[C@@H](C(=O)N/N=C/c1cc(c(c(c1)Br)[O-])Br)SC2[NH+]=c3ccccc3=[NH+]2,C63562442,inactive
c1ccc2=[NH+]CC(=c2c1)/C=N/NC(=O)[C@@H]3[C@@H](N(N=N3)c4c(non4)N)CSc5ccc(cc5)Cl,C38688986,inactive
CCC1=C[C@H]2C[C@@](c3c(c4ccccc4[nH]3)CC[NH+](C2)C1)(c5cc6c(cc5OC)N([C@@H]7[C@]68CCN9[C@@H]8[C@@](C=CC9)([C@H]([C@@]7(C(=O)OC)O)OC(=O)C)CC)C=O)C(=O)OC,C94303127,inactive
Cc1ccc(o1)CN([C@@H](c2ccc(c(c2)OC)O)C(=O)NC(C)(C)CC(C)(C)C)C(=O)c3ccc(cc3)F,C36602979,inactive
CCOc1ccc(cc1)[C@H]2c3c(nn(c3[NH+]=C4N2c5ccccc5N=C4Nc6ccc(c(c6)Cl)OC)c7ccccc7)C,C01758330,inactive
Cc1ccc(c(c1)C)NS(=O)(=O)c2cc(ccc2Cl)C(=O)NC(C)(C)C,C01075564,inactive
COC(=O)c1c2c(sc1NC(=S)NCCCn3c(c(c(n3)C(F)(F)F)Cl)C4CC4)CCCC2,C13770201,inactive
CCOC(=O)c1c2c(sc1NC(=O)CSc3nnc(n3c4ccc(cc4)F)CNC(=O)Cc5ccccc5)CCCCC2,C33357986,inactive
Cc1ccc(o1)CN([C@@H](c2ccc(cc2)OC)C(=O)NC(C)(C)CC(C)(C)C)C(=O)c3cccc(c3)Cl,C36596149,inactive
Cc1cc(ccc1[N+](=O)[O-])OCc2cc(ccc2OC)[C@@H]3C(=C(N(C4=C3C(=O)CC(C4)(C)C)c5ccc[nH+]c5)N)C#N,C00673434,inactive
c1cc(cc(c1)NC(=O)N(C[C@H]2CCCO2)CC(=O)N(Cc3ccc4c(c3)OCO4)Cc5cccs5)C(F)(F)F,C98016732,inactive
CC1CC(NC(=O)c2ccc(Oc3cccc(-c4ccnnc4)c3C#N)c(Cl)c2)CC(C)N1,CHEMBL3264793,inactive
Cc1cccc(c1NC(=O)CS[C@@H]2NN[C@H](N2[NH3+])[C@@H]3C=C(N=N3)c4ccc(cc4)Cl)C(C)C,C38984774,inactive
CC(C)OCCCNC(=O)C(=O)N/N=C/c1ccc(c(c1)OC)OCC(=O)Nc2cccc(c2)C(F)(F)F,C97964162,inactive
C[C@H]1[C@@H]2[C@@H](C(=O)N(C2=O)c3ccc(cc3)NC(=O)C)[C@@]4([NH2+]1)c5ccccc5N(C4=O)Cc6ccc(cc6)F,C15023251,inactive
CN(C)c1ccc(cc1)NC(=O)CSc2nc([nH]n2)NN=C(Cc3ccccc3)Cc4ccccc4,C20908864,inactive
Cc1ccc(cc1)S(=O)(=O)N2CCC3(CC2)[NH2+][C@H](C(=O)N3Cc4ccccc4)Cc5ccccc5,C36027277,inactive
Cc1cc(c(cc1Nc2c(c(nc[nH+]2)NN3CC[NH+](CC3)C)N)Cl)[C@H](C#N)c4ccc(cc4)Cl,C40688688,inactive
CC(=O)Nc1ccc(cc1)N2[C@H](/C(=C(\c3ccc(cc3)Cl)/O)/C(=O)C2=O)c4ccc(cc4)F,C08921485,inactive
CS(=O)(=O)c1cccc(c1)NC(=O)[C@H](CC2=c3ccccc3=[NH+]C2)NC(=O)c4ccc(cc4)F,C63152623,inactive
c1cc(cc(c1)Cl)NC(=S)N(Cc2ccc(cc2)F)Cc3cc4cc5c(cc4nc3O)OCO5,C06445308,inactive
COc1cc2c(cc1OC)[nH]c3c2ncnc3N4CC[NH+](CC4)[C@H](c5ccccc5)c6ccc(cc6)Cl,C02400068,inactive
CSCC[C@@H](C(=O)N1CCC2(CC1)c3c(nc[nH]3)CC[NH2+]2)NC(=O)c4ccc(cc4)F,C20588515,inactive
c1ccc(cc1)CC(=O)Oc2ccc3c(c2)OC(=C([C@@H]3c4ccccc4Cl)C#N)N,C38651105,inactive
CCCOc1ccc(cc1)[C@@H]2/C(=C(/c3c(c([nH]c3C)C(=O)OC)C)\O)/C(=O)C(=O)N2CCC[NH+](C)C,C09007846,inactive
COc1ccc2cc(c(=O)[nH]c2c1)CN(Cc3ccc[nH+]c3)S(=O)(=O)c4cc(ccc4Cl)C(F)(F)F,C00915934,inactive
COc1ccc(cc1OC)NC(=O)c2ccc(c(c2)NC(=O)c3cccs3)N4C[C@H]5C[C@@H](C4)c6cccc(=O)n6C5,C98049694,inactive
c1cc(ccc1[C@@H]2C[C@@H](N3C(=[NH+]2)C(=C(N3)C(=O)NCCCn4cc[nH+]c4)Cl)C(F)(F)F)Cl,C12844351,inactive
[H]/N=C\1/C(=C/c2ccc(c(c2)OC)OCCOc3ccc(cc3)C)/C(=O)N=C4N1N=C(S4)c5ccccc5Cl,C08493972,inactive
COc1ccc(cc1CSc2nc3ccccc3s2)[C@H]4[C@@H]5C(=c6ccccc6=[NH+]5)C[C@@H]([NH2+]4)C(=O)[O-],C63350042,inactive
COc1ccc(cc1)NC(=O)CSc2nc(nn2CC(=O)Nc3ccc(cc3)Br)c4cc[nH+]cc4,C01225085,inactive
c1cc(cnc1)C/[NH+]=C(/c2c(c3n(n2)[C@H](C[C@H](N3)c4cccs4)C(F)(F)F)Br)\O,C09597182,inactive
CN(C)CCOCc1cccc(c1)-c1cc(C(=O)NCc2c(C)cc(C)[nH]c2=O)c2cnn(C3CCCC3)c2c1,326089,active
CCN(C1CCOCC1)c1cc(cc(C(=O)NCc2c(C)cc(C)[nH]c2=O)c1C)-c1ccc(NC(=O)C[C@@H]2N=C(c3c(C)c(C)sc3-n3c(C)nnc23)c2ccc(Cl)cc2)cc1,50605629,inactive
COc1cccc2n([C@H](C)C3CCN(CC(F)(F)F)CC3)c(C)c(C(=O)NCc3c(SC)cc(C)[nH]c3=O)c12,574969,active
c1ccc2c(c1)C[C@@H](N(C2)S(=O)(=O)c3ccc(cc3)F)C(=O)Nc4cccc(c4)O,C33588774,inactive
c1cc(ccc1C2=C[C@H](N=N2)[C@H]3N=N[C@@H](N3[NH3+])SCC(=O)Nc4ccc(cc4F)Br)F,C39592681,inactive
CC1(CC(CC([NH2+]1)(C)C)NC(=O)CSc2nc([nH]n2)NN=C(Cc3ccccc3)Cc4ccccc4)C,C20909136,inactive
COc1ccc(cc1)C2=N[C@@H]([NH2+][C@H](C2)c3ccccc3O)c4ccc(c(c4)Br)F,C09543047,inactive
COc1ccc(cc1O)[C@H]2CC(=O)Nc3c2[nH+]cn3c4ccc(cc4)Br,C36357761,inactive
C1CCC(CC1)NC(=O)[C@H]2[C@@]34C=C[C@@H](O3)[C@@H]([C@@H]4C(=O)N2C5CCCC5)C(=O)NC6CC6,C04895704,inactive
COc1cc(cc(c1OC)OC)C(=O)Nc2nnc(s2)SC[C@H]3C(=O)[NH+]=c4ccccc4=[NH+]3,C63751986,inactive
Cc1cc(ccc1n2c3cc(c(cc3[nH+]c2N)I)F)OC,C97408121,inactive
CCc1c(c(n(n1)c2ccccc2)Oc3ccc(cc3)F)C[NH+](CCOC)C[C@H](Cc4ccccc4)O,C36303280,inactive
Cc1cc(C)c(CN2CCc3c(Cl)cc(C(CO)N4CCC(F)(F)C4)c(Cl)c3C2=O)c(=O)[nH]1,435549,active
CN(C1CCOCC1)c1cc(cc(C(=O)NCc2c(C)cc(C)[nH]c2=O)c1C)-c1ccc(CN2CCOCC2)cc1,172008,active
c1cc(ccc1c2csc(n2)NC(=O)CSc3nnc(n3N)C(F)(F)F)F,C03373067,inactive
c1cc(ccc1c2c(nnn2c3ccc(cc3)N)S(=O)(=O)c4ccc(cc4)F)F,C11730593,inactive
CC1NC(C)=CC(C)=C1CNC(=O)c1cc(cc2n(ncc12)C1CCCC1)C1=CCN(CC1)C(=O)C1CN(C)C1,382443,active
CCn1c2ccc(cc2[nH+]c1C/[NH+]=c/3\ccc-4c(cc(oc4c3)O)C)S(=O)(=O)N5CCCCC5,C24978772,inactive
COc1ccc(cc1Cn2c3ccccc3nn2)[C@H]4[C@H]5C(=c6ccccc6=[NH+]5)C[C@@H]([NH2+]4)C(=O)[O-],C63291110,inactive
Cc1ccc2cccc(c2[nH+]1)Nc3c(c(ncn3)NNC(=O)Cc4ccccc4)[N+](=O)[O-],C40626815,inactive
c1ccc(cc1)COC[C@H](C[NH+](Cc2cccc(c2)F)C[C@@H]3CC(=NO3)c4ccc(c(c4)Cl)Cl)O,C36146389,inactive
Cc1ccc(cc1)NC(=O)CN2c3ccccc3[C@@]4(C2=O)[C@@H]5[C@@H]([C@@H]([NH2+]4)CCSC)C(=O)N(C5=O)Cc6ccccc6,C35999825,inactive
CCOC(C1CS(=O)(=O)C1)c1cc(Cl)c2CCN(Cc3c(C)cc(C)[nH]c3=O)C(=O)c2c1Cl,50246929,active
c1ccc(cc1)C[C@H](C(=O)NCc2ccc(cc2)OCc3ccc[nH+]c3)NC(=O)c4ccc(cc4)Cl,C46838487,inactive
Cc1cccc(c1NC(=O)CSc2nc3ccc(cc3s2)/N=C/c4c5ccccc5ccc4O)C,C02181408,inactive
CCOc1cc(ccc1OCc2ccccc2)[C@@H]3C(=C(C(=O)N3CCCn4cc[nH+]c4)[O-])C(=O)c5ccc6c(c5)OCCO6,C97970230,inactive
Cc1ccc2[nH+]c(cc(=O)n2c1)CSc3nnc(s3)NC(=O)Nc4ccc(cc4)Cl,C46031619,inactive
CCN(C1CCOCC1)c1cc2oc(CN3CCC(CC3)C(C)C)cc2c(C(=O)NCc2c(OC)cc(C)[nH]c2=O)c1CC,511685,active
C[C@]12CC[C@H]3[C@H]([C@]1(CC[C@@H]2C4=CC(=O)OC4)O)CC[C@]5([C@@]3(CC[C@@H](C5)O)C=[NH+]CCc6ccc(c(c6)OC)OC)O,C70692358,inactive
CC1(C[C@H](CCO1)n2c3c(c(n2)O)[C@H](SCC(=O)N3)c4cccc(c4)OCc5ccc[nH+]c5)C,C96118381,inactive
C[C@@H]1C[C@@H](C[NH+](C1)CCCNC(=O)[C@H](CC2=c3ccccc3=[NH+]C2)NC(=O)C4CCC(CC4)C)C,C63626080,inactive
Cc1cc(c(c(c1)Cl)NC(=O)COC(=O)c2ccccc2NC(=O)CSc3[nH+]ccn3C)C,C11391299,inactive
CCN(CC)c1ccc(cc1)C[NH+](C[C@@H](COc2ccc(cc2)Br)O)[C@@H]3CCS(=O)(=O)C3,C40316691,inactive
c1cc(cc(c1)NC(=S)Nc2ccc(c3c2non3)N4CCOCC4)C(F)(F)F,C13754409,inactive
CC(C)c1ccc(cc1)[C@@H]2C[C@@H](n3c(cc(n3)c4n[nH]c(=S)n4C[C@@H]5CCCO5)N2)C(F)(F)F,C02790813,inactive
Cc1cc(n[nH]1)NC(=O)CSc2nc3ccsc3c(=O)n2c4cc(cc(c4)F)F,C72328302,inactive
c1ccc(cc1)P(=O)(CC(=O)Nc2ccccc2NC(=O)CP(=O)(c3ccccc3)c4ccccc4)c5ccccc5,C01839304,inactive
CC(C)n1ncc2c(cc(nc12)-c1ccc(cc1)S(C)(=O)=O)C(=O)NCc1c(C)cc(C)nc1=O,325837,active
CCN(CC)c1ccc(cc1)/C=C(/C(=O)N2C[C@@H]3C[C@H](C2)c4cccc(=O)n4C3)\NC(=O)c5ccc(cc5)F,C20663100,inactive
Cc1ccc(cc1)n2c(nnc2SCC(=O)N/N=C/c3cc(cc(c3O)Br)Br)c4ccc(cc4)Cl,C98225825,inactive
CCCCOc1ccc(cc1OC)[C@H]2C(=C(C(=O)N2CCC[NH+](CC)CC)O)C(=O)c3ccc4c(c3)C[C@@H](O4)C,C97966814,inactive
c1cc(cc(c1)Cl)NC(=O)C(=O)NCCc2[nH]nc(n2)c3ccco3,C77841782,inactive
C[C@]12CC[C@@H]([C@@]1(CC[C@@]34[C@@H]2CC[C@@H]5[C@@]3(C4)[C@@H](C[C@@H]([C@@]5(C)C(=O)O[C@@H]6[C@@H]([C@@H]([C@@H]([C@@H](O6)CO)O)O)O)O)O)C)[C@@]7(CC[C@@H](O7)C(C)(C)O)C,C67910521,inactive
COC(C1COC1)c1cc(Cl)c2CCN(Cc3c4occc4c(C)[nH]c3=O)C(=O)c2c1Cl,378903,active
c1cc(ccc1n2c(c3c(nc(nc3n2)NCC[NH+]4CCOCC4)c5ccc(c(c5)Cl)F)N)F,C37361662,inactive
CCn1c(nnc1SCC(=O)Nc2cc(ccc2OC)Cl)[C@@H](C)NC(=O)c3ccc(c(c3)Cl)Cl,C01131490,inactive
CCOc1cc(ccc1OCc2ccccc2)[C@@H]3C(=C(C(=O)N3CCC[NH+](C)C)O)C(=O)c4ccc(cc4)F,C35299700,inactive
C[C@H]1C[C@@]([C@@H](C[NH+]1C)C)(CCNC(=O)CO/N=C/2\CC[C@@]3([C@@H]4CC[C@]5([C@@H]([C@@H]4CCC3=C2)CC[C@]5(C#C)O)C)C)c6ccccc6,C70672247,inactive
Cc1cc(nc([nH+]1)N[C@@H](c2ccc(cc2)OC)c3c(c(sc3NC(=O)c4ccccc4)C)C)C,C35476972,inactive
Cc1ccc(cc1)n2c(nnc2SCC(=O)Nc3c(c4c(s3)CCCC4)C(=O)OC)c5c(c(n(n5)C)C)Cl,C02752054,inactive
COc1ccc(c(c1OC)OC)/C=N\NC(=O)CSc2[nH+]c3ccccc3n2Cc4ccccc4Cl,C19826004,inactive
C[NH+](CC(=O)Nc1ccccc1Sc2ccccc2)CC(=O)Nc3ccccc3Br,C12976805,inactive
Cc1nc2n(n1)c(c(s2)[C@@H](c3ccc(cc3)Br)N4CC[NH+](CC4)C(c5ccccc5)c6ccccc6)O,C22852768,inactive
C[C@@]12CC[C@@H]3[C@@]([C@@H]1CC=C4[C@]2(CC[C@@]5([C@@H]4[C@@H](C(CC5)(C)C)O)C(=O)O[C@H]6[C@@H]([C@H]([C@@H]([C@H](O6)CO)O)O)O)C)(C[C@H]([C@@H]([C@]3(C)CO)O)O)C,C67903276,inactive
CCN(C1C[C@@H](C)N[C@H](C)C1)c1cc(cc(C(=O)NCc2c(C)cc(C)[nH]c2=O)c1C)-c1ccc(OC)nc1,601715,active
c1cc(ccc1[C@H]2CC[NH2+]C[C@H]2COc3cc4c(cc3Cc5cc6c(cc5OC[C@H]7C[NH2+]CC[C@H]7c8ccc(cc8)F)OCO6)OCO4)F,C67665276,inactive
CCCc1cc(C)[nH]c(=O)c1CNC(=O)c1cc(Br)c2OCC(C)=C(C)Cc2c1,359838,active
CCOc1cc(ccc1OCCOc2ccc(cc2)C)/C=C\3/C(=[NH2+])N4C(=NC3=O)SC(=N4)c5ccccc5Cl,C97966232,inactive
CC1([C@H]2CC[C@@]1(/C(=C/OC[C@H](C[NH+]3CCN(CC3)C[C@H](CO/N=C/4\C[C@@H]5CC[C@]4(C5(C)C)C)O)O)/C2)C)C,C28297159,inactive
c1cc[nH+]c(c1)N/N=C\c2ccc(cc2)O[C@H]3[C@H](OCCO3)Oc4ccc(cc4)/C=N\Nc5ccccn5,C59347464,inactive
CCOc1cc(ccc1OCc2ccc(cc2)Cl)/C=N/NC(=O)c3c(nnn3c4c(non4)N)c5ccccc5,C02520730,inactive
CCOC(=O)c1c2ccc(c(c2sc1NC(=O)c3ccccc3)OCC[NH+]4CCCCC4)Br,C03146714,inactive
COc1ccc(cc1COc2cc(ccc2[N+](=O)[O-])F)[C@@H]3C4C(=NC(=C)C3C(=O)Nc5cccc[nH+]5)CCCC4=O,C08450308,inactive
CN1C2=C([C@H](NC1=O)c3ccccc3C(F)(F)F)C(=O)N(C2)CC(=O)N(CC[NH+](C)C)Cc4ccccc4,C34792120,inactive
c1cc(sc1)CCNc2c(c(ncn2)N3CC[NH+](CC3)Cc4ccc5c(c4)OCO5)N,C40799493,inactive
Cc1ccc(cc1)S(=O)(=O)N2CCN([C@@H]2c3ccc(cc3)OC)C(=O)CSc4[nH]c5cc(ccc5n4)C,C98008215,inactive
COc1ccc(cc1OC)CCNC(=O)CSc2nc3ccc(cc3s2)/N=C\c4ccccc4O,C00714064,inactive
CCOC(=O)[C@@H](CCc1ccccc1)[NH2+][C@H](C)C(=O)N2[C@@H](C[C@@H]3[C@@H]2CN(CC3)S(=O)(=O)C)C(=O)OCc4ccccc4,C98234268,inactive
COCCOc1ccc(cc1Br)C(=O)NC(=S)NNC(=O)Cc2ccc(cc2)Cl,C14662148,inactive
CCOc1ccccc1/C=C/2\CN(CC3=C2OC(=C([C@@H]3c4ccccc4OCC)C#N)[NH3+])C(C)C,C39324545,inactive
COc1ccccc1CC[NH2+][C@H]2CC(=O)N(C2=O)c3ccc(cc3)N4C(=O)C[C@@H](C4=O)NCCc5ccccc5OC,C98044507,inactive
c1ccc(cc1)[C@@H]2C[C@@H](N3C(=[NH+]2)C(=C(N3)C(=O)Nc4ccccc4C(F)(F)F)Cl)C(F)(F)F,C02375447,inactive
Cn1cc[nH+]c1c2cc3c(s2)c(ccn3)O[C@]4(CC=C(C=C4F)N(C=S)c5ccccc5CC(=O)N)F,C98240633,inactive
C[C@H]1[C@@H]([C@@H](C[C@@H](O1)O[C@@H]2CC[C@@]3([C@H]4CC[C@@]5([C@@H](CC[C@@]5([C@@H]4CC[C@@]3(C2)O)O)C6=CC(=O)OC6)C)/C=[NH+]/CCCO)OC)O,C70708180,inactive
c1ccc(c(c1)NC(=O)CSc2nnc(s2)NN)SCc3cccc(c3)Br,C59048524,inactive
COc1c/c(=N/S(=O)(=O)c2ccc(cc2)NC(=S)NC(=O)c3c(c4ccc(cc4s3)F)Cl)/[nH]c(n1)OC,C03094456,inactive
Cc1ccc(cc1)S(=O)(=O)Nc2ccc(cc2)SCC(=O)Nc3nc(cs3)c4ccc(cc4)F,C22838173,inactive
Cc1cc(c2cc(c(nc2c1)O)[C@H](c3nnnn3Cc4ccccc4)[NH+]5CCC(CC5)Cc6ccccc6)C,C06301945,inactive
c1cc(c(cc1S(=O)(=O)N2CCCC2)NC(=O)C[NH+]3CCc4c(ccs4)[C@H]3C5CC5)Cl,C25061568,inactive
CC(C)n1ncc2c(cc(nc12)N1CCN(CC1)C1CCN(C)CC1)C(=O)NCc1c(C)cc(C)[nH]c1=O,325947,active
CC(=O)N[C@H]1CC[NH+](C1)[C@@H]2C[C@H](N3[C@@H](Cc4c5ccccc5[nH]c4[C@H]3C2)C(=O)OC)c6ccccc6,C67879188,inactive
Cc1ccc(s1)C(=O)CSc2nc3ccccc3c(=O)n2CCc4ccc(cc4)S(=O)(=O)N,C23297215,inactive
Cc1cc(-c2ccc(N3CCN(C)CC3)nc2)c2ccc(C(=O)NCc3c(OC(C)C)cc(C)[nH]c3=O)c(C)c2n1,CHEMBL5205079,active
CCCCOc1ccc(cc1OCC)[C@@H]2c3c(n[nH]c3C(=O)N2Cc4cc[nH+]cc4)c5ccccc5O,C38610077,inactive
Cc1cc(cc(c1)NC(=O)[C@H]2[C@H]3C=C[C@@]4([C@@H]2C(=O)N([C@@H]4C(=O)NC5CCCCC5)CC[NH+]6CCCCC6)O3)C,C15962881,inactive
CCOc1ccc(cc1OCC)NC(=O)C[NH+](C)CCC(=O)Nc2ccc(cc2F)Br,C24897743,inactive
c1cc(c(c(c1)Cl)NC(=O)C[NH+]2CCC[C@@H]2c3ccc4c(c3)OCCCO4)C(F)(F)F,C12868859,inactive
c1ccc2c(c1)c(c[nH]2)C(=O)[C@@H]([C@@H](c3ccc(cc3)Cl)[NH+]4CCN(CC4)CCO)O,C23119698,inactive
CN(C1CCCC1)c1cc(cc(C(=O)NCc2c(C)cc(C)[nH]c2=O)c1C)-c1cnn(CCN2CCOCC2)c1,172014,active
Cc1ccc(cc1)C2=NN3C(=[NH2+])/C(=C/c4ccc(c(c4)OC)OCCOc5ccc(cc5)Br)/C(=O)N=C3S2,C97966239,inactive
c1cc2c(cc(c(c2[nH+]c1)OCC(=O)Nc3ccc(cc3)F)I)Cl,C15439479,inactive
c1ccc(c(c1)C(F)(F)F)NC(=O)CSc2[nH+]cc(n2CC(=O)NC3CCCC3)CO,C09827591,inactive
Cc1cc(C)c(CNC(=O)c2cc3CC(C)(C)Oc3c(c2)-c2cnc(nc2)N2CCN(CC2)C(=O)OC(C)(C)C)c(=O)[nH]1,359746,active
Cc1cccc(c1)NC(=O)N2CCC[C@H]2c3nnc(s3)C(=O)Nc4ccc(c(c4)F)F,C64930835,inactive
c1ccc(cc1)c2c(cn[nH]2)C[NH+]3CCC4(CC3)C[C@@H]4C(=O)NCC5(CCCC5)c6ccccc6,C12242420,inactive
CCOC(=O)c1c(csc1NC(=O)C[NH+](C)CC(=O)Nc2cccc(c2)F)c3ccc(cc3C)C,C13031228,inactive
COC(=O)c1ccc(cc1)/C=N/NC(=O)CCn2c3ccc(cc3c4c2ccc(c4)I)I,C04528033,inactive
CCCc1cc(=O)n2c(c(sc2n1)C(=O)Nc3ccc(cc3)C(=O)OC)C(=O)Nc4ccc(cc4)CC,C01320793,inactive
COc1ccc2c(c1Cl)C(=O)N(Cc1c(C)cc(C)[nH]c1=O)CCO2,CHEMBL3956280,active
C[C@H]1C[C@@H](CN(C1)S(=O)(=O)c2ccc(cc2)C(=O)Nc3ccc(cc3C(F)(F)F)NC(=O)C)C,C10641233,inactive
CCCCOc1ccc(cc1C)/C(=C/2\[C@H](N(C(=O)C2=O)CCC[NH+](C)C)c3cccc(c3)Br)/O,C09273274,inactive
CC(C)[C@@H]1c2c(c(c(c(c2OC3=C1C(=O)C(C(=O)C3(C)C)(C)C)C(=O)C(C)C)O)[C@H](C4C(=O)C(C(=O)C(C4=O)(C)C)(C)C)C(C)C)O,C67912871,inactive
c1cc(ccc1OC(=O)N[C@@H]2CCS(=O)(=O)C2)S(=O)(=O)c3ccc(cc3)OC(=O)N[C@@H]4CCS(=O)(=O)C4,C98000198,inactive
C[C@@H]1[C@@H]([C@@H](C[C@@H](O1)O[C@H]2CC[C@@]3([C@H]4CC[C@@]5([C@H](CC[C@@]5([C@@H]4CC[C@@]3(C2)O)O)C6=CC(=O)OC6)C)C=[NH+]CCc7ccccc7)O)O,C70692090,inactive
CCCCCOc1ccc(cc1OC)[C@@H]2C(=C(C(=O)N2c3nc4ccc(cc4s3)F)O)C(=O)c5ccc6c(c5)C[C@@H](O6)C,C98048035,inactive
CCN(C1CCN(CC1)C(=O)C=C)c1cc(cc(C(=O)NCc2c(C)cc(C)[nH]c2=O)c1C)-c1ccc(CN2CCCCC2)cc1,50594152,active
Cc1ccc(cc1)NS(=O)(=O)c2cccc(c2)C(=O)N[C@@H](C)[C@@H](c3cccs3)[NH+]4CCCC4,C09402974,inactive
C[NH+]1CCc2c(sc3c2C(=N[C@@H](N3)c4cccc(c4)OC(=O)c5cc(c(c(c5)OC)OC)OC)O)C1,C17180781,inactive
Cc1cc(ccc1OCc2ccccc2)C(=O)[C@H]3[C@H](N(C(=O)C3=O)Cc4ccc[nH+]c4)c5ccc(c(c5)OC)O,C03979823,inactive
c1ccc(cc1)N[C@H]2[C@H](C(=C(S2)C(=O)c3ccc(cc3)[N+](=O)[O-])N)C4[NH+]=c5ccccc5=[NH+]4,C39336691,inactive
c1cc(oc1)C(=O)Nc2ccc(c(c2)C(F)(F)F)NCC(=O)Nc3ccc(cc3)[NH+]4CCCCC4,C72037257,inactive
Cc1cc(C)c(CN2CCc3c(Cl)cc(-c4cn[nH]c4C)c(Cl)c3C2=O)c(=O)[nH]1,CHEMBL3947760,active
CCN(c1cc(-c2ccc(CN3CCC[C@H](O)C3)cc2)cc(C(=O)NCc2c(C)cc(C)[nH]c2=O)c1C)C1CCOCC1,CHEMBL3697466,active
COc1ccc-2c(c1)NC3(CC[NH+](CC3)C[C@H](Cc4ccc(cc4)Br)O)c5n2ccc5,C72336303,inactive
C[C@@H]1CCc2c(sc(c2C(=O)N[C@@H]3CCS(=O)(=O)C3)NC(=O)c4ccc(cc4)[N+](=O)[O-])C1,C39836219,inactive
COc1cc2cc(c(nc2cc1OC)[C@@H]3CCCN(C3)C(=O)[C@H]4CCC[C@@H](C4)OC)N,C19550966,inactive
c1c(c(cc(c1F)I)[N+](=O)[O-])N2CC(C2)CO,C97401179,inactive
c1ccc2c(c1)cccc2/C=C(\C(=O)NCCCn3cc[nH+]c3)/NC(=O)c4cccc(c4)Br,C09075787,inactive
c1ccc2=[NH+]CC(=c2c1)CCN/C(=N/C(=O)c3ccc(cc3)Br)/Nc4ccccc4F,C63589331,inactive
CCN(c1cc(-c2ccc(CNCC3CC3)cc2)cc(C(=O)NCc2c(C)cc(C)[nH]c2=O)c1C)C1CCOCC1,CHEMBL3697482,active
Cc1c(c(c(c(c1C)C)S(=O)(=O)N2CCN(CC2)[C@@H](C)C(=O)N)C)C,C38641184,inactive
COc1ccc(cc1)Cn2c(nnn2)[C@@H](c3cc4cc5c(cc4[nH]c3=O)OCO5)[NH+]6CCc7ccccc7C6,C06239831,inactive
Cc1ccc(cc1)c2csc(n2)NC(=O)c3cccc(c3)NS(=O)(=O)c4ccccc4,C20570272,inactive
Cc1cccc(c1)c2n[nH]c(=S)n2CC(=O)N[C@@H](c3ccccc3)c4ccc5c(c4)[nH]c[nH+]5,C25145867,inactive
CCN(c1cc(Cl)cc(C(=O)NCc2c[nH]c(C)cc2=O)c1C)[C@H]1CC[C@H](N(C)C)CC1,CHEMBL5192941,active
CCc1c(c(n(n1)C)COC(=O)c2ccc(c(c2)N)Br)Br,C91348211,inactive
c1ccc(cc1)COc2ccc(cc2)OCC(=O)N/N=C/c3ccc(cc3)OC(=O)c4ccccc4I,C04372606,inactive
COc1cc(cc(c1OCCOc2ccc(cc2)Br)Cl)/C=C\3/C(=O)NC(=O)N(C3=O)c4ccc(cc4)Cl,C97959200,inactive
CCOc1cccc(c1)N2C(=O)C[C@@H](C2=O)SC(=[NH2+])N/N=C(/C)\c3ccc(cc3)O,C83304201,inactive
COc1ccc(cc1)C2=NN([C@@H](C2)c3ccco3)c4[nH+]c(cs4)c5ccc(cc5)S(=O)(=O)N6CCOCC6,C98045394,inactive
C/C(=N/S(=O)(=O)c1ccc(cc1)NS(=O)(=O)c2cc(ccc2Cl)Cl)/O,C13953877,inactive
[H]/N=C\1/C(=C/c2cccn2c3ccc(c(c3)C)C)/C(=O)N=C4N1N=C(S4)CC(C)C,C13281086,inactive
CCOc1cccc(c1O)[C@@H]2CC(=N[C@@H]([NH2+]2)c3ccc(c(c3)[N+](=O)[O-])Cl)c4cccc(c4)OC,C20764894,inactive
CC[NH+]1CCc2c(sc(c2[C@@H](C)NC(=O)Nc3cc(c(cc3OC)OC)Cl)n4cccc4)C1,C08590241,inactive
CC(=O)N[C@H]1CCN(C1)C(=O)C[C@H]2[C@@H](CC[C@H]3[C@]2(CC[C@H]([C@@]3(C)CO)OC(=O)Nc4ccc(cc4)OC)C)O,C04236672,inactive
COc1ccc(cc1OC)[C@@H](C[NH+]2CCC3(CC2)C[C@@H](c4ccc5ccccc5c4O3)O)O,C19559920,inactive
CCCCCCOc1ccc(cc1)N2C(=O)C[C@@H](C2=O)SC(=[NH2+])N/N=C(\C)/c3ccc(c(c3)F)OC,C59489384,inactive
c1ccc2=[NH+]C([NH+]=c2c1)CS[C@H]3Nc4cc(ccc4C(=O)N3C5CCCCC5)C(=O)N6CCCCC6,C63433666,inactive
C[C@H]1c2cc(c(cc2CC[NH+]1Cc3cc(ccc3OC)[C@H]4[C@@H]5C(=c6ccccc6=[NH+]5)CCN4)OC)OC,C63349818,inactive
c1cc(sc1)[C@H](CNC(=O)CCNS(=O)(=O)c2ccc(cc2)Br)[NH+]3CCCC3,C22755106,inactive
CC[NH+](CC)CCCN1[C@@H](/C(=C(/c2ccc3c(c2)C[C@H](O3)C)\O)/C(=O)C1=O)c4ccc(cc4)Br,C09311979,inactive
c1cc(ccc1NC(=O)[C@@H]2CCN(C2=O)c3ccc(c(c3)F)F)N4CCCC4=O,C53122098,inactive
c1ccc2c(c1)OC[C@@H](O2)CNC(=O)CSc3[nH]c(c[nH+]3)c4ccc(cc4)Br,C09350347,inactive
C[C@H](C1CCN(CC(F)(F)F)CC1)n1c(C)c(C(=O)NCc2c(Cl)cc(C)[nH]c2=O)c2ccccc12,50541919,active
c1ccc(cc1)CCc2nnc(n2N)SCC(=O)Nc3ccccc3SCc4ccccc4Cl,C59047040,inactive
CCN(CC)C(=O)CN1c2ccccc2[C@@]3(C1=O)[C@@H]4[C@@H]([C@@H]([NH2+]3)CCSC)C(=O)N(C4=O)Cc5ccccc5,C29749025,inactive
Cc1cccc(c1)NC(=O)CCN2C(=O)/C(=C/c3cc(ccc3O)Cl)/SC2=S,C15037433,inactive
Cc1ccccc1NC(=O)C2=C(NC(=C([C@H]2c3cccs3)C#N)SCC(=O)Nc4ccc(cc4)I)C,C97999660,inactive
Cn1cc(cc1C#N)c2cc(nc(c2C#N)N)c3cc(cs3)CN(C)C,C71639097,inactive
c1cc(c(cc1NC(=O)[C@H]2[C@H]3C=C[C@@]4([C@@H]2C(=O)N([C@@H]4C(=O)NC5CCCCC5)CC[NH+]6CCCCC6)O3)Cl)Cl,C38147120,inactive
Cc1cc(nc([nH+]1)N/C(=[NH+]\C(=O)NC2C3CC4CC(C3)CC2C4)/NCCc5ccc(cc5)S(=O)(=O)N)C,C12652023,inactive
CC(C)n1ncc2c(cc(nc12)C1=CCOCC1)C(=O)NCc1c(C)cc(C)[nH]c1=O,325989,active
CCN([C@H]1CC[C@@H](CC1)N(C)C1COC1)c1cc(Cl)cc(C(=O)NCc2c(C)cc(C)[nH]c2=O)c1C,190211,active
c1ccc(cc1)/C=C\C=C\2/C(=O)N(C(=S)S2)CCC(=O)Nc3ccc(cc3)S(=O)(=O)N,C33343996,inactive
C[C@@H](C(=O)Nc1cccc(c1Cl)Cl)[NH+](C)CC(=O)Nc2ccc(c(c2)Cl)Cl,C13038344,inactive
c1ccc2c(c1)cccc2NC(=O)NCCOCCOCCNC(=O)Nc3cccc4c3cccc4,C11917701,inactive
CCN(c1cc(-c2ccc(CN3CC[C@H](O)C3)cc2)cc(C(=O)NCc2c(C)cc(C)[nH]c2=O)c1C)C1CCOCC1,CHEMBL3697460,active
CCOC(=O)c1ccc(cc1)c2ccc(o2)[C@@H]3[C@H]([C@@]([NH+]=C(N3)O)(C(F)(F)F)O)C(=O)c4ccccc4,C16732010,inactive
C[C@@H]1CN(C[C@@H](O1)C)S(=O)(=O)c2ccc(cc2)C(=O)Nc3c(c4c(s3)CCCC4)C(=O)NC,C17247188,inactive
CC(C)[C@@H]1C(=O)N(CC(=O)N1)c2ccc(c(c2)Br)OC,C88331241,inactive
Cc1ccc(cc1)N2C(=O)[C@@H]3[C@H]([NH2+][C@]([C@H]3C2=O)(CCSC)C(=O)OC)c4ccc(c(c4)OC)O,C12497414,inactive
C[C@@H](CO)c1cc(Cl)c2CCN(Cc3c(C)cc(C)[nH]c3=O)C(=O)c2c1Cl,50246969,active
CC(O)C(C)c1cc(Cl)c2CCN(Cc3c(C)cc(C)[nH]c3=O)C(=O)c2c1Cl,435515,active
CCN(CC)S(=O)(=O)c1ccc(cc1)Nc2c(c([nH+]cn2)Nc3ccc(c(c3)C(F)(F)F)Cl)N,C40759525,inactive
CCOc1ccc(cc1)[C@@H]2C(=C(N(C3=C2C(=O)CCC3)c4cccc(c4)C)N)C#N,C00713483,inactive
c1cc(sc1)CN2[C@@H]([C@@]34C=C[C@@H](O3)[C@@H]([C@@H]4C2=O)C(=O)Nc5ccc(cc5)Cl)C(=O)NC6CCCCC6,C36066311,inactive
c1cc(ccc1C(=O)Nc2nc3c(s2)CCC[C@@H]3C(=O)NC4CCCC4)Cl,C09073076,inactive
CCOC(=O)c1c2c(sc1NC(=O)CSc3cn(c4c3cccc4)CCNC(=O)c5ccc(cc5)C)CCCC2,C97963743,inactive
CCN(C1CCN(CC(F)(F)F)CC1)c1c(C)c(cc2n(C)ncc12)C(=O)NCc1c(C)cc(C)[nH]c1=O,516836,active
c1c(nc(s1)N2CCNC2=O)CC(=O)N[C@@H]3C[C@H]4C[C@@H]3[C@@H]5[C@@H]4CCC5,C76356838,inactive
Cc1cc(ccc1c2c(cn(n2)c3ccccc3)/C=C\4/C(=O)[NH+]=C(S4)N5CCC(CC5)C(=O)N)OCC=C,C35239614,inactive
Cc1ccc(cc1)S(=O)(=O)NCC(=O)Nc2ccc(cc2C(=O)c3ccccc3)Cl,C01147725,inactive
CCOc1ccccc1N2C(=O)[C@@](C(=O)NC2=O)(Cc3ccc(cc3OC)OC)CN4C[C@H]5C[C@@H](C4)c6cccc(=O)n6C5,C70671984,inactive
COc1ccc(cc1OC)CCN2CC(=O)N3[C@H](C2=O)Cc4c5ccccc5[nH]c4[C@@H]3c6cc(c(c(c6)OC)OC)OC,C02092896,inactive
CCN([C@H]1CC[C@H](CC1)N1CC(C1)OC)c1c(CC)c(cc2n(C)ncc12)C(=O)NCc1c(C)cc(C)[nH]c1=O,516847,active
CCOC(=O)c1ccc(cc1)NC(=O)CS[C@H]2NN[C@H](N2[NH3+])[C@@H]3C=C(N=N3)c4ccc(cc4)C,C39007764,inactive
c1ccc(c(c1)COc2ccc(cc2)/C=C\3/C(=[NH2+])N4C(=NC3=O)SC(=N4)c5ccccc5Cl)Cl,C19853957,inactive
CC(C)c1ccc(cc1)OC[C@H]2c3ccsc3CCN2C(=O)CN(CC[NH+]4CCCC4)C(=O)NC(C)(C)C,C36122159,inactive
Cc1c2c(=[NH2+])n(c(nc2[nH]n1)SCC(=O)NCc3ccccc3)c4ccc(cc4)OC,C08583953,inactive
CCN([C@H]1CC[C@@H](CC1)N(C)C)c1cc(cc(C(=O)NCc2c(C)cc(C)[nH]c2=O)c1C)-c1ccc(cc1)-c1nn[nH]n1,172155,active
c1cc(c(cc1S(=O)(=O)NNC(=O)c2csc(n2)COc3cc(cc(c3)Cl)Cl)Cl)Cl,C01047477,inactive
COc1ccc(cc1)/[NH+]=c\2/c(cc3ccccc3o2)C(=O)Nc4nc(cs4)c5ccc(cc5Cl)Cl,C97958826,inactive
Cc1ccc2ccc(N[C@H]3CC[C@H](CNc4ncc(C(F)(F)C(=O)NC5COC5)cn4)CC3)nc2c1Cl,CHEMBL5196215,active
CCN(C(=O)C1CCCC1)c1cc(cc(C(=O)NCc2c(C)cc(C)[nH]c2=O)c1C)-c1ccc(CC(=O)N2CCOCC2)cc1,441968,active
c1cc2c(cc1Br)c3cc(ccc3n2C[C@@H](CN4CC[NH+](CC4)CCO)O)Br,C22798223,inactive
CSc1cc(C)[nH]c(=O)c1CNC(=O)c1c(C)n([C@H](C)[C@H]2CC[C@H](NC3COC3)CC2)c2ccccc12,CHEMBL4634677,active
C[C@@H](C(=O)Nc1ccc(cc1)S(=O)(=O)N)OC(=O)c2cccnc2Cl,C03347670,inactive
CCOC(=O)c1c([nH]c(c1c2ccc(cc2)OC)C(=O)C(=O)Nc3ccc(cc3)Br)C,C38790272,inactive
Cc1cc(ccc1Cl)OCCn2c3ccccc3[nH+]c2CCCCCNC(=O)Cc4ccccc4Cl,C40221475,inactive
COc1ccc(cc1)N2C(=O)/C(=C\c3cc(c(c(c3)I)OC)OC)/C(=O)NC2=O,C59533764,inactive
CC[C@H]([C@@H](c1ccc(s1)Br)Oc2ccc3c(c2)OCO3)[NH3+],C43264850,inactive
CC1(CC2=NC(=C)C([C@H](C2C(=O)C1)c3ccc(c(c3)COc4ccc(cc4)I)OC)C(=O)Nc5cccc[nH+]5)C,C08450341,inactive
C[C@@H](C(=O)NCCc1ccc(c(c1)OC)OC)N2C(=O)[C@@]3([C@@H]4C(=c5cc(ccc5=[NH+]4)OC)CCN3C2=O)C,C63363045,inactive
Cc1cc[nH+]c(c1)NC(=O)C2[C@H](C3C(=NC2=C)C[C@H](CC3=O)c4ccccc4)c5ccc(c(c5)COc6c(c(cc(c6F)F)F)F)OC,C08440461,inactive
CC(C)(c1ccc(c(c1)Cl)Cl)C(=O)Nc2ccc(cc2)NS(=O)(=O)C,C50556786,inactive
c1cc(cc(c1)Cl)NC(=O)[C@H]2CC(=O)N=C(S2)Nc3ccc(cc3)Cl,C05892247,inactive
Cc1cc(C)c(CN2CCc3ccc([C@@H](CO)[C@@H]4CCOC4)c(Cl)c3C2=O)c(=O)[nH]1,435554,active
COC(=O)c1c2c(sc1NC(=O)[C@H]3CC(=O)N(C3)c4ccccc4)C[NH+](CC2)Cc5ccccc5,C36629478,inactive
CN(C)Cc1ccc(cn1)-c1cc(N(C)C2CCNCC2)c(C)c(c1)C(=O)NCc1c(C)cc(C)[nH]c1=O,172035,active
COc1cc(cc(c1OCCOc2ccccc2)Br)/C=C\3/C(=O)NC(=O)N(C3=O)c4ccc(cc4)Br,C97959464,inactive
c1ccc(cc1)C2=NN=C(C2)C(=O)N3CCN(CC3)C[C@H]4Nc5ccccc5S4,C39957671,inactive
CCCOc1ccc(cc1)C(=O)C2=C(C(=O)N([C@@H]2c3ccc(cc3)Br)CCCn4cc[nH+]c4)O,C09046339,inactive
COc1ccc(cc1)[C@H]2CCCCCN2C(=O)[C@H]3CCCN(C3)C(=O)N,C24393368,inactive
Cn1c(cc(=O)c(c1CN2CCN(CC2)CCOc3ccc(cc3)F)O)C[NH+]4C[C@H]5C[C@@H](C4)c6cccc(=O)n6C5,C85879680,inactive
Cn1c(nnc1SCC(=O)Nc2cccc3c2cccc3)c4c(c5ccc[nH+]c5s4)N,C64370048,inactive
CCOC(=O)c1c(nc(s1)NC(=O)CC[C@@H](C)[C@H]2CC[C@@H]3[C@@]2([C@H](C[C@H]4[C@H]3CC[C@H]5[C@@]4(CC[C@H](C5)O)C)O)C)C,C72326059,inactive
COc1ccc(cc1)C(=O)N[C@@H](Cc2ccccc2)C(=O)N3CCC4(CC3)c5c([nH+]c[nH]5)CCN4,C13569969,inactive
CC(C)n1cc2\C=C\CCc3cc(C)[nH]c(=O)c3CNC(=O)c3cc(Cl)cc1c23,50594120,active
C[C@@H]1Cc2cc(ccc2O1)C(=O)C3=C(C(=O)N([C@H]3c4ccc(cc4)OC)c5nnc(s5)SCc6ccc(cc6)Cl)O,C97970277,inactive
Cc1c2c(c(c[nH+]1)CO)Cc3c(nc(nc3SCC(=O)Nc4ccc(cc4)OC)c5ccccc5OC)O2,C97987097,inactive
CCOCCCNS(=O)(=O)c1ccc(cc1)Sc2cc(c3c(c2N)C(=O)c4ccccc4C3=O)O,C31475838,inactive
COc1c(cc(cc1Br)Br)C[NH2+]CCNc2ccc(cc2Cl)[N+](=O)[O-],C16194484,inactive
CC(C)n1ncc2c(cc(nc12)C1CCN(CC1)C1CCN(C)CC1)C(=O)NCc1c(C)cc(C)[nH]c1=O,325983,active
COc1ccc(cc1)C2=C[C@@H](N3C(=[NH+]2)N=C(N3)CCCO)c4cccc(c4)Br,C01889845,inactive
CC(C)[C@H]1C(=O)N(C2([NH2+]1)CCN(CC2)S(=O)(=O)c3ccc(cc3)F)CCc4ccc(c(c4)OC)OC,C36024490,inactive
CCOc1ccc(cc1)[C@H]2CC3=C([C@@H](Nc4ccccc4N3)c5ccccc5OC(C)C)C(=O)C2,C20881766,inactive
Cc1ccccc1COc2ccc(cc2)C(=O)C3=C(C(=O)N([C@@H]3c4ccc(cc4)O)CC[NH+](C)C)O,C09313126,inactive
c1ccc(cc1)n2cc(c(n2)c3cccs3)/C=N/NC(=O)CSc4nnc(n4c5ccccc5)c6ccncc6,C08636905,inactive
C[C@H]1CSc2ccc(cc2NC1=O)S(=O)(=O)Nc3ccc(cc3)OC(F)(F)F,C15730808,inactive
Cc1c2c([nH]n1)NC(=O)[C@H](S[C@H]2c3ccc(cc3)OCc4ccc(cc4)Cl)C,C06678750,inactive
c1c(cc(c2c1OCCO2)Br)[C@H]3[C@H](CCCO3)C(=O)O,C79898128,inactive
COc1ccc(cc1OC)C(=O)N(Cc2cc3ccc(cc3[nH+]c2N4CCC(CC4)O)F)C[C@@H]5CCCO5,C12185592,inactive
Cc1ccc2c(c1)[nH]c([nH+]2)CN(CC[NH+](Cc3[nH]c4ccc(cc4n3)C)Cc5[nH]c6cc(ccc6n5)C)Cc7[nH]c8ccc(cc8n7)C,C77029766,inactive
CCN(C(=O)C1CC1)c1cc(cc(C(=O)NCc2c(C)cc(C)[nH]c2=O)c1C)-c1ccc(cc1)N1CCOCC1,50575217,active
CN1CC[NH+](CC1)CCN2[C@H](C(=O)N(C2=S)c3ccc(cc3)Cl)CC(=O)Nc4ccc(cc4)Cl,C20115194,inactive
COc1cccc(c1)C2=N[C@@H]([NH2+][C@@H](C2)c3cc(ccc3O)Br)c4ccc(cc4)C(=O)OC,C09542036,inactive
c1ccc(cc1)c2c(c(=O)n3ccsc3[nH+]2)C(=O)NCCC(=O)Nc4ccc(cc4)F,C77969343,inactive
C/C(=N/NC(=O)c1cc(cc(c1)Cl)Cl)/c2ccc(cc2)NC(=O)C(F)(F)F,C17091305,inactive
CC(=O)Nc1ccc(cc1)OC[C@H](C[NH+]2CCN(CC2)CCN3C(=O)c4cccc5c4c(ccc5)C3=O)O,C22916722,inactive
CCCN1c2ccccc2[C@@]3(C1=O)C(=C(C(=O)N3CCC[NH+](C)C)O)C(=O)c4cccc(c4)S(=O)(=O)N(C)C,C98046803,inactive
c1ccc(cc1)C2=CN=[NH+][C@H]2c3ccc(cc3O)OCCN4CC[NH+](CC4)Cc5ccc6c(c5)OCO6,C38776989,inactive
Cc1cc(c(c(c1)C)NC(=O)CNC(=O)C[NH+]2CCC[C@H](C2)c3nnc4n3CCCCC4)C,C32894955,inactive
CN(Cc1cccc(c1OC)OC)C(=O)c2ccc(cc2)NS(=O)(=O)c3ccc4=[NH+]C(=O)[NH+]=c4c3,C39791653,inactive
c1ccc2c(c1)c3c(o2)c(=O)n(c(=O)n3CC(=O)NC4CCCCC4)CC(=O)NC5CCCC5,C72331992,inactive
CCCc1ccc(cc1)S(=O)(=O)NC[C@H](c2ccc3c(c2)OCO3)[NH+]4CCN(CC4)c5ccccc5F,C38620952,inactive
Cc1cc(C)c(CNC(=O)c2cc(cc3n(ncc23)C2CCCC2)-c2ccc(CN3CCOCC3)cc2)c(=O)[nH]1,50075051,active
c1cc(sc1)/C=C(\c2cccs2)/C(=O)OCC(=O)NNC(=O)c3ccc(cc3)Br,C03360676,inactive
C=C1[C@H](C[C@@H]([C@H]1COCc2ccccc2)OCc3ccccc3)n4cnc5c4nc([nH+]c5OCc6ccccc6)N,C98231316,inactive
CCCc1cc(C)[nH]c(=O)c1CNC(=O)c1cc(-c2ccc(N3CCN(CC)CC3)nc2)cc2c1cnn2C(C)C,CHEMBL4557033,active
Cc1ccc(cc1)/C(=C\2/[C@H](N(C(=O)C2=O)Cc3cccnc3)c4ccc(cc4)O)/O,C05800672,inactive
CC1=C(/C(=C/c2ccc(o2)CNS(=O)(=O)c3ccc(cc3)Br)/C(=O)N1Cc4ccco4)C(=O)OC,C33353618,inactive
c1ccc2c(c1)c3c([nH]2)[C@H]([NH2+][C@@H](C3)C(=O)[O-])c4cc(ccc4OCc5ccccn5)Br,C08740407,inactive
C[NH+](C)CCNC(=O)C[NH+]1CC[NH+](CC1)[C@H](c2c[nH]c3c2ccc(c3)OCc4ccccc4)C(=O)[O-],C31814360,inactive
CN(C)c1ccc(cc1)[C@H](CNC(=O)Nc2cccc(c2OC)OC)[NH+]3CCN(CC3)c4ccc(cc4)F,C22418913,inactive
c1ccc2c(c1)[nH]c([nH+]2)C3CCN(CC3)C(=O)c4csc(n4)c5cc(cs5)Br,C68743410,inactive
Cc1ccc(cc1)[C@@H]2/C(=C(\c3ccc(cc3)OCc4cccc(c4)C)/O)/C(=O)C(=O)N2CCCn5cc[nH+]c5,C13571433,inactive
CCC(CC)n1ccc2c(C(=O)NCc3c(C)cc(C)[nH]c3=O)cc(C#N)cc21,CHEMBL3414574,active
CCCOc1ccc(cc1OC)[C@H]2C(=C(C(=O)N2CC[NH+]3CCCC3)O)C(=O)c4cc(ccc4OC)F,C41543186,inactive
c1ccc(cc1)Cn2c(c(c([nH+]2)c3ccc(cc3)Cl)NC(=O)NCCOc4ccccc4)N,C34785498,inactive
Cc1c(sc(n1)c2ccccc2)C(=O)C3=C(C(=O)N([C@H]3c4ccc(cc4)C(=O)OC)CCC[NH+](C)C)O,C33813567,inactive
C/C(=N/[N+]1=C(SC[C@@]1(c2ccc(cc2)[N+](=O)[O-])O)Nc3ccccc3F)/c4ccc(cc4)n5cc[nH+]c5,C35352160,inactive
CCCCn1c[nH+]c2c1c(=O)n(c(=O)n2Cc3ccccc3)CC(=O)Nc4c(ccs4)C(=O)N,C09367080,inactive
Cc1ccc(cc1)S(=O)(=O)N[C@@H](CC(C)C)C(=O)N[C@H](C)c2ccc(cc2)S(=O)(=O)N,C09441910,inactive
c1cc(c[nH+]c1)[C@@H]2C3=C(c4cc(ccc4O[C@H]3c5ccc(c(c5)Cl)Cl)Cl)Nc6n2ncn6,C09293264,inactive
c1ccc(cc1)c2nnc(n2c3ccccc3)SCC(=O)NNC4=[NH+]C[C@H](S4)CBr,C36729273,inactive
CC[C@@H](c1sc2c(c1C)CN(Cc1c(C)cc(C)[nH]c1=O)CC2)C1CCN(Cc2ccnc(OC)c2)CC1,CHEMBL4128591,active
CC[NH2+]CCS(=O)(=O)NC[C@@]1(N(N=C(S1)NC(=O)C(C)(C)C)C(=O)C(C)(C)C)c2ccccc2,C56898863,inactive
CCCc1cc(C)[nH]c(=O)c1CNC(=O)c1cc(cc2n(ncc12)C(C)C)N1CCNCC1,50536582,active
Cc1c(c(n(n1)c2ccccc2)O)[C@H](c3ccc(cc3)Cl)[C@@H](C(=O)c4ccccc4)NS(=O)(=O)C,C18198603,inactive
C[NH+](C)[C@@H](CNC(=O)Nc1ccc(cc1)S(=O)(=O)N(C)Cc2ccccc2)c3cccs3,C71901458,inactive
c1cc(ccc1C/[NH+]=C(/Nc2ccc(cc2)F)\S[C@H]3CC(=O)N(C3=O)c4ccc(cc4)Cl)Cl,C59491214,inactive
C[C@H](c1ccc(cc1)S(=O)(=O)N)NC(=O)CS[C@H]2NN=C(N2C3CC3)C4=c5ccccc5=[NH+]C4,C39933395,inactive
CC[NH+]1CCN(CC1)c2ccc(cc2)NC(=O)CSc3[nH]c(c(n3)C)Cc4ccccc4,C37773208,inactive
Cc1ccc(cc1)NC(=O)C[NH+](CC(=O)Nc2c(cccc2C)C)CC(=O)Nc3c(cccc3C)C,C21324916,inactive
Cc1ccc(cc1)S(=O)(=O)N2CCC3(CC2)C(=[NH+]CCN3)NCc4ccccc4OC,C65074671,inactive
CC(C)S(=O)(=O)N1CCc2c(sc(n2)NC(=O)C[C@@H]3CSc4n3c(=O)c5c(n4)CCC5)C1,C96334947,inactive
c1ccc(cc1)NC(=O)N[C@H]2C[C@H]3C(=O)NC[C@H]([NH+]3C2)CCC(=O)N4CCc5c4cccc5,C15707595,inactive
CCOc1cc(ccc1OCc2ccccc2)[C@H]3C(=C(C(=O)N3CCC[NH+](C)C)[O-])C(=O)c4ccc5c(c4)OCCO5,C97970340,inactive
CCN([C@H]1CC[C@@H](CC1)N(C)C)c1cc(Cl)cc(C(=O)NCc2c(C)[nH]n(CC)c2=O)c1C,310751,active
c1ccc(cc1)CC(=O)Nc2nc3c(s2)C(=O)C[C@H](C3)C(=O)N[C@@H](c4ccccc4)c5cc[nH+]cc5,C14995544,inactive
Cc1cccc(c1)CS(=O)(=O)c2ncc(c(n2)C(=O)Nc3c(c4c(s3)CCCC4)C(=O)NC)Cl,C38646213,inactive
c1ccc(cc1)n\2c(=O)/c(=C\c3ccc(o3)c4cccc(c4)Cl)/s/c2=C(\C#N)/C(=O)N,C12041996,inactive
c1ccn2c(c1)nnc2CNC(=O)C(=O)Nc3cc(c(cc3Cl)Cl)Cl,C48959805,inactive
CCOC(=O)c1c(csc1NC(=S)NC(=O)C[NH2+]C2CCCCCC2)c3ccc(c(c3)OC)OC,C09346028,inactive
c1ccc2c(c1)c3ccccc3n2C[C@@H](CN4CC[NH+](CC4)C[C@@H](Cn5c6ccccc6c7c5ccc(c7)Br)O)O,C22873391,inactive
COc1ccc(cc1)S(=O)(=O)c2cnc(nc2N)N3CC[NH+](CC3)Cc4ccc(c(c4OC)OC)OC,C71772054,inactive
CCCCCOc1ccc(cc1OCC)[C@H]2C(=C(C(=O)N2c3nnc(s3)SCc4ccc(cc4Cl)Cl)O)C(=O)c5ccc6c(c5)OCCO6,C97968284,inactive
Cc1cc(C)c(CNC(=O)c2cc(Br)cc(N(C)C3CCNCC3)c2C)c(=O)[nH]1,CHEMBL3771013,active
CCC[NH+](Cc1c(nn(c1Oc2ccc(cc2)F)C)c3ccccc3)C[C@H](COc4ccccc4C)O,C36307691,inactive
Cc1cc(ccc1OC)C(=C2[C@@H](N(C(=O)C2=O)Cc3ccc[nH+]c3)c4cccc(c4)Oc5ccccc5)O,C09019995,inactive
CN(C)Cc1ccc(cn1)-c1cc(N(C)C2CCCCC2)c(C)c(c1)C(=O)NCc1c(C)cc(C)nc1=O,514173,active
C[C@@H]1CCC[C@H]([C@@H]1C)NC(=O)[C@@H]2[C@@]34C=C[C@@H](O3)[C@@H]([C@@H]4C(=O)N2CCC[NH+]5CCCC5)C(=O)Nc6ccc(cc6)Cl,C38147114,inactive
Cc1ccc(cc1C)S(=O)(=O)N2CCc3c2ccc(c3)S(=O)(=O)N,C10518812,inactive
Cc1cc(C)c(CN2CCc3c(Cl)cc(C(CO)N4CCOCC4)c(Cl)c3C2=O)c(=O)[nH]1,435550,active
COc1ccc(cc1)NC(=O)C2(CCCCC2)N(Cc3ccc[nH+]c3)C(=O)CN4C[C@@H](NC4=S)c5ccccc5,C08695918,inactive
CCCc1cc(C)[nH]c(=O)c1CNC(=O)c1cc(cc2n(ncc12)C1CCCC1)-c1ccc(nc1)N1CCN(CC1)C(C)C,50536573,active
c1cc(ccc1c2nnco2)OC[C@H](C[NH+]3CCN(CC3)C[C@H](COc4ccc(cc4)c5nnco5)O)O,C26893745,inactive
CC(C)CCn1c(c(c2c1[nH+]cc(c2)NCc3cnn(c3)c4ccc(cc4)F)NC(=O)C)C(=O)OC,C14537685,inactive
c1ccc2cc(ccc2c1)S(=O)(=O)N[C@H]3CO[C@H]4[C@@H]3OC[C@@H]4n5c(nnn5)Oc6ccc(cc6)n7cc[nH+]c7,C04147863,inactive
CCN(C(=O)C1CCCC1)c1cc(cc(C(=O)NCc2c(C)cc(C)[nH]c2=O)c1C)-c1ccnc(c1)N1CCN(C)CC1,441963,active
CCOc1ccc(cc1)C2=N[C@@H]([NH2+][C@@H](C2)c3cccc(c3O)OCC)c4ccc(c(c4)Br)F,C20764325,inactive
CCOC(=O)c1c2c(sc1NC(=O)CSc3[nH]c4cc(ccc4n3)OC)C([NH2+]C(C2)(C)C)(C)C,C12520278,inactive
Cc1ccc(s1)CC(=O)Nn2cnc3c(c2=O)c(c(s3)C)C,C98096998,inactive
Cc1cc(C)c(CNC(=O)c2cc(-c3cnn(CCN4CCOCC4)c3)cc(N(C)C3CCCC3)c2C)c(=O)[nH]1,CHEMBL3697413,active
c1ccc2c(c1)CC[NH+](C2)[C@@H](CNC(=O)c3ccc(cc3)S(=O)(=O)N4CCCCC4)c5ccsc5,C38674105,inactive
CCOc1ccc(cc1)C(=O)C2=C(C(=O)N([C@@H]2c3cccc[nH+]3)CCc4c[nH]c5c4cc(cc5)OC)O,C15920463,inactive
CCc1ccc(cc1)n2c(nnc2SCC(=O)Nc3ccc(cc3Cl)Br)c4ccncc4,C00664233,inactive
C[C@@H]1C(=C(N=N1)C)CC[NH2+]C[C@@H]2CN(N[C@@H]2c3ccccc3Cl)c4ccc(cc4)OC,C39461400,inactive
CCOC(=O)c1ccc(cc1)NC(=O)CSc2[nH+]cc(c(n2)N)S(=O)(=O)c3ccc(cc3)C(C)C,C09673573,inactive
c1ccc(cc1)n2c(=O)c3c([nH]2)NC4=C([C@@H]3c5cccs5)C(=O)C[C@H](C4)c6ccco6,C18200002,inactive
CC(C)Sc1nnc(s1)N2C3=C([C@H](C(=C2[NH3+])C#N)c4cccc(c4)OC)C(=O)CC(C3)(C)C,C39425984,inactive
c1ccc(cc1)c2c3c(=[NH2+])n(cnc3n(c2c4ccccc4)Cc5ccco5)CCC[NH+]6CCOCC6,C02206877,inactive
CCN([C@H]1CC[C@@H](CC1)N(C)C)c1cc(cc(C(=O)NCc2c(C)cc(C)nc2=O)c1C)-c1ccc(CN2CCOCC2)cc1,172135,active
CCCCN1[C@H]([C@H](CC1=O)C(=O)NNC(=O)c2cc(cn2C)Br)c3ccc(cc3)OC,C28329658,inactive
c1ccc2c(c1)CC[NH+](C2)[C@H](CNC(=O)Nc3ccccc3C(F)(F)F)c4ccsc4,C38674222,inactive
c1ccc(c(c1)n2c3ccc(cc3[nH+]c2N)I)OC(F)F,C97352380,inactive
Cc1c2c(n[nH]1)NC(=O)[C@H](S[C@@H]2c3ccc(c(c3)OC)OCc4ccc(cc4)F)C,C13995194,inactive
COc1cc(ccc1OC(=O)c2ccc(c(c2)Cl)Cl)/C=N/NC(=O)CNC(=O)c3ccc(cc3)Cl,C02529648,inactive
c1ccc(cc1)[C@@H](c2cccs2)NC(=O)CN3CC[NH+](CC3)CC(=O)Nc4ccccc4Cl,C22782071,inactive
Cc1ccc(cc1)NC(=O)[C@@H]2N=N[C@@H](S2)CCCC(=O)NCCC3=c4cc(ccc4=[NH+]C3)Cl,C64538858,inactive
CCC(=O)Nc1ccc(c(c1)C)S(=O)(=O)NC[C@H](c2ccc3c(c2)CCCN3C)N4CC[NH+](CC4)C,C38673175,inactive
CC1(CC2=C([C@@H](C(=C(N2c3ccc[nH+]c3)N)C#N)c4ccc(c(c4)COc5ccccc5)OC)C(=O)C1)C,C00695874,inactive
CCN(C1CCCCC1)c1cc(cc(C(=O)NCc2c3CCCCc3c(C)[nH]c2=O)c1C)-c1ccc(CN2CCN(C)CC2)cc1,50594154,active
CCC[C@@H](C[NH+](Cc1ccco1)Cc2[nH]c(=O)c3c(csc3n2)c4cc(ccc4C)C)O,C40404738,inactive
c1ccc2c(c1)c(nc(n2)CN3CCN(CC3)C(=O)Cc4ccc(cc4)Cl)N,C29864184,inactive
CCOC(=O)c1c2c(sc1NC(=O)CCCS(=O)(=O)c3ccc(cc3)C)C([NH2+]C(C2)(C)C)(C)C,C09911561,inactive
COc1ccc(c(c1OC)OC)[C@@H]2[C@H]3CN(CC=C3C(=C(C2(C#N)C#N)[NH3+])C#N)C(=O)OCc4ccccc4,C26608626,inactive
COc1ccc(cc1)S(=O)(=O)Nc2ccc(cc2)S(=O)(=O)Nc3ccc(c(c3)C(F)(F)F)Cl,C59651325,inactive
CC(=O)Nc1c2ccc(nc2sc1C(=O)OC)C[NH+]3CC[C@]([C@@H]4[C@H]3CCCC4)(c5ccccc5)O,C12152027,inactive
CN(C)Cc1ccc(cc1)-c1cc(N(C)[C@@H]2CC[C@H](N)CC2)c(C)c(c1)C(=O)NCc1c(C)cc(C)[nH]c1=O,172041,active
CC(=O)c1ccc(cc1)NC(=O)CN2c3ccccc3[C@@](C2=O)(c4cccc(c4)F)O,C65155406,inactive
Cc1c(c(n([nH+]1)c2ccccc2)Nc3nc4ccccc4n3Cc5ccccc5)/C=C(\C)/c6ccccc6,C21548899,inactive
c1ccc(cc1)C/[NH+]=C(/c2cccc(c2)n3c(c4ccc(cc4nc3=S)Cl)[O-])\O,C03043849,inactive
CCN(CC)S(=O)(=O)c1ccc(cc1)Nc2c(c(nc[nH+]2)NC34CC5CC(C3)CC(C5)C4)N,C40755640,inactive
CC[NH+](CC)CCN1[C@H](C(=C(C1=O)O)C(=O)c2ccc(cc2)OCC=C)c3cc(c(c(c3)Br)O)OC,C98047189,inactive
C[NH+](CC(=O)NCCc1ccc(cc1)S(=O)(=O)N)CC(=O)Nc2ccc(c(c2)C(F)(F)F)Cl,C15351913,inactive
CC(C)OC(=O)c1c2c(sc1NC(=O)c3cc4n(n3)[C@H](C[C@H](N4)c5ccc(cc5)Br)C(F)(F)F)CCCC2,C08444941,inactive
C[C@@]1(C(=O)N(C(=O)N1)CC(=O)NC[C@H](c2ccc(cc2)OC)[NH+]3CCCC3)c4ccc5ccccc5c4,C32960830,inactive
CCN([C@H]1CC[C@@H](CC1)N(C)C)c1cc(Cl)cc(C(=O)NCc2c(N3CCCC3)n(C)[nH]c2=O)c1C,310795,active
Cc1cc(C)c(CNC(=O)c2cc3CC(C)(C)Oc3c(C)c2)c(=O)[nH]1,359735,active
CC(C)(C)C1CCC(CC1)OC[C@@H](C[NH+]2CCN(CC2)CCN3C(=O)c4cccc5c4c(ccc5)C3=O)O,C22914723,inactive
Cc1ccc(c(c1)NC(=O)CSc2[nH+]ccn2c3ccc(cc3)C(=O)NCc4cccs4)OC,C96324452,inactive
CCOC(=O)[C@@]1([C@@H]2[C@@H]([C@@H]([NH2+]1)c3ccc(c(c3)OC)O)C(=O)N(C2=O)c4ccc(cc4)C)CCSC,C12497421,inactive
Cc1c2c(n(n1)c3ccccn3)[NH+]=C4C(=Nc5ccccc5N4[C@@H]2c6ccc(cc6)F)Nc7cccc(c7)OC,C97952621,inactive
CC1(CC2=C([C@@H](n3c(nc(n3)SCc4ccccc4Cl)N2)c5cc[nH]c5)C(=O)C1)C,C19630951,inactive
c1ccc(cc1)[C@@H]2Cc3c4ccccc4[nH]c3[C@H]([NH2+]2)c5ccc(cc5)[N+](=O)[O-],C02110215,inactive
c1ccc2=[NH+]C(=O)[C@H]([NH+]=c2c1)CSc3ccc(cc3)NC(=O)Nc4ccc(cc4)Br,C63751890,inactive
CC1=C([C@@H](C2=C(N1)C[C@@H](CC2=O)c3ccc(c(c3)OC)OC)c4cc(c(cc4Br)OC)OC)C(=O)OC,C00650070,inactive
c1ccc2c(c1)c([nH+]c(n2)c3cccc(c3)Br)N(CCC(=O)NCc4cccc(c4)C(F)(F)F)Cc5ccco5,C98009837,inactive
c1cc(cc(c1)S(=O)(=O)N2CCCCC2)NC(=O)c3ccc(c(c3)S(=O)(=O)N)Cl,C13098927,inactive
c1cc(cc(c1)F)CN2[C@@H]([C@@H](OC2=O)c3ccc(cc3)NC(=O)c4ccco4)C(=O)NCc5ccc[nH+]c5,C36220580,inactive
c1cc(cc(c1)N2CCN(CC2)[C@H]3[C@H](O[C@H]([C@H]3O)CO)C[NH+](Cc4ccc(cc4)F)Cc5ccc(cc5)F)C(F)(F)F,C67890382,inactive
C[NH+](CC(=O)Nc1ccc(c(c1)C(F)(F)F)Cl)CC(=O)Nc2cccc3c2cccn3,C12816598,inactive
Cc1ccc(cc1)C(=O)N/C(=C\c2ccc(o2)c3cc(ccc3Cl)Cl)/C(=O)NCCCn4cc[nH+]c4,C09380332,inactive
CCN(C1CCOCC1)c1cc(\C=C\c2ccc(CN3CCOCC3)cc2)cc(C(=O)NCc2c3CCCCc3c(C)[nH]c2=O)c1C,50544772,active
c1ccc(cc1)n2c(nnc2SCC(=O)N/N=C/c3ccco3)CNc4ccc(cc4)I,C02741613,inactive
Cc1ccc(c(c1)Br)NC(=O)CSc2nnc(n2c3ccc(cc3)OC)COc4ccccc4,C02209640,inactive
c1cc(ccc1COc2ccc(cc2)C(=O)C3=C(C(=O)N([C@H]3c4ccc(cc4)[N+](=O)[O-])CCC[NH+]5CCOCC5)O)F,C98218429,inactive
C[C@@H]1[C@H]([C@H]([C@@H]([C@@H](O1)O[C@@H]2CC[C@@]3([C@@H]4CC[C@@]5([C@@H](CC[C@@]5([C@@H]4CC[C@@]3(C2)O)O)C6=CC(=O)OC6)C)C=O)OC)OC)OC(=O)C,C98223037,inactive
Cc1ccc(c(c1)C)NC(=S)N[C@@H](C(Cl)(Cl)Cl)NC(=O)c2ccc(c(c2)OC)OC,C03137382,inactive
CN(C)Cc1ccc(cn1)-c1cc(N(C)[C@@H]2CC[C@@H](CC2)NC(C)=O)c(C)c(c1)C(=O)NCc1c(C)cc(C)nc1=O,172049,active
CC(C)C1=CC2=CC[C@@H]3[C@@]([C@@H]2CC1)(CCC[C@@]3(C)C(=O)N[C@@H](CCCNC(=[NH2+])N)C(=O)OC)C,C35179574,inactive
c1ccc(cc1)C(=O)N[C@@H](C(=O)N2CCN(CC2)C(=O)c3ccco3)S(=O)(=O)c4ccccc4,C09764141,inactive
Cn1cc[nH+]c1SCc2ccc(o2)C(=O)NNC(=O)c3ccc(s3)c4ccc(cc4)F,C71851648,inactive
Cc1c(c(=O)n(n1C)c2ccccc2)N[C@@H](C(Cl)(Cl)Cl)NC(=O)c3cccc4c3cccc4,C00725852,inactive
CC(C)Cc1cc(C)[nH]c(=O)c1CNC(=O)c1cc(cc2n(ncc12)C(C)C)-c1ccc(nc1)N1CCN(CC1)C(C)C,50536598,active
Cc1c(sc(n1)C)C(=O)C2=C(C(=O)N([C@@H]2c3cc(c(c(c3)C(C)(C)C)O)C(C)(C)C)CCC[NH+](C)C)O,C35566605,inactive
CCN(c1cc(-c2ccc(N3CCN(C)CC3)nc2)cc(C(=O)NCc2c(C)cc(C)[nH]c2=O)c1C)C1CCOCC1,CHEMBL3701030,active
Cc1nc2c(c(cs2)c3cccs3)c(n1)S[C@H](C)C(=O)Nc4ccc(cc4)S(=O)(=O)N,C13038360,inactive
COc1ccc(cc1)c2csc(n2)NC(=O)CCCCC(=O)Nc3nc(cs3)c4ccc(cc4)OC,C59487879,inactive
COC(C1CN(C1)C(=O)CO)c1cc(Br)c2CCN(Cc3c(C)cc(C)[nH]c3=O)C(=O)c2c1Cl,435632,active
CCOC(=O)N1CCc2c(sc3c2c(=O)n(c(=O)n3CC(=O)Nc4ccc(cc4)F)c5ccccc5)C1,C09938755,inactive
COc1ccc(cn1)-c1cc(cc2CC(C)CCOc12)C(=O)NCc1c(C)cc(C)[nH]c1=O,359777,active
Cc1cc(ccc1NC(=O)[C@@H]2CCCN2C(=O)C3CC3)C(=O)N4CCCC[C@H]4C,C69402764,inactive
CCN(C1CCC(CC1)N1CCNCC1)c1c(CC)c(cc2n(C)ncc12)C(=O)NCc1c(C)cc(C)[nH]c1=O,516858,active
CCCc1cc(C)[nH]c(=O)c1CNC(=O)c1cc(-c2ccc(N3CCN(C(C)C)CC3)nc2)cc2c1cnn2C(C)(C)C,CHEMBL4539055,active
COc1ccc(cc1)c2c3ccccc3c(n[nH+]2)Nc4ccc(cc4)OCC(=O)N5CCN(CC5)c6ccccc6,C97952106,inactive
C[C@H](C1CCN(CC(F)(F)F)CC1)n1c(C)c(C(=O)NCc2c(SC3CCC3)cc(C)[nH]c2=O)c2ccccc12,50541897,active
CN([C@@H]1CC[C@H](N)CC1)c1cc(cc(C(=O)NCc2c(C)cc(C)nc2=O)c1C)-c1cnn(CCN2CCOCC2)c1,514187,active
CC(=O)N[C@H]1[C@@H](C[C@@](O[C@@H]1[C@@H]([C@@H](CO)O)O)(C(=O)OC)O)O,C02558706,inactive
C[NH+](C)CCCn1c(n[nH]c1=S)C2=CC3=N[C@@H](C[C@@H](N3N2)C(F)(F)F)c4ccc(cc4)Cl,C20028576,inactive
COc1cc(cc(c1OC[C@H](c2ccc3c(c2)OCCO3)O)Br)C[NH2+]C4CCCC4,C20877125,inactive
C[C@H]1Cc2cc(ccc2N1S(=O)(=O)c3cccc(c3)F)S(=O)(=O)N,C22023450,inactive
COc1ccc(c(c1)NS(=O)(=O)c2ccc(cc2)NC(=O)CSc3ccc(cc3)Cl)OC,C02991529,inactive
CN(C)c1ccc(cc1)[C@H](CNC(=O)Nc2ccc(cc2)OC)[NH+]3CCN(CC3)c4ccc(cc4)F,C22418855,inactive
CC[C@@H](C(=O)Nc1ccc2c(c1)sc(n2)SCC(=O)Nc3ccc(cc3)F)Sc4[nH+]ccn4C,C59854103,inactive
CC(C)(C)CC(C)(C)NC(=O)[C@@H](c1ccc(c(c1)OC)OC)N(c2ccccc2)C(=O)c3ccc(cc3)O,C36609916,inactive
Cc1c(sc2c1c(nc([nH+]2)[C@H](C)Sc3ccc(cn3)S(=O)(=O)N4CCCCCC4)N)C,C08720387,inactive
COC(=O)C[NH2+][C@@H](c1ccccc1)c2cc(ccc2NC(=O)[C@@H](Cc3ccccc3)NC(=O)OCc4ccccc4)Br,C49762804,inactive
Cc1cc(C)c(CNC(=O)c2c(C)n([C@H](C)C3CCN(CC(F)(F)F)CC3)c3ccccc23)c(=O)[nH]1,CHEMBL4641325,active
C[C@@H]1Cc2cc(ccc2O1)C(=O)C3=C(C(=O)N([C@H]3c4cc(c(c(c4)OC)OC)OC)c5nc6ccc(cc6s5)F)O,C97955188,inactive
CN(CC(=O)NCc1ccc[nH+]c1)C(=O)c2csc(n2)Nc3cccc(c3Cl)Cl,C36010626,inactive
CCOc1ccc(cc1)NC(=O)c2ccccc2NC(=O)C(=O)N/[NH+]=C/c3c4ccccc4ccc3O,C02520226,inactive
Cc1cccc(c1)COc2ccc(cc2)C(=O)C3=C(C(=O)N([C@H]3c4ccc(cc4)O)CCCn5cc[nH+]c5)O,C13552441,inactive
Cc1ccc(cc1)S(=O)(=O)Nc2ccc(cc2)C(=O)N/N=C/c3ccc(cc3)OC(=O)c4cccs4,C02520066,inactive
CC[C@H]([C@@H]1NN=C(N1c2ccc(cc2)OC)S[C@@H](C)C(=O)C3=c4ccccc4=[NH+][C@@H]3C)[NH+](C)C,C40001421,inactive
CCCCCCc1cc2c(=O)c(c(oc2c(c1O)C[NH+]3C[C@H](O[C@H](C3)C)C)C(F)(F)F)Oc4cc(cc(c4)C)C,C95663422,inactive
CCOc1ccc(cc1)N2C(=O)[C@H](N(C2=S)CC[NH+]3CCC(CC3)C)CC(=O)Nc4ccc(cc4)OC,C20114926,inactive
Cc1cc(C)c(CNC(=O)c2cc(-c3ccc(CN(C)C)nc3)cc(N(C)C3CCCCC3)c2C)c(=O)[nH]1,CHEMBL3639962,active
CCN(c1cc(-c2ccc(CN3CCN(CCCCCCCCCCCCOc4cccc5c4C(=O)N(C4CCC(=O)NC4=O)C5=O)CC3)cc2)cc(C(=O)NCc2c(C)cc(C)[nH]c2=O)c1C)C1CCOCC1,CHEMBL5081244,active
CC(=O)c1ccc(cc1)NC(=O)Cn2c(c(c([nH+]2)SC)c3nc(no3)c4ccccc4)N,C45895459,inactive
C[C@@H](C(=O)Nc1cccc(c1)Br)Sc2ccc(c[nH+]2)S(=O)(=O)N3CCCCC3,C18522477,inactive
CC(C)[NH+](CCNC(=O)CN1c2ccccc2S/C(=C/c3ccc(cc3)Cl)/C1=O)Cc4ccccc4,C03037106,inactive
C[C@@H]1[C@H]([NH2+][C@H]([C@H](C1(c2ccc(cc2)F)O)C)c3cc(ccc3OC)OC)c4cc(ccc4OC)OC,C15768956,inactive
c1cc(ccc1OC[C@H](C[NH+]2CCCCCC2)O)S(=O)(=O)c3ccc(cc3)OC[C@H](C[NH+]4CCCCCC4)O,C97998443,inactive
c1ccc(c(c1)NC(=O)CNc2cc(ccc2C(=O)N3CCCCC3)Cl)Cl,C55851852,inactive
C[C@@H]1C(=c2ccccc2=[NH+]1)CCN3[C@@H]4[C@@H](C(=NC3=O)[O-])C([NH+]=C(N4)C)(C(F)(F)F)C(F)(F)F,C63514073,inactive
Cc1ccc(cc1)COc2cc(c(cc2OC)/C=N/NC(=O)C(c3ccccc3)(c4ccccc4)O)Br,C04196403,inactive
c1ccc(cc1)CN2C(=O)[C@H]3[C@@H](N(O[C@@H]3C2=O)c4ccccc4)c5ccc(c(c5)O)O,C13787570,inactive
COc1ccc(c(c1)C[NH+]2CCC[C@](C2)(Cc3ccccc3c4cncnc4)C(=O)N)OC,C19551495,inactive
CCCOc1ccc(cc1OC)[C@H]2CN3C(=O)CN(C(=O)[C@@]3([C@@H]4C2=c5ccccc5=[NH+]4)C)CCCCCO,C63372663,inactive
c1ccc2c(c1)CC[NH+](C2)Cc3ccc(cc3)C(=O)Nc4ccc(cc4)S(=O)(=O)N5CCCCC5,C02979349,inactive
Cc1ccccc1COc2ccc(cc2)C(=O)C3=C(C(=O)N([C@@H]3c4cccc(c4)O)Cc5cc[nH+]cc5)O,C17207548,inactive
COc1cc(cc(c1OC)OC)[C@H]2Nc3ccc(cc3[C@H]([NH+]2CC(=O)OC)c4ccccc4Cl)Br,C53290251,inactive
CSCC[C@@H](C(=O)N1CCC2(CC1)c3c([nH]cn3)CC[NH2+]2)NC(=O)c4ccc(cc4)Cl,C13550998,inactive
Cc1ccc(o1)[C@@H]2Nc3ccc(cc3C(=O)N2NC(=O)c4ccc(cc4)OCC=C)I,C02746607,inactive
C[C@@H]1CCC[C@H]([C@@H]1C)NC(=O)[C@@H]2[C@@]34C=C[C@@H](O3)[C@@H]([C@@H]4C(=O)N2CC[NH+]5CCCC[C@@H]5C)C(=O)Nc6cccc(c6)Cl,C53229715,inactive
CC1(C)CC(NC(=O)c2ccc(C3(c4ccccc4)CC3)cc2)CC(C)(C)N1,CHEMBL3264761,inactive
CC[C@@H]1CCCCN1c2c(c(ncn2)N3CC[NH+](CC3)C(c4ccccc4)c5ccccc5)N,C40729659,inactive
COc1cc(C)[nH]c(=O)c1CN1CCN(C)c2c(Cl)cc(c(Cl)c2C1=O)-c1ccc(CN2CCOCC2)cc1,50586170,active
c1cc(sc1)S(=O)(=O)Nc2ccc(cc2)C(=O)Nc3ccc(cc3F)F,C10009720,inactive
COc1ccc(c2c1cccc2)C[C@@]3(CCC(=O)N3)CCC(=O)N[C@@H](c4ccccc4)c5cc[nH+]cc5,C11789025,inactive
Cc1[nH]c(=O)c(CNC(=O)c2cc(-c3ccc(N4CCN(C(C)C)CC4)nc3)cc3c2cnn3C(C)C)c2c1CCC2,CHEMBL4532360,active
COc1ccc(cc1)[C@H]2CC(=NN2c3[nH+]c(cs3)c4ccc(cc4)S(=O)(=O)N5CCOCC5)c6ccc(cc6)OC,C33358429,inactive
CCN(CC)c1ccc2c(c1)Oc3cc(ccc3C24c5ccccc5C(=O)N4CC[NH3+])N(CC)CC,C87489320,inactive
COc1cc(C)[nH]c(=O)c1CNC(=O)c1cc2c(-c3ccn[nH]3)ccn2c(C(C)N2CCN(CC(F)(F)F)CC2)c1C,CHEMBL5206590,active
C#CCn\1c2ccc(cc2s/c1=N\C(=O)c3cc(sc3Cl)Cl)S(=O)(=O)N,C96129282,inactive
Cc1cccn2c1nc(c2C)C(=O)C3=C(C(=O)N([C@H]3c4cccc(c4)O)CCCn5cc[nH+]c5)O,C35484744,inactive
CCCCCCOc1ccc(cc1)N2C(=O)C[C@@H](C2=O)[NH+]3CCC(CC3)(C(=O)N)N4CCCCC4,C18123075,inactive
c1ccc(cc1)CCNC(=O)/C(=c\2/n(c(=O)/c(=C/c3ccc(o3)c4ccc(cc4)[N+](=O)[O-])/s2)c5ccccc5)/C#N,C01900951,inactive
CCOc1ccccc1[C@@H]2[NH2+][C@@H](CC(=N2)c3cccc(c3)OC)c4cc(ccc4O)Br,C09543184,inactive
CC1(C)CC(NC(=O)c2ccc(Oc3ccccc3)cc2)CC(C)(C)N1,CHEMBL3264749,inactive
COc1cc(cc(c1)OC)NC(=O)NC[C@@H](c2ccc3c(c2)OCO3)[NH+]4CCN(CC4)c5ccccc5F,C38621303,inactive
c1ccc2c(c1)[nH+]c(n2C[C@H](c3ccc(cc3)C(F)(F)F)O)CC(=O)NCc4ccc(cc4)Cl,C71949510,inactive
Cc1cc(ccc1NC(=O)CSc2nc([nH]n2)N/N=C/c3ccc(c(c3)OC)O)Br,C58995045,inactive
CN([C@@H]1CC[C@H](N)CC1)c1cc(cc(C(=O)NCc2c(C)cc(C)[nH]c2=O)c1C)-c1cnn(C)c1,172040,active
CCc1ccc(cc1)OCC(=O)Nc2c(c3c(s2)C[C@@H](CC3)C(C)(C)C)C(=O)N[C@@H]4CCS(=O)(=O)C4,C39836547,inactive
COc1cc(cc(c1OC)OC)c2nnc(n2c3ccccc3)SCC(=O)Nc4cccc(c4)C(F)(F)F,C00886515,inactive
Cc1cc(ccc1NC(=O)CSc2nc([nH]n2)N/N=C/c3cc(ccc3O)Br)OC,C59016970,inactive
C[C@H](C[NH2+]CC[NH2+]Cc1cc(c(c(c1)Br)OCc2ccccc2)Br)O,C20477753,inactive
C[C@H](C(=O)Nc1ccc(cc1)C(=O)Nc2ccccc2OC)[NH+](C)Cc3cccc(c3Cl)Cl,C16590263,inactive
CC(OCC#C)c1c(C)c(cc2cccn12)C(=O)NCc1c(C)cc(C)[nH]c1=O,490124,active
CCOc1ccc(cc1)[C@H]2CC(=NN2C(=O)C[NH+]3CCC(CC3)C(=O)N)c4ccc(cc4OC)OC,C36342565,inactive
COc1cc(C)[nH]c(=O)c1CN1CCc2c(Cl)cc([C@H](CO)[C@@H]3CCCO3)c(Cl)c2C1=O,435597,active
Cc1ccc([nH+]c1)NC(=O)C2[C@H](C3=C(CC(CC3=O)(C)C)N=C2C)c4ccc(c(c4)CSc5nc(cc(n5)C(F)F)C)OC,C08440579,inactive
C[C@H](c1nnc(n1c2ccc(cc2)Cl)S[C@H](C)C(=O)Nc3ccc(cc3Cl)Cl)[NH+](C)C,C09100950,inactive
Cc1cc(c(n1c2cccc(c2)Br)C)/C=N/NC(=O)CN(c3ccc(c(c3)C(F)(F)F)Cl)S(=O)(=O)C,C59647246,inactive
Cc1ccc(cc1)S(=O)(=O)N/N=C/2\CCCc3c2c(c(o3)C(=O)N[NH2+]C(=O)c4ccco4)C,C40815312,inactive
CSc1cc(C)[nH]c(=O)c1CNC(=O)c1c(C)n([C@H](C)[C@H]2OC[C@@H](CO2)N2CCC22COC2)c2ccccc12,575037,active
c1ccc(c(c1)/C=N/N=C/2\NC(=O)[C@@H](S2)Cc3cc(ccc3Cl)Cl)O,C04339366,inactive
CCN(c1cc(-c2ccc(C(F)(F)F)cc2)cc(C(=O)NCc2c(C)cc(C)[nH]c2=O)c1C)[C@H]1CC[C@H](N(C)C)CC1,CHEMBL3701009,active
[H]/N=C\1/C(=C\c2cc(n(c2C)c3ccc(cc3OC)OC)C)/C(=O)N=C4N1N=C(S4)N5CCCCC5,C20356539,inactive
COc1cccc(c1O)[C@@H]2[C@@H]3CC=C[C@H]3c4cc(ccc4N2)S(=O)(=O)N5CCCCCC5,C20694028,inactive
CC(=O)N[C@H]1CC[C@@H](N(C)c2cc(-c3ccc(CN4CCOCC4)cc3)cc(C(=O)NCc3c(C)cc(C)[nH]c3=O)c2C)CC1,CHEMBL3697415,active
CCCCOc1ccc(cc1OC)[C@H]2c3ccc(cc3OC(=C2C#N)N)OC(=O)Cc4ccccc4,C38660207,inactive
COc1ccc(cc1OC)Cc2[nH+]c3ccccc3n2CC(=O)N/N=C\c4ccc(cc4Cl)Cl,C33924601,inactive
COc1ccc(cc1F)/C(=C\2/[C@H](N(C(=O)C2=O)CCCn3cc[nH+]c3)c4ccc(cc4)OCc5ccccc5)/O,C08567679,inactive
COc1ccc(cc1)n2cc(c3c2[C@H](CC(=[NH+]3)O)c4ccsc4)C(=O)[O-],C40266992,inactive
c1ccc2cc(ccc2c1)OC[C@H](C[NH+]3CCN(CC3)C[C@H](COc4ccc5ccccc5c4)O)O,C22130659,inactive
Cc1cc(ccc1O[C@H](C)C(=O)Nc2ccc(cc2)/C(=N/NC(=O)C3CCN(CC3)S(=O)(=O)c4ccccc4)/C)Cl,C97965838,inactive
C1CCC(CC1)N([C@H]2CCS(=O)(=O)C2)C(=O)CSc3[nH+]c4c(c5c(s4)CCCC5)c(n3)N,C09635480,inactive
CCN(C1CCOCC1)c1cc(cc(C(=O)NCc2c(OC)cc(C)[nH]c2=O)c1C)-c1ccc2CCC(N3CCOCC3)c2c1,50594135,active
Cn1c(cc(=O)c(c1CN2CCN(CC2)CCOc3ccccc3Cl)O)C[NH+]4C[C@H]5C[C@@H](C4)c6cccc(=O)n6C5,C85879873,inactive
CCOc1ccc(cc1OCC)CCNC(=O)Cc2ccc(cc2)NC3=[NH+][C@H]4CS(=O)(=O)C[C@H]4S3,C09530039,inactive
CC(C)C[C@@H](c1nnc(n1C)SCC(=O)Nc2nc3ccccc3s2)NC(=O)c4ccccc4Cl,C98045490,inactive
CCCc1cc(C)[nH]c(=O)c1CNC(=O)c1cc(-c2ccc(N3CCN(C(C)C)CC3)nc2)cc2nn(C(C)C)cc12,CHEMBL4521009,active
CCOc1cc(ccc1OCC(=O)Nc2cccc(c2)C(F)(F)F)/C=N/NC(=O)C(=O)Nc3ccccc3Cl,C08452642,inactive
c1ccc2c(c1)ccc(c2/C=N/NS(=O)(=O)c3ccc(cc3)Br)O,C03526928,inactive
Cc1cc(C)c(CNC(=O)c2cc(Br)c3OCC=C(C)Cc3c2)c(=O)[nH]1,359775,active
C[NH+](C)CCNC(=O)c1cccc(c1)Nc2c(cnn(c2=O)c3ccc(cc3)OC)Oc4ccccc4,C36084860,inactive
CCCC(=O)Nc1ccc(cc1)S(=O)(=O)NC[C@H](c2ccc3c(c2)CCCN3C)N4CC[NH+](CC4)C,C38673171,inactive
COc1ccc(cc1OC)c2nnc(n2c3ccccc3)SCC(=O)N/N=C/c4cc(ccc4O)Br,C02703033,inactive
[H]/N=C/1\C(=C/c2ccc(cc2)OCCCOc3ccccc3Cl)\C(=O)N=C4N1C(=NS4)S(=O)(=O)C,C96459910,inactive
CCC(C)c1cc(C)c(CNC(=O)c2cc(cc3n(ncc23)C(C)C)-c2ccc(nc2)N2CCN(CC2)C(C)C)c(=O)[nH]1,50536596,active
Cc1cc(C)c(CNC(=O)c2cc(cc3n(ncc23)C2CCCC2)-c2cnn(CCN3CCOCC3)c2)c(=O)[nH]1,326100,active
COc1ccc(cc1)[C@@H]2[C@H](c3ccccc3C(=O)N2c4ccc(cc4)OC)C(=O)Nc5nc6ccc(cc6s5)OC,C33356741,inactive
c1cc(cc(c1)Cl)COc2ccc(cc2)/C=N/NC(=O)c3c(n(nn3)c4c(non4)N)CSC5=[NH+]CCS5,C01879082,inactive
CCOc1c(cc(cc1Br)[C@H]2C(=C([NH+]=C3N2NN=N3)C)C(=O)Nc4ccc(cc4C)C)OC,C38223082,inactive
CCOc1cc(cc(c1O)Br)[C@H]2c3c(n[nH]c3OC(=C2C#N)[NH3+])c4cc(ccc4OC)OC,C00987185,inactive
CCOC(=O)[C@@H]1[C@@H](CC2=C(C1=O)[C@@H](C(=C(N2c3ccccc3C(F)(F)F)N)C(=O)OCC)c4ccc(cc4)F)c5cccs5,C98007111,inactive
CCN(c1cc(/C=C/c2ccc(CN3C[C@@H](C)O[C@@H](C)C3)c(F)c2)cc(C(=O)NCc2c3c(c(C)[nH]c2=O)CCCC3)c1C)C1CCOCC1,CHEMBL4646490,active
COC(C1CN(C1)S(C)(=O)=O)c1cc(Cl)c2CCN(Cc3c(C)cc(C)[nH]c3=O)C(=O)c2c1Cl,435670,active
CC[C@@]1(C(=O)N(C(=O)N1)NC(=O)CS[C@@H]2NN=C(O2)C3=c4ccccc4=[NH+]C3)c5ccccc5,C39792267,inactive
Cc1cc(C)c(CNC(=O)c2cccc3c2nnn3C(C)C)c(=O)[nH]1,CHEMBL3769778,inactive
CCN(C1CCOCC1)c1cc(cc(C(=O)NCc2c(C)cc(C)nc2=O)c1CC)-c1ccc(CN2CCOCC2)cc1,172133,active
Cc1cc(C)c(CNC(=O)c2cc(-c3ccc(CN4CCOCC4)cc3)cc(N(CC3CCC3)C3CCOCC3)c2C)c(=O)[nH]1,CHEMBL3697453,active
CCN1CCN(c2ccc(-c3cc(C(=O)NCc4c(C)cc(C)[nH]c4=O)c(C)c(N(CC)C(=O)C4CC4)c3)cc2)CC1,CHEMBL4861991,active
CCOc1ccc(cc1Br)NS(=O)(=O)c2cccc(c2)C(=O)NC3=NCCS3,C24839004,inactive
CC[C@@H](c1nnnn1Cc2ccc(cc2)OC)[NH+](Cc3cccs3)Cc4cc5cc(ccc5[nH]c4=O)OCC,C01375862,inactive
CN(C)c1ccc(cc1)/C=C(/C(=O)N/N=C/c2ccc(c(c2)OC)OC(=O)c3cccs3)\NC(=O)c4ccccc4,C97964232,inactive
c1ccc2=[NH+]CC(=c2c1)C[C@@H](C(=O)Nc3ccc(cc3)N4CCOCC4)NC(=O)c5cccs5,C63194349,inactive
Cc1c(n2ccccc2[nH+]1)C(=O)NNC(=O)Cn3c4ccccc4[nH+]c3COc5ccccc5,C24882465,inactive
CC(C)CCOc1cccc(c1)[C@@H]2/C(=C(\c3ccc4c(c3)OCCO4)/O)/C(=O)C(=O)N2CCCn5cc[nH+]c5,C09437166,inactive
Cc1c(noc1NS(=O)(=O)c2ccc(cc2)NC(=O)CSc3c(c(cc(n3)c4cccs4)C(F)(F)F)C#N)C,C06229141,inactive
CC1=CCOc2c(Br)cc(C(=O)NCc3c(C)cc(C)[nH]c3=O)cc2C1,CHEMBL5188141,active
Cc1ccc(o1)CN([C@H](c2ccc(c(c2)OC)OC)C(=O)NC(C)(C)CC(C)(C)C)C(=O)c3ccc(cc3)O,C36597312,inactive
c1ccc2c(c1)CCC[C@@H]2Sc3nc4ccccc4c(=O)n3CCc5ccc(cc5)S(=O)(=O)N,C69624256,inactive
CC(C)C[C@H]1[C@H]2[C@@H](C(=O)N(C2=O)c3ccc(cc3)NC(=O)C)[C@@]4([NH2+]1)c5ccccc5N(C4=O)C,C15305409,inactive
CSc1cc(C)[nH]c(=O)c1CNC(=O)c1c(C)n([C@H](C)C2CCN(CC2)C2(C)CC2)c2ncccc12,575007,active
Cc1cc(C)c(CNC(=O)c2cc3[C@@H]4CCC[C@]4(C)Oc3c(Br)c2)c(=O)[nH]1,359803,active
CCN(c1cc(-c2ccc(CN3CCN(CCCCCCCCCOc4cccc5c4C(=O)N(C4CCC(=O)NC4=O)C5=O)CC3)cc2)cc(C(=O)NCc2c(C)cc(C)[nH]c2=O)c1C)C1CCOCC1,CHEMBL5073227,active
CCN(CC)c1ccc(cc1)[C@H]2[C@@H](C(=Nc3n2nc(n3)SCc4ccccc4Cl)C)C(=O)N,C02719071,inactive
COc1cccc(c1O)[C@H]2Nc3ccc(cc3C(=O)N2NC(=O)c4ccc(cc4)OCC=C)I,C02745060,inactive
Cc1cccc(c1NC(=O)Cn2c(c(c([nH+]2)SC)c3nc(no3)c4ccc(cc4)Cl)N)C,C46915005,inactive
Cc1ccc(cc1)[C@@H](c2cccs2)NCC(=O)N3CC[NH+](CC3)CC(=O)Nc4c(cccc4C)C,C12905765,inactive
CCn1c(nnc1SCC(=O)Nc2ccc(cc2)S(=O)(=O)Nc3cc(nc(n3)C)C)c4ccc(cc4)C(C)(C)C,C01884999,inactive
c1ccc(c(c1)c2[nH]c3ccccc3[nH+]2)NC(=O)CNC4=NS(=O)(=O)c5c4cccc5,C98065668,inactive
Cc1cc(C)c(CNC(=O)c2cc(C3=CC(C)(C)NC(C)(C)C3)nc3c2cnn3C(C)C)c(=O)[nH]1,CHEMBL3770922,active
c1ccc(c(c1)n2cc(cn2)NC(=O)CNC(=O)NCc3ccco3)F,C88350447,inactive
CC(OCc1cccc(F)c1)c1c(C)c(cc2cccn12)C(=O)NCc1c(C)cc(C)[nH]c1=O,490134,active
CCCc1cc(C)[nH]c(=O)c1CNC(=O)c1cc(Cl)cc(N(CC)C2CCN(C)CC2)c1C,CHEMBL3945718,active
c1ccc(c(c1)/C=C/2\C(=O)N(C(=O)S2)CCNC(=O)[C@H]3CCCN3c4c5ccccc5ncn4)F,C96936175,inactive
COc1cc(cc(c1OC[C@@H](c2ccc3c(c2)OCO3)O)Br)C[NH2+]Cc4ccccc4Cl,C20876997,inactive
CC(CCO)c1cc(Cl)c2CCN(Cc3c(C)cc(C)[nH]c3=O)C(=O)c2c1Cl,435522,active
CCCN1[C@H](C(=C(N(C1=O)C)[O-])C(=O)CSc2nnc(n2C3CC3)C4=c5ccccc5=[NH+]C4)[NH3+],C63209592,inactive
c1ccc(cc1)[C@H]2C=C(Nc3n2nc(n3)C(F)(F)F)c4ccncc4,C08192593,inactive
Cc1cc(C)c(CNC(=O)c2cc3CC4(CCCC4)Oc3c(c2)-c2cnc(nc2)N2CCN(CC2)C(=O)OC(C)(C)C)c(=O)[nH]1,359819,active
c1ccc2=[NH+]C(=O)[C@@H]([NH+]=c2c1)CSc3nnc(s3)NC(=O)Nc4ccc(c(c4)Cl)F,C63752112,inactive
CC(C)(C)c1cc(CNC(=O)[C@@H](N)CCSC[C@H]2O[C@@H](n3cnc4c(N)ncnc43)[C@H](O)[C@@H]2O)n[nH]1,CHEMBL3397330,inactive
CC(C)(C)C1CCC(CC1)OC[C@H](C[NH+]2CCN(CC2)CCN3C(=O)c4cccc5c4c(ccc5)C3=O)O,C22914718,inactive
Cc1ccc(cc1)COc2c(cc(cc2Br)/C=N/NC(=O)CC[C@H](c3ccccc3)O)OC,C83315324,inactive
CCOc1cc(c(cc1OC)/C=C\2/c3c(c(c(nc3C(=C2C)C#N)N)C#N)C)Br,C34878257,inactive
C[C@@H](C(=O)Nc1ccc2c(c1)OCCO2)Sc3[nH]c(c[nH+]3)c4ccc(cc4)Br,C08720141,inactive
Cc1ccc(cc1)S(=O)(=O)n2c(cnc2SCC(=O)Nc3cc(ccc3OC)Cl)c4ccccc4,C00853509,inactive
Cc1ccc(cc1)C(=O)N2CCN(CC2)c3ccc(cc3)NC(=S)NC(=O)c4ccc5c(c4)nsn5,C21595749,inactive
Cc1cc[nH+]c(c1)n2c(=O)c3ccccc3[nH+]c2S[C@H](C)C(=O)Nc4cccc(c4)C(F)(F)F,C35535816,inactive
c1cc(ccc1C2SCCS2)C(=O)Nc3ccc(cc3)NS(=O)(=O)c4ccc(c(c4)F)F,C15744009,inactive
Cc1c(ccc(n1)NC(=S)NC(=O)c2cccc(c2)OC)I,C17095258,inactive
[H]/N=C\1/C(=C\c2cc(n(c2C)c3cccc(c3C)C)C)/C(=O)N=C4N1N=C(S4)C(C)C,C05487840,inactive
CN(C)c1ccc(cc1)[C@H](CNC(=O)Nc2cc(ccc2OC)Cl)[NH+]3CCN(CC3)c4ccccc4,C22418718,inactive
Cc1cc(C)c(CNC(=O)c2cc(C#N)cc3c2C(C)CN3C(C)C)c(=O)[nH]1,CHEMBL3906288,active
CSc1cc(C)[nH]c(=O)c1CNC(=O)c1c(C)n([C@@H](C)C2OCC(CO2)NC2(C)COC2)c2ccccc12,574843,active
Cc1cccc(c1)C2=NN3C(=[NH2+])/C(=C/c4ccc(c(c4)Cl)OCc5ccccc5)/C(=O)N=C3S2,C33859837,inactive
COc1ccc(cc1)C(=O)N/C(=C\c2ccc(cc2)Br)/C(=O)NCCC3=c4ccccc4=[NH+]C3,C63254424,inactive
Cc1cc(C)c(CNC(=O)c2cc(cc3N(CCc23)C2CCOCC2)C#N)c(=O)[nH]1,50205638,inactive
[H]/N=C\1/C(=C\c2cc(c(c(c2)OC)OCCOc3ccccc3Cl)OC)/C(=O)N=C4N1N=C(S4)Cc5ccccc5,C97959144,inactive
CCCCNc1ccc-2c(cc1=O)[C@H](CCc3c2c(c(c(c3)OC)OC)OC)[NH+](C)Cc4ccccc4O,C12660195,inactive
Cc1ccc(cc1)c2[nH]c(c([nH+]2)SCC(=O)Nc3ccc(cc3)F)c4ccc(c(c4)OC)OC,C20182439,inactive
c1ccc2c(c1)CCC[C@@H]2NC(=O)[C@H]3CCCN(C3)S(=O)(=O)N4CCCCCC4,C06535918,inactive
C[C@H]1Cc2cc(ccc2O1)C(=O)C3=C(C(=O)N([C@@H]3c4ccc(cc4)OCc5ccccc5)c6cccc[nH+]6)O,C38249459,inactive
CCOc1ccc(cc1C)C(=O)C2=C(C(=O)N([C@@H]2c3cccc(c3)Oc4ccccc4)Cc5ccc[nH+]c5)O,C09993699,inactive
Cc1ccccc1[C@H]2c3c(nn(c3N(C(=O)CS2)CC(=O)NCc4ccc[nH+]c4)c5ccccc5Cl)c6ccccc6,C98012111,inactive
Cc1c(c(n2c(n1)nc(n2)SC)C)CC(=O)NCCCc3c(c(n(n3)c4ccc(cc4)F)N)C#N,C36834671,inactive
COc1ccc2c(c1)c(c[nH]2)[C@@H](CC(=O)NCCc3cccc[nH+]3)c4cccc(c4)OCc5ccccc5,C96278595,inactive
c1ccc(cc1)[C@H]2CC3=C([C@H](C(=C(N3c4[nH]ncn4)[NH3+])C#N)c5cccc(c5)[N+](=O)[O-])C(=O)C2,C27551907,inactive
Cc1cc(C)c(CNC(=O)c2cc(-c3ccc(CN4CCOCC4)cc3)cc(N(C)C3CCNCC3)c2C)c(=O)[nH]1,CHEMBL3697407,active
CC[C@@H]1C[NH+]2CCc3cc(c(cc3[C@@H]2C[C@@H]1[C@@H]4c5c(cc(cc5OC)OC)CC[NH2+]4)OC)OC,C83314512,inactive
CSc1nc([nH]n1)N2[C@H]([C@@H](C(=O)[C@@H]2O)c3ccccc3)c4ccccc4,C72332364,inactive
Cc1cc(C)c(CNC(=O)c2cc(-c3ccc(CN4CCOCC4)cc3)cc(N(C)[C@H]3CC[C@H](N)CC3)c2C)c(=O)[nH]1,CHEMBL3697435,active
CCc1ccc(cc1)n2c3c(c(=O)n(c(n3)SCC(=O)Nc4nccs4)c5ccc(cc5)C)sc2=S,C03034717,inactive
c1ccc(cc1)C2=N/C(=C\c3cc(ccc3OCC(=O)N)Br)/C(=O)O2,C05946682,inactive
Cc1ccc(cc1)CN2c3ccsc3C(=O)/C(=C/NCCC4=c5ccccc5=[NH+]C4)/S2(=O)=O,C63584608,inactive
CC(=O)Nc1ccc(cc1)S(=O)(=O)/N=C\2/[C@H]([NH+]=c3ccccc3=N2)Nc4ccc(c(c4)OC)OC,C39978771,inactive
CCCN1C(=O)c2c([nH+]cn2C[C@@]1(C)C(=O)NCCC(C)C)C(=O)NCCC[NH+]3CCCCCC3,C15735679,inactive
c1c2cc3c(cc2nc(c1CN(CCCO)C(=S)NCCC[NH+]4CCOCC4)O)OCCO3,C06445101,inactive
CSc1cc(C)[nH]c(=O)c1CNC(=O)c1c(C)n([C@H](C)C2CCC(CC2)N2CCC(F)(F)C2)c2ccccc12,574963,active
CC(C)n1ncc2c(cc(nc12)-c1ccc(CN(C)C)cc1)C(=O)NCc1c(C)cc(C)[nH]c1=O,325826,active
CC[NH+](CC)CCCN1[C@@H](C(=C(C1=O)O)C(=O)c2c(nc(s2)C)C)c3c(cccc3Cl)Cl,C35568314,inactive
CCN(c1cc(-c2ccc(CN3CCN(C)CC3)cc2)cc(C(=O)NCc2c3c(c(C)[nH]c2=O)CCCC3)c1C)C1CCCCC1,CHEMBL5178720,active
C[C@@]1(C(=O)N(C(=O)N1)CC(=O)NC[C@@H](c2ccc(cc2)OC)[NH+]3CCCC3)c4ccc5ccccc5c4,C32960832,inactive
CC(C)C[C@@H]1C(=O)N(C2([NH2+]1)CCN(CC2)C(=S)Nc3ccc(cc3)OC)Cc4ccc(cc4)F,C36029852,inactive
CCCCCOc1ccc(cc1OC)[C@H]2c3c(n[nH]c3C(=O)N2Cc4cc[nH+]cc4)c5ccccc5O,C38609995,inactive
CN(C)c1ccc(cc1Br)/C=N/NC(=O)CN(c2ccccc2OC)S(=O)(=O)c3ccccc3,C02190167,inactive
Cc1cccc(c1)C2=NN3C(=[NH2+])/C(=C\c4cc(c(c(c4)OC)OCCOc5ccccc5C)OC)/C(=O)N=C3S2,C97958085,inactive
Cc1ccc(cc1)C(=O)NCC(=O)N/N=C/c2ccc(c(c2)Br)OCc3ccccc3C#N,C09305464,inactive
CC(C)c1cc(Cl)c2CCN(Cc3c(C)cc(C)[nH]c3=O)C(=O)c2c1Cl,435503,active
CSCC[C@H](C(=O)N1CCC2(CC1)c3c([nH+]c[nH]3)CC[NH2+]2)NC(=O)c4ccc(cc4)Br,C13551865,inactive
C[C@@H]1CCCCN1S(=O)(=O)c2ccc(cc2)C(=O)Nc3c(c4c(s3)CN(CC4)C(C)C)C(=O)OC,C08583070,inactive
CCN(C1C[C@@H](C)N[C@H](C)C1)c1cc(cc(C(=O)NCc2c(C)cc(C)[nH]c2=O)c1C)-c1ccc(CN2CCOCC2)nc1,601718,active
c1ccc(cc1)N2CCN(CC2)CC(=O)N3CCNC(=O)[C@H]3CC(=O)Nc4ccc(cc4)Br,C20676892,inactive
Cc1cc(ccc1/C(=C/2\C=CC(=[N+](CCO)CCO)C=C2C)/c3ccccc3Cl)N(CCO)CCO,C04014682,inactive
CN1CCc2c1ccc(c2)[C@H](CNC(=O)NCc3ccc(c(c3)OC)OC)[NH+]4CCCCC4,C38517863,inactive
Cc1ccccc1OCCOc2ccc(cc2)/C=c\3/c(=[NH2+])n-4[nH]/c(=C/C(=O)N5CCCC5)/sc4nc3=O,C49686828,inactive
C[C@@H]1CC[C@@]2(CC[C@@]3(C(=CC[C@@H]4[C@]3(CC[C@@H]5[C@@]4(CC[C@@H](C5(C)C)O[C@H]6[C@@H]([C@H]([C@@H]([C@H](O6)CO)O)O)O)C)C)[C@@H]2[C@@H]1C)C(=O)[O-])C(=O)O,C67903139,inactive
COC(=O)C1CC[NH+](CC1)[C@@H](c2c[nH]c3c2cc(cc3)Br)C(=O)[O-],C20723199,inactive
CC1=CC=CN2[C@H]1NC(=C(C2=O)Cc3nnc(n3C)SCC(=O)NCC4[NH+]=c5ccccc5=[NH+]4)C,C64482310,inactive
COc1ccc(cc1/C(=[NH+]/c2c(c3ccccc3oc2=O)NCc4ccccc4)/O)Br,C20258460,inactive
CN(C)CC(=O)N1CCC(=CC1)c1cc(C(=O)NCc2c(C)cc(C)[nH]c2=O)c2cnn(C3CCCC3)c2c1,326140,active
COCCN1[C@@H]([C@H](C(=O)C1=O)C(=O)c2ccc(cc2)OCC=C)c3cc(c(c(c3)Br)O)OC,C16735001,inactive
CC(=O)Nc1ccc(cc1)S(=O)(=O)NC[C@H](c2ccc(cc2)N(C)C)[NH+]3CCc4ccccc4C3,C38666965,inactive
COc1ccc(cc1OC)c2nnc(n2c3ccccc3)SCC(=O)N/N=C/C(=C/c4ccccc4)/Br,C01884845,inactive
CC(C)(C)NC1=Nc2ccccc2CN[C@]13CCN(C3)C(=O)c4ccccn4,C65265984,inactive
CCOC(=O)[C@H]1CC[C@@H](CC1)N(CC)c1cc(Cl)cc(C(=O)NCc2c(C)cc(C)[nH]c2=O)c1C,190217,active
CCCCN1c2ccccc2[C@@]3(C1=O)C(=C(C(=O)N3CC[NH+](C)C)O)C(=O)c4cccc(c4)S(=O)(=O)N(C)C,C98046807,inactive
COc1ccc(cc1NC(=O)CSc2[nH+]c(c(cn2)S(=O)(=O)c3cccs3)N)Cl,C16842180,inactive
CC1COc2c1cc(cc2-c1ccc(nc1)N1CCOCC1)C(=O)NCc1c(C)cc(C)[nH]c1=O,359757,active
CCn1c(nnc1SCC(=O)Nc2ccc(cc2)C(=O)C)c3ccc(cc3)S(=O)(=O)N4CCCC4,C00879218,inactive
CC(C)n1ncc2cc(cc(-c3ccc(nc3)N3CCN(CCOCCC(=O)Nc4cccc5C(=O)N(C6CCC(=O)NC6=O)C(=O)c45)CC3)c12)C(=O)NCc1c(C)cc(C)[nH]c1=O,50594124,active
C[C@@H](C(=O)Nc1ccc(cc1)S(=O)(=O)N2CCCC2)Sc3[nH]c(c[nH+]3)c4ccc(cc4)F,C17749638,inactive
COc1c(cc(cc1I)I)/C=N/NC(=O)COc2ccccc2[N+](=O)[O-],C33353894,inactive
CCCc1cc(C)[nH]c(=O)c1CNC(=O)c1cc2CC(C)(Oc2c(c1)-c1ccc(nc1)N1CCNCC1)C(C)=C,359839,active
CC(=O)Oc1c(cc(cc1Br)[C@@H]2c3c(n[nH]c3OC(=C2C#N)N)c4cc(ccc4OC)OC)OC,C02841015,inactive
COC(=O)c1ccc2c(c1)nc([nH]c2=O)CSc3[nH]c(c([nH+]3)c4cccs4)c5cccs5,C09635235,inactive
CCCOc1ccc(cc1OC)[C@@H]2CN3C(=O)CN(C(=O)[C@@]3(c4c2c5ccccc5[nH]4)C)CCC[NH+](CC)CC,C70692199,inactive
CCN(C1CCOCC1)c1cc(cc(C(=O)NCc2c(cc(C)[nH]c2=O)C(C)C)c1C)-c1ccc(nc1)N1CCN(C)CC1,172178,active
CC1CCC(CC1)N2[C@@H]([C@]34C=C[C@H](O3)[C@@H]([C@H]4C2=O)C(=O)Nc5ccc(cc5)Cl)C(=O)NC6CCCCC6,C97962344,inactive
c1ccc(cc1)N2c3ccccc3[NH2+][C@@H]2CCc4ccc(cc4)NC(=O)[C@H]5C=C(N=N5)c6cccs6,C63600613,inactive
CCOC(=O)CNC(=O)CSc1nc2c(c3c(s2)CCCC3)c(=O)n1c4ccc(cc4)Br,C02508172,inactive
CNC(=O)c1cc(ccn1)S(=O)(=O)c2ccc3c(c2)[nH]c([nH+]3)Nc4cccc(c4)C(F)(F)F,C85393804,inactive
C=CCNC(=S)N1CC[NH+](CC1)[C@H]2c3cccc4c3c(ccc4)[C@H]2NS(=O)(=O)c5ccc(cc5)Cl,C09043926,inactive
CC(C)n1ncc2c(cc(nc12)C1=CCN(CC1)C1CCNCC1)C(=O)NCc1c(C)cc(C)[nH]c1=O,325944,active
C[NH+](C)[C@@H](CNC(=O)c1cccc(c1)NS(=O)(=O)c2ccc(c(c2)Cl)Cl)c3ccco3,C12584865,inactive
CCN(C(=O)C1CC1)c1cc(cc(C(=O)NCc2c(C)cc(C)[nH]c2=O)c1C)-c1cnc(N2CCN(CC3CC3)CC2)c(C)c1,50575223,active
C[C@H]1CCC=C2[C@@]1([C@H]([C@H]3[C@@H](C2)OC(=O)[C@H]3CNC4CC[NH+](CC4)Cc5ccccc5)O)C,C70686673,inactive
COc1ccc(cc1F)C(=O)C2=C(C(=O)N([C@H]2c3ccc(c(c3)OC)OCc4ccccc4)CCCn5cc[nH+]c5)O,C98217037,inactive
C[C@]([C@H]1C[C@@]23CC[C@@]1([C@H]4[C@@]25CC[NH+]([C@@H]3C(=O)c6c5c(c(cc6)O)O4)CC7CC7)OC)(C(C)(C)C)O,C65748322,inactive
CCN(c1cc(/C=C/c2ccc(CN3C[C@H]4C[C@@H]3CO4)c(F)c2)cc(C(=O)NCc2c(C)c3c([nH]c2=O)CCCC3)c1C)C1CCOCC1,CHEMBL4649585,active
c1cc(ccc1NC(=O)C[NH+]2CCN(CC2)CC(=O)NCC3(CCCCC3)[NH+]4CCCCC4)F,C22791260,inactive
C[C@H]1C(=c2cc(ccc2=[NH+]1)OC)CCNC(=O)[C@@H]3C=C4N=C(C=C(N4N3)C(F)(F)Cl)c5cccs5,C63514049,inactive
Cc1ccc2=[NH+]CC(=c2c1)CCNC(=O)CSC[C@@H]3N=N[C@H](S3)C(=O)Nc4ccc(cc4)OC,C64491458,inactive
Cn1cc[nH+]c1SCC(=O)Nc2ccc(cc2)C(=O)NCCOc3ccc4ccccc4c3,C09866295,inactive
c1ccc(cc1)C[C@@H](C(=O)Nc2ccc(c(c2)C(F)(F)F)Cl)NS(=O)(=O)c3cccc4c3nsn4,C08596303,inactive
CCOc1cc(ccc1OCc2ccc(cc2)F)[C@@H]3c4c(n[nH]c4OC(=C3C#N)[NH3+])c5ccccc5,C20175977,inactive
c1ccc(cc1)c2c3cc(ccc3nc(n2)N/N=C/C4=N[C@@H]5C=CC=C[C@H]5N4)Br,C25337420,inactive
CC(C)C[C@@H](C(=O)NCCc1ccc(cc1)Cl)N2C(=O)[C@@]3([C@H]4C(=c5ccccc5=[NH+]4)CCN3C2=O)C,C63373382,inactive
CN(C[C@H]1C[NH+]2CC[C@@H]1C[C@@H]2CNC(=S)Nc3ccc(cc3)n4cccn4)c5ccccc5,C43527556,inactive
c1cc(sc1)[C@@H]2CC(=NN2C(=O)CSc3nnc(s3)SCC(=O)N)c4cccs4,C22091457,inactive
CC[C@H](C)NS(=O)(=O)c1ccc2c(c1)[C@H]3C=CC[C@H]3[C@H](N2)c4ccc5c(c4)c6ccccc6n5CC,C20685385,inactive
c1cc(ccc1[C@H]2C(=C(C(=O)N2CCCn3cc[nH+]c3)[O-])C(=O)c4ccc5c(c4)OCCO5)Br,C01108365,inactive
Cc1ccc(cc1)CNC(=O)CCCCCn2c(=O)c3c(ccs3)nc2SCc4cc(=O)n5ccccc5[nH+]4,C02925327,inactive
c1ccc(cc1)C(c2ccccc2)(C3CCN(CC3)C(=S)Nc4ccc(cc4)S(=O)(=O)/N=c/5\[nH]ccs5)O,C97948341,inactive
CC1(Cc2c(cc(c(=O)n2c3ccc(cc3)Cl)C(=O)N[C@H](CO)[C@H](c4ccc(cc4)SC)O)C(=O)C1)C,C49816802,inactive
CCN(C1CCOCC1)c1cc(cc(C(=O)NCc2c(C)cc(C)[nH]c2=O)c1C)-c1ccc(CN2CCCNCC2)cc1,172080,active
COc1ccc(cc1)C(=O)OCc2c3c(c(c4c2OCO4)OC)[C@@H](NCC3)[C@@H]5c6ccc(c(c6C(=O)O5)OC)OC,C44459643,inactive
COc1cc(cc(c1)OC)C(=O)/N=C(/NCc2cc[nH+]cc2)\Nc3cccc(c3)Br,C45940728,inactive
Cc1ccc(c(c1)S(=O)(=O)N[C@H](C)C(=O)Nc2ccc(c(c2)Cl)Cl)C,C00630613,inactive
c1cc(cc(c1)F)CN[C@H]2C[C@H]([NH+](C2)Cc3ccc(cc3)Cl)C(=O)NCc4ccc[nH+]c4,C32561778,inactive
c1ccc2c(c1)nc(s2)NC(=O)CSc3nnc(s3)NC(=O)c4ccc(cc4)S(=O)(=O)N5CCCCC5,C97961698,inactive
CCCC1=NN2C(=[NH2+])/C(=C\c3cn(c4c3cccc4)CCOc5ccc(c(c5)C)Cl)/C(=O)N=C2S1,C51225273,inactive
CN(c1ccc(cc1)C(=O)Nc2ccc(cc2)S(=O)(=O)Nc3ccc(cc3)Br)S(=O)(=O)c4ccccc4,C08384597,inactive
COc1ccc(cc1OC)CCNC(=O)CCn2c(=O)c3ccccc3nc2SCc4cc(=O)n5ccccc5[nH+]4,C02973613,inactive
Cc1cccc(c1)n2c3c(c(n2)C(C)(C)C)[C@H](SCC(=O)N3CC(=O)NCC[NH+](C)C)c4ccc(cc4F)F,C98010985,inactive
c1ccc(cc1)Cn\2c3ccccc3[nH]/c2=N\C(=O)c4c(cn[nH]4)I,C12648953,inactive
CCN(C1CCOCC1)c1cc(cc(C(=O)NCc2c(C)cc(C)[nH]c2=O)c1C)-c1ccc(CN2CCCCC2)nc1,601698,active
c1ccc2c(c1)c(nc([nH+]2)c3cccs3)N(CCC(=O)NCc4cccc(c4)C(F)(F)F)Cc5ccco5,C98009862,inactive
Cc1cc2CC\C=C\Cc3c(O[C@H]4CC[C@H](N)CC4)cc(Cl)cc3C(=O)NCc2c(=O)[nH]1,50061975,active
c1ccc2c(c1)[nH+]c(n2CCOc3ccc(cc3Cl)Cl)S[C@@H]4[C@H]([C@@H]([C@@H]([C@@H](O4)CO)O)O)O,C39915994,inactive
CC[NH+](CC)CCC[C@@H](C)Nc1c2cc(ccc2[nH+]c(n1)/C=C/c3ccc(cc3Br)Br)OC,C95721745,inactive
CCCc1cc(C)[nH]c(=O)c1CNC(=O)c1cc(-c2ccc(N3CCN(C)CC3)nc2)cc2c1cnn2C(C)C,CHEMBL2204997,active
Cc1ccccc1N2C[C@@H](CC2=O)C(=O)Nc3nnc(s3)SCC(=O)Nc4ccccc4F,C08904753,inactive
CN(C)c1ccc(cc1)/C=N/Nc2nnc(n2N)SCC(=O)Nc3cccc(c3)Br,C20527585,inactive
c1ccc(c(c1)C(=O)N/C(=C/c2ccc(cc2)Cl)/C(=O)Nc3ccncc3)Cl,C59168071,inactive
COc1ccc2c(NC3CCN(C)CC3)cc(N3CCCN(C)CC3)nc2c1,CHEMBL5196210,inactive
CCN([C@H]1CC[C@@H](CC1)N(C)C)c1cc(Cl)cc(C(=O)NCc2c(C)[nH]n(C)c2=O)c1C,310749,active
c1cc(ccc1NC(=O)CSc2nnc(n2N)N/N=C/c3ccc(cc3Cl)Cl)[N+](=O)[O-],C20527935,inactive
c1ccc(cc1)CNc2cc(ccc2[N+](=O)[O-])N3CCN(CC3)CN4c5ccccc5C6(C4=O)OCCCO6,C16480194,inactive
C[C@H]([C@@H](c1ccc(cc1)O)O)[NH+]2C[C@@H](O[C@@H](C2)COCc3ccccc3OC)COCc4ccccc4OC,C40556050,inactive
CCN(C1CCOCC1)c1cc(Br)cc(C(=O)NCc2c(C)cc(C)[nH]c2=O)c1C,50149895,active
CCOC(=O)[C@H](Cc1ccc(cc1)NC(=O)/C(=C/c2ccc(cc2)OC(=O)C)/NC(=O)C)N3C(=O)c4ccccc4C3=O,C08672712,inactive
CC(C)N1c2c(cc(cn2)NC(=O)[C@H](CC3=c4ccccc4=[NH+]C3)NC(=O)OCc5ccccc5)CN1,C63160869,inactive
CSc1cc(C)[nH]c(=O)c1CNC(=O)c1c(C)n([C@H](C)C2CCN(CC2)C(=O)CN(C)C)c2ccccc12,575022,active
CN1CCN(CC1)c1ccc(cn1)-c1cc(C(=O)NCc2c(C)cc(C)[nH]c2=O)c2c(C)cn(c2c1)S(=O)(=O)C1(CC=C)CC1,464515,active
COc1ccc(cc1)NC(=O)CCN(Cc2ccco2)c3c4ccccc4[nH+]c(n3)c5cccc(c5)Br,C98009827,inactive
CCCCOc1ccccc1[C@@H]2C(=C(C(=O)N2c3nc(c(s3)C(=O)C)C)O)C(=O)c4c(nc(s4)C)C,C35566121,inactive
Cc1cc(Cl)[nH]c(=O)c1CNC(=O)c1c(C)n([C@H](C)C2CCN(CC(F)(F)F)CC2)c2ccccc12,CHEMBL4633053,active
Cc1cccc(c1C)N2C[C@H](CC2=O)C(=O)Nc3ccc(cc3)C(=O)Nc4nccs4,C24917782,inactive
c1ccc(c(c1)C(=O)N2CCC(CC2)C(=O)Nc3ccc(cc3)S(=O)(=O)NC[C@H]4CCCO4)Cl,C20612191,inactive
CC[C@H](C)Sc1nnc(s1)NC(=O)CCNS(=O)(=O)c2ccc(cc2)Br,C09342933,inactive
C[C@@H](C(=O)Nc1ccc(cc1)S(=O)(=O)N)Sc2nnc(n2c3ccccc3)C[NH+]4CCCC4,C08725872,inactive
CC(=O)NCc1ccc(s1)c2csc(n2)NC(=O)c3cccc(c3)OCc4cn5ccccc5[nH+]4,C12540227,inactive
CC[C@H](C(=O)Nc1ccc(cc1)F)Sc2c3c(nc(n2)c4ccccc4F)Oc5c([nH+]cc(c5C3)CO)C,C97987165,inactive
CC(C)(C)c1ccc(cc1)S(=O)(=O)[C@@H]2CS(=O)(=O)C[C@H]2[NH2+]CCc3c[nH]c4c3cccc4,C36594936,inactive
COc1ccc(cc1)c2c3c([nH]n2)C(=O)N([C@H]3c4ccc(c(c4)OC)OCc5ccccc5)C[C@@H]6CCCO6,C40345822,inactive
C[NH+](CC(=O)Nc1ccc(cc1)N2CCCCC2)CC(=O)Nc3ccccc3Br,C09508810,inactive
c1ccc(cc1)C#CCNC(=O)N2CC[NH+](CC2)CC(=O)Nc3ccc(c(c3)C(F)(F)F)Cl,C32802884,inactive
c1cc(c(c(c1)F)F)C[NH2+]C2CCN(CC2)c3ccc(cc3)C(=O)N4CCC[C@H](C4)CO,C12162458,inactive
c1cc2c(cc1C(=O)NCC[NH+]3CCN(CC3)c4nc5ccc(cc5s4)Br)scn2,C38774107,inactive
Cc1cc(C)c(CNC(=O)c2cc(-c3ccc(CN4CCOCC4)cc3)cc3c2CCN3C(=O)C2CCCC2)c(=O)[nH]1,CHEMBL4875308,active
C[NH+](C)[C@H](Cc1ccccc1)CNC(=O)c2cccc(c2)NS(=O)(=O)c3ccc4c(c3)OCCO4,C25382474,inactive
Cc1cc(nc(n1)SCC(=O)N(Cc2ccccc2)[C@@H](c3ccc(c(c3)OC)OC)C(=O)Nc4ccc(cc4)OC)C,C08712647,inactive
Cc1ccc(cc1)S(=O)(=O)[N-]c2c(cccc2)/C=[NH+]/CC(O)C/[NH+]=C/c3c(cccc3)[N-]S(=O)(=O)c4ccc(cc4)C,C97965292,inactive
Cc1ccc(c(c1)NC(=O)CSc2c3c(nc(n2)c4ccccc4OC)Oc5c([nH+]cc(c5C3)CO)C)C,C97986842,inactive
c1cc(ccc1C(=O)OC[C@@H]2CCC[NH+]3[C@@H]2CCCC3)NC(=O)c4cc5cc(ccc5oc4=O)Br,C97966199,inactive
c1ccc(cc1)n2c3c(cn2)c(=[NH2+])n(cn3)NC(=S)Nc4ccc(cc4Cl)Cl,C08636728,inactive
[H]/N=C\1/C(=C/c2cc(c(c(c2)Cl)OCCOc3c(cccc3C)C)OCC)/C(=O)N=C4N1N=C(S4)c5ccccc5Cl,C08494919,inactive
CCC(=O)N(CC)c1cc(-c2ccc(CN3CCOCC3)cc2)cc(C(=O)NCc2c(C)cc(C)[nH]c2=O)c1C,CHEMBL4878548,active
COc1ccc(cc1)C(=O)[C@@H]2[C@@H](NC(=O)N[C@@]2(C(F)(F)F)O)c3ccccc3OC,C06924861,inactive
CCN(C1CCOCC1)c1c(C)c(cc2cccn12)C(=O)NCc1c(C)cc(C)[nH]c1=O,490179,active
c1cc[nH+]c(c1)CNC/C(=N/c2cc(ccc2Cl)S(=O)(=O)N3CCCCC3)/O,C57376074,inactive
COc1ccc2=[NH+][C@@H]3[C@@H](NCCC3=c2c1)c4ccc(c(c4)CN5CCN(CC5)c6ccccc6F)OC,C63350053,inactive
CC(=O)Nc1cc(c(cc1Cl)C(=O)Nc2ccc(cc2)Br)OC,C06158786,inactive
CCOC(=O)Cc1csc(n1)NC(=O)CSc2c(c(cc([nH+]2)c3ccc(cc3)OC)C(F)(F)F)C#N,C08414303,inactive
Cc1nc2ccc3c(c2s1)sc(n3)NC(=O)c4cccc(c4)NS(=O)(=O)c5ccc(cc5)F,C20570433,inactive
c1ccc2c(c1)c(=O)n(c(n2)SCC(=O)NC3CCCC3)CC4CCC(CC4)C(=O)NC[C@@H]5CCCO5,C09473433,inactive
CN([C@H]1CC[C@@H](CC1)NC(C)=O)c1cc(cc(C(=O)NCc2c(C)cc(C)[nH]c2=O)c1C)-c1cnn(C)c1,172019,active
C[C@@H](CCC1=c2ccccc2=[NH+]C1)Nc3cc4c([nH+]c3)N([C@@H]([C@@H]4NC(=O)COC)C(=O)OC)C,C63980664,inactive
CC(C)[NH+]1c2ccccc2[C@@H]([C@@H]1/C=C\[C@@H](C[C@@H](CC(=O)OC(C)(C)C)O)O)c3ccc(cc3)F,C83261385,inactive
Cc1cc(C)c(CNC(=O)c2cc(cc3n(ncc23)C2CCCC2)C2CCN(CCN)CC2)c(=O)[nH]1,326197,active
CC1(CN(CCS1)C(=O)NC[C@H]2CN3CCCC[C@@H]3CO2)C,C90682965,inactive
CCOc1ccccc1[C@@H]2C3C(=O)C[C@@H](C=C3N=C(C2C(=O)Nc4cccc([nH+]4)C)C)c5cccs5,C16393605,inactive
COc1ccc(cc1)c2c(cn[nH]2)C(=O)Nc3ccc(cc3)I,C97024451,inactive
CCN(c1cc(-c2cnccn2)cc(C(=O)NCc2c(C)cc(C)[nH]c2=O)c1C)[C@H]1CC[C@H](N(C)C)CC1,CHEMBL3701033,active
C[C@H](C(=O)N/N=C/c1cc(c(c(c1)Br)O)Br)Sc2nnc(n2CC=C)COc3ccccc3,C02744202,inactive
C[C@@H](c1ccc(cc1)S(=O)(=O)N)[NH+](C)CC(=O)N2[C@@H](CC(=N2)c3cccs3)c4cccs4,C09595363,inactive
COc1ccc(cc1)C(=O)Nc2ccc(cc2)S[C@H](c3ccccc3)C(=O)Nc4ccc(cc4)F,C22744185,inactive
CSCC[C@@H](C(=O)N1CCC2(CC1)c3c(nc[nH]3)CC[NH2+]2)NC(=O)COc4ccc(cc4)Cl,C20589581,inactive
c1ccn2c(c1)nc(c(c2=O)/C=C/3\C(=O)N(C(=S)S3)Cc4ccc5c(c4)OCO5)NCCC[NH+]6CCOCC6,C98227018,inactive
Cc1c(c(n(n1)CC(=O)[O-])C)NC(=O)Cc2[nH]c3ccc(cc3[nH+]2)Cl,C55402147,inactive
Cc1c(c(c(c([nH+]1)OCC(=O)N/N=C/c2ccc(cc2O)O)C#N)COC)Br,C16249262,inactive
c1ccc(cc1)N2CC[NH+](CC2)CCNC(=O)[C@@H]3[C@@H]4C=C[C@]5([C@@H]3C(=O)N(C5)Cc6ccccc6Cl)O4,C97915203,inactive
CC1=C2[C@H](C(=C(O[C@H]2N=N1)N)C#N)c3cc(cs3)CSc4nc5ccccc5s4,C39217428,inactive
c1ccc2c(c1)c3ccccc3n2C[C@@H](C[NH+]4CCN(CC4)C[C@H](CC5c6ccccc6-c7c5cccc7)O)O,C20790575,inactive
CCOc1cc(ccc1OC[C@H](CN(Cc2cccc(c2)Br)[C@@H]3CCS(=O)(=O)C3)O)C=O,C40320262,inactive
CC[NH+]1CCc2c(sc(c2C(=O)OC)NC(=O)c3ccc(cc3)S(=O)(=O)N4CCCc5c4cccc5)C1,C03007021,inactive
CC(C)CCOc1ccc(cc1OC)[C@H]2C(=C(C(=O)N2CCC[NH+](C)C)O)C(=O)c3ccc4c(c3)OCCO4,C98046553,inactive
CCN(C1CCC(CC1)N(C)CCOC)c1c(C)c(cc2n(C)ncc12)C(=O)NCc1c(C)cc(C)[nH]c1=O,516837,active
c1cc(ccc1NC(=O)CSc2c(c(sn2)SCC(=O)Nc3ccc(cc3)OC(F)(F)Cl)C#N)OC(F)(F)Cl,C33354917,inactive
COc1ccc(cc1)CCC(=O)N[C@@H](CCSC)C(=O)N2CCC3(CC2)c4c([nH+]c[nH]4)CCN3,C95190777,inactive
CCN(C1CCC(CN(C)C)CC1)c1c(C)c(cc2n(C)ncc12)C(=O)NCc1c(C)cc(C)[nH]c1=O,516855,active
CCOc1cc(ccc1OCc2ccc(cc2)Br)/C=N/NC(=O)C(=O)Nc3cccc(c3)Cl,C02165697,inactive
CNS(=O)(=O)c1ccc(cc1)/C=C\C(=O)N2CCC[C@H](C2)C(=O)Nc3ccccc3,C96927252,inactive
CC[NH+](CC)CCOC(=O)c1ccc(cc1)NC(=S)Nc2c(c3c(s2)C[C@H](CC3)C)C(=O)OC,C13749795,inactive
c1ccc(c(c1)N2CC[NH+](CC2)[C@@H](CNC(=O)NCc3ccc(cc3)Cl)c4ccc5c(c4)OCO5)F,C38621278,inactive
Cc1ccc(cc1)C(=O)C2=C(C(=O)N([C@@H]2c3ccccc3OC)CCc4c[nH]c5c4cc(cc5)OC)O,C35164973,inactive
C[NH+](C)c1ccc(cc1)NC(=O)[C@H]2CCCN(C2)c3nc4c(cccc4s3)F,C90506864,inactive
CN([C@@H](Cc1ccc(cc1)OC)C[NH+]2CCN(CC2)C(=O)[O-])S(=O)(=O)c3ccc(cc3)OCC[NH3+],C98239942,inactive
Cc1ccc(cc1S(=O)(=O)N2CC[NH+](CC2)C)c3c4ccccc4c(nn3)Nc5ccc(cc5)S(=O)(=O)N,C97967024,inactive
Cc1cc(C)c(CNC(=O)c2cc(cc3n(ncc23)C2CCCC2)-c2ccc(CN3CCC[C@@H]3C(N)=O)cc2)c(=O)[nH]1,382371,active
CN(C)Cc1ccc(cc1)-c1cc(N(C)C2CCOCC2)c(C)c(c1)C(=O)NCc1c(C)cc(C)nc1=O,514154,active
CN([C@@H]1CC[C@@H](CC1)NC(C)=O)c1cc(cc(C(=O)NCc2c(C)cc(C)nc2=O)c1C)-c1cnn(CCN2CCOCC2)c1,514177,active
COc1ccc(cn1)-c1cc(cc2c1OCC2(C)C)C(=O)NCc1c(C)cc(C)[nH]c1=O,359769,active
c1ccc(cc1)[C@H](c2ccc3c(c2)[nH]c[nH+]3)NC(=O)[C@@H]4CCCN(C4)S(=O)(=O)c5ccc(cc5)F,C36039817,inactive
Cc1[nH]c(=O)c(CN2CCc3c(Cl)cc(N4CC5(C4)CCOCC5)c(Cl)c3C2=O)c2occc12,378886,active
CCCCc1ccc(cc1)NC(=O)C(=O)N/N=C/C23c4ccccc4C(c5c2cccc5)[C@@H]6[C@H]3C(=O)N(C6=O)c7ccc(cc7)Br,C29491879,inactive
CCN1c2ccccc2[C@]3(C1=O)C(=C(C(=O)N3CC[NH+](C)C)O)C(=O)c4ccc(cc4)S(=O)(=O)N5CCCCCC5,C98046926,inactive
CC(=O)c1ccc(cc1)NC(=O)COC(=O)c2ccc(cc2)N3C(=O)[C@H]4[C@@H]5C[C@@H]([C@@H](C5)[C@@H]4C3=O)c6ccccc6,C59211792,inactive
CCOc1cccc(c1)C(=O)C2=C(C(=O)N([C@H]2c3cccc(c3)Br)CCCn4cc[nH+]c4)O,C33468855,inactive
c1ccc(c(c1)n2c3c(c(n2)C(=O)N4CCC[C@@H](C4)O)CCC3)F,C33223029,inactive
Cc1cc(nc(n1)SCC(=O)N(Cc2ccc[nH+]c2)[C@H]([C@H]3CCC=CC3)C(=O)Nc4ccc5c(c4)OCO5)C,C01407833,inactive
COc1cc(c(c(c1O)/C=N/NC(=O)/C(=C\c2ccc3c(c2)OCO3)/NC(=O)c4ccccc4)Br)Br,C97960480,inactive
CC(C)(C)NC(=O)[C@H](c1ccc(cc1)F)N(c2cccc(c2)F)C(=O)CCC(=O)Nc3cccc[nH+]3,C13501473,inactive
c1ccc2c(c1)cnn(c2=O)CC(=O)N3CCC(CC3)(c4ccc(cc4)Cl)O,C71283597,inactive
Cc1cc(ccc1Oc1ccccc1C#N)C(=O)NC1CC(C)(C)NC(C)(C)C1,50010812,active
CCOC(=O)c1c2c(sc1NC(=O)CSc3c(c(cc(n3)c4ccccc4)C(F)(F)F)C#N)CCC2,C08451106,inactive
Cc1nnn(C)c1-c1cc(Cl)c2CCN(Cc3c4cc[nH]c4c(C)[nH]c3=O)C(=O)c2c1Cl,378909,active
COc1ccc(cc1)c2nnc(n2c3ccc(cc3)Cl)SCC(=O)N/N=C/c4cc(ccc4O)Br,C53337991,inactive
c1ccc(c(c1)NC(=O)CSc2nc([nH]n2)N/N=C/c3cc(cc(c3O)Cl)Cl)F,C21079635,inactive
CC(C)n1ncc2c(cc(nc12)C1CCN(CCC(F)(F)F)CC1)C(=O)NCc1c(C)cc(C)[nH]c1=O,325980,active
CN1CCCc2c1ccc(c2)[C@@H](CNC(=O)C(=O)Nc3cccc(c3)C(F)(F)F)[NH+]4CCCC4,C09135783,inactive
c1ccc(cc1)C(=O)NCCCC[C@H](C(=O)N/N=C/c2ccc(o2)c3ccccc3Cl)[NH+]4CCCCC4,C33959583,inactive
CCN(C1CCC(CC1)N(C)CCOC)c1c(C)c(cc2n(C)ncc12)C(=O)NCc1c(OC)cc(C)[nH]c1=O,516843,active
CCCCCOc1ccc(cc1OC)[C@H]2c3c(n[nH]c3C(=O)N2[C@H]4CCS(=O)(=O)C4)c5ccccc5O,C40547569,inactive
CCN(C1CCOCC1)c1cc(cc(C(=O)NCc2c(C)cc(C)[nH]c2=O)c1Cl)-c1ccc(CN2CCOCC2)cc1,172170,active
c1cc(c(cc1Cl)[N+](=O)[O-])NC(=O)[C@](C(F)(F)F)(OC([C@](C(F)(F)F)(OC(C(C(F)(F)F)(F)F)(F)F)F)(F)F)F,C95100602,inactive
CN([C@@H]1CC[C@H](N)CC1)c1cc(cc(C(=O)NCc2c(C)cc(C)[nH]c2=O)c1C)-c1cnn(CCN2CCOCC2)c1,172042,active
c1cc[nH+]c(c1)CNC(=O)[C@@H]2CCCCN2C(=O)c3csc(n3)Nc4cccc(c4Cl)Cl,C37436155,inactive
C[NH+](C)CCCN1C(=O)C(=C([C@@]12c3ccccc3N(C2=O)CC=C)C(=O)c4ccc(cc4)S(=O)(=O)N5CCCCC5)O,C98046888,inactive
CCCCCCOc1ccc(cc1)C(=O)NC(=S)Nc2ccc(c[nH+]2)I,C16638277,inactive
C[C@@H]1CCCC[NH+]1Cc2c(nnn2c3c(non3)N)C(=O)N/N=C\c4ccc(s4)Br,C33923904,inactive
CN(C)N1C2=C([C@@H](C(=C1N)C#N)c3ccccc3OC)C(=O)C[C@@H](C2)c4ccccc4,C02541783,inactive
c1ccc(c(c1)c2ccc(o2)[C@@H]3[C@@H]([C@@]([NH+]=C(N3)O)(C(F)(F)F)O)C(=O)c4ccc(cc4)Cl)[N+](=O)[O-],C09312513,inactive
CC(C)n1ncc2c(cc(nc12)-c1ccc(cc1)N1CCN(C)CC1)C(=O)NCc1c(C)cc(C)[nH]c1=O,325813,active
c1ccc2cc(ccc2c1)OC[C@H](C[NH+]3CCN(CC3)CCN4C(=O)c5cccc6c5c(ccc6)C4=O)O,C22802560,inactive
CCCCN(CC)S(=O)(=O)c1ccc(cc1)C(=O)Nc2c(c3c(s2)C[NH+](CC3)C)c4nc5ccccc5s4,C97963380,inactive
COc1cc(ccc1OC(=O)c2ccccc2Cl)/C=N/NC(=O)C(=O)Nc3ccc(cc3)Br,C02518539,inactive
CCOC(=O)[C@@H]1CC[C@@H](CC1)N(CC)c1cc(Cl)cc(C(=O)NCc2c(C)cc(C)[nH]c2=O)c1C,190218,active
C[C@H](C(=O)Nc1ccc(cc1)S(=O)(=O)Nc2ccc(c(c2)C(F)(F)F)Cl)N(c3ccc(cc3)OC)S(=O)(=O)C,C59646550,inactive
Cc1ccc(cc1Nc2nccc(n2)c3ccc[nH+]c3)NC(=O)/C=C/c4ccc(c(c4)OC)OC(=O)C,C95929176,inactive
Cn1c2ccc(cc2[nH+]c1CCN3CCN(CC3)c4cccc[nH+]4)[N-]S(=O)(=O)c5ccc(cc5)Cl,C33556208,inactive
C[NH+](C)CCNC(=O)CN1CC[NH+](CC1)[C@H](c2c[nH]c3c2cc(cc3)OCc4ccccc4)C(=O)[O-],C31816459,inactive
Cc1ccc(cc1)NC(=O)[C@H](C)Sc2c(c(cc([nH+]2)c3ccc(cc3)OC)c4ccc(cc4)Cl)C#N,C06245218,inactive
COc1ccc(cc1)N/C(=[NH+]/CCc2ccc(c(c2)OC)OC)/S[C@@H]3CC(=O)N(C3=O)c4cccc(c4)Cl,C08431888,inactive
c1cc(ccc1[C@@H](C[NH+]2CCC(CC2)(c3ccc(cc3)F)O)O)N4CCCC4=O,C12327634,inactive
c1ccc(c(c1)C(=O)Oc2ccc(cc2/C=N/NC(=O)COc3ccc(cc3Br)[N+](=O)[O-])Br)Cl,C98001664,inactive
CC1=C([C@H](N(N1)Cc2c(cccc2Cl)Cl)Cl)/C=N/NC(=O)C3=c4ccccc4=[NH+]C3,C63896809,inactive
COc1cc2cc[nH+]c(c2cc1OC)Cc3cc(c(cc3NC(=O)CSc4nc5ccccc5s4)OC)OC,C98048348,inactive
[H]/N=C\1/C(=C/c2ccc(c(c2)OC)OCCOc3cccc(c3)OC)/C(=O)N=C4N1N=C(S4)COc5ccccc5,C08494133,inactive
Cc1cc(nc(n1)N/C(=N\C(=S)Nc2cc(ccc2OC)OC)/NC3CC([NH2+]C(C3)(C)C)(C)C)C,C14157986,inactive
c1ccc(cc1)COC[C@]2(CC(=O)[C@@H]([C@H]([C@@H]2OCc3ccccc3)OCc4ccccc4)OCc5ccccc5)O,C98231972,inactive
COc1cccc(C(=O)NCc2c(C)cc(C)[nH]c2=O)c1OC,CHEMBL3905088,inactive
c1ccc2=[NH+]CC(=c2c1)C[C@@H](C(=O)OCC(=O)Nc3cc(ccc3F)F)NC(=O)c4cccs4,C63864545,inactive
CC(C)N1CCN(CC1)c1ccc(cn1)-c1cc(C(=O)NCc2c(C)[nH]c(=O)[nH]c2=O)c2cnn(C(C)C)c2c1,50536569,inactive
C[NH+](C)CCCN1[C@@H](C(=C(C1=O)O)C(=O)c2cc3cccc(c3o2)OC)c4ccc(cc4)Br,C20219811,inactive
COC([C@H](C)CO)c1cc(Cl)c2CCN(Cc3c(C)cc(C)[nH]c3=O)C(=O)c2c1Cl,435634,active
CC1(C)CC(CC(C)(C)N1)NC(=O)c1ccc(Oc2ccccc2C#C)cc1,50010680,inactive
CCCCCC[NH2+]Cc1cc(c(c(c1)Br)OC[C@H](c2ccc3c(c2)OCCO3)O)OC,C20877171,inactive
C[C@H]1c2c(c3ccccc3[nH]2)[C@H](C[NH+]1[C@@H]4CC(=O)N(C4=O)c5cccc6c5cccc6)c7ccccc7,C72459847,inactive
CC[C@H](C)NC(=O)[C@H](CC(C)C)NC(=O)[C@@H]1CC2=c3ccccc3=[NH+][C@@H]2[C@@H]4N1C(=O)c5c4cccc5,C63383778,inactive
c1cc(cc(c1)[N+](=O)[O-])[C@@H]2/C(=C(\c3ccc(cc3)Br)/O)/C(=O)C(=O)N2CCCn4cc[nH+]c4,C09334385,inactive
CCOc1cc(cc(c1OC(=O)c2cccs2)[N+](=O)[O-])[C@@H]3C(=C(OC4=C3C(=O)C[C@H](C4)c5ccco5)N)C#N,C03672540,inactive
Cc1ccc(c(c1)[NH+]2CCN(CC2)[C@@H]3CC(=O)N(C3=O)c4ccc(cc4)N5C(=O)C[C@H](C5=O)N6CC[NH+](CC6)c7cc(ccc7C)C)C,C98044503,inactive
CC[C@@H](C)c1ccc(cc1)OCCOc2c(cc(cc2Br)/C=C\3/C(=O)NN(C3=O)c4ccccc4)OC,C97966208,inactive
CC(C)(C)CC(C)(C)NC(=O)[C@H](c1c(cc(cc1O)O)O)N(C(=O)c2cccc(c2)Cl)C(C)(C)C,C36585146,inactive
CN(C)CC(=O)N1CCC(CC1)n1ncc2c(cc(Br)cc12)C(=O)NCc1c(C)cc(C)[nH]c1=O,326131,active
CCOC(=O)c1ccccc1NC(=O)[C@H]2CN(CCN2S(=O)(=O)c3ccccc3)S(=O)(=O)c4ccccc4,C08454145,inactive
CCN(c1cc(-c2nccn2C)cc(C(=O)NCc2c(C)cc(C)[nH]c2=O)c1C)[C@H]1CC[C@H](N(C)C)CC1,CHEMBL3701028,active
COc1ccc(cc1)NC(=O)[C@@H]2[C@H]3C=C[C@@]4([C@@H]2C(=O)N([C@@H]4C(=O)NC5CCCCC5)CC[NH+]6CCCCC6)O3,C15942195,inactive
CC(C)N1CCN(CC1)c1ccc(cn1)-c1cc(C(=O)NCc2cnc[nH]c2=O)c2cnn(C(C)C)c2c1,50536568,inactive
c1ccc(cc1)CNC(=O)N2CCCN(CC2)C(=O)C[NH+]3CCc4c(ccs4)[C@H]3c5cccc(c5)F,C34788906,inactive
Cc1cc([nH+]c(c1C#N)SCC(=O)NCCc2c([nH]c3c2cc(cc3)OC(F)(F)Cl)C)C,C01425192,inactive
Cc1cc[nH+]c(c1)NC(=O)CCC(=O)N(Cc2ccccc2Cl)CC(=O)NCc3ccc(cc3)F,C13503688,inactive
CCOC(=O)C1[C@H](C(=C(N=C1C)SCC(=O)N[C@@H](C)C23CC4CC(C2)CC(C4)C3)C#N)c5cccs5,C08411190,inactive
COc1ccc(cc1OC)CCN2[C@@H](C(=O)N(C2=S)c3ccc(cc3)Cl)CC(=O)Nc4ccc(cc4)C(=O)OC,C33355566,inactive
Cc1ccc2ccc(N[C@H]3CC[C@H](CNc4ncc(C(C#N)C(=O)NC5COC5)cn4)CC3)nc2c1Cl,CHEMBL5204916,active
Cc1cc(c(c(c1)Br)NC(=O)COC(=O)CCC2=c3ccccc3=[NH+]C2)Br,C63873850,inactive
CCc1ccc2c(c1)sc(n2)N3[C@H](C(=C(C3=O)O)C(=O)c4ccc(cc4)OC)c5cc(c(c(c5)OC)OC)OC,C01451442,inactive
CCOC(=O)N1CCc2c(sc(c2C(=O)NC)NC(=O)c3ccc(cc3)S(=O)(=O)N4C[C@H](C[C@@H](C4)C)C)C1,C02725228,inactive
Cc1cccc(c1)NC(=O)c2ccccc2NC(=O)C(=O)N/N=C/c3ccc(cc3)OC(=O)c4ccccc4Cl,C02520384,inactive
Cc1c2c(c(c[nH+]1)CO)Cc3c(nc(nc3SCc4ccc(cc4)F)c5ccc(cc5)OC)O2,C09116359,inactive
CN(C)c1ccc(cc1)[C@@H](CNS(=O)(=O)c2ccc3c(c2)CCCC3)[NH+]4CCN(CC4)c5ccccc5,C21754926,inactive
CCN(C1CCOCC1)c1cc(cc(C(=O)NCc2c(C)cc(C)[nH]c2=O)c1C)-c1ccc(CN2CCCC(F)C2)cc1,172073,active
Cc1ccc(cc1)S(=O)(=O)NC[C@H]2C[C@@H]3CC[NH+]2C[C@@H]3c4cc(nn4C)c5ccc(c(c5)OC)OC,C08635518,inactive
[H]/N=C\1/C(=C/c2cn(c3c2cccc3)CCCOc4ccccc4)/C(=O)N=C5N1N=C(S5)SCc6ccccc6,C01853472,inactive
Cc1cc(nc([nH+]1)N2CCOCC2)Nc3ccc(cc3)NS(=O)(=O)c4ccccc4C(F)(F)F,C64802178,inactive
C[C@@]12CC[C@H]([C@@]([C@H]1Cc3c(nc(s3)NC(=O)OCC=C)[C@H]2CC(=O)NC4CCCCC4)(C)CO)O,C04237013,inactive
C[NH+](C)CCOC(=O)c1ccc(cc1)NC(=O)CCCN2C(=O)/C(=C/C=C/c3ccccc3)/SC2=S,C08820501,inactive
CC(=O)Nc1ccc(cc1)/C=[NH+]\c2ccc(cc2)SSc3ccc(cc3)/N=C/c4ccc(cc4)NC(=O)C,C01646876,inactive
CC[NH+]1CCN(CC1)c2ccc(cc2)NC(=O)CN[C@@H](c3ccc(cc3)C)c4cccs4,C12516154,inactive
CCN(c1cc(Cl)cc(C(=O)NCc2c(C)cc(C)[nH]c2=O)c1C)[C@H]1CC[C@@H](C(=O)N2CCCC2)CC1,CHEMBL3941092,active
c1ccc(cc1)n2c(nnc2SCC(=O)N/N=C/c3cccs3)CNc4ccc(cc4)I,C02740178,inactive
CCOc1cc(cc(c1OCc2ccc(cc2Cl)Cl)Br)/C=C\3/C(=O)NC(=O)N(C3=O)c4cccc(c4)Br,C97960610,inactive
CCOc1ccc(cc1)N2C(=O)[C@@H](N(C2=S)CC[NH+]3CCC(CC3)C)CC(=O)Nc4ccc(cc4)OC,C20114928,inactive
Cc1c(sc(n1)C)C(=O)C2=C(C(=O)N([C@H]2c3ccc(cc3Cl)Cl)CCCn4cc[nH+]c4)O,C35567826,inactive
Cc1cc(nn1c2ccccc2F)c3c([nH+]c4n(c3=O)c(cs4)CC(=O)NCC[NH+]5CCCCC5)C,C35925767,inactive
Cc1[nH]c2ccc(cc2[nH+]1)NC(=O)CSc3nnc(n3Cc4ccccc4)c5cc6ccccc6o5,C20193790,inactive
Cc1cc(cc(c1)NC(=O)[C@@H]2[C@H]3C=C[C@@]4([C@@H]2C(=O)N([C@@H]4C(=O)N[C@@H]5CCC[C@@H]([C@@H]5C)C)CCC[NH+]6CCCC6)O3)C,C38147134,inactive
CCc1cc(C)c(CNC(=O)c2cc(-c3ccc(N4CCN(C(C)C)CC4)nc3)cc3c2cnn3C(C)C)c(=O)[nH]1,CHEMBL4483642,active
CC1CCN(CC1)S(=O)(=O)c2ccc(cc2)C(=O)Nc3ccc(cc3)C4[NH+]=c5ccccc5=[NH+]4,C63667480,inactive
CSc1cc(C)[nH]c(=O)c1CNC(=O)c1c(C)n([C@H](C)[C@H]2CC[C@@H](CC2)N2CC(C2)OC2CC2)c2ncccc12,50541911,active
c1c(cc(c(c1Cl)S(=O)(=O)N2CCC[C@H](C2)[NH3+])Cl)Br,C20432476,inactive
Cc1nc(n(n1)c2ccccc2NC(=O)N[C@H](C)C[C@H](c3ccco3)O)C,C89271857,inactive
c1ccc(c(c1)[C@H]2c3c([nH]c(=O)s3)S[C@@H]4[C@H]2C(=O)N(C4=O)c5ccc(cc5)Cl)O,C47145628,inactive
COc1ccc(cc1OC)C(=O)NNC(=O)COc2ccc(cc2Br)Br,C13983032,inactive
Cc1ccccc1N2C[C@@H](CC2=O)C(=O)Nc3nnc(s3)SCC(=O)NCc4ccccc4,C08904879,inactive
CCc1ccc(cc1)c2[nH+]c(c(c(n2)N)I)COC,C97611850,inactive
c1ccc(c(c1)N2C[C@H](CC2=O)C(=O)Nc3nc4c(s3)CCCC4)F,C23119092,inactive
CC[C@H](C)n1cc(C)c2c(cc(cc12)-c1ccc(nc1)N1CCN(CCCCCCCCCCCOc2cccc3C(=O)N(C4CCC(=O)NC4=O)C(=O)c23)CC1)C(=O)NCc1c(C)cc(C)[nH]c1=O,50582384,active
COc1cc(ccc1OCCn2c3ccccc3[nH+]c2CCNC(=O)Cc4ccccc4Cl)CC=C,C40202724,inactive
CC(C)Oc1cc(Cl)c2CCN(Cc3c4cc[nH]c4c(C)[nH]c3=O)C(=O)c2c1Cl,378892,active
COc1ccc(cc1)c2cc([nH+]c(c2C#N)SCC(=O)Nc3ccc(cc3)OC)c4ccc(cc4)OC,C00853511,inactive
COc1ccccc1[C@H](CNC(=O)CCNC(=O)c2ccc(cc2)Br)[NH+]3CCCCC3,C68734268,inactive
CC(=O)N[C@H]1c2cc(cnc2N([C@@H]1C(=O)OC)CCC3=c4ccccc4=[NH+]C3)NC5CCSCC5,C63994304,inactive
CCCCOc1ccc(cc1)c2cc(c(c([nH+]2)SCC(=O)Nc3ccc(cc3)OC)C#N)C(F)(F)F,C16728933,inactive
C[NH+]1CCc2c(sc-3c2CN([C@@H](c4n3ccc4)c5ccc(cc5)F)C(=O)Nc6ccc(cc6)F)C1,C35427051,inactive
Nc1ncnc2c1ncn2[C@@H]1O[C@H](CSCC[C@H](N)C(=O)NCC2CC2)[C@@H](O)[C@H]1O,CHEMBL3397317,inactive
c1ccc2c(c1)c(nc(n2)CN3CCN(CC3)C(=O)Cc4csc(n4)c5ccc(cc5)F)N,C29862863,inactive
COc1cc(cc(c1OC)OC)[C@@H]2[C@H]3C(=NC(=C)C2C(=O)Nc4ccc(c[nH+]4)Br)CCCC3=O,C08413470,inactive
c1cc([nH+]cc1Br)NC(=O)C(C(C(C(C(C(C(=O)Nc2ccc(cn2)Br)(F)F)(F)F)(F)F)(F)F)(F)F)(F)F,C08426949,inactive
c1ccc(c(c1)C(=O)NNc2c(c(ncn2)Nc3ccc[nH+]c3)[N+](=O)[O-])Br,C40628397,inactive
CN(C)c1ccc(cc1Br)/C=N/NC(=O)CN(c2ccc(c(c2)C(F)(F)F)Cl)S(=O)(=O)C,C59652410,inactive
Cc1cc(c2c(c1)cc(c(=O)[nH]2)[C@@H](c3nnnn3CCOC)[NH+](Cc4ccc[nH+]c4)Cc5ccco5)C,C06177939,inactive
COc1ccc(cc1C(=O)NNC(=O)CSc2cc(ccc2Cl)Cl)S(=O)(=O)N,C12672137,inactive
COc1cc2cc[nH+]c(c2cc1OC)Cc3cc(c(cc3NC(=O)c4cc(c(c(c4)OC)OC)OC)OC)OC,C02442248,inactive
Cc1cccn2c1[nH+]c3c(c2=O)cc(s3)C(=O)Nc4ccc(cc4)S(=O)(=O)Nc5cc(nc(n5)C)C,C02722936,inactive
c1ccc2c(c1)CCN2S(=O)(=O)c3cc(ccc3Cl)C(=O)Nc4cc(ccc4n5cncn5)C(F)(F)F,C98050270,inactive
C[C@H](c1ccc(cc1)S(=O)(=O)N)[NH+](C)CC(=O)Nc2ccc3c(c2)OC(O3)(F)F,C39972236,inactive
Cc1ccc(cc1)n2c3c(c(=O)[nH]c2=O)C(N=C(N3)c4cccc(c4)OC)(C(F)(F)F)C(F)(F)F,C01315385,inactive
c1ccc(cc1)CC[NH+]2C[C@H](C[C@H](C2)C(=O)Nc3ccc4c(c3)CCC4)C(=O)NCc5cccs5,C14744576,inactive
C[C@H]1Cc2cc(ccc2N1C(=O)CSc3nc4ccccc4n3C(F)F)S(=O)(=O)N,C12540859,inactive
CN(C)c1ccc(cc1)/C=N/NC(=[NH2+])S[C@H]2CC(=O)N(C2=O)c3cc(ccc3Cl)Cl,C06135773,inactive
c1ccc(cc1)C2=NN(CC2)C(=O)CCC(=O)NNC(=O)CSc3cc(ccc3Cl)Cl,C15464817,inactive
c1ccc2c(c1)c(cn2Cc3ccc(cc3)F)[C@@H](CC(=O)NCCc4cccc[nH+]4)c5cccc(c5)[N+](=O)[O-],C96274851,inactive
CSc1cc(C)[nH]c(=O)c1CNC(=O)c1c(C)n([C@H](C)[C@H]2CC[C@@H](CC2)NC2(C)COC2)c2ccccc12,574801,active
Cn1cc[nH+]c1[C@H](c2ccc(cc2)F)NC[C@@H](COC(c3ccc(cc3)F)c4ccc(cc4)F)O,C28657938,inactive
c1ccc2c(c1)CCN(C2)[C@@H](CNC(=O)Nc3ccccc3Cl)c4ccco4,C38633062,inactive
CC1(C)CC(NC(=O)c2ccc(Sc3ccccc3)cc2)CC(C)(C)N1,CHEMBL3264752,inactive
c1ccc(cc1)COc2ccc(cc2)[C@H]3c4c(n[nH]c4C(=O)N3Cc5cc[nH+]cc5)c6ccc(cc6)Cl,C40343796,inactive
CCN(C(=O)CC)c1cc(cc(C(=O)NCc2c(C)cc(C)[nH]c2=O)c1C)-c1ccc(CN2CCOCC2)cc1,50575206,active
CC(C)(CO)[NH2+]Cc1cc(c(c(c1)Br)OC[C@H](c2ccc3c(c2)OCO3)O)OC,C20876976,inactive
CC(=O)Nc1ccc(cc1)NC(=O)CSc2nc3ccc(cc3n2S(=O)(=O)c4ccc(cc4)Cl)OC,C06180982,inactive
[H]/N=C/1\C(=C\c2ccc(o2)c3ccc(cc3[N+](=O)[O-])OC)\C(=O)N=C4N1N=C(S4)[C@@H](CC)c5ccccc5,C96475733,inactive
Cc1cc(C)c(CNC(=O)c2cc(-c3ccc(N4CCNCC4)cc3)cc3c2c(C)cn3C(C)C)c(=O)[nH]1,CHEMBL4792256,active
c1cc(ccc1[C@@H]2C[C@H](n3c(c(c(n3)C(=O)NCCCn4cc[nH+]c4)Cl)N2)C(F)(F)F)Br,C08440973,inactive
COc1ccc(cc1)c2nnc(n2N)SCC(=O)Nc3nccs3,C05257260,inactive
c1cc(sc1)C2(CCCC2)CNC(=O)CNC(=O)C(=O)Nc3ccc(c(c3)F)F,C13803658,inactive
Cc1c(c(=O)n(n1C)c2ccccc2)NC(=O)/C(=C/c3cn(nc3c4ccc(cc4)[N+](=O)[O-])c5ccccc5)/C#N,C98226674,inactive
C[C@H]1C[C@@]([C@@H](C[NH+]1C)C)(CCNC(=O)CO/N=C/2\CC[C@@]3([C@@H]4CC[C@]5([C@@H]([C@@H]4CCC3=C2)CC[C@]5(C#C)O)C)C)c6ccc(cc6)OC,C70671829,inactive
COc1cc(cc(c1OC)OC)[C@@H]2[C@@H]3CC=C[C@H]3c4cc(ccc4N2)S(=O)(=O)NC[C@@H]5CCCO5,C20683732,inactive
CCOC(=O)c1c(nc(s1)N2[C@@H](C(=C(C2=O)O)C(=O)c3ccc(c(c3)C)OC)c4ccc(cc4)Br)C,C53306738,inactive
Cc1ccc(cc1)S(=O)(=O)[N-]c2ccc(=O)n3c2[C@@H]4C[C@H](C3)C[NH+](C4)C5CCN(CC5)C(=O)C,C35415766,inactive
c1ccc(cc1)[C@H](C(=O)c2c[nH]c3c2cccc3)[NH+]4CCC(CC4)C(=O)Nc5ccc6c(c5)OCO6,C08881017,inactive
CN1CCc2c1ccc(c2)[C@H](CNC(=O)C(=O)Nc3ccc(cc3)OC(F)(F)F)[NH+]4CCCCC4,C13008029,inactive
c1cc(oc1)C(=O)n2c(nc(n2)NCc3ccc(cc3)Br)NCc4ccc(cc4)Br,C97995262,inactive
COC(=O)c1ccc(cc1)N2C(=O)C[C@H](C2=O)S/C(=[NH+]\CCc3ccccc3)/Nc4cccc(c4)Cl,C58870803,inactive
CC(C)COc1ccc(cc1)C(=C2[C@@H](N(C(=O)C2=O)Cc3ccc[nH+]c3)c4ccc(c(c4)OC)O)O,C09280995,inactive
c1cc(ccc1/C=C(\C(=O)Nc2cc[nH+]cc2)/NC(=O)c3ccc(cc3)Br)Br,C59168047,inactive
C[C@@]1(CC[C@@]2([C@@H](C1)C(C[C@@H]2NC(=O)Cc3cccs3)(C)C)CCC(=O)NCC[NH+]4CCOCC4)O,C43547802,inactive
c1ccc(cc1)[C@H](c2cccc(c2)C(F)(F)F)OCCN3CC[NH+](CC3)Cc4cc(cc(c4)O)O,C23336445,inactive
CNCCN1CCC(CC1)c1cc(C(=O)NCC2=C(C)C=C(C)NC2C)c2cnn(C3CCCC3)c2c1,382444,active
c1ccc2c(c1)C(=O)[C@@H](N(S2(=O)=O)c3ccc(cc3)c4ccc(c(c4)Cl)Cl)C(=O)N,C98233677,inactive
CCc1c(C(=O)NCc2c(C)cc(C)[nH]c2=O)cc(Cl)cc1N(CC)[C@H]1CC[C@@H](N(C)C)CC1,CHEMBL3957571,active
COC(C1CCN(CC1)C1COC1)c1cc(C)c2CCN(Cc3c(C)cc(C)[nH]c3=O)C(=O)c2c1Cl,435648,active
Cc1ccc(cc1)n2c3c(c(n2)c4ccccc4)[C@H](SCC(=O)N3CC(=O)NCc5ccc[nH+]c5)c6ccccc6C,C98011783,inactive
c1ccc(cc1)CCC2=[NH+]C(c3c(=O)[nH]c(=O)n(c3N2)Cc4ccccc4)(C(F)(F)F)C(F)(F)F,C09424021,inactive
c1ccc2c(c1)c(c[nH]2)CCNC(=O)CC3(CCCC3)CC(=O)N4CCn5c(nnc5C(F)(F)F)C4,C70632686,inactive
C[C@@H]1C[NH+](C[C@H](O1)C)Cc2csc(n2)NC(=O)[C@@H](C(C)C)NC(=O)Cc3ccccc3,C40034534,inactive
CCN(C(=O)C1CCCC1)c1cc(cc(C(=O)NCc2c(C)cc(C)[nH]c2=O)c1C)-c1ccc(C#N)c(F)c1,441965,active
CCOc1ccc(cc1OC)c2c3c(n[nH]2)OC(=C([C@@H]3c4ccc(cc4)C(=O)OC)C#N)[NH3+],C09292538,inactive
CCN(c1cc(-c2ccco2)cc(C(=O)NCc2c(C)cc(C)[nH]c2=O)c1C)[C@H]1CC[C@H](N(C)C)CC1,CHEMBL3701012,active
CSc1cc(C)[nH]c(=O)c1CNC(=O)c1c(C)n([C@H](C)C2CCN(C3COC3)CC2)c2ccccc12,CHEMBL4633932,active
c1cc(sc1)[C@@H](c2ccc(cc2)F)[NH2+]CC(=O)N3CCN(CC3)CC(=O)Nc4ccc(cc4)F,C14237860,inactive
CC1=C2[C@H](C(=C(O[C@@H]2N=N1)[NH3+])C#N)c3cc(c(c(c3)Br)OCc4ccc(cc4)Cl)OC,C38611434,inactive
Cc1cc(ccc1OC)S(=O)(=O)[C@H]2CS(=O)(=O)C[C@H]2[NH2+]CCc3c[nH]c4c3cccc4,C36589744,inactive
COC1CN(C1)C1CCC(CC1)[C@@H](C)n1c(C)c(C(=O)NCc2c(SCF)cc(C)[nH]c2=O)c2ccccc12,574960,active
COc1ccc(cc1)C(=O)Oc2ccc(cc2OC)/C=N/NC(=O)c3ccc(cc3)NS(=O)(=O)c4ccccc4,C02519907,inactive
CCOC(=O)C1=C(OC(=C([C@H]1c2ccc(cc2)F)C#N)N)CSc3c(cc4c(n3)CC[NH+](C4)C)C#N,C01814145,inactive
CC(C)CCOc1ccc(cc1OC)[C@H]2c3c(n[nH]c3C(=O)N2CC[NH+]4CCOCC4)c5ccc(cc5)OC,C40345682,inactive
C[C@@H](C(=O)N1CCOCC1)Sc2nnc(n2N)c3ccc(cc3Cl)Cl,C08644734,inactive
Cc1cccc(c1C)OCC(=O)N/N=C\2/c3cc(ccc3N(C2=O)C[NH+]4C[C@H]5C[C@@H](C4)c6cccc(=O)n6C5)Br,C72332842,inactive
CN(C)c1ccc(cc1)CN(CCCn2cc[nH+]c2)C(=S)Nc3ccc(c(c3)Cl)C(F)(F)F,C39413562,inactive
C[NH+]1CCc2cc(c(cc2[C@H]1Cc3ccc(c(c3)Oc4ccc(cc4)C[C@@H]5c6cc(c(cc6CCN5C)OC)OC)O)OC)O,C85492190,inactive
COc1ccc(cc1)[C@@H]2CC(=NN2C3=NC(=O)[C@H](S3)CC(=O)Nc4ccc(cc4)F)c5ccc(cc5)OC,C33357630,inactive
CCc1c(c(nc(n1)N2CCN(CC2)C)NC)I,C90754843,inactive
COc1ccc(cc1I)C(=O)NC(=S)NNC(=O)c2ccccc2[N+](=O)[O-],C12502937,inactive
CN([C@H]1CC[C@H](N)CC1)c1cc(cc(C(=O)NCc2c(C)cc(C)nc2=O)c1C)-c1ccc(CN2CCOCC2)nc1,514189,active
c1ccc(cc1)CCNS(=O)(=O)c2ccc(cc2)NC(=S)NC(=O)c3ccc(c(c3)[N+](=O)[O-])Cl,C13981906,inactive
C[C@@H](c1nnc(n1c2ccc(cc2)Cl)S[C@H](C)C(=O)Nc3cccc(c3Cl)Cl)[NH+](C)C,C09100998,inactive
c1cc(cnc1)[C@H](CN2[C@@H](CCC2=O)CC[NH2+]Cc3cc4c(cc3Cl)OCO4)[NH+]5CCOCC5,C12040489,inactive
c1cc(sc1c2nc(on2)C[C@H]3CNCCO3)Br,C91295126,inactive
[H]/N=c/1\cc(sn1/C(=N\c2ccc(cc2)C(=O)C)/Nc3ccc(c(c3)C)Cl)C,C20352410,inactive
C[C@H]([C@H](c1cccs1)[NH+]2CCN(CC2)c3ccccc3)NS(=O)(=O)c4ccc(cc4)Br,C09382626,inactive
COc1cc2c(cc(c(n2)N3CCC[C@H](C3)O)C[NH2+]Cc4ccccc4Cl)c(c1OC)OC,C11978841,inactive
C[C@H]1Cc2cc(ccc2O1)C(=C3[C@H](N(C(=O)C3=O)Cc4ccc[nH+]c4)c5cccc(c5)OCCC(C)C)O,C09471161,inactive
CCOc1cccc(c1)NC(=O)C[C@@H]2C(=O)[N+](=C(S2)Nc3ccc(cc3)OC)CCc4ccc(c(c4)OC)OC,C97960249,inactive
Cn1cc(cc1C(=O)OC)NC(=O)C[NH+]2CCC[NH+](CC2)CC(=O)Nc3cc(n(c3)C)C(=O)OC,C24992535,inactive
CN1C(=O)/C(=C\c2cc(c(c(c2)I)OCC(=O)Nc3ccccc3)OC)/N(C1=S)c4ccc(cc4)OC,C08443664,inactive
C[C@H]1CCc2cc(ccc2N1S(=O)(=O)c3ccc(cc3)NC(=S)Nc4cc(ccc4OC)OC)F,C20572253,inactive
CCc1cc(C)c(CNC(=O)c2cc(cc3n(ncc23)C(C)C)-c2ccc(nc2)N2CCN(CC2)C(C)C)c(=O)[nH]1,50536605,active
C[C@@H]1C[C@@H](CN(C1)S(=O)(=O)c2cccc(c2)c3csc([n+]3CCc4ccc(cc4)OC)Nc5ccccc5)C,C97946786,inactive
Cc1ccc(cc1)SCc2c3c(n[nH]2)OC(=C([C@@H]3c4ccc(c(c4OC)OC)OC)C#N)[NH3+],C09085871,inactive
c1cc(cc(c1)NC(=O)C(=O)N[C@H]2CCc3c2ccc(c3)Cl)Cn4cccn4,C67431031,inactive
[H]/N=C\1/C(=C\c2ccc(c(c2)Cl)OCCOc3cccc(c3)C)/C(=O)N=C4N1N=C(S4)S(=O)(=O)C,C20208003,inactive
CC(=O)Nc1ccc(c(c1)C(F)(F)F)NS(=O)(=O)c2cc(sc2Cl)Cl,C22314166,inactive
c1ccc(cc1)C[C@@H](C(=O)N2CCC3(CC2)c4c([nH]cn4)CC[NH2+]3)NC(=O)c5ccc(cc5)Br,C13571702,inactive
c1ccc2c(c1)NC(=O)[C@@H](S2)CC(=O)Nc3nc([nH]n3)c4ccco4,C73974286,inactive
C[C@H](C(=O)Nc1ccc(cc1)SC(F)F)[NH+](C)CC(=O)Nc2ccccc2Br,C15144007,inactive
C[C@@H](C(=O)N1CCC2(CC1)c3c([nH]cn3)CC[NH2+]2)NC(=O)COc4ccc(cc4)Cl,C09409955,inactive
CCOc1ccc(cc1)C(=O)C2=C(C(=O)N([C@@H]2c3cc(c(c(c3)OC)OC)OC)c4nc5ccc(cc5s4)OC)O,C97968986,inactive
Cc1cc(n([nH+]1)[C@H](C)C(=O)Nc2ccc(cc2Cl)NS(=O)(=O)c3ccc(c(c3)Cl)F)C,C68779412,inactive
C[C@@]12CCC(=O)N1c3ccccc3C(=O)N2CCCC(=O)Nc4ccc(cc4)NCCc5ccccc5,C78497200,inactive
CCOc1ccc(cc1OC)[C@H]2C(=C(C(=O)N2CCCn3cc[nH+]c3)O)C(=O)c4c(n5cccc(c5n4)C)C,C35484715,inactive
CCN(c1cc(-c2ccc(NC(=O)C[C@@H]3N=C(c4ccc(Cl)cc4)c4c(sc(C)c4C)-n4c(C)nnc43)cc2)cc(C(=O)NCc2c(C)cc(C)[nH]c2=O)c1C)C1CCOCC1,CHEMBL5208895,inactive
c1ccc(cc1)C/[NH+]=C(/c2c(c3n(n2)[C@@H](C[C@@H](N3)c4cccs4)C(F)(F)F)Br)\O,C00865764,inactive
CSc1cc(C)[nH]c(=O)c1CNC(=O)c1c(C)n([C@H](C)[C@H]2CCC(CC2)NC2(CF)COC2)c2ccccc12,575042,active
Cc1cc(C)c(CN2CCc3c(Cl)cc(O[C@@H]4CCOC4)c(Cl)c3C2=O)c(=O)[nH]1,CHEMBL3981606,active
CC1=C([C@H]([C@@H](C(=N1)SCC(=O)Nc2ccc(cc2)Br)C#N)c3cc[nH+]cc3)C(=O)Nc4ccc(cc4)Cl,C11024235,inactive
Cc1cc(C)c(CNC(=O)c2cc(cc3n(ncc23)C2CCCC2)-c2ccc(CN3CCOCC3)nc2)c(=O)[nH]1,326069,active
Cc1ccc(cc1S(=O)(=O)NC[C@H](c2ccc(cc2)N(C)C)[NH+]3CCN(CC3)c4ccccc4)[N+](=O)[O-],C21754915,inactive
CC[C@@]1(C[C@@H]2C[C@@](c3c(c4ccccc4[nH]3)CC[NH+](C2)C1)(c5cc6c(cc5OC)N([C@@H]7[C@]68CC[NH+]9[C@H]8[C@@](C=CC9)([C@H]([C@@]7(C(=O)OC)O)OC(=O)C)CC)C=O)C(=O)OC)O,C85432549,inactive
CCOC(=O)C1=c2n(c(=O)/c(=C/c3ccccc3C(F)(F)F)/s2)C(=C([C@H]1c4ccccc4C(F)(F)F)C#N)N,C01845435,inactive
Cc1ccc(cc1)S(=O)(=O)c2c([nH]c([nH+]2)c3ccccc3)S(=O)(=O)CC(=O)Nc4ccc(cc4)F,C15838068,inactive
c1ccc(c(c1)C(=O)N/N=C/c2ccc(cc2O)O)NS(=O)(=O)c3ccc(cc3)Cl,C02521904,inactive
CC(C)(CNC(=S)Nc1ccc(cc1)OC(F)F)CNC(=S)Nc2ccc(cc2)OC(F)F,C12621405,inactive
COc1ccc(c(c1)F)c2c3c(n(nc3nc(n2)NCC[NH+]4CCOCC4)c5ccc(cc5)F)N,C35929102,inactive
CCN(c1cc(-c2ccc(N3CCNCC3)nc2)cc(C(=O)NCc2c(C)cc(C)[nH]c2=O)c1C)C1CCOCC1,CHEMBL3701032,active
c1ccc(cc1)c2cnc(nc2[C@H]3CCC[NH+](C3)C[C@@H]4C=c5ccccc5=[NH+]C4=O)c6ccncc6,C39357071,inactive
CCOc1cccc(c1O)[C@@H]2CC(=N[C@H]([NH2+]2)c3ccc(cc3)Cl)c4ccc(cc4)Cl,C09542390,inactive
CCC/C(=N\C[C@H](C)/N=C(\CCC)/C1=C(CC([C@@H](C1=O)C(=O)OC)(C)C)O)/C2=C(CC([C@@H](C2=O)C(=O)OC)(C)C)O,C70671685,inactive
Cc1cccc(c1)Cc2cnc(s2)NC(=O)C[NH+](C)CC(=O)Nc3ccccc3SC,C31040261,inactive
C[C@H](Oc1ccc(cc1)-c1cc2c(ncnc2[nH]1)C1=CCNCC1)c1ccccc1,50606100,inactive
C[NH+]1CCN(CC1)C(=O)c2cccc(c2)Nc3c(cnn(c3=O)c4cccc(c4)Cl)Oc5ccc6c(c5)OCO6,C98015470,inactive
CCN([C@H]1CC[C@@H](CC1)N(C)C)c1cc(Br)cc(C(=O)NCc2c[nH]c(C)cc2=O)c1C,50594128,active
CCCCCOc1ccc(cc1OC)[C@@H]2C(=C(C(=O)N2CC[NH+](C)C)O)C(=O)c3ccc(cc3)OCC(C)C,C35025681,inactive
CCOc1ccc(cc1)C(=O)NC(=S)NNC(=O)COc2ccc(cc2Br)C(C)(C)C,C14012755,inactive
CN([C@H]1CC[C@@H](CC1)NC(C)=O)c1cc(cc(C(=O)NCc2c(C)cc(C)[nH]c2=O)c1C)-c1ccc(CN2CCOCC2)cc1,172017,active
Cn1c2c(c(=O)n(c1=O)C)n(c([nH+]2)N/N=C/c3ccc(cc3)OC(=O)c4ccco4)Cc5ccccc5Cl,C08683382,inactive
c1nc2c3c4c(c(nc3sc2c(n1)NCCCO)N5CCOCC5)CCCC4,C19808876,inactive
CC(C)(C)OC(=O)COc1ccc(cc1)/C=N/NC(=O)CN(c2cc(ccc2Cl)C(F)(F)F)S(=O)(=O)c3ccccc3,C08384486,inactive
CCOc1ccc(cc1)/C(=N\N\2C(=O)[C@@H](S/C2=N/c3cccc(c3C)C)CC(=O)Nc4ccc(cc4[N+](=O)[O-])OC)/C,C80749478,inactive
CCOc1cc(cc(c1OCc2cccc(c2)C)Br)[C@H]3C(=C(O[C@@H]4C3=C(N=N4)C)[NH3+])C#N,C39243228,inactive
CCCOc1c(cc(cc1I)I)/C=C(\C#N)/c2c(c(n(n2)c3ccccc3)N)C#N,C97962773,inactive
Cc1ccc(cc1)C(=O)Oc2ccc(cc2/C=N/NC(=O)CNC(=O)c3ccc(c(c3)OC)OC)Br,C04360090,inactive
COc1ccc(cc1)NC(=O)CSc2[nH+]ccn2c3ccc(cc3)C(=O)NCc4ccccc4F,C38653995,inactive
Cc1cc(c(c(c1)C)S(=O)(=O)N2CCC3(CC2)C(=[NH+]CCN3)NCc4cc(cc(c4)F)F)C,C65074651,inactive
COc1cc2c(cc(c(n2)N3CCC[C@H](C3)O)C[NH2+]Cc4ccsc4)c(c1OC)OC,C12028097,inactive
CCOc1cc(ccc1OCc2ccccc2)c3cc(nc(c3C#N)SCC(=O)Nc4ccc(cc4)C(=O)OC)c5ccccc5,C06089749,inactive
CCN(C(C)=O)c1cc(cc(C(=O)NCc2c(C)cc(C)[nH]c2=O)c1C)-c1ccc(CN2CCOCC2)cc1,50575207,active
CCOc1cc(ccc1O)[C@H]2C(=C(C(=O)N2CCCn3cc[nH+]c3)O)C(=O)c4c(n5cccc(c5n4)C)C,C35484723,inactive
c1ccc(cc1)[C@H](Cc2[nH]cc[nH+]2)NC(=O)c3ccc(c(c3)S(=O)(=O)N4CCCCCC4)Cl,C09112707,inactive
CN1CCc2c1ccc(c2)[C@@H](CNC(=O)C(=O)Nc3cccc(c3)C(F)(F)F)[NH+]4CCCC4,C08964199,inactive
CC(CO)c1cc(Cl)c2CCN(Cc3c(C)cc(C)[nH]c3=O)C(=O)c2c1Cl,435506,active
CCN(C1CCOCC1)c1cc(cc(C(=O)NCc2c(C)cc(C)[nH]c2=O)c1C)-c1ccc(CN2CCC(F)CC2)cc1,172074,active
Cc1cc(C)c(CNC(=O)c2cc(cc3n(ncc23)C2CCCC2)-c2ccc(CN3CCOCC3)c(Cl)c2)c(=O)[nH]1,326095,active
C/C(=C\1/[C@@H](N(C(=O)C1=O)c2ccc(cc2)Br)c3ccc(c(c3)OC)O)/O,C00677889,inactive
C[C@H](C(=O)N/N=C/c1ccc(c(c1)OC)O)Sc2nnc(n2CC=C)CNc3ccc(cc3)I,C00695499,inactive
COc1cccc(c1OC)C[NH2+]C2CCN(CC2)c3ccc(cc3)NC(=O)CCc4ccccc4,C15002334,inactive
C[C@@H]([C@@H](c1ccc(cc1)O)O)[NH+]2C[C@@H](O[C@@H](C2)COCc3ccccc3OC)COCc4ccccc4OC,C40556049,inactive
COCC[NH+]1CCN(CC1)c2nc(c3c(n(nc3n2)c4cccc(c4)F)N)c5cccc(c5F)F,C37360041,inactive
c1cc2c(cc1NC(=S)Nc3cc(cc(c3)OCC(F)(F)F)OCC(C(F)F)(F)F)OCO2,C13748029,inactive
CC1(CC2=C([C@@H](C(=C(N2Nc3ccccc3)[NH3+])C#N)c4ccc(c(c4)OC)OCC=C)C(=O)C1)C,C02170045,inactive
CC(C)Cc1ccc(cc1)c2csc(n2)NC(=O)CSc3[nH]c(c([nH+]3)c4ccccc4)c5ccccc5,C59103106,inactive
CN1C[C@@H](C=C1C(=O)N)S(=O)(=O)N2CCC(CC2)C(=O)N3CCC(CC3)C4=c5ccccc5=[NH+]C4,C63908555,inactive
CC(=O)c1ccc(cc1)NC(=S)Nc2ccc(cc2)S(=O)(=O)/N=c\3/cc(nc([nH]3)OC)OC,C13749272,inactive
COC(C1CN(C1)C1COC1)c1cc(C)c2CCN(Cc3c(C)cc(C)[nH]c3=O)C(=O)c2c1Cl,435675,active
C[C@]12C[C@H](CC(C1)(C)C)N(C2)c3c(c(ncn3)N4CCN(CC4)c5cccc(c5)Cl)N,C40728032,inactive
c1ccc(cc1)C[NH+]2CCc3c(sc(n3)NC(=O)COc4ccccc4C5SCCS5)C2,C09165585,inactive
CN1c2ccccc2[C@]3(C1=O)C(=C(C(=O)N3CCC[NH+](C)C)O)C(=O)c4ccc(cc4)S(=O)(=O)N5CCCC5,C98046903,inactive
CSCC[C@H]1[C@H]2[C@@H](C(=O)N(C2=O)Cc3ccccc3)[C@@]4([NH2+]1)c5ccccc5N(C4=O)Cc6cccc7c6cccc7,C08439499,inactive
c1ccc(cc1)CC[NH+]2CC[C@H](C2)CNC(=O)c3c(n(nn3)c4ccc(cc4)Br)C5CC5,C97549323,inactive
CCCCCOc1ccc(cc1OCC)[C@@H]2C(=C(C(=O)N2CCC[NH+](C)C)O)C(=O)c3ccc4c(c3)OCCO4,C97967411,inactive
CCOc1ccc(cc1Cl)[C@@H]2C[C@H](n3c([nH+]cn3)N2)c4cc(ccc4F)Br,C02918239,inactive
Cc1ccc(cc1)[C@@H](c2cccs2)NC(=O)C[NH+](C)CC(=O)Nc3ccccc3C(F)(F)F,C15446453,inactive
CCN(C1CCOCC1)c1cc(cc(C(=O)NCc2c(C)cc(C)nc2=O)c1C)-c1ccc(CN2CCN(C)CC2)nc1,172105,active
CCN(C1CCOCC1)c1cc2oc(F)cc2c(C(=O)NCc2c(OC)cc(C)[nH]c2=O)c1CC,458820,active
CCOC(=O)c1c2c(sc1/N=C(/[C@@H](C)[NH+](C)CC(=O)Nc3ccc(c(c3F)F)F)\[O-])C[C@@H](CC2)C,C34800878,inactive
CCN(CC)C(=O)C1=c2n(c(=O)/c(=C/c3ccccc3F)/s2)C(=C([C@@H]1c4ccccc4F)C#N)N,C59293527,inactive
CC[C@@H](C)[NH+](Cc1c(nn(c1Oc2ccccc2OC)c3ccccc3)C)C[C@@H](COCc4ccccc4)O,C36302051,inactive
C[C@H]1Cc2cc(ccc2O1)C(=C3[C@H](N(C(=O)C3=O)C[C@@H]4CCCO4)c5ccc(c(c5)OC)OCCC(C)C)O,C00703059,inactive
CC(C)OC(=O)[C@@H](c1cc(c2ccccc2c1O)NS(=O)(=O)c3ccc(c(c3)[N+](=O)[O-])OC)C(=O)C(F)(F)F,C59587339,inactive
Cc1c2c(c(sc2[nH+]c(c1Cl)C)C(=O)N(C)CCOC(=O)c3c(c4c(c(c(nc4s3)C)Cl)C)N)N,C98008437,inactive
CCOc1cc(ccc1OCc2ccccc2)N3C4=C(NC(=NN4C=N3)Nc5ccccc5)N6CCCCC6,C59226952,inactive
CN1CCc2c1ccc(c2)[C@H](CNC(=O)Nc3ccc(cc3)C(F)(F)F)[NH+]4CCCCC4,C38671796,inactive
CC(=O)N1CCC2(CC1)[NH2+][C@@H](CC(=N2)c3cc(ccc3[O-])Cl)c4ccc(cc4)OC,C65298555,inactive
C[C@H]1Cc2c3ccccc3[nH]c2[C@@H]([NH+]1C[C@@H](COc4ccccc4)O)c5ccc(c(c5)OC)OC,C36367821,inactive
CC(=O)[C@]1(CC[C@@H]2[C@@]1(CC[C@@H]3[C@H]2CCC4=C/C(=N\OCC(=O)NCCc5c[nH]c[nH+]5)/CC[C@@]34C)C)O,C16036757,inactive
CCS(=O)(=O)C1=NSC2=NC(=O)/C(=C\c3ccc(c(c3)OC)OC(=O)c4ccc(cc4)F)/C(=[NH2+])N21,C20206652,inactive
c1cc(ccc1COc2ccc(cc2)/C=c\3/c(=[NH2+])n-4[nH]/c(=C/C(=O)N5CCCC5)/sc4nc3=O)[N+](=O)[O-],C49670662,inactive
Cc1cccc(c1Nc2c3ccccc3nc(n2)[C@@H](C)N4CCN(CC4)S(=O)(=O)c5ccc(cc5)C(F)(F)F)C,C98240230,inactive
CSc1ccc(cc1)/C=C/2\C(=O)NC(=O)N(C2=O)c3ccc(cc3)F,C01185482,inactive
COc1ccc(cc1)[C@H]2[NH2+][C@@H](CC(=N2)c3cccc(c3)OC)c4cc(ccc4O)Br,C09541779,inactive
c1ccc(cc1)c2c[nH]c([nH+]2)SCC(=O)Nc3nc(cs3)c4ccc(cc4)C5CCCCC5,C08856305,inactive
COc1ccc(cc1)CC[NH+]2CCC(CC2)C(c3ccc(cc3)OC(F)(F)F)(c4ccc(cc4)OC(F)(F)F)O,C08448315,inactive
C[C@@H](Cn1ccc2c1c(ncn2)Nc3ccc(c(c3)Cl)Oc4cccc(c4)C(F)(F)F)NC(=O)CS(=O)(=O)C,C98239215,inactive
Cc1ccc(cc1)C(=O)N(CC[NH+]2CCCCC2)CC(=O)N(CCc3ccc(c(c3)OC)OC)Cc4ccc(o4)C,C98019826,inactive
COc1cc(C)[nH]c(=O)c1CNC(=O)c1cc2c(ccn2c(C(C)N2CCN(CC(F)(F)F)CC2)c1C)-c1ccc(N)nc1,490279,active
Cc1ccc(cc1)[C@H]2C(=C(c3ccc(cc3)OCc4cccc(c4)C)O)C(=O)C(=O)N2Cc5cc[nH+]cc5,C09507353,inactive
C=CCc1cccc(c1O)/C=N\NC(=O)C[NH+]2CCN(CC2)S(=O)(=O)c3ccc(cc3)Br,C19861215,inactive
CCc1ccccc1NS(=O)(=O)c2ccc3c(c2)c(=O)c(c[nH]3)/C(=N/Cc4ccc[nH+]c4)/O,C09680037,inactive
CCN(c1cc(-c2cncnc2)cc(C(=O)NCc2c(C)cc(C)[nH]c2=O)c1C)[C@H]1CC[C@H](N(C)C)CC1,CHEMBL3701011,active
Cc1c2c(c(c[nH+]1)CO)Cc3c(nc(nc3SCc4ccc(cc4)Cl)c5cccc(c5)OC)O2,C09116335,inactive
CCCC[NH+](C)CCN1[C@@H]([C@@]23C=C[C@@H](O2)[C@@H]([C@@H]3C1=O)C(=O)Nc4ccc(cc4)C)C(=O)NC5CCCCC5,C36066408,inactive
Cc1ccccc1OCCOc2ccc(cc2)[C@H]3C(=C(C(=O)N3CCC[NH+](C)C)O)C(=O)c4cccs4,C20228296,inactive
CSc1cc(C)[nH]c(=O)c1CNC(=O)c1c(C)n([C@H](C)[C@H]2OC[C@@H](CO2)N(C)C)c2ccccc12,50541906,active
c1ccc(cc1)c2c3c(n(n2)c4ccccc4Cl)N(C(=O)CS[C@H]3c5cccc(c5)F)CC(=O)NCc6ccc[nH+]c6,C98011859,inactive
CC1=C([C@H]([C@H]2C(=N1)C[C@@H](CC2=O)c3ccccc3)c4ccc(c(c4)COc5ccc(cc5)C#N)OC)C(=O)Nc6cccc[nH+]6,C08440491,inactive
Cc1ccc(cc1)OC(=O)c2c(c3c(c4c([nH+]c3s2)CCN(C4)C)c5cccc(c5)OC)N,C40570206,inactive
Cc1ccc(cc1S(=O)(=O)Nc2ccc(cc2)F)NC(=O)COc3ccc(cc3)Br,C16044210,inactive
CCOc1cc2c(cc1NC(=O)/C(=C/CN3CC[NH+](CC3)C)/F)c(ncn2)Nc4ccc(c(c4)Cl)F,C83292424,inactive
CCOC(=O)c1c[nH+]c(nc1N)SCC2=C([C@@H](NC(=O)N2)c3ccc(cc3)Cl)C(=O)OCC,C11396356,inactive
CC[C@@H]1[C@@]([C@@H]([C@@H](C(=O)[C@@H](C[C@@]([C@@H]([C@@H]([C@@H]([C@@H](C(=O)O1)C)O[C@@H]2C[C@@]([C@@H]([C@@H](O2)C)O)(C)OC)C)O[C@@H]3[C@@H]([C@@H](C[C@@H](O3)C)[NH+](C)C)OC(=O)CCC(=O)OCC)(C)O)C)C)O)(C)O,C85731497,inactive
CC[NH+]1CCN(CC1)c2ccc(cc2NC(=O)c3cccc(c3)NC(=O)C)S(=O)(=O)N4CCCCC4,C12527627,inactive
CC(=O)Nc1cccc(c1)NC(=O)C2CCN(CC2)S(=O)(=O)c3ccc4c(c3)CCCC4,C08825362,inactive
Cc1ccccc1NC(=O)CSc2nnc(s2)NC(=O)[C@@H]3CC(=O)N(C3)c4ccccc4C,C08904677,inactive
COc1ccc(c(c1)S(=O)(=O)Nc2cc(c(cc2Cc3c4cc(c(cc4ccn3)OC)OC)OC)OC)OC,C06229281,inactive
CCOc1cc(ccc1O)/C=N/Nc2[nH]nc(n2)SCCC(=O)Nc3ccc(cc3)Br,C21083983,inactive
CO[C@@H]1CN(C[C@H]1F)C1CC[C@@H](CC1)[C@@H](C)n1c(C)c(C(=O)NCc2c(SC)cc(C)[nH]c2=O)c2cccnc12,574973,active
CSc1cc(C)[nH]c(=O)c1CNC(=O)c1c(C)n([C@H](C)[C@H]2CCC(CCCC([O-])=O)CC2)c2ccccc12,575023,active
Cc1cccc(c1C)N2CCN(CC2)S(=O)(=O)c3cc(cnc3N)Br,C20467599,inactive
CCCCOc1ccc(cc1)S(=O)(=O)N2CCN(CC2)[C@H](C)c3nc4ccccc4c(n3)NCc5ccccc5OC,C98230877,inactive
Cc1ccc(o1)[C@@H]2C(=C(NC(=C2C(=O)Nc3ccccc3OC)C)SCC(=O)Nc4ccccc4C(F)(F)F)C#N,C01277969,inactive
Cc1cccc(c1)c2nc(c(o2)NCc3ccc[nH+]c3)S(=O)(=O)c4ccc(cc4)Br,C39844361,inactive
CCc1c(c(n(n1)C)COc2ccc(cc2[C@H](C)[NH3+])Br)Br,C91332861,inactive
CCCCNC(=O)[C@@H](c1ccc(cc1)N(C)C)N(Cc2ccco2)C(=O)Cc3ccc(cc3)Br,C36497781,inactive
CSc1cc(C)[nH]c(=O)c1CNC(=O)c1c(C)n([C@H](C)C2CCN(CC2)C2CC(F)C2)c2ncccc12,574923,active
COc1ccc(cc1)S(=O)(=O)N(Cc2ccccc2)c3ccccc3C(=O)N/N=C/c4ccc(cc4)OCC#N,C59647360,inactive
CCN([C@H]1CC[C@@H](CC1)N(C)C)c1cc(cc(C(=O)NCc2c(C)cc(C)[nH]c2=O)c1C)-c1cccs1,172159,active
C[C@@H]1Cc2cc(ccc2O1)C(=O)C3=C(C(=O)N([C@@H]3c4cccc(c4)OCc5ccccc5)CCCn6cc[nH+]c6)O,C97954733,inactive
Cc1c(c(n(n1)Cc2ccc(cc2)F)C)NC(=O)CCCS(=O)(=O)c3nc(cc(n3)C(F)(F)F)c4ccccc4OC,C98043160,inactive
c1cc(ccc1NC(=[NH2+])NC(=[NH2+])Nc2ccc(cc2)Br)S(=O)(=O)Nc3cnccn3,C04362781,inactive
COC1(C)CN(C1)C1CC[C@@H](CC1)[C@@H](C)n1c(C)c(C(=O)NCc2c(SC)cc(C)[nH]c2=O)c2ccccc12,574956,active
COc1cc(cc(c1OC)OC)/C=N\NC(=O)CSc2[nH+]c3ccccc3n2Cc4ccc(cc4)Cl,C33733113,inactive
c1cc(ccc1c2cn3c([nH+]2)SCC3)NS(=O)(=O)c4cc(c(cc4Cl)Cl)Cl,C38718506,inactive
CC(C)N(c1ccccc1)C(=O)CSC2=[NH+]C\3=C(CCC/C3=C\c4ccc(cc4)OC(F)F)[C@H](N2)c5ccc(cc5)O,C97970783,inactive
Cn1cc[nH+]c1[C@H](c2ccc(cc2)Cl)NC(=O)CCCC[C@H]3[C@@H]4[C@@H](CS3(=O)=O)NC(=O)N4,C37021520,inactive
c1cc2cccc3c2c(c1)[C@@H]([C@@H]3NS(=O)(=O)c4ccc(cc4)Cl)[NH2+]Cc5ccco5,C06131321,inactive
C[C@]1(C(=O)N(C(=O)N1)NC(=O)c2ccc(o2)c3nc4ccccc4s3)c5ccc(cc5)OC,C09875667,inactive
COc1ccc(cc1)C(=O)/C=C/c2cn(c3c2cccc3)C[C@@H](C[NH2+]CCc4c[nH]c5c4cc(cc5)OC)O,C08757880,inactive
COc1ccc(c(c1)OC)[C@H]2C3C(=NC(=C)C2C(=O)Nc4ccc(c[nH+]4)Br)C[C@@H](CC3=O)c5ccccc5,C08440296,inactive
COc1cc(C)[nH]c(=O)c1CN1CCc2c(Cl)c3OC(C)(Oc3c(C)c2C1=O)C12CCC(CC1)(CC2)N(C)C,588032,active
CCc1ccccc1N2[C@H](N=C3C(=C(N=N3)C)C2=[NH2+])SCC(=O)Nc4ccc(cc4)Br,C63720295,inactive
C[NH+](C)CCN1CCN(CCC1=O)c2c(cc3ccc(cc3[nH+]2)OC)CNCc4ccccc4C(F)(F)F,C14967506,inactive
CCN(C1CCCC1)c1cc(cc(C(=O)NCc2c(C)cc(C)[nH]c2=O)c1C)-c1ccc(CN2CCOCC2)cc1,172030,active
COc1ccc(cc1)N2[C@@H](C(=O)C(=C2N)c3nc4ccccc4s3)c5ccccc5,C06320094,inactive
c1ccc2=[NH+]C([NH+]=c2c1)N3CCC(CC3)C(=O)NCCCN4CCN(CC4)c5cccc(c5)Cl,C63695080,inactive
Cc1ccc(cc1)CN([C@H](C(C)C)C(=O)Nc2ccc(cc2)N(C)C)C(=O)CN3c4ccccc4C(=O)C3=O,C36057014,inactive
Cc1c2c(n(n1)c3ccccc3)O[C@H]([C@@H]([C@@H]2c4cc(ccc4OCc5ccccc5Cl)[N+](=O)[O-])C#N)[NH3+],C39793570,inactive
C[C@H](C[NH2+]Cc1cc(c(c(c1)Br)OC[C@@H](c2ccc3c(c2)OCCO3)O)OC)O,C20877163,inactive
CC(C)C[C@@H](C(=O)NCCCOC)NC(=O)[C@@H]1CC2=c3ccccc3=[NH+][C@H]2[C@H]4N1C(=O)c5c4cccc5,C63383549,inactive
c1ccc(cc1)[C@H](C(=O)Nc2ccc(cc2C(F)(F)F)Cl)N3CC[NH+](CC3)CC(=O)NC4CC4,C22793221,inactive
CCOC(=O)[C@@H]1[C@H]([C@@H]1C(=O)N/N=C\C2=c3ccccc3=[NH+]C2)C(=O)Nc4cccc(c4)C(F)(F)F,C39313199,inactive
C[NH+](C)[C@@H](CNC(=O)c1ccccc1SCC(=O)Nc2ccc(c(c2)OC)OC)c3cccs3,C25385767,inactive
CSc1cc(C)[nH]c(=O)c1CNC(=O)c1c(C)n([C@H](C)C2CCC(CC2)N2CC(C2)OC2CC2)c2ccccc12,574968,active
C[C@H](C1CCN(CC(F)(F)F)CC1)n1c(C)c(C(=O)NCc2c(C)cc(C)[nH]c2=O)c2ccccc12,50541918,active
Cc1ccc(cc1)S(=O)(=O)Nc2ccccc2C(=O)Nc3ccccc3C4[NH+]=c5ccccc5=[NH+]4,C63637961,inactive
c1ccc(cc1)CSc2[nH]c3c(c(=O)n2)[C@H](CC(=O)N3)c4cc(cc(c4)F)F,C06748309,inactive
c1cc(cc(c1)Br)S(=O)(=O)NNC(=O)c2cc3c(s2)CCCCC3,C12971324,inactive
CC(=O)CCC(=O)O[C@@H]1[C@H]([C@@H](O[C@H]2[C@@H]1O[C@@H](OC2)c3ccccc3)Sc4ccccc4)NOC(=O)C,C08497617,inactive
CCOC(=O)[C@]1([C@@H]2[C@@H]([C@@H]([NH2+]1)c3ccc(c(c3)OC)O)C(=O)N(C2=O)c4ccccc4)c5ccccc5,C12497096,inactive
CC[NH2+]c1ccc(cc1NCC(=O)Nc2ccc(c(c2)Cl)F)S(=O)(=O)N(C)C,C08687756,inactive
c1cc(ccc1N/C=C/2\C(=O)NC(=O)N(C2=O)c3ccc(cc3)F)Cl,C06471929,inactive
COc1cc2cc[nH+]c(c2cc1OC)Cc3cc(c(cc3NC(=O)C(=O)c4c5ccccc5[nH]c4c6ccccc6)OC)OC,C98005843,inactive
CC[NH+](CC(=O)Nc1ccc(cc1)NC(=O)C)[C@@H](C)C(=O)Nc2cccc(c2)Br,C14922550,inactive
COc1cc2ccnc(c2cc1OC)Cc3cc(c(cc3NC(=O)C(=O)c4c[nH]c5c4cccc5)OC)OC,C55104829,inactive
Cc1ccc(cc1)N2[C@@H](NN=C2SCC(=O)N/N=C/C3=c4ccccc4=[NH+]C3)c5ccc(cc5)Cl,C39575889,inactive
CC(C)n1ncc2c(cc(cc12)-c1ccc(CN2CCOCC2)cc1)C(=O)NCc1c(C)cc(C)[nH]c1=O,326072,active
CCCc1cc(C)[nH]c(=O)c1CNC(=O)c1cc(-c2ccc(N3CCN(C(C)C)CC3)nc2)cc2c1cnn2C(CC)CC,CHEMBL4545986,active
CC[C@@H]1CCCCN1S(=O)(=O)c2ccc(cc2)NC(=O)CCNS(=O)(=O)c3ccc(cc3)F,C09342691,inactive
C[C@]12CC/C(=N/OCC(=O)N[C@@H](Cc3ccccc3)C(=O)OC)/C=C1CC[C@@H]4[C@@H]2CC[C@]5([C@H]4CC[C@@]5(C#C)O)C,C70692329,inactive
c1cc(sc1)[C@H](c2ccc(cc2)F)NC(=O)CN3CC[NH+](CC3)CC(=O)Nc4ccc(cc4)F,C22785267,inactive
CC(C)NC(=O)c1ccc(cc1)c2[nH+]c3cc(ccc3n2C)NS(=O)(=O)c4ccc(cc4F)F,C33277062,inactive
c1cc(c(c(c1)Cl)Cl)CON/C=N\C(=O)c2ccc(c(c2)CS(=O)(=O)c3ccc(cc3)Cl)[N+](=O)[O-],C06322029,inactive
Cc1c(c(n(n1)c2ccccc2)Oc3ccc(cc3F)F)C[NH+](CC4CC4)C[C@H](COCC(C)C)O,C36304270,inactive
CCOc1cc(cc(c1OCc2ccccc2)Cl)[C@@H](c3ccc4cccnc4c3O)Nc5cc(cc[nH+]5)C,C09601830,inactive
C1CCC[NH+](CC1)CCCNC(=O)CSCc2[nH]c(=O)c3c4c(sc3n2)CCCC4,C69248482,inactive
CCOc1ccc(cc1OCC)[C@@H]2C(=C(c3ccc4c(c3)C[C@@H](O4)C)O)C(=O)C(=O)N2CCc5ccccc5,C09424108,inactive
COc1cc(ccc1S(=O)(=O)NCCNc2c3ccc(cc3nc(n2)c4cccs4)Cl)F,C98354039,inactive
CCOc1ccc(cc1)N2C(=O)[C@@H]3[C@@H]([NH2+][C@@]([C@@H]3C2=O)(CCSC)C(=O)OC)c4ccc(cc4)O,C20150717,inactive
COc1cc(cc(c1OC[C@H](c2ccc3c(c2)OCCO3)O)Br)C[NH2+]C[C@H]4CCCO4,C20877147,inactive
CCOc1cc(ccc1OC(=O)c2ccco2)[C@@H]3c4c(n[nH]c4OC(=C3C#N)[NH3+])c5ccc(cc5)OC,C08569247,inactive
CC(C)n1ncc2c(cc(nc12)-c1cccc(CN(C)CCN2CCCC2)c1)C(=O)NCc1c(C)cc(C)[nH]c1=O,382144,active
COc1ccc(cc1NC(=O)CSc2nc([nH]n2)N/N=C/c3ccccc3OCc4ccccc4)Cl,C59019225,inactive
CC(C)(C)NC(=O)[C@@H](c1ccc(c(c1)OC)O)N(Cc2ccco2)C(=O)Cc3cccc(c3Cl)Cl,C36501070,inactive
C[C@H](c1nnc2n1cccc2)NC(=O)Nc3ccc(c(c3)NC(=O)C)F,C44015381,inactive
CCCOc1ccc(cc1OC)[C@@H]2[C@@H]3CN(CC=C3C(=C(C2(C#N)C#N)[NH3+])C#N)C(=O)OC(C)(C)C,C01818748,inactive
CC(C)n1ncc2c(cc(C)nc12)C(=O)NCc1c(C)cc(C)nc1=O,190177,active
Cn1cc[nH+]c1[C@H](c2ccc(cc2)Cl)NC(=O)c3ccc(cc3)NC(=O)CSc4nccn4C,C16263046,inactive
Cc1ccc(cc1)[C@H](c2c(n3c(s2)ncn3)O)N4CC[NH+](CC4)C(c5ccccc5)c6ccccc6,C22027256,inactive
C[C@H](c1ccc(cc1)S(=O)(=O)N)[NH+](C)CC(=O)Nc2ccc(cc2)C(=O)OC(C)C,C23259818,inactive
CC(O)[C@H](N)C(=O)N1CCC(=CC1)c1cc(C(=O)NCc2c(C)cc(C)[nH]c2=O)c2cnn(C(C)C)c2n1,325976,active
Cc1c2c(c(c[nH+]1)CO)Cc3c(nc(nc3SCC(=O)Nc4ccccc4OC)c5ccccc5)O2,C09116159,inactive
COc1cc(cc(c1OC[C@@H](c2ccc3c(c2)OCO3)O)Br)C[NH2+]C[C@@H]4CCCO4,C20877018,inactive
CCN(CC)C(=O)Oc1ccc2c(c1NC(=O)c3ccc(c(c3)F)C(F)(F)F)ccn2Cc4ccc(cc4)Cl,C97941700,inactive
c1cc(c(cc1Cl)Cl)[C@@H](CNC(=O)N2CCC[C@@H](C2)CO)[NH+]3CCc4c(ccs4)C3,C58245153,inactive
Cc1ccc(cc1)C(=O)C[C@H]2C(=O)N/C(=N\c3ccc(cc3)S(=O)(=O)Nc4nccs4)/S2,C39843305,inactive
c1ccc2c(c1)cccc2CC(=O)Nc3nnc(s3)SCC(=O)Nc4cccc(c4)C(F)(F)F,C39723407,inactive
c1ccc(cc1)N2C[C@@H](CC2=O)C(=O)Nc3nnc(s3)SCCC(=O)Nc4cccc(c4)Cl,C59317300,inactive
c1cc(c(cc1Cl)C(=O)N)OCc2cc3c(cc2Br)OCCO3,C08734656,inactive
CCN(c1cc(Cl)cc(C(=O)NCc2c(C)cc(C)[nH]c2=O)c1C)[C@H]1CC[C@H](N(C)CC(F)F)CC1,CHEMBL3910693,active
CCOC(=O)C1=C(OC(=C([C@@H]1c2cccc(c2)F)C#N)N)CSc3c(ccc([nH+]3)c4cccs4)C#N,C08809612,inactive
c1ccc(c(c1)CNC(=O)c2ccc(cc2)n3cc[nH+]c3SCC(=O)Nc4ccc(cc4)F)F,C38654013,inactive
Cc1ccc(cc1)S(=O)(=O)c2c([nH]c([nH+]2)c3ccccc3)SCC(=O)Nc4cccc(c4)C(=O)C,C12252962,inactive
CCOc1ccc(cc1)[C@H]2C(=C(C(=O)N2CCC[NH+](C)C)O)C(=O)c3ccc(cc3)OCc4ccccc4C,C35445381,inactive
[H]\N=C\1/C(=C/c2cc(c(c(c2)OC)OCCOc3ccccc3C)OC)/C(=O)N=C4N1C(=NS4)SCc5ccccc5,C97958971,inactive
CCN(C1CCOCC1)c1cc(cc(C(=O)NCc2c(C)cc(C)nc2=O)c1C)-c1ccc(CN2CCOCC2)c(c1)C#N,172134,active
c1c(c(cc(c1Cl)Cl)Cl)OCC(=O)NCCC[NH+]2CCN(CC2)CCCNC(=O)COc3cc(c(cc3Cl)Cl)Cl,C95862355,inactive
CCCCCCN/C(=C(/C#N)\C(=O)N1CC[NH+](CC1)C)/SCC(=O)Nc2c(cccc2C(C)C)C,C25265982,inactive
CCN(C1CCOCC1)c1cc(cc(C(=O)NCc2c(C)cc(C)[nH]c2=O)c1C)-c1ccc(CNCC(F)(F)F)cc1,172098,active
COc1ccc(cc1)S(=O)(=O)N2CCCO[C@@H]2CNC(=O)C(=O)NCCC3=c4ccccc4=[NH+]C3,C63679612,inactive
c1cc([nH+]cc1)N/N=C/c2ccc(cc2)O[C@H]3OCCO[C@@H]3Oc4ccc(cc4)/C=N/Nc5[nH+]cccc5,C12524173,inactive
Cc1cc(cc(c1)NC(=O)CSc2nnc(s2)NC(=O)C34CC5CC(C3)CC(C5)C4)C,C09365339,inactive
c1ccc(cc1)C[C@H](C(=O)N[C@H]2CCCc3c2cccc3)NS(=O)(=O)c4cccc5c4nsn5,C09692538,inactive
C[C@@H](C(=O)c1c(n(c(=O)n(c1=O)C)C)N)Sc2nc3ccc(cc3c(=O)n2CC(C)C)Cl,C09091507,inactive
COc1cc(C)[nH]c(=O)c1CN1CCc2c(Cl)cc([C@H](OC)C3COC3)c(Cl)c2C1=O,CHEMBL4080228,active
CCN([C@H]1CC[C@@H](CC1)C(=O)N1CCCC1)c1cc(Cl)cc(C(=O)NCc2c(C)cc(C)[nH]c2=O)c1C,190221,active
Cc1ccc(cc1)c2c([nH+]c([nH]2)c3ccc(cc3)F)SCC(=O)Nc4ccc(c(c4)OC)OC,C08594663,inactive
CC(=O)OC(C)(C)/C=C/C(=O)[C@@](C)([C@@H]1[C@@H](C[C@@]2([C@@]1(CC(=O)[C@@]3([C@H]2CC=C4[C@H]3C[C@@H](C(=O)C4(C)C)O[C@H]5[C@@H]([C@H]([C@@H]([C@H](O5)CO)O)O)O)C)C)C)O)O,C67910872,inactive
CCCc1n[nH]c(=S)n1CC(=O)Nc2nc3c(s2)C[NH+](CC3)Cc4ccccc4,C24963762,inactive
Cc1cc(c2c(c1)sc(n2)N3[C@H](C(=C(C3=O)O)C(=O)c4ccc(cc4)OC)c5cccc(c5OC)OC)C,C01480649,inactive
CCN(C1CCOCC1)c1cc(cc(C(=O)NCc2c(C)cc(C)[nH]c2=O)c1C)-c1ccc(CN(C)CC2CC2)cc1,172091,active
c1cc(sc1)c2cc(n3c(n2)c(cn3)C(=O)Nc4ccc(cc4)Cc5cc[nH+]cc5)C(F)(F)F,C59460396,inactive
CC(=O)NCCC1=c2ccccc2=[NH+][C@@H]1/C=C/3\C(=O)NC(=O)N(C3=O)c4ccccc4Cl,C38669500,inactive
C[C@H]1Cc2cc(ccc2O1)C(=O)C3=C(C(=O)N([C@H]3c4ccc(cc4)OC)c5nnc(s5)SCc6ccc(cc6)Cl)O,C97970278,inactive
CCN(c1cc(-c2ccc(CN3CC4(COC4)C3)cc2)cc(C(=O)NCc2c(C)cc(C)[nH]c2=O)c1C)C1CCOCC1,CHEMBL3697494,active
Cc1cc(ccc1Cl)OC[C@@H](C[NH+]2CCN(CC2)C[C@@H](COc3ccc(c(c3)C)Cl)O)O,C22942656,inactive
CCOc1cc(ccc1OCc2ccccc2Cl)C[NH2+]CCNc3ccc(cc3Cl)[N+](=O)[O-],C16689262,inactive
Cc1ccc(cc1)S(=O)(=O)Nc2ccccc2C(=O)Nc3ccc(cc3)S(=O)(=O)N4CCCCC4,C67190013,inactive
Cc1ccc(c(c1)NC(=O)c2ccc(c(c2)S(=O)(=O)NC(C)(C)C)Cl)F,C22403357,inactive
Cc1ccc(c(n1)N(C)C)NC(=O)[C@@H]2Cc3cc(ccc3OC2)F,C90690862,inactive
c1ccc(c(c1)N2CC[NH+](CC2)[C@H](CNS(=O)(=O)c3ccc(cc3)F)c4ccc5c(c4)OCO5)F,C38638277,inactive
CCOC(=O)C1=C([NH+]=C2N([C@H]1c3ccc(cc3)NC(=O)Nc4ccc(cc4)C(F)(F)F)CCCS2)C,C35252802,inactive
C[C@H](c1ccc(cc1)n2cc[nH+]c2)[NH2+][C@H](C)C(=O)Nc3ccc(cc3)S(=O)(=O)N4CCCC4,C12627431,inactive
CSc1c(c(n(n1)CC(=O)Nc2cc(ccc2F)F)N)S(=O)(=O)c3ccc(cc3)Cl,C45986938,inactive
CCCCCOc1ccc(cc1OC)[C@@H]2C(=C(C(=O)N2CC[NH+](C)C)O)C(=O)c3c(n4cccc(c4n3)C)C,C35484308,inactive
c1ccc(cc1)C[C@@H](C(=O)Nc2ccc(cc2)Cl)NS(=O)(=O)c3ccc(cc3)Br,C54201023,inactive
CC(C)n1ncc2c(cc(nc12)-c1cnn(CCN2CCOCC2)c1)C(=O)NCc1c(C)cc(C)[nH]c1=O,325809,active
C[C@H](C(=O)Nc1ccc(cc1)C(=O)C)Oc2ccc3c(c2)c4cc[nH+]c5c4n3c(=O)c6c5ccc(c6OC)OC,C70708086,inactive
CC(=O)Nc1ccc(cc1)C=[NH+]c2ccc(cc2)SSc3ccc(cc3)/N=C/c4ccc(cc4)NC(=O)C,C01646876,inactive
c1ccc(cc1)/C=C/C(=O)Oc2ccc(cc2/C=N/NC(=O)C(=O)Nc3ccccc3C(=O)Nc4ccc(cc4)Cl)Br,C04259679,inactive
CS(=O)(=O)Nc1cc(ccc1F)NC(=O)[C@H](CC(=O)[O-])[NH3+],C85814703,inactive
COc1ccc(cc1)NC(=O)C2(CCCC2)N(Cc3ccc[nH+]c3)C(=O)CN4C[C@H](NC4=S)c5ccccc5,C08695893,inactive
CC(C)COc1ccc(cc1OC)[C@H]2c3c(n[nH]c3C(=O)N2[C@H]4CCS(=O)(=O)C4)c5ccccc5O,C40547786,inactive
Cc1cc(C)c(CNC(=O)c2cc(cc(N(CC(F)F)C3CCOCC3)c2C)-c2ccc(CN3CCOCC3)cc2)c(=O)[nH]1,172137,active
CCC(CC)n1ncc2c(cc(cc12)C#N)C(=O)NCc1c(C)cc(C)[nH]c1=O,50597876,active
C[C@H]([C@H](C(=O)N[C@@H]([C@@H](C)O)C(=O)N[C@@H]([C@@H](C)O)C(=O)[O-])[NH3+])O,C05462362,inactive
CCC(OC)c1cc(Cl)c2c(c1Cl)C(=O)N(Cc1c(C)cc(C)[nH]c1=O)CC2,CHEMBL4061098,active
CCN(C1CCOCC1)c1cc2oc(CN3CCCC3)cc2c(C(=O)NCc2c(OC)cc(C)[nH]c2=O)c1CC,458798,active
Cc1ccc(cc1)NC(=O)CSc2nnc(n2N)N/N=C/c3cc(ccc3OC)Br,C21320444,inactive
C[NH+](C)C[C@H](c1ccccc1)NS(=O)(=O)c2cccc(c2)C(=O)Nc3ccc4c(c3)OCCCO4,C10025570,inactive
CCOc1ccc(cc1)C2=N[C@@H]([NH2+][C@@H](C2)c3cccc(c3O)OCC)c4ccc(c(c4)Br)OC,C09542603,inactive
CC(C)CN(CC(C)C)S(=O)(=O)c1ccc(cc1)C(=O)Nc2c(c3c(s2)C[NH+](CC3)Cc4ccccc4)C(=O)N,C97963475,inactive
C[C@@]12CC[C@@H]3[C@@]([C@H]1CC=C4[C@]2(CC[C@@]5([C@H]4[C@@H](C(CC5)(C)C)O)C(=O)O[C@H]6[C@@H]([C@H]([C@@H]([C@H](O6)CO)O)O)O)C)(C[C@H]([C@@H]([C@@]3(C)CO)O)O)C,C49823254,inactive
Cc1cc2c(cc1C)sc(n2)N(CCC[NH+](C)C)C(=O)c3ccc(cc3)NS(=O)(=O)c4ccccc4,C36698988,inactive
CC1(CC(CC([NH2+]1)(C)C)NC(=O)C2CCN(CC2)S(=O)(=O)c3ccc(c(c3)C(F)(F)F)Cl)C,C32999424,inactive
c1ccc(cc1)C(c2ccccc2)[NH+]3CCN(CC3)C(=O)c4c(c5n(n4)[C@@H](C[C@@H](N5)c6ccco6)C(F)(F)F)Br,C08444620,inactive
Cc1cccc2c1[nH]c(=O)c(c2)[C@H](c3nnnn3Cc4ccccc4)[NH+](Cc5ccccc5)Cc6ccc[nH+]c6,C06443886,inactive
CCCc1cc(C)[nH]c(=O)c1CNC(=O)c1cc(cc2n(ncc12)C(C)C)-c1ccc(nc1)N1CCN(CCCCc2cn(CCN3C(=O)N(CC)C(=O)\C(=C\C=C\C=C4\N(CCC(=O)OCOC(C)=O)c5ccc(cc5C4(C)C)C(=O)OCOC(C)=O)C3=O)nn2)CC1,50075072,active
CC[C@]1(CC[C@@H](O1)[C@@]2(CC[C@@]3(O2)C[C@@H]([C@H]([C@H](O3)[C@@H](C)[C@H]([C@H](C)C(=O)[O-])OC)C)O)C)[C@H]4[C@H](C[C@@H](O4)[C@@H]5[C@H](C[C@H]([C@@](O5)(CO)O)C)C)C,C08143466,inactive
COc1ccc(cc1OC)Cc2nc3ccccc3n2C[C@H](C[NH+](C4CCCCC4)C5CCCCC5)O,C27693873,inactive
Cc1cc(C)c(CNC(=O)c2ccc3OC(C)(C)Cc3c2C)c(=O)[nH]1,359737,active
Cc1c(n2ccccc2[nH+]1)C(=O)NNC(=O)[C@@H](Cc3ccccc3)NS(=O)(=O)c4ccccc4F,C25401697,inactive
CSCC[C@H]1[C@H]2[C@H](C(=O)N(C2=O)C[C@H]3CCCO3)[C@]4([NH2+]1)c5cc(ccc5NC4=O)Br,C20572195,inactive
CCn1c2ccc(cc2[nH+]c1CCC(=O)N(CC)CC(=O)Nc3c(cccc3F)F)S(=O)(=O)N(C)C,C12534967,inactive
CSc1cc(C)[nH]c(=O)c1CNC(=O)c1c(C)n([C@H](C)[C@H]2OCC(CO2)N2CCC2(C)C)c2ccccc12,574854,active
CCOc1ccc(cc1)NC(=O)Cn2c(c(c([nH+]2)SC)c3nc(no3)c4ccc(cc4)Cl)N,C46914944,inactive
CCC(C)n1cc(C)c2c(cc(cc12)-c1ccc(nc1)N1CCNCC1)C(=O)NCc1c(C)[nH]c(C)cc1=O,310221,active
c1ccc2c(c1)N(C(=O)c3cccnc3S2)CCC(=O)NCC[C@H]4C=c5cc(ccc5=[NH+]4)Cl,C63506212,inactive
CC(C)CNc1c(c(=O)n2ccccc2n1)/C=C/3\C(=O)N(C(=S)S3)CCc4ccc(c(c4)OC)OC,C35303879,inactive
c1cc2c(cc1Br)c3cc(ccc3n2C[C@@H](C[NH2+]C(CO)(CO)CO)O)Br,C10384381,inactive
c1cc(ccc1NC2CC[NH+](CC2)[C@@H]3CC(=O)N(C3=O)c4ccc(cc4)Cl)OC(F)(F)F,C18217997,inactive
COc1ccc(cc1)n2c(c3c(nc(nc3n2)N4CCC(CC4)[NH+]5CCCCC5)c6cccc(c6)F)N,C37359747,inactive
Cc1cccc(c1NC(=O)CSc2c([nH+]c([nH]2)c3ccccc3)S(=O)(=O)c4ccccc4)C,C12112483,inactive
COc1ccccc1N/C(=N\C(=O)c2ccc(cc2)Br)/NCCC3=c4ccccc4=[NH+]C3,C63588699,inactive
Cn1c(cc2c1c(c(c(c2)OC)OC)OC)C(=O)NCCC(=O)NC3[NH+]=c4ccccc4=[NH+]3,C63295807,inactive
CCC[NH+]1CCc2c(sc(c2C(=O)N)NC(=O)[C@H]3CCCN(C3)S(=O)(=O)c4ccccc4)C1,C14023382,inactive
CC(C)[C@H](C(=O)NC(=O)N)Sc1nc2c(c(cs2)c3cccs3)c(=O)n1C,C21231308,inactive
Cc1ccc(cc1)NC(=O)CSc2nnc(n2/N=C/c3ccco3)SCC(=O)Nc4ccc(cc4)C,C59937902,inactive
CC1(Cc2c(c(sc2C([NH2+]1)(C)C)NC(=O)[C@@H]3CCCCN3S(=O)(=O)c4cccs4)C(=O)OC)C,C36648028,inactive
c1ccc(c(c1)CNC(=O)C[NH+]2CCc3c(sc(n3)NC(=O)c4ccccn4)C2)Cl,C77145319,inactive
C[C@H](C1CCN(CC(C)(C)F)CC1)c1sc2CCCN(Cc3c(C)cc(C)[nH]c3=O)C(=O)c2c1C,439164,active
Cc1ccc2ccc(N[C@H]3CC[C@H](CNc4ncc(C(CO)C(=O)NC5COC5)cn4)CC3)nc2c1Cl,CHEMBL5197827,active
c1ccc2=[NH+]CC(=c2c1)C[C@@H](C(=O)Nc3ccc(cc3)N4CCCC4=O)NC(=O)c5ccc(cc5)F,C63194356,inactive
Cc1ccccc1OC[C@@H](C[NH+](CC=C)CC(=O)N2CCc3c(ccs3)[C@@H]2COc4ccc(cc4)F)O,C36309891,inactive
Cc1cc(C)c(CNC(=O)c2cc(-c3ccc(CN(C)C)nc3)cc(N(C)C3CCCC3)c2C)c(=O)[nH]1,CHEMBL3697427,active
Cc1ccc(c(c1)C)c2csc(n2)NC(=O)c\3cc4cc(ccc4o/c3=[NH+]\c5cccc(c5C)C)OC,C13899558,inactive
CC1(CC2=C([C@@H](C(=C(N2c3nnc(s3)SCc4cccc(c4)C(F)(F)F)N)C#N)c5cccnc5)C(=O)C1)C,C98006091,inactive
Cc1cccc(c1)COc2ccc(cc2)C(=O)C3=C(C(=O)N([C@H]3c4ccc(cc4)[N+](=O)[O-])CCCn5cc[nH+]c5)[O-],C97969231,inactive
C=CCn1c(nnc1SCCC(=O)Nc2ccc(cc2)I)CNc3ccccc3,C59265824,inactive
c1ccc(cc1)Cn2c(c3c(nc(nc3n2)N4CC[NH+](CC4)Cc5ccccc5)c6ccc(cc6)F)N,C35929878,inactive
COc1ccc(c(c1)OC)C2=NC(=CC3=c4ccccc4=[NH+][C@@H]32)C(=O)NCCc5ccc(c(c5)OC)OC,C38564967,inactive
COc1ccc(c(c1)NC(=O)CSc2nnc(n2N)N/N=C/c3ccc(cc3)Br)OC,C21316099,inactive
CCOc1cc(ccc1OCCOc2ccc(cc2)C)/C=C/3\C(=[NH2+])N4C(=NC3=O)SC(=N4)c5ccccc5C,C97958945,inactive
CCCCCOc1ccc(cc1)[C@@H]2C(=C(C(=O)N2Cc3cc[nH+]cc3)O)C(=O)c4cccc(c4)OCCC,C35520464,inactive
COc1cc(cc(c1O)Br)/C=N/Nc2nc(nc(n2)Nc3ccccc3)Nc4ccccc4,C09296447,inactive
c1ccc2c(c1)[nH]c([nH+]2)SCC(=O)Nc3ccc(cc3)Sc4ccc(cc4)NC(=O)CSc5[nH]c6ccccc6n5,C50704965,inactive
CCCNC(=O)[C@H]([C@H](C)CC)NC(=O)[C@@H]1CC2=c3ccccc3=[NH+][C@@H]2[C@@H]4N1C(=O)c5c4cccc5,C63383498,inactive
c1cc(ccc1[C@@H]2C(=C(C(=O)N2CC[NH+]3CCOCC3)O)C(=O)c4ccc(cc4)S(=O)(=O)N5CCOCC5)Br,C98047026,inactive
c1ccc(cc1)Oc2ccc(cc2)NC(=O)[C@H]3[C@H]4C=C[C@@]5([C@@H]3C(=O)N([C@@H]5C(=O)NC6CCCCC6)CCN7CCCCCC7)O4,C29752783,inactive
CN(C)S(=O)(=O)c1cccc(c1)c2cs/c(=[NH+]\c3ccccc3)/n2CCC[NH+]4CCOCC4,C13639105,inactive
CCc1ccc(cc1)S(=O)(=O)[C@@H]2[C@H]3[NH+]=C(c4ccccc4N3N=N2)NCCC5=c6ccccc6=[NH+]C5,C63493676,inactive
c1ccc(cc1)C[C@@H](c2ccccc2)NC(=O)c3csc(n3)CSc4nnc(n4c5cc(ccc5Cl)Cl)c6ccco6,C98017633,inactive
CCCN1C/C(=C\c2ccc(c(c2)OC)OC)/C3=C(C1)[C@H](C(=C(O3)[NH3+])C#N)c4ccc(c(c4)OC)OC,C39324524,inactive
[H]/N=C\1/C(=C\c2ccc(c(c2)OC)OCCOc3ccc(cc3)Br)/C(=O)N=C4N1N=C(S4)c5ccccc5C,C97958766,inactive
CC1(C[C@H](CCO1)n2c3c(c(n2)O)[C@@H](SCC(=O)N3)c4ccc(c(c4OC)OC)OC)C,C96118134,inactive
Cc1cc(OC(F)F)c(CN2CCc3c(Cl)cc(C(C4CCOCC4)C(O)=O)c(Cl)c3C2=O)c(=O)[nH]1,435545,active
c1ccc(cc1)C2=C[C@H](N=N2)[C@@H]3NN[C@@H](N3[NH3+])SCC(=O)Nc4cc(ccc4Cl)Cl,C38986353,inactive
CCN(c1cc(-c2ccsc2)cc(C(=O)NCc2c(C)cc(C)[nH]c2=O)c1C)[C@H]1CC[C@H](N(C)C)CC1,CHEMBL3701016,active
CN(C)CCCN1CCC(CC1)c1cc(C(=O)NCc2c(C)cc(C)[nH]c2=O)c2cnn(C3CCCC3)c2c1,326132,active
COc1ccc(cc1)NC(=O)C(=O)N/N=C/c2ccc(c(c2)OC)OC(=O)c3cccc(c3)Br,C02544303,inactive
Cc1ccc(cc1)NC(=O)CSC2=C([C@H](C(=C(N2)C)C(=O)Nc3nc4ccccc4s3)c5ccco5)C#N,C98048536,inactive
Cc1cc(ccc1NC(=O)c2c(nc(s2)COc3ccc(cc3)Cl)C)C[NH+]4CCSCC4,C68822237,inactive
c1ccc(cc1)NC(=O)c2nnc(s2)[C@@H]3CCCN(C3)C(=O)Nc4ccc(cc4)F,C33113523,inactive
CSc1cc(C)[nH]c(=O)c1CNC(=O)c1c(C)n([C@H](C)C2CCC(CC2)N2CC[C@@H](F)C2)c2ncc(Cl)cc12,574978,active
CCOc1cccc(c1O)[C@H]2CC(=N[C@H]([NH2+]2)c3ccc(cc3)F)c4ccc5c(c4)OCO5,C09541759,inactive
Cc1ccc(cc1)NC(=O)CSc2c3c(nc(n2)c4ccccc4Cl)Oc5c([nH+]cc(c5C3)CO)C,C09116218,inactive
CCOc1cccc(c1)C(=O)C2=C(C(=O)N([C@H]2c3ccc(cc3)OCc4ccccc4)Cc5cc[nH+]cc5)O,C33451015,inactive
CCN(C1CCOCC1)c1cc(cc(C(=O)NCc2c(C)cc(C)[nH]c2=O)c1C)-c1ccc(CN2CCN(CCCCCCCCCCCCOc3cccc4C(=O)N(C5CCC(=O)NC5=O)C(=O)c34)CC2)cc1,50582394,active
c1ccc(c(c1)CNC(=O)CSc2nc3ccccc3c(=O)n2NC(=O)CCc4c[nH]c5c4cccc5)Cl,C02971532,inactive
CN1CC(C1)C(=O)N1CCC(=CC1)c1cc(C(=O)NCc2c(C)cc(C)[nH]c2=O)c2cnn(C3CCCC3)c2c1,326152,active
Cc1ccc(cc1)c2[nH]c(c([nH+]2)S(=O)(=O)c3ccccc3)SCC(=O)Nc4cc(cc(c4)OC)OC,C12112533,inactive
CSc1cc(C)[nH]c(=O)c1CNC(=O)c1c(C)n([C@H](C)C2CCC(CC2)N2CC(O)C2)c2ccccc12,575013,active
c1ccc(c(c1)CN2C[C@@H](C[C@H]2C(=O)NCc3cn4ccccc4[nH+]3)Sc5ccc(cc5)F)F,C64093423,inactive
c1cc(ccc1NS(=O)(=O)c2c[nH]c(=O)[nH]c2=O)S(=O)(=O)N,C33327121,inactive
CCOC(=O)N1CCN(CC1)S(=O)(=O)c2ccc(cc2)C(=O)N(CC[NH+](C)C)c3nc4ccc(cc4s3)Cl,C38144547,inactive
c1ccc(cc1)CCC(=O)Nc2ccc3c(c2)sc(n3)SCC(=O)NCCOc4ccccc4,C59474780,inactive
CCCc1cc(C)[nH]c(=O)c1CNC(=O)c1cc(-c2ccc(N3CCNCC3)nc2)cc2c1cnn2C(C)C,CHEMBL4594174,active
c1ccc(cc1)NC(=O)C[C@@H]2CSc3n2c(=O)c4c(n3)CCC4,C38755779,inactive
COc1ccc2c(c1)[nH]c3c2CC[NH+]4[C@H]3C[C@H]5[C@@H](C4)C[C@H]([C@H]([C@H]5C(=O)OC)OC)OC(=O)c6ccc(cc6)N,C17287332,inactive
c1ccc(cc1)S(=O)(=O)NN2[C@H](Nc3ccccc3C2=O)c4ccc(c(c4)Cl)Cl,C20530111,inactive
Cc1ccc(cc1S(=O)(=O)NCc2ccccn2)c3c4ccccc4c(n[nH+]3)Nc5ccc(cc5)OCC(=O)N,C06485771,inactive
CCN(C1CCOCC1)c1cc(C(=O)NCc2c(C)cc(C)[nH]c2=O)c(C)c2n(C)ncc12,516876,inactive
CC(C)(C)C1CCC2(CC1)C(=O)N(C(=O)N2)CC(=O)N3CCC[C@H](C3)c4nnc5n4CCCCC5,C23026727,inactive
COc1ccccc1CNC(=O)[C@H]2C[C@H](C[NH+](C2)CCc3ccccc3)C(=O)Nc4ccc(cc4)F,C14747971,inactive
COC(C(C)=O)c1cc(Cl)c2CCN(Cc3c(C)cc(C)[nH]c3=O)C(=O)c2c1Cl,435539,active
CC(C)n1ncc2c(cc(nc12)C1CCN(CC1)C(=O)C1CCN(C)C1)C(=O)NCc1c(C)cc(C)[nH]c1=O,325949,active
c1cnccc1c2ncc3c(n2)CCC[C@H]3NC(=O)c4c(c(sn4)Cl)Cl,C12254334,inactive
Cc1c(cc(n1C)c2nc(cs2)c3cccc(c3)Cl)S(=O)(=O)NCC[NH+]4CCC(CC4)C,C65008946,inactive
c1ccc(cc1)[C@@H]2CNC(=O)[C@@H]2C(=O)N/N=C/C=C\c3ccc(cc3)Br,C34861431,inactive
c1ccc(cc1)NC(=O)C(=O)Nc2c(ncnc2Cl)Nc3ccc(cc3)/[NH+]=C\c4ccc5ccccc5c4O,C02271187,inactive
Cc1cc(ccc1OC(C)C)/C(=C/2\[C@@H](N(C(=O)C2=O)CCC[NH+](C)C)c3ccc(c(c3)OC)O)/O,C08740762,inactive
COc1cc(C)[nH]c(=O)c1CN1CCc2c(Cl)cc(-c3c(C)noc3C)c(Cl)c2C1=O,CHEMBL4082565,active
CC(=O)c1ccc(cc1)NC(=O)c2cc(cc(c2)NC(=O)c3ccc(cc3)[N+](=O)[O-])C(=O)Nc4ccc(cc4)C(=O)C,C02924879,inactive
Cc1ccccc1N\2[C@@H]3CS(=O)(=O)C[C@H]3S/C2=N\C(=O)[C@@H](Cc4ccccc4)NC(=O)OC(C)(C)C,C32635126,inactive
CCc1c(c(nc(n1)C)N2CC[NH+](CC2)C[C@@H](C[NH+]3CCOCC3)O)Cc4ccc(cc4)Cl,C36340760,inactive
CCc1ccccc1NC(=O)CNC(=O)CSc2[nH+]ccn2c3ccc(cc3)Br,C27999033,inactive
CN(C)c1ccc(cc1)NC(=O)CSc2nc([nH]n2)N/N=C/c3ccc(o3)OCc4ccc(cc4)OC,C20424756,inactive
CCN([C@H]1CC[C@@H](CC1)N(C)C)c1cc(cc(C(=O)NCc2c(C)cc(C)[nH]c2=O)c1C)C#CC(C)(C)C,190207,active
CC(C)C[C@@H]1[C@@H]2[C@@H](C(=O)N(C2=O)c3ccc(cc3)NC(=O)C)[C@@]4([NH2+]1)c5ccccc5N(C4=O)CC(=O)N6CCc7c6cccc7,C98007363,inactive
c1cc(ccc1NC(=O)CSc2ccc(n[nH+]2)NCc3ccc4c(c3)OCO4)Br,C64945215,inactive
CCOC(=O)c1c(c(sc1NC(=O)CSc2nc3c(c(cs3)c4ccc(cc4)F)c(=O)n2c5ccccc5)C(=O)OC)C,C08431742,inactive
Cc1cc(C)c(CNC(=O)c2cc(-c3cnn(C)c3)cc(N(C)[C@H]3CC[C@H](N)CC3)c2C)c(=O)[nH]1,CHEMBL3697436,active
CCOc1cccc2c1nc(s2)N3CC[NH+](CC3)CCNC(=O)CCSc4ccc(cc4)Cl,C38774965,inactive
Cc1ccc(cc1F)S(=O)(=O)Nc2cccc(c2)C(=O)N[C@@H](c3ccc(cc3)F)c4[nH+]ccn4C,C14404790,inactive
c1ccc(cc1)COc2ccc(cc2)[C@@H]3C(=C(C(=O)N3c4cccc[nH+]4)O)C(=O)c5ccc6c(c5)OCCO6,C34990473,inactive
c1ccc2c(c1)nc(n2C[C@@H](CN3CCN(CC3)C[C@H](Cn4c5ccccc5nc4C(F)(F)F)O)O)C(F)(F)F,C98048156,inactive
c1cc(ccc1CC[n+]2c(csc2Nc3ccc(cc3)OC(F)(F)F)c4ccc(s4)Cl)S(=O)(=O)N,C97966138,inactive
Cc1cc(C)c(CNC(=O)c2ccc(C(C)c3ccccc3)cc2)c(=O)[nH]1,CHEMBL3605441,active
CCCCOc1ccc(cc1)[C@H]2C(=C(C(=O)N2CCCn3cc[nH+]c3)[O-])C(=O)c4c(n5cccc(c5n4)C)C,C35484733,inactive
Cc1cccc(c1C)N2CCN(CC2)c3c(c(ncn3)Sc4cccc5c4nccc5)N,C54551064,inactive
c1ccc(cc1)[C@H](c2ccc3c(c2)[nH]cn3)NC(=O)[C@H]4CCCN(C4)S(=O)(=O)c5ccc(cc5)F,C36039819,inactive
C[C@H](C1CCN(CC2CCCC2)CC1)c1sc2CCCN(Cc3c(C)cc(C)[nH]c3=O)C(=O)c2c1C,439133,active
Cc1ccccc1/C=N/NC(=O)CSc2nnc(n2c3ccccc3)CNc4ccc(cc4)I,C02736466,inactive
CCOc1cc(ccc1OCC=C)[C@H]2C(=C(C(=O)N2CCC[NH+](C)C)O)C(=O)c3c(n4cccc(c4n3)C)C,C35484086,inactive
CC[NH+]1CC[NH+](CC1)c2ccc(c(c2)C)Nc3ccc(cc3[N+](=O)[O-])S(=O)(=O)N4CCOCC4,C62417808,inactive
CCOC(=O)c1c2c(nc3ccccc3[nH+]2)n(c1N)c4ccc(cc4)NC(=O)c5cc(c(c(c5)OC)OC)OC,C97954461,inactive
c1ccc(c(c1)C[NH2+]CC(=O)CS[C@H]2N=C3C(=CN=N3)C(=O)N2c4cccc(c4)C(F)(F)F)Cl,C63710109,inactive
C[C@H]1Cc2cc(ccc2N1C(=O)C3CC3)S(=O)(=O)N4CCC(CC4)C(=O)Nc5ccc(cc5)OC(F)(F)F,C33355732,inactive
CN1C(=O)C(=C2C[C@@H](Sc3ccccc3N2)c4cc(c(c(c4)OC)OC)OC)C(=O)N(C1=O)C,C21149783,inactive
CCCc1c(c(nc(n1)[C@H]2C[NH+]3CCC[C@@H]3CO2)[O-])Br,C91687366,inactive
c1ccc2c(c1)C(=O)C(=O)N2CC(=O)N(Cc3ccc(cc3)F)[C@H](c4cccs4)C(=O)Nc5ccc6c(c5)OCO6,C03773528,inactive
Cc1cc(C)c(CNC(=O)c2cc(Br)cc3n(ncc23)C2CCN(C2)C(=O)C(C)(C)C)c(=O)[nH]1,326135,active
Cc1cc(C)c(CNC(=O)c2cc(cc3n(ncc23)C2CCCC2)N2CCNCC2)c(=O)[nH]1,326121,active
Cc1ccc(cc1C)NC(=O)[C@H](C)NS(=O)(=O)c2ccc3c(c2)OCCCO3,C13070394,inactive
c1ccc(c(c1)F)S(=O)(=O)Nc2ccc(cc2)S(=O)(=O)/N=C/3\CCCCCN3,C13040785,inactive
C[C@@H](C(=O)Nc1nc(cs1)c2ccc(cc2)OC)Sc3ccc(cc3)NC(=O)c4ccc(cc4)OC,C22844264,inactive
Cc1c2c(ncnc2sc1C(=O)N3CCC(CC3)[NH+]4CCC[C@H](C4)CO)NCCC5=CCCCC5,C14994628,inactive
Cc1c([nH]c(n1)SCC(=O)N2CC[NH+](CC2)CC(=O)Nc3ccc(cc3)F)Cc4ccccc4,C12547993,inactive
CC(=O)c1cccc(c1)N2C(=O)[C@@H]3[C@@H]([NH2+][C@]([C@H]3C2=O)(c4ccccc4)C(=O)OC)c5ccc(cc5)N(C)C,C12498278,inactive
Cc1cc(cc(c1Cl)C)OCC(=O)NC(=S)Nc2ccc(cc2)N3CCN(CC3)C(=O)c4ccccc4F,C97995798,inactive
CSc1cc(C)[nH]c(=O)c1CNC(=O)c1c(C)n([C@H](C)C2CCN(CC(F)(F)F)CC2)c2cc(F)ccc12,574959,active
Cc1ccc(cc1)S(=O)(=O)NC[C@@H]2[C@@H]([C@@H]([C@@H](O2)CO)O)[NH+]3CCN(CC3)c4cccc(c4)C(F)(F)F,C67890433,inactive
CCOc1ccc2c(c1)sc(n2)N3[C@H](C(=C(C3=O)O)C(=O)c4ccc(cc4)F)c5cc(ccc5OC)OC,C01480874,inactive
CCCOc1ccc(cc1OCC)[C@@H]2C(=C(C(=O)N2c3nnc(s3)SCc4ccc(cc4Cl)Cl)O)C(=O)c5ccc6c(c5)C[C@H](O6)C,C97967851,inactive
Cn1c[nH+]c(c1Cl)S(=O)(=O)[N-]c2ccccc2Br,C26527240,inactive
Cc1c2ccccc2[nH+]c(c1CC(=O)N3CCN(CC3)S(=O)(=O)c4cc(n(c4)C)C(=O)N)C,C24760443,inactive
c1ccc(cc1)CSc2nnc(s2)N3[C@@H](C(=C(C3=O)O)C(=O)c4cc5ccccc5o4)c6ccc(cc6)O,C08441216,inactive
COc1ccc(cc1OC)CCNC(=O)C[C@H](c2cc(cc(c2)OC)OC)c3c[nH+]c4n3cc(cc4)Cl,C35178942,inactive
CCOC(=O)C1=C(OC(=C([C@H]1c2ccccc2Cl)C#N)N)CSc3c(c(cc([nH+]3)C)C)C#N,C00850129,inactive
Cc1ccc(c(c1)CN2c3ccccc3[C@H]([C@@H]2C(=O)O)C[NH2+]CCC4=c5ccccc5=[NH+]C4)C,C65321679,inactive
c1cnc(nc1)N2CCN(CC2)C[C@H]3C[NH+]4CC[C@H]3C[C@@H]4CNC(=S)Nc5ccc(cc5)n6cccn6,C67870889,inactive
C[NH+](C)[C@H](CNC(=O)[C@H](CC1=c2ccccc2=[NH+]C1)NC(=O)c3ccccc3Cl)c4ccccc4,C63778243,inactive
COc1ccc(cc1)N2CC[NH+](CC2)CCNC(=O)Cn3c(=O)c4ccc(cc4[nH]c3=S)C(=O)OC,C32959223,inactive
CCN(c1cc(-c2ccc(CN3CCCN(C)CC3)cc2)cc(C(=O)NCc2c(C)cc(C)[nH]c2=O)c1C)C1CCOCC1,CHEMBL3697476,active
CCC(CC)(/C(=N/O)/N)NS(=O)(=O)c1cc(ccc1Br)Br,C40376966,inactive
CC1CC[NH+](CC1)CCN2[C@H](C(=O)N(C2=S)c3cccc(c3)SC)CC(=O)Nc4ccc(cc4)OC,C20115112,inactive
c1cc(ccc1NC(=O)c2ccc(o2)Br)S(=O)(=O)N3CCCC3,C00672628,inactive
COCCNC(=O)[C@@H]1C[C@@H](C[NH+]1C2Cc3ccccc3C2)NCc4cccc(c4)Oc5ccccc5,C32576326,inactive
c1ccc2c(c1)C(=NS2(=O)=O)N(CCC(=O)NC3CCCCC3)/N=C/c4cc5c(cc4Cl)OCO5,C01461815,inactive
C[NH2+][C@H]1CCc2cc(c(c(c2-c3c1cc(=O)c(cc3)NCc4cc(cc(c4)OC)OC)OC)OC)OC,C08766481,inactive
CCN1c2ccccc2[C@@]3(C1=O)C(=C(C(=O)N3CCC[NH+](C)C)O)C(=O)c4ccc(cc4)S(=O)(=O)N5CCCCCC5,C98046927,inactive
Cc1cc(C)c(CNC(=O)c2cc(-c3ccc(CN(C)C)nc3)cc(N(C)[C@H]3CC[C@@H](N)CC3)c2C)c(=O)[nH]1,CHEMBL3697443,active
c1ccc(cc1)C[C@@H](C(=O)N2CCN(CC2)S(=O)(=O)c3ccc(cc3)Cl)/[NH+]=C(/N)\O,C09120383,inactive
CCOC(=O)c1c2c(sc1NC(=O)c3cc(cc(c3)C(F)(F)F)C(F)(F)F)C[NH+](CC2)C(C)C,C36629325,inactive
CN([C@@H]1CC[C@@H](CC1)NC(C)=O)c1cc(cc(C(=O)NCc2c(C)cc(C)nc2=O)c1C)-c1ccc(CN2CCOCC2)cc1,514161,active
Cc1cc(C)c(CNC(=O)c2cc3CC(C)(C)Oc3c(c2)-c2ccc(CN3CCCCC3)cc2)c(=O)[nH]1,359749,active
c1ccc(cc1)[C@@H]2CNC(=O)[C@@H]2C(=O)N/N=C\C=C/c3ccc(cc3)Br,C34861428,inactive
c1ccc(c(c1)C(=O)Nc2ccc(cc2)Cl)NC(=O)C(=O)N/N=C/c3ccc(cc3)OC(=O)c4ccc(cc4)Cl,C04261018,inactive
CCOc1cccc(c1O)[C@@H]2CC(=N[C@@H]([NH2+]2)c3ccc(cc3)Cl)c4ccc(cc4)Cl,C09542386,inactive
CCOC(=O)c1ccccc1COCc2cc(ccc2OC)[C@@H]3[C@@H]4C(=c5ccccc5=[NH+]4)C[C@@H](N3)C(=O)OC,C63350061,inactive
COC(=O)[C@@H]1Cc2c3ccccc3[nH]c2[C@@H]4N1[C@@H](C[C@@H](C4)[NH2+]CCc5c[nH]c[nH+]5)c6cccc(c6)Cl,C20504049,inactive
CCOc1c(cc(cc1Cl)[C@@H]2NC(=[NH+]c3n2c4cc5c(cc4n3)OCCCO5)N)OC,C12549650,inactive
c1ccn2cc([nH+]c2c1)COc3cccc(c3)C(=O)Nc4ccc(cc4)S(=O)(=O)N,C17639591,inactive
c1cc(ccc1NC(=O)CSc2c(cc3c([nH+]2)CCC3)C#N)S(=O)(=O)Nc4nccs4,C06189399,inactive
COc1ccc(c(c1)OC)NC(=O)C2=C(C3=[NH+][C@H](C[C@H](N3N2)C(F)(F)F)c4cccs4)Cl,C00674024,inactive
c1ccc(cc1)[C@H]2C=C([NH+]=C3N2NC(=N3)NS(=O)(=O)c4ccc(cc4)Cl)c5ccc(cc5)Cl,C09012059,inactive
CCOc1cc(c(c(c1O)/C=N\c2cccc(c2)c3[nH]c4ccccc4[nH+]3)Br)Br,C09892040,inactive
C[NH+](Cc1ccccc1)Cc2cn(nn2)[C@H]3CO[C@H]4[C@@H]3OC[C@@H]4[NH2+]Cc5ccc(cc5)c6ccccc6,C05412523,inactive
CC(C)(C)CC(C)(C)NC(=O)[C@H](c1c(cccc1Cl)Cl)N(C(=O)c2cccc(c2O)O)C(C)(C)C,C36587026,inactive
CCCCOc1cccc(c1)C(=O)C2=C(C(=O)N([C@H]2c3ccc(c(c3)OC)OCC)CCCn4cc[nH+]c4)O,C33478350,inactive
C[C@H]1CCCC[C@H]1NC(=O)[C@@H]2[C@@]34C=C[C@@H](O3)[C@@H]([C@@H]4C(=O)N2CC[NH+](C)C)C(=O)Nc5ccc(cc5)C(C)C,C36066467,inactive
c1ccc(cc1)Nc2cc3c4c5c2C(=O)N(C(=O)c5cc(c4C(=O)N(C3=O)c6ccccc6)Nc7ccccc7)c8ccccc8,C06473757,inactive
CC(C)Oc1cc(Cl)c2CCN(Cc3c4occc4c(C)[nH]c3=O)C(=O)c2c1Cl,378861,active
Cc1cc(C)c(CN2CCc3c(Cl)cc(C(CO)O[C@@H]4CCOC4)c(Cl)c3C2=O)c(=O)[nH]1,435594,active
c1cc(cc(c1)n2cc(cn2)Br)C(=O)OCC(=O)NCC(=O)Nc3ccc(c(c3)F)F,C62569387,inactive
Cc1ccc(cc1F)NC(=O)[C@H]2CCCN(C2)S(=O)(=O)c3cc([nH]c3)C(=O)N4CCC(CC4)C,C35426506,inactive
Cc1cccc(c1)COc2ccc(cc2)C(=O)C3=C(C(=O)N([C@H]3c4ccc(cc4)[N+](=O)[O-])CCCn5cc[nH+]c5)O,C97969231,inactive
c1cc(c(cc1NC(=O)CSc2[nH]c3c(n2)cc(cn3)Br)Cl)F,C09009844,inactive
CC1(C)CC(COc2ccc(Oc3cccc(-c4ccncn4)c3C#N)c(Cl)c2)CC(C)(C)N1,CHEMBL3264795,active
CCc1nc2n(n1)c(c(s2)[C@@H](c3cccc(c3)Cl)N4CC[NH+](CC4)CCO)O,C22578209,inactive
C[C@@H]1C[C@@H](C[NH+](C1)CCCNC(=O)[C@@]2(Cn3c4cc(ccc4cc3C(=O)N2Cc5ccc[nH+]c5)OC)C)C,C20918381,inactive
Cc1cc2cccc(c2[nH+]c1)S(=O)(=O)Nc3cc(ccc3O)S(=O)(=O)Nc4ccccc4OC,C12548417,inactive
CCN(c1cc(-c2cnc(C)nc2)cc(C(=O)NCc2c(C)cc(C)[nH]c2=O)c1C)[C@H]1CC[C@H](N(C)C)CC1,CHEMBL3701023,active
CCc1cc(C)n(C)c(=O)c1CN1CCc2c(Cl)cc(-c3c(C)noc3C)c(Cl)c2C1=O,CHEMBL5092557,active
CCN(c1cc(-c2ccc(CN3CCCC(F)C3)cc2)cc(C(=O)NCc2c(C)cc(C)[nH]c2=O)c1C)C1CCOCC1,CHEMBL3697469,active
C[C@](CC(=O)[O-])(CC(=O)OC[C@@H]1[C@@H]([C@@H]([C@@H]([C@@H](O1)Oc2cc3c(cc2OC)cc(c(=O)o3)Oc4ccc5ccc(=O)oc5c4)O)O)O)O,C08829748,inactive
CCN(C1CCOCC1)c1cc(\C=C\c2cccc(CN(C)C)c2)cc(C(=O)NCc2c(C)c3CCCCc3[nH]c2=O)c1C,50544779,active
C[C@@H]1[C@H]([C@@H](C[C@@H](O1)O[C@H]2CC[C@@]3([C@H]4CC[C@@]5([C@H](CC[C@@]5([C@@H]4CC[C@@]3(C2)O)O)C6=CC(=O)OC6)C)C=[NH+]CCc7ccccc7)O)O,C70692092,inactive
C[NH+]1C[C@@H](C[C@H]2[C@H]1Cc3c4c2cccc4[nH]c3Br)Cn5ccnc5c6ccccc6,C38563583,inactive
CC(=O)N(c1ccccc1)c2nc(cs2)/C=C/C(=O)NCCN3C(=O)/C(=C\c4ccccc4)/SC3=O,C97985853,inactive
CCNC(=O)NC(=O)COC(=O)c1ccccc1NS(=O)(=O)c2ccc(s2)Br,C03601937,inactive
CCCCOc1cccc(c1)[C@H]2c3c(n[nH]c3C(=O)N2[C@@H]4CCS(=O)(=O)C4)c5cc(cc(c5O)C)C,C38702154,inactive
Cc1ccc(cc1)NS(=O)(=O)c2cc(ccc2OC)C(=O)NC[C@H](c3cccc(c3)F)[NH+](C)C,C12734388,inactive
Cc1ccc(s1)C2=C3C(=NC(=NC3=O)CNc4ccc(cc4)NC(=O)C)SC2,C39791904,inactive
Cc1ccc(c2c1nc(s2)NNC(=O)c3cccc(c3)S(=O)(=O)C)Cl,C05271981,inactive
COc1ccc(cc1)c2c3n(c(n2)c4ccccc4)CC[NH+](C3)Cc5cn(c6c5cccc6)CC(=O)N,C14746843,inactive
CC(C)(C)c1ccc(cc1)C(=O)Nc2ccc(cc2)C(=O)NNC(=S)NC(=O)/C=C/c3ccc(cc3)F,C13977277,inactive
c1ccc2c(c1)CC[C@]23C(=O)N(C(=O)N3)CC(=O)NCCc4ccc(s4)Cl,C49010453,inactive
COc1ccc(cc1)C(=O)[C@@H]2[C@H](NC(=O)N[C@]2(C(F)(F)F)O)c3ccccc3OC,C00913056,inactive
CC(=O)NCC[NH2+][C@H]1C[C@H](N2[C@@H](Cc3c4ccccc4[nH]c3[C@H]2C1)C(=O)OC)c5ccc(cc5)OC(F)(F)F,C35955558,inactive
c1ccc(cc1)Cn2c(=O)c3ccccc3n4c2nnc4CCC(=O)NCCC[NH+]5CCN(CC5)c6cccc(c6)Cl,C11024182,inactive
CCOC(=O)c1ccc(cc1)NC(=O)C[C@@H]2C(=O)N(/C(=N/c3ccc(cc3)OC)/S2)Cc4ccc(cc4)OC,C97960301,inactive
c1ccc2c(c1)cccc2C(=O)Oc3ccc(cc3)/C=N/NC(=O)CNC(=O)c4ccccc4I,C02542586,inactive
COc1ccc(cc1)NC(=O)NC2(CCOCC2)c3cccc(c3)Br,C95955084,inactive
CCN(c1cc(-c2ccc(CN3CCOCC3)cc2)cc(C(=O)NCc2c3c(c(C)[nH]c2=O)CCCCC3)c1C)C1CCOCC1,CHEMBL5184205,active
c1cc(oc1)[C@H]2C[C@@H](n3c(c(c(n3)/C(=[NH+]/CCC[NH+]4CCOCC4)/O)Cl)N2)C(F)(F)F,C22147989,inactive
Cc1c(n(c(c1C#N)NC(=O)CSc2nnc(n2C)[C@H]3CCS(=O)(=O)C3)C4CCCCC4)C,C12567748,inactive
COc1ccc(cc1COc2c(c(c(c(c2F)F)F)F)F)[C@@H]3[C@H]4C(=NC(=C)C3C(=O)Nc5cccc[nH+]5)C[C@H](CC4=O)c6ccccc6,C08450326,inactive
CC(C)C[C@@H](c1[nH+]c2ccc[nH+]c2n1C)NC(=O)N[C@@H](CC(C)C)c3nc4cccnc4n3C,C13566953,inactive
CNC(=O)c1ccc(cc1)c2[nH+]c3cc(ccc3n2C)NS(=O)(=O)c4ccc5c(c4)CCCC5,C33276995,inactive
CCOc1ccc(cc1)NC(=O)N2CCN(CC2)C(=O)C[NH+]3CCc4c(ccs4)[C@H]3c5cccc(c5)F,C34788873,inactive
CN1CCN(CC1)/C(=[NH+]/S(=O)(=O)c2ccc(cc2)Cl)/[S-],C20227294,inactive
CC(C)(CCl)C(=O)Nc1ccc(c(c1)S(=O)(=O)NCCc2ccc(c(c2)OC)OC)N3CCCC3,C34919329,inactive
Cc1c(c(=O)n(n1C)c2ccccc2)[NH2+]/C=C\3/c4ccccc4C(=O)N(C3=O)c5cccc(c5)C(F)(F)F,C02869839,inactive
Cn1c2ccc(cc2nc1SCc3ccc(c(c3)Cl)Cl)S(=O)(=O)N,C08345190,inactive
CCCOc1ccc(cc1OCC)[C@H]2C(=C(C(=O)N2CC[NH+]3CCOCC3)[O-])C(=O)c4ccc5c(c4)C[C@H](O5)C,C97967201,inactive
COC1CN(C1)[C@H]1CC[C@@H](CC1)[C@@H](C)c1scc(C(=O)NCc2c(C)cc(C)[nH]c2=O)c1C,50594145,active
Cc1c(c2c(s1)[C@@]3(c4ccccc4N(C3=O)CC(=O)Nc5ccc(cc5)OC)C(=C(O2)N)C#N)C(=O)OC,C98008978,inactive
CCN(C1CCS(=O)(=O)CC1)c1cc2occc2c(C(=O)NCc2c(OC)cc(C)[nH]c2=O)c1CC,458826,active
Cc1ccc(c(c1)N/C(=[NH+]/[C@H](C)[C@@H](c2cccs2)[NH+]3CCOCC3)/[S-])C,C23182190,inactive
CC(C)n1ncc2c(cc(nc12)-c1cccc(CN(C)CCN)c1)C(=O)NCc1c(C)cc(C)[nH]c1=O,325840,active
Cc1ccc(c(c1)S(=O)(=O)Nc2ccc(c(c2)S(=O)(=O)Nc3ccccc3OC)N4CCCCC4)C,C14360060,inactive
Cc1cccc(c1)n2c(=[NH2+])c3c([nH]nc3nc2SCC(=O)Nc4ccccc4OC)C,C02927346,inactive
C[C@@H]1CC(=O)Nc2cc(ccc2S1)S(=O)(=O)Nc3nc4ccc(cc4s3)Cl,C15730391,inactive
Cc1c(c(n(n1)c2ccc(cc2)Br)O)/C=[NH+]/c3ccc(cc3)S(=O)(=O)/N=c/4\[nH]ccs4,C08686711,inactive
c1ccc(cc1)[C@H](CCC(=O)N/N=C/c2ccc(cc2)OCc3ccc(cc3)I)O,C58888856,inactive
Cc1ccc(cc1NS(=O)(=O)/C=C/c2ccc(cc2)Cl)S(=O)(=O)Nc3ccccc3OC,C16129040,inactive
C[C@@H]1Cc2cc(ccc2O1)/C(=C/3\[C@@H](N(C(=O)C3=O)CC[NH+](C)C)c4cc(c(c(c4)Br)O)OC)/O,C04817919,inactive
CN1CCN(CC1)c2nc(nc(n2)N3CC[NH+](CC3)C45CC6CC(C4)CC(C6)C5)Nc7ccc(cc7)OC(F)(F)Cl,C98005058,inactive
COc1ccc2c(c1)sc(n2)Nc3c(c([nH+]cn3)Nc4cc(cc(c4)C(=O)OC)C(=O)OC)N,C40705798,inactive
CSc1cc(C)[nH]c(=O)c1CNC(=O)c1c(C)n([C@@H](C)[C@@H]2OC[C@@H](CO2)N2CCC22COC2)c2ccccc12,575038,active
[H]/[O+]=c\1/c(=N\C2CC2)/c(c1[O-])[NH+]3CCC(CC3)CNc4c5ccc(nc5c(cn4)c6ccccc6)C(F)(F)F,C24908443,inactive
Cc1cc(C)c(CNC(=O)c2cc3[C@@H]4CCC[C@]4(C)Oc3c(c2)-c2ccc(CN3CCCCC3)cc2)c(=O)[nH]1,359807,active
COc1cc(cc(c1OC)OC)NC(=O)C[NH+]2CCCC[C@H]2C(=O)Nc3ccc(c(c3)Cl)Cl,C31788671,inactive
CCc1ccc(cc1)NC(=O)CSc2nc3ccc(cc3s2)NC(=O)[C@@H](CC)Sc4[nH+]ccn4C,C59854080,inactive
C[C@H](C(=O)NC(=S)Nc1ccc(cc1Br)[N+](=O)[O-])Oc2ccc(cc2Cl)Cl,C12380540,inactive
C[C@H]1Cc2cc(ccc2O1)C(=C3[C@@H](N(C(=O)C3=O)Cc4ccc[nH+]c4)c5ccc(c(c5)OC)OCc6ccccc6)O,C00703176,inactive
COc1cc(cc(c1OC)OC)[C@@H]2C3=C(CCCC3=O)N(C(=C2C(=O)c4ccccc4)N)c5ccccc5C(F)(F)F,C02151966,inactive
Cc1ccc(cc1)NC(=O)c2nnc(s2)COCC(=O)NCCc3c[nH]c4c3cc(cc4)Cl,C33256917,inactive
C[C@H](c1ccccc1)N(Cc2cc(c(c(c2)OC)OC)OC)C(=S)NC3CC([NH2+]C(C3)(C)C)(C)C,C21263386,inactive
c1cc(cc(c1)Oc2ccc(cc2)NC(=O)CSC3=[NH+]CCS3)NC(=O)CSC4=NCCS4,C59443558,inactive
c1cc(ccc1Cn2cc([nH+]c2SCC(=O)Nc3ccc(cc3)C(F)(F)F)CO)F,C36713914,inactive
c1ccc2c(c1)CCC[NH+]2C[C@H](COc3ccc(cc3)OC[C@H](CN4CCCc5c4cccc5)O)O,C16676092,inactive
CCCn1c2ccc(cc2[nH+]c1CNc3ccccc3I)S(=O)(=O)N(C)C,C30286322,inactive
COc1ccccc1[C@@H](CNC(=O)CCNS(=O)(=O)c2ccc(cc2)Br)[NH+]3CCCC3,C32983087,inactive
CCN(C(=O)C1CC1)c1cc(-c2ccc(N3CCN(CC4CC4)CC3)nc2)cc(C(=O)NCc2c(C)cc(C)[nH]c2=O)c1C,CHEMBL4852135,active
C[C@H](C/N=C/1\N=C(S1)N(Cc2ccc(c(c2OC)OC)OC)C3CCCC3)[NH2+]C4CC([NH2+]C(C4)(C)C)(C)C,C20285982,inactive
C/C(=N/Nc1[nH+]c2c(n1C[C@H](COc3ccc(cc3)OC)O)c(=O)[nH]c(=O)n2C)/c4ccc(cc4)Cl,C05295836,inactive
CCc1nc2n(n1)c(c(s2)[C@H](c3ccc(c(c3)F)F)N4CC[NH+](CC4)Cc5ccccc5)O,C22854739,inactive
C[C@@H](C(=O)NC1CCCC1)N(c2cc3ccccc3[nH+]c2)C(=O)C[S@](=O)CC(=O)Nc4ccc(cc4)F,C06177127,inactive
Cc1ccccc1OC(=O)c2c(c3c(c4c(nc3s2)CC[NH+](C4)C)c5cc(c(c(c5)OC)OC)OC)N,C40570115,inactive
COc1cc(cc(c1OC[C@@H](c2ccc3c(c2)OCCO3)O)Br)C[NH2+]Cc4ccc(cc4)F,C20877178,inactive
C[NH+]1CCc2cc(c(cc2[C@H]1Cc3ccc(cc3)Oc4cc(ccc4O)C[C@@H]5c6cc(c(cc6CCN5C)OC)O)OC)OC,C85492224,inactive
C[C@H](c1[nH+]c2ccccc2c(n1)NCc3ccccc3OC)N4CCN(CC4)S(=O)(=O)c5ccc(cc5)Br,C98230849,inactive
COc1ccc(cc1)N2CCN(CC2)[C@H](CNC(=O)C(=O)Nc3cc(ccc3F)F)c4ccco4,C38619681,inactive
c1ccc(cc1)CN2C(=O)N[C@H]([C@@H]([C@@]2(C(F)(F)F)O)C(=O)c3cccs3)c4ccc5c(c4)ccc[nH+]5,C35569235,inactive
c1cc(ccc1C(=O)NCCC(=O)N2CCC3(CC2)c4c([nH+]c[nH]4)CCN3)Br,C20573493,inactive
Cc1ccccc1COc2ccc(cc2)C(=O)C3=C(C(=O)N([C@@H]3c4cccc(c4)[N+](=O)[O-])CCC[NH+](C)C)O,C35445277,inactive
CCN(C(=O)C1CCC1)c1cc(cc(C(=O)NCc2c(C)cc(C)[nH]c2=O)c1C)-c1ccc(CN2CCOCC2)cc1,50575203,active
C[C@H]1C(=c2ccccc2=[NH+]1)CCNC(=O)/C(=C/c3cccc(c3)[N+](=O)[O-])/NC(=O)c4ccc(cc4)OC,C63513884,inactive
c1ccc(cc1)/C(=[NH+]/CS(=O)(=O)c2ccccc2)/NC(=S)Nc3ccc(cc3)Br,C04890589,inactive
[H]\N=C\1/C(=C/c2ccc(c(c2)OC)OCc3ccc(cc3)C)/C(=O)N=C4N1C(=NS4)S(=O)(=O)C,C20205985,inactive
c1ccc(cc1)NC(=O)CSCC(=O)Nc2ccc3c(c2)sc(n3)SCc4[nH]c5ccccc5[nH+]4,C59855225,inactive
C1[C@H]2[C@@H]([C@H](S1)CCCCC(=O)N/N=C/c3c(c(c(c(c3F)F)F)F)F)NC(=O)N2,C16158620,inactive
c1cc(c(c(c1)Cl)CN(CC(=O)NCCCn2cc[nH+]c2)S(=O)(=O)c3ccc(cc3)Cl)Cl,C38556546,inactive
C[C@@H]1C[C@H](CN(C1)S(=O)(=O)c2ccc(cc2)C(=O)Nc3c(c4c(s3)C[NH+](CC4)C(C)C)C(=O)NC)C,C08920798,inactive
CCCCN(C)S(=O)(=O)c1ccc(cc1)C(=O)/N=c\2/n(c3ccc(cc3s2)S(=O)(=O)N)CC=C,C09725627,inactive
CN1[C@H](C[C@H](NS1(=O)=O)c2cccs2)C(=O)Nc3ccc(cc3F)F,C12159667,inactive
CCOC(=O)c1c(c2cc(ccc2[nH]1)OC)NC(=O)[C@@H](C)[NH+]3C[C@H]4C[C@@H](C3)c5cccc(=O)n5C4,C02139633,inactive
COC(=O)[C@@H](Cc1cc(no1)[C@@H]2CCCN2C(=O)Cc3ccc(cc3)OCc4ccc(cc4)Cl)[NH3+],C44126824,inactive
c1ccc(cc1)C/[NH+]=C\2/[C@@]3(CCN(C3)C(=O)c4ccco4)NCc5ccccc5N2,C65265848,inactive
CC1(Cc2c(c(sc2C([NH2+]1)(C)C)NC(=O)c3ccc(cc3)S(=O)(=O)N4CCOCC4)C(=O)OC)C,C09391506,inactive
C[NH+]1CCN(CC1)[C@@H](CNC(=O)C(=O)Nc2ccc(cc2)C(F)(F)F)c3ccc4c(c3)CCCN4C,C38673192,inactive
Cc1ccc(c(c1)NC(=O)C(=O)N2CCC3(CC2)N(CCO3)S(=O)(=O)c4ccc(cc4)OC)C,C39703536,inactive
Cc1nnn(C)c1-c1cc(Br)c2CCN(Cc3c(C)cc(C)[nH]c3=O)C(=O)c2c1Cl,50562994,active
CC(=O)Nc1cc(ccc1F)NC(=O)/C=C/c2cn(nc2c3ccc[nH+]c3)Cc4ccccc4,C25511506,inactive
C[C@@H](C(=O)Nc1c(ccs1)C#N)Sc2[nH]c(c[nH+]2)c3ccc(cc3)Br,C18597306,inactive
Cc1cccc([nH+]1)N[C@@H](c2ccc(c(c2)OC)OC)c3c(c(sc3NC(=O)c4ccccc4)C)C,C38547514,inactive
Cc1cc[nH+]c(c1)N[C@@H](c2ccc[nH+]c2)c3c4c(sc3NC(=O)c5ccccc5)CCCC4,C35476872,inactive
CCC[NH+]1CCc2c(sc(c2C(=O)NC)NC(=O)c3ccc(cc3)S(=O)(=O)N4C[C@H](C[C@@H](C4)C)C)C1,C08920584,inactive
CCCOc1ccc(cc1OCC)[C@H]2C(=C(C(=O)N2CCCn3cc[nH+]c3)O)C(=O)c4ccc5c(c4)C[C@@H](O5)C,C97955002,inactive
CC1=C([C@H](C2=C(N1)C[C@@H](CC2=O)c3ccc(c(c3)OC)OC)c4cc(ccc4Cl)[N+](=O)[O-])C(=O)OC(C)C,C00781305,inactive
c1cc(c(cc1S(=O)(=O)N2CC[NH+](CC2)CCC(=O)NC(=O)N)C(F)(F)F)Cl,C22058653,inactive
CCOc1ccc(cc1)N(CC(=O)NCCC[NH+]2CCCCCC2)S(=O)(=O)c3ccc(c(c3)OC)OC,C13675410,inactive
CCCN(C1CCOCC1)c1cc(cc(C(=O)NCc2c(C)cc(C)[nH]c2=O)c1C)-c1ccc(CN2CCOCC2)cc1,172053,active
c1ccc(cc1)[C@@H](C(=O)Nc2ccc(cc2C(F)(F)F)Cl)[NH2+]Cc3ccc(cc3)S(=O)(=O)N,C03431319,inactive
C[C@@H]1Cc2cc(ccc2O1)C(=O)C3=C(C(=O)N([C@@H]3c4cccc(c4)OCC=C)c5nnc(s5)SCc6ccccc6)O,C97969338,inactive
CSc1cc(C)[nH]c(=O)c1CNC(=O)c1c(C)n([C@H](C)[C@H]2CCC(CC2)N2CC(F)(F)C2)c2ccccc12,574869,active
CCC(C)(C)n1c(nnn1)[C@@H](c2cc3cc(c(cc3[nH]c2=O)C)C)[NH+](Cc4ccccc4)Cc5ccc[nH+]c5,C06077500,inactive
c1cc(ccc1NC(=O)[C@H]2[C@H]3C=C[C@@]4([C@@H]2C(=O)N([C@@H]4C(=O)NC5CCCCC5)CC[NH+]6CCCCC6)O3)Br,C38147193,inactive
Cc1cc(C)c(CNC(=O)c2cc(-c3ccc(CN4CCOCC4)nc3)cc(N(C)[C@H]3CC[C@H](N)CC3)c2C)c(=O)[nH]1,CHEMBL3697441,active
Cn1c2cc(cc(c2cc1C(=O)N3CCc4c(c5cc(ccc5[nH]4)F)C3)OC)OC,C12321181,inactive
Cc1nc(cc(n1)[C@H]2C[NH+]3CC[C@H]2C[C@@H]3CN(Cc4c[nH]c5c4cccc5)Cc6c[nH]c7c6cccc7)c8cccs8,C67870595,inactive
CCOc1cc(ccc1O)[C@H]2/C(=C(/c3cc4ccccc4o3)\O)/C(=O)C(=O)N2CCCn5cc[nH+]c5,C00702967,inactive
CCC[C@H]1[C@H]([NH2+][C@H](C[C@]1(C#Cc2ccccc2)O)c3ccc(cc3)OC)c4ccc(cc4)OC,C13750554,inactive
CCOc1ccc(cc1)n2c(=O)c3c4c(sc3nc2SCC(=O)Nc5ccc(cc5)Br)CN(CC4)C,C01269972,inactive
c1ccc2c(c1)c(ccn2)CN3C[C@@H](C[C@H]3C(=O)NCCc4cccc(c4)F)SC5[NH+]=c6ccccc6=[NH+]5,C64058248,inactive
c1ccc2c(c1)S(=O)(=O)N(S2(=O)=O)NC(=O)[C@@H](C34CC5CC(C3)CC(C5)C4)NC(=O)c6ccc(cc6)[N+](=O)[O-],C33358080,inactive
c1cc(c[nH+]c1)CN2[C@@H](C(=C(c3ccc(cc3)S(=O)(=O)N4CCCC4)O)C(=O)C2=O)c5ccc(cc5)F,C01105744,inactive
C[C@H](c1nc2ccccc2c(n1)NCc3ccccc3OC)N4CCN(CC4)S(=O)(=O)c5ccc(cc5)F,C98230941,inactive
CCN(C1CCOCC1)c1cc(cc(C(=O)NCc2c(C)cc(C)[nH]c2=O)c1C)-c1ccc(CNC)cc1,172084,active
c1ccc(c(c1)CN2CCCN(C2=O)c3cccc(c3)/C(=[NH+]/CCc4[nH]c5ccccc5n4)/O)F,C15867924,inactive
COc1ccc2c(NC3CCN(C)CC3)cc(nc2c1)N1CCCN(C)CC1,50594161,inactive
CCC[NH+]1C/C(=C\c2cccc(c2OC)OC)/C3=C(C1)[C@H](NC(=S)N3)c4cccc(c4OC)OC,C96581445,inactive
c1ccc2c(c1)nc(s2)SCc3ccc(cc3)C(=O)NNC(=O)CCC(=O)c4ccc(cc4)F,C25259639,inactive
Cc1ccccc1C2=NN3C(=[NH2+])/C(=C\c4ccc(c(c4)OC)OCCOc5ccc(cc5)Br)/C(=O)N=C3S2,C97958766,inactive
c1cc(cc(c1)N2CCCC2=O)NC(=O)CSc3nnc(n3N)c4ccc(cc4)Br,C59265134,inactive
c1ccc(c(c1)NC(=S)N[C@@H](C(Cl)(Cl)Cl)NC(=O)c2cccc(c2)[N+](=O)[O-])I,C01218857,inactive
COCc1c(c(nc(n1)c2cc3c(c(c2)Br)OCO3)N)Br,C97626396,inactive
C[C@@H]1C[C@@H](C[NH+](C1)CCCNC(=O)CN2c3ccccc3O/C(=C/c4cccc(c4)Br)/C2=O)C,C20726081,inactive
c1csc(n1)NC(=O)[C@](C(F)(F)F)(OC([C@](C(F)(F)F)(OC(C(C(F)(F)F)(F)F)(F)F)F)(F)F)F,C68574577,inactive
CSc1cc(C)[nH]c(=O)c1CNC(=O)c1cc(Cl)c2O[C@@](C)(Oc2c1C)[C@H]1CC[C@@H](CC1)N(C)C,542469,active
c1cc(c(c(c1)Cl)[C@@H](CNC(=O)C2CCC(CC2)NC(=O)CC3CCCCC3)[NH+]4CCCC4)F,C72071536,inactive
Cc1ccc(cc1)NC2=Nc3ccccc3N4C2=[NH+]c5c(c(nn5c6ccccc6)C)[C@@H]4c7cc(c(c(c7)OC)OC)OC,C01898196,inactive
CSc1cc(C)[nH]c(=O)c1CNC(=O)c1c(C)n([C@H](C)[C@H]2CCC(O)CC2)c2ccccc12,574861,active
CCN(CC)S(=O)(=O)c1ccc(cc1)C/[NH+]=C(/c2ccccc2OCc3cn4ccccc4[nH+]3)\O,C09377248,inactive
CCN(c1cc(-c2ccc(CN3CCN(CCCCCCCCOc4cccc5c4C(=O)N(C4CCC(=O)NC4=O)C5=O)CC3)cc2)cc(C(=O)NCc2c(C)cc(C)[nH]c2=O)c1C)C1CCOCC1,CHEMBL5077357,active
CCN(C(=O)C1CCC1)c1cc(-c2ccc(CN3CCOCC3)cc2)cc(C(=O)NCc2c(C)cc(C)[nH]c2=O)c1C,CHEMBL4871035,active
Cc1cc(c(s1)C)[C@H]2C(=C(N(C3=C2C(=O)C[C@@H](C3)c4ccccc4)c5cccnc5)N)C#N,C09981755,inactive
c1ccc2c(c1)c(c[nH]2)/C=C\3/C(=O)NC(=O)N(C3=O)c4ccc(cc4)Br,C00904383,inactive
CN1[C@@H]2[C@@H](C(=NC1=O)[O-])N(C(=[NH+]2)N3CCN(CC3)c4ccccc4)CCSc5[nH]c6ccccc6[nH+]5,C38675894,inactive
Cc1cc(C)c(CNC(=O)c2cc(cc3n(ncc23)C2CCCC2)-c2ccc(CN3CCOCC3)cn2)c(=O)[nH]1,326082,active
CC(=O)c1cccc(c1)NC(=O)Cn2c(c(c([nH+]2)SC)c3nc(no3)c4ccccc4)N,C45895455,inactive
COc1ccc(cc1Br)c2csc([n+]2Cc3ccc(cc3)S(=O)(=O)N)Nc4ccccc4,C97966097,inactive
C[C@H](c1ccc(cc1)S(=O)(=O)C)NC(=O)N[C@H](C)c2ccc(cc2Cl)Cl,C32862962,inactive
C[C@@H](c1ccc(cc1)S(=O)(=O)N)N(C)CCC(=O)N[C@@H]2CCCc3c2cccc3,C97006700,inactive
c1ccc2=[NH+]C([NH+]=c2c1)SCC(=O)Nc3ccc4c(c3)sc(n4)SCC(=O)NC5CC5,C63277033,inactive
c1cc(cc(c1)N2CCCC2=O)NC(=O)CSc3nc([nH]n3)N/N=C/c4ccc(cc4)Br,C21078380,inactive
c1ccc2cc(ccc2c1)S(=O)(=O)NCCC(=O)NC[C@@H](c3cccc(c3)Cl)[NH+]4CCCC4,C71892110,inactive
CCN(CC)c1ccc(cc1)/C=C/2\C(=O)c3ccc(c(c3O2)C[NH+]4C[C@@H]5C[C@H](C4)c6cccc(=O)n6C5)O,C62977213,inactive
C[NH+](CC1=NC(=O)C2=C(CSC2=N1)c3ccc(cc3)F)CC(=O)Nc4ccc(c(c4)Cl)Cl,C40059090,inactive
CCOC(=O)c1c(n(c2c1c(c(c(c2)Br)[O-])C[NH+](C)C)C)CSc3c(c(cc(n3)C)C)C#N,C01423452,inactive
CCN([C@H]1CC[C@@H](CC1)N(C)C)c1cc(cc(C(=O)NCc2c(C)cc(C)[nH]c2=O)c1C)-c1ccc(CN2CCCN(C)CC2)nc1,601723,active
C[C@@H]1CCCCN1S(=O)(=O)c2ccc3c(c2)c(cc(n3)[O-])/C(=N/CC[NH+]4CCc5ccccc5C4)/O,C20686664,inactive
C[C@@H](Cc1cncs1)[NH2+]C2CCN(CC2)c3cccc(c3)NS(=O)(=O)c4ccc(cc4)F,C12246638,inactive
CCOc1cccc2c1oc(c2)C(=O)Nc3c(c4c(s3)C([NH2+]C(C4)(C)C)(C)C)C(=O)OCC,C08960135,inactive
c1ccc(cc1)C(=O)N/C(=C/[P+](c2ccccc2)(c3ccccc3)c4ccccc4)/C(=O)Nc5ccc(cc5Cl)[N+](=O)[O-],C98229542,inactive
C[C@@H]1CCCC[C@@H]1N2[C@@H]([C@@]34C=C[C@@H](O3)[C@@H]([C@@H]4C2=O)C(=O)Nc5ccc(cc5)OC)C(=O)NC6CCCCC6,C36066287,inactive
COc1cc(C(=O)NCc2c(C)cc(C)[nH]c2=O)cc2c1OCCO2,CHEMBL3605438,inactive
c1ccc(cc1)c2csc(n2)CN(C(=O)Cn3c4ccccc4nn3)C5(CCCC5)C(=O)Nc6ccc7c(c6)OCO7,C01419088,inactive
CC(C)n1ncc2c(cc(nc12)C1=CCN(CC1)C(=O)CN(C)C)C(=O)NCc1c(C)cc(C)[nH]c1=O,325959,active
CCOc1ccc(cc1)N(CC(=O)Nc2ccc(cc2)S(=O)(=O)N3CCCC3)S(=O)(=O)c4ccc(cc4)F,C59620718,inactive
Cc1cc(C)c(CNC(=O)c2cc(-c3ccc(CN(C)C)cc3)cc(NC3CCCC3)c2C)c(=O)[nH]1,CHEMBL3697399,active
Cc1cc([nH+]c(c1C#N)S[C@@H]2CC(=O)N(C2=O)c3cccc(c3)N4C(=O)C[C@H](C4=O)Sc5c(c(cc([nH+]5)C)C)C#N)C,C08426188,inactive
CN(C)S(=O)(=O)c1ccc(cc1)C(=O)C2=C(C(=O)N([C@@H]2c3ccc(cc3)OC)CC[NH+]4CCCCC4)O,C06165866,inactive
Cc1c(sc(n1)C2=C([NH+](CC2=O)C[C@]3(CCC[C@]4([C@@H]3CCc5c4ccc(c5)C(C)C)C)C)N)C,C30819384,inactive
COc1cccc(c1O)C[NH+]2CCC(CC2)[C@@]3(C(=O)N(C(=O)N3)CC4CC4)Cc5ccccc5Cl,C14882453,inactive
CC(C)n1ncc2c(cc(nc12)C1=CCN(CC1)C(=O)C1CNC1)C(=O)NCc1c(C)cc(C)[nH]c1=O,325936,active
CC[C@H](C)n1cc(C)c2c(cc(cc12)-c1ccc(nc1)N1CCN(CCCCCCCOc2cccc3C(=O)N(C4CCC(=O)NC4=O)C(=O)c23)CC1)C(=O)NCc1c(C)cc(C)[nH]c1=O,50582380,active
c1cc(ccc1c2cc(n3c(n2)c(c(n3)C(=O)Nc4cc(cc(c4)Sc5ccc(cc5)Br)[N+](=O)[O-])Cl)C(F)(F)F)F,C33354217,inactive
Cc1c(sc([nH+]1)N)c2nnc(n2CC=C)SCC(=O)Nc3ccccc3C(F)(F)F,C16755337,inactive
COc1ccccc1NC(=O)/C(=c\2/n(c(=O)/c(=C/c3cc(c(c(c3)OC)OC)OC)/s2)c4ccccc4)/C#N,C02233762,inactive
C[C@H]1C(=c2cc(ccc2=[NH+]1)OC(F)(F)F)CCN3C(=O)OC4([C@@]3(C)O)CC(NC(C4)(C)C)(C)C,C63506874,inactive
C[NH+](C)C[C@@H]1CCCC[C@@H]1NC(=O)CCC(=O)Nc2nnc(s2)SCc3ccc(cc3)Cl,C72245508,inactive
Cc1c(c(n(n1)Cc2cc(ccc2OC)[C@H]3c4c(c5cc(ccc5[nH]4)OCc6ccccc6)CC[NH2+]3)C)[N+](=O)[O-],C01794268,inactive
C/C(=[NH+]\c1ccc(cc1)OC)/C2=C(C(=O)N([C@H]2c3ccc(cc3)Br)CCO)O,C04295097,inactive
c1ccc(cc1)S(=O)(=O)Nc2ccccc2CNC(=O)/C=C/c3ccc(c(c3)C(F)(F)F)Cl,C72081980,inactive
c1ccc(cc1)C[NH+]2CCc3c(sc4c3C(=N[C@@H](N4)c5ccc(cc5)OC(=O)c6cccc(c6)F)O)C2,C15947327,inactive
COC(=O)[C@@H](Cc1ccc[nH+]c1)NC(=O)[C@@H]2CN(CCN2C(=O)NC3CCCCC3)C(=O)c4cccc(c4)F,C04147966,inactive
CS(=O)(=O)C1=[NH+]SC2=NC(=O)/C(=C\c3ccc(cc3)OC(=O)c4ccccc4Cl)/C(=[NH2+])N12,C20206189,inactive
Cc1cc([S+](C)[O-])c(CNC(=O)c2c(C)n([C@H](C)C3CCN(CC(F)(F)F)CC3)c3ccccc23)c(=O)[nH]1,CHEMBL4633598,active
CC1(Cc2c(c([nH+]c3c2c(c(s3)c4ccc(o4)C(=O)OC)NC(=O)c5ccccc5)N6CCOCC6)CO1)C,C97949637,inactive
c1ccc(cc1)OP(=O)(N=P(c2ccccc2)(c3ccccc3)Nc4ncccn4)Oc5ccccc5,C98008931,inactive
Cc1c2c(cc(/c(=[NH+]/c3ccc(cc3)OC(F)(F)F)/o2)C(=O)Nc4ccc(cc4OC)OC)c(cn1)CO,C59513774,inactive
C[C@@](CNS(=O)(=O)c1ccc(s1)Br)(c2cc3ccccc3o2)O,C98283476,inactive
CCN1CC=C2[C@H](C1)[C@H](C(C(=C2C#N)[NH3+])(C#N)C#N)c3ccc(c(c3)OCC)OCC[NH+]4CCOCC4,C39323526,inactive
CSCC[C@H](c1[nH+]c2ccccc2n1CC(=O)Nc3ccc4c(c3)CCC4)NC(=O)c5ccccc5,C32957689,inactive
CCN(C1CCOCC1)c1cc2oc(cc2c(C(=O)NCc2c(OC)cc(C)[nH]c2=O)c1C)C#N,50287068,active
Cc1ccc(s1)C[NH+](CCCOC)Cc2ccc(o2)C(c3ccc(cc3)OC)(c4ccc(cc4)OC)O,C36154590,inactive
CC(C)Cn1c2c(c(=O)[nH]c1=O)C(N=C(N2)c3cccc(c3)[N+](=O)[O-])(C(F)(F)F)C(F)(F)F,C15304755,inactive
COc1ccc(cc1)[C@@H]2[C@@H]3CC=C[C@@H]3c4cc(ccc4N2)S(=O)(=O)Nc5cccc(c5)C(F)(F)F,C58848389,inactive
CN(C1CCCCC1)c1cc(cc(C(=O)NCc2c(C)cc(C)nc2=O)c1C)-c1ccc(CN2CCOCC2)cc1,514155,active
COC(=O)[C@H](CCSC)NC(=O)N1CCc2c([nH]c[nH+]2)[C@H]1c3ccc(c(c3F)F)F,C20732844,inactive
Cc1cccc(c1)N2C(=O)[C@@H]3[C@H](N[C@@]4([C@@H]3C2=O)c5cc(ccc5NC4=O)F)CC6=c7ccccc7=[NH+]C6,C63479950,inactive
COc1ccc(cc1NC(=S)N[C@H](C(Cl)(Cl)Cl)NC(=O)c2ccc(cc2)I)[N+](=O)[O-],C98221437,inactive
Cc1c(c(n(n1)Cc2ccc(cc2)Br)C)NC(=O)c3cnn4c3nc(cc4C(F)F)c5ccc(cc5)OC,C00649089,inactive
CCCN1C/C(=C\c2ccc(cc2)OCC)/C3=C(C1)[C@@H](C(=C(O3)[NH3+])C#N)c4ccc(cc4)OCC,C39324521,inactive
C[C@@H]1CCC[C@H]([C@@H]1C)NC(=O)[C@@H]2[C@@]34C=C[C@@H](O3)[C@@H]([C@@H]4C(=O)N2Cc5ccc[nH+]c5)C(=O)Nc6ccc(cc6)C(C)C,C59522829,inactive
CCCCOc1cccc(c1)[C@@H]2C(=C(C(=O)N2c3nc4ccc(cc4s3)OCC)O)C(=O)c5ccc6c(c5)OCCO6,C97967461,inactive
CCCCNC(=O)[C@H]([C@H](C)CC)NC(=O)[C@@H]1CC2=c3ccccc3=[NH+][C@H]2[C@@H]4N1C(=O)c5c4cccc5,C63383876,inactive
[H]/N=c\1/c(cc2cc3c4c(c2o1)CCCN4CCC3)C(=O)Nc5ccc(c(c5)Cl)F,C04193211,inactive
[H]/N=c/1\c2c(ncn1CCc3ccc(c(c3)OC)OC)Oc4ccc5ccccc5c4[C@@H]2c6ccc(c(c6)OC)OC,C97954721,inactive
Cc1ccc(cc1)S(=O)(=O)N[C@H](C(C)C)C(=O)NC[C@@H](c2ccc(cc2)F)[NH+]3CCOCC3,C32970872,inactive
CN(C1CCNCC1)c1cc(Br)cc(C(=O)NCc2c(C)cc(C)[nH]c2=O)c1C,50149896,active
C[C@@H](c1nnc(n1c2ccc(cc2)Cl)SCC(=O)Nc3ccccc3Br)[NH+](C)C,C03379632,inactive
CN(C)c1ccc(cc1)NC(=O)CSc2nnc(n2N)NN=C(Cc3ccccc3)Cc4ccccc4,C20918911,inactive
CCCCn1c(c(c(c(c1=O)C#N)C)/C=C/2\C(=O)N(C(=S)S2)C(C)C)NCc3ccc4c(c3)OCO4,C39851762,inactive
c1ccc(c(c1)CN2C(=O)[C@@H]3[C@H]([NH2+][C@@]4([C@@H]3C2=O)c5cc(ccc5NC4=O)Cl)CCC(=O)[O-])Cl,C16020672,inactive
Cn1cc(cc1C(=O)NN/C(=C/Oc2ccc(cc2Cl)Cl)/[NH3+])C(=O)c3ccc(cc3Cl)Cl,C18152612,inactive
CC(C)n1ncc2c(cc(nc12)-c1ccc(CNCCN(C)C)cc1)C(=O)NCc1c(C)cc(C)[nH]c1=O,325845,active
Cn1cc[nH+]c1[C@H](c2ccc(cc2)F)NC(=O)c3cccc(c3)NC(=O)c4ccc(o4)Br,C46913081,inactive
c1ccc(c(c1)N2CCN(CC2)C(=O)Cc3csc(n3)NC(=O)c4cccs4)O,C44174308,inactive
CC(C)(CNC(=O)[C@H]1Cc2c(sc(n2)NC(=O)c3cccs3)C(=O)C1)C[NH+](C)C,C11838991,inactive
CCN(C(=O)C(C)C)c1cc(-c2ccc(CN3CCOCC3)cc2)cc(C(=O)NCc2c(C)cc(C)[nH]c2=O)c1C,CHEMBL4845841,active
c1ccc(cc1)n2cc(c(n2)c3cccs3)/C=C\C(=O)NNC(=O)COc4cccc(c4)C(F)(F)F,C33390771,inactive
CCN([C@H]1CC[C@@H](CC1)N(C)C)c1cc(Cl)cc(C(=O)NCc2c(C)cc(C)n(C)c2=O)c1C,190186,active
CCN(C1CCOCC1)c1cc2oc(CN3CCC(F)(F)CC3)cc2c(C(=O)NCc2c(OC)cc(C)[nH]c2=O)c1CC,458797,active
CC(C)c1c(c(n(n1)c2ccccc2)Oc3cccc(c3)F)C[NH+](C[C@H](COCc4ccccc4)O)C5CC5,C36307981,inactive
Cc1cc(C)c(CNC(=O)c2cc(cc3N(CCc23)C2CCOCC2)-c2ccc(CN3CCOCC3)cc2)c(=O)[nH]1,50205630,active
CC(N1CCOCC1)c1cc(Cl)c2CCN(Cc3c(C)cc(C)[nH]c3=O)C(=O)c2c1Cl,435579,active
Cc1noc(C)c1-c1cc(Cl)c2c(c1Cl)C(=O)N(Cc1c(C3CC3)cc(C)n(C)c1=O)CC2,CHEMBL5081796,active
Cc1cccc(c1)NC(=O)c2ccccc2NC(=O)C[NH+](C)CC(=O)Nc3cc(ccc3OC)Cl,C21579868,inactive
C/C(=[NH+]\CCNc1c(cc(c[nH+]1)C(F)(F)F)Cl)/CC(=O)Nc2ccc(cc2Cl)Cl,C08857245,inactive
c1ccc(cc1)[C@@H](C(=O)Nc2ccc(cc2)S(=O)(=O)N)SC3=N[C@H]4C(=c5ccccc5=[NH+]4)N=N3,C39252927,inactive
CC(=O)[C@]1(CC[C@@H]2[C@@]1(CC[C@@H]3[C@@H]2CCC4=C/C(=N/OCC(=O)N[C@@H](Cc5c[nH]cn5)C(=O)OC)/CC[C@]34C)C)O,C70680980,inactive
CCOc1cc(ccc1OCc2nnc(n2C)SCC(=O)Nc3ccc(cc3C(C)C)I)C,C02862085,inactive
C[C@@H](C(=O)N1CCc2c1cccc2)Sc3nnc(n3N)c4cc(ccc4Cl)Cl,C02633924,inactive
CCCCCOc1ccc(cc1OCC)[C@@H]2C(=C(C(=O)N2CC[NH+]3CCOCC3)[O-])C(=O)c4ccc5c(c4)C[C@H](O5)C,C97969414,inactive
c1ccc(cc1)[C@@H](CCC(=O)N/N=C/c2cc(ccc2OCc3ccccc3C#N)Br)O,C83325119,inactive
C[C@@H](C(=O)Nc1ccccc1NC23CC4CC(C2)CC(C4)C3)NC5=NS(=O)(=O)c6c5cccc6,C72053459,inactive
C[C@H]([C@H](c1cccs1)[NH+]2CCN(CC2)c3ccc(cc3)OC)NC(=O)C(=O)NCc4ccc5c(c4)OCO5,C33356482,inactive
c1ccc(cc1)Cn2c(nnc2SCC(=O)Nc3ccc(cc3)Cl)c4ccc(cc4)O,C01221562,inactive
c1cc2n(c(=O)c1)C[C@H]3C[C@@H]2C[NH+](C3)C[C@H]4CN5CC[C@H]4C[C@@H]5CNC(=S)Nc6ccc(cc6)n7cccn7,C67870843,inactive
CC[C@H](C)[C@H](C(=O)N1CC[NH+](CC1)C/C=C/c2ccccc2)NC(=O)Nc3ccccc3Br,C34969900,inactive
Cc1ccc(cc1C)OCCCCn2c3ccccc3[nH+]c2[C@@H](C)NC(=O)c4cc(c(c(c4)OC)OC)OC,C40293039,inactive
c1cc(cc(c1)C(F)(F)F)C2(CC[NH+](CC2)Cc3cc4ccc(cc4n(c3=O)Cc5ccc[nH+]c5)F)O,C12152975,inactive
COc1cc(cc(c1OC)OC)C(=O)c2cc(ccc2N/C=C(\C#N)/c3nc(cs3)c4ccc5c(c4)OCO5)Cl,C01783398,inactive
c1ccc(cc1)c2c(cn(n2)c3ccccc3)C(=O)NNC(=O)CNC(=O)c4c(cccc4Cl)F,C97553662,inactive
CCOC(=O)c1c2c(sc1NC(=O)CCCSc3ccc(cc3)OC)C([NH2+]C(C2)(C)C)(C)C,C09473041,inactive
c1ccc(cc1)c2c3ccc4ccccc4c3n(c2c5ccccc5)C[C@H](CN6CC[NH+](CC6)CCO)O,C28296575,inactive
C[NH+](C)CCCNC(=O)/C(=C/c1ccc(o1)c2ccc(cc2)Br)/NC(=O)c3ccccc3,C03014697,inactive
c1ccc(c(c1)C(=O)OCC(=O)Nc2ccc(c(c2)F)F)SCC(=O)Nc3ccc(c(c3)F)F,C03295500,inactive
CC(=O)N1CCC(CC1)n1ncc2c(cc(nc12)C1=CC(C)(C)NC(C)(C)C1)C(=O)NCc1c(C)cc(C)[nH]c1=O,325908,active
CC(C)c1ccc(cc1)[C@H]2[C@H]3C(=c4ccccc4=[NH+]3)C[C@H]5N2C(=O)CN(C5=O)C[C@@H](c6ccccc6)O,C63137376,inactive
c1ccc2c(c1)c(c[nH]2)C[NH+]3CC[C@H]([C@H](C3)CC[NH+]4C[C@@H]5C[C@H](C4)c6cccc(=O)n6C5)CC(=O)[O-],C12480987,inactive
CCOc1ccccc1[C@H]2N[C@@H](CC(=N2)c3ccc(cc3)Br)c4cccc(c4O)OCC,C53364902,inactive
c1ccc(cc1)CSc2nc3n(n2)[C@@H](C4=C(N3)CCCC4=O)c5ccc(cc5)OCC(=O)N6CCCCC6,C54642303,inactive
Cc1cccc(c1OCCCOc2ccc(cc2)/C=C\3/C(=[NH2+])N4C(=[NH+]SC4=NC3=O)S(=O)(=O)C)C,C20206115,inactive
CCN(C1CCC(CC1)NC(F)(F)F)c1c(CC)c(cc2n(C)ncc12)C(=O)NCc1c(C)cc(C)[nH]c1=O,516854,active
c1ccc(c(c1)COc2ccc(cc2CNn3c(n[nH]c3=S)c4ccncc4)Br)Cl,C22110829,inactive
c1ccc2c(c1)c(c[nH]2)[C@H](CC(=O)N3CC[NH+](CC3)Cc4ccc5c(c4)OCO5)c6ccc(c(c6)C(F)(F)F)Cl,C98021364,inactive
Cc1ccc(cc1)S(=O)(=O)N/[NH+]=c/2\c(cc3cccc(c3o2)OC)C(=O)Nc4ccccc4OC,C59170736,inactive
Cc1ccc(cc1)S(=O)(=O)/N=C(/C[NH+]2CCCCC2)\N3CCN([C@H]3c4ccc(cc4)OC)S(=O)(=O)c5ccccc5,C97961994,inactive
COc1ccc(cc1)n2c(c3c(nc(nc3n2)N4CCN(CC4)c5cccc[nH+]5)c6cccc(c6)F)N,C37359188,inactive
c1ccc(c(c1)C[NH+]2CCC3(CC2)Nc4ccccc4S(=O)(=O)[N-]3)OC(F)F,C24905561,inactive
CCOc1ccc(cc1C[NH+]2C[C@H]3C[C@@H](C2)c4cccc(=O)n4C3)/C=N/NC(=O)c5ccccc5NC(=O)C,C20616177,inactive
COc1ccc(c(c1)N(CC(=O)NCCSCc2ccc(cc2Cl)Cl)S(=O)(=O)c3ccccc3)OC,C59651370,inactive
c1cc(ccc1c2nc(c(o2)NCC[NH+]3CCOCC3)S(=O)(=O)c4ccc(cc4)Br)F,C39844106,inactive
Cc1ccc(cc1)NS(=O)(=O)c2ccsc2C(=O)NC[C@H](c3ccccc3Cl)[NH+](C)C,C62606781,inactive
CCCCCOc1cccc(c1)[C@@H]2c3c(n[nH]c3C(=O)N2Cc4cc[nH+]cc4)c5ccccc5O,C38610063,inactive
N[C@@H](CCSC[C@@H]1O[C@@H]([C@@H](O)[C@H]1O)n1cnc2c(N)ncnc12)C(=O)NCc1cc([nH]n1)-c1ccccc1,50597871,active
CCOc1ccc(cc1)NC(=S)N/C(=N/c2nc(cc(n2)C)C)/N3CCN(CC3)c4cccc[nH+]4,C14159802,inactive
Cc1ccccc1OCC(=O)N/N=C/c2cc(cc(c2OC(=O)c3ccccc3I)Br)Br,C98001663,inactive
c1ccc(cc1)CCN2C(=O)N(C(=O)C23CC[NH+](CC3)Cc4ccccc4Cl)Cc5cccc[nH+]5,C14537358,inactive
CCSc1nnc(s1)N2C3=C([C@H](C(=C2[NH3+])C#N)c4ccc(c(c4)OC)OC)C(=O)CC(C3)(C)C,C39426017,inactive
CCC(OC)c1cc(Cl)c2CCN(Cc3c(C)cc(C)[nH]c3=O)C(=O)c2c1Cl,50246966,active
CC[NH+](CC(=O)Nc1ccccc1C(F)(F)F)CC(=O)Nc2c(c3c(s2)CCC3)C(=O)OCC,C16588656,inactive
CCCc1cc(C)[nH]c(=O)c1CNC(=O)c1cc(cc2n(Cc3ccccc3)ncc12)-c1ccc(nc1)N1CCN(CC1)C(C)C,50536603,active
CC(=O)O[C@@]12[C@@H]3[C@H](C[C@@]([C@@H]3OC(=O)c4ccccc4)([C@@H]([C@@H]1O)OC)O)[C@]56[C@@H](CC[C@@]7([C@H]5[C@@H]([C@H]2[C@H]6[NH+](C7)C)OC)COC)OC,C85341036,inactive
c1ccc(cc1)CCN(CCC(=O)N2CCN(CC2)c3ccccc3F)c4c5ccc(cc5[nH+]c(n4)C6CC6)Cl,C98009867,inactive
CCN(C1CCOCC1)c1c(CC)c(cc2n(C)ncc12)C(=O)NCc1c(C)cc(C)[nH]c1=O,516846,active
CC[NH+](CC)CCOC(=O)c1ccc(cc1)NC=C2C(=O)N(C(=S)N(C2=O)c3ccccc3)c4ccccc4,C97951045,inactive
Cc1ccccc1NS(=O)(=O)c2ccc3c(c2)C[C@@H](N3C(=O)C)C,C06878201,inactive
Cc1ccc(cc1)NC(=O)CN2c3ccccc3[C@]4(C2=O)[C@H]5[C@@H]([C@@H]([NH2+]4)CC(C)C)C(=O)N(C5=O)c6ccc(cc6)OC,C59587142,inactive
CCc1ccc(cc1)NC(=O)/C(=C/c2cc(c(c(c2)Br)O)OC)/C#N,C06209563,inactive
Cc1c(c(n(n1)c2ccccc2)Oc3ccccc3OC)C[NH+](Cc4ccc(cc4)F)C[C@H](CCC=C)O,C36302219,inactive
C=CCOc1c(cc(cc1I)I)/C=N/Nc2[nH]nnn2,C59514289,inactive
CCOc1cc(cc(c1OCc2ccccc2)Cl)/C=N/NC(=O)Cc3nnc(s3)NC(=O)c4ccccc4C,C01897907,inactive
CCOc1ccc(cc1)C(=O)[C@H]2[C@H](N(C(=O)C2=O)CCc3c[nH]c4c3cccc4)c5ccc(cc5)C(=O)OC,C01411050,inactive
CCCCc1ccc(cc1)n2c(c(c3c2nc4ccccc4[nH+]3)C(=O)Nc5c(c6c(s5)CCCC6)C(=O)OCC)N,C01758534,inactive
CCS(=O)(=O)C1=[NH+]SC2=NC(=O)/C(=C\c3ccc(c(c3)Cl)OCc4ccc(cc4)F)/C(=[NH2+])N12,C20206844,inactive
CC(C)CCNC(=O)[C@H](CC(C)C)NC(=O)[C@@H]1CC2=c3ccccc3=[NH+][C@@H]2[C@@H]4N1C(=O)c5c4cccc5,C63383712,inactive
Cc1cccc(c1NC(=O)C[NH+]2CC[NH+](CC2)[C@H](C)C(=O)Nc3ccc(c(c3)OC)OC)C,C27542920,inactive
CC(C)[NH+](Cc1[nH]c(=O)c2c(csc2n1)c3ccc(cc3)Cl)C[C@H](COc4ccc(cc4)Cl)O,C36207770,inactive
c1ccc(c(c1)NC(=O)c2cc3n(n2)[C@H](C[C@@H](N3)c4ccc5c(c4)OCO5)C(F)(F)F)[NH+]6CCCCC6,C01326818,inactive
CCc1cc(c(s1)SCC)[C@@H]2C(=C(N(C3=C2C(=O)CC(C3)(C)C)c4ccc(cc4)[N+](=O)[O-])[NH3+])C#N,C27550698,inactive
CCN(CC)S(=O)(=O)c1ccc([nH+]c1)S[C@@H](C)C(=O)Nc2ccc(cc2)Br,C12609114,inactive
CC(C)CN1CCC(CC1)[C@@H](C)c1sc2CCCN(Cc3c(C)cc(C)[nH]c3=O)C(=O)c2c1C,439132,active
c1ccc(cc1)CN2[C@H]([C@H](OC2=O)c3ccc(cc3)NC(=O)c4ccccc4)C(=O)NCCc5cccc[nH+]5,C36216175,inactive
Cc1n[nH]c(C)c1-c1cc(Cl)c2CCN(Cc3c(C)cc(C)[nH]c3=O)C(=O)c2c1Cl,50193712,active
Cn1c2ccc(cc2c(=O)n(c1=O)C)S(=O)(=O)NC[C@H](c3ccc(c(c3)OC)OC)N4CCCCC4,C55104313,inactive
CS(=O)(=O)Nc1nnc(s1)SCC(=O)Nc2c(cc(c[nH+]2)Br)Br,C08857458,inactive
CC(=O)N1CCN(CC1)C(=O)c2coc(n2)C[NH+](CCc3c[nH]c4c3cccc4)Cc5ccccc5Cl,C36063995,inactive
c1ccnc(c1)NC(=O)[C@](C(F)(F)F)(OC([C@@](C(F)(F)F)(OC(C(C(F)(F)F)(F)F)(F)F)F)(F)F)F,C68576083,inactive
c1cc([nH+]cc1Br)N2C3=C([C@@H](C(=C2N)C#N)c4ccsc4)C(=O)CCC3,C00714588,inactive
COc1cc(cc(c1OC)OC)C(=O)Oc2c(cc(cc2Br)Br)/C=N\NC(=O)c3ccc4c(c3)OCO4,C08442950,inactive
CC1CCC(CC1)[NH2+][C@@H]2CC(=O)N(C2=O)c3ccc(cc3)N4C(=O)C[C@@H](C4=O)[NH2+]C5CCC(CC5)C,C13388258,inactive
Cc1ccc(c(c1)C[NH+]2C[C@H](C[C@H]2C(=O)Nc3ccc4c(c3)nc(s4)C)Sc5nc(cc(n5)C)C)C,C12283301,inactive
COc1ccc(cc1)[C@H]2C(=c3ccccc3=[NH+]2)SCCNC(=O)c4ccc(o4)Br,C63654883,inactive
CNc1c2c(nc([nH+]1)N3CC[NH+](CC3)C(c4ccccc4)c5ccccc5)C[C@H](CC2=O)c6ccco6,C20503118,inactive
Cn1c(nnc1SCC(=O)Nc2ccc3c(c2)sc(n3)SCc4ccc(cc4)Br)c5ccc(cc5Cl)Cl,C98002653,inactive
COC(C1CCN(CC1)C(C)=O)c1cc(Cl)c2CCN(Cc3c(C)cc(C)[nH]c3=O)C(=O)c2c1Cl,50246939,active
CCN(Cc1ccccc1)c2ccc(cc2)[C@H]3[C@@H]([C@@](N(C(=O)N3C)C)(C(F)(F)F)O)C(=O)c4ccccc4,C39888709,inactive
COc1ccc(cc1)OCC(=O)O[C@H]2C[C@@H]3C[NH+]4CCc5c6ccc(cc6[nH]c5[C@H]4C[C@@H]3[C@@H]([C@H]2OC)C(=O)OC)OC,C08385821,inactive
c1cc(c(cc1/C=N/Nc2c3c([nH]cn3)ncn2)OC([C@H](C(F)(F)F)F)(F)F)OC([C@H](C(F)(F)F)F)(F)F,C97965329,inactive
c1ccc2c(c1)[C@]3(CCO2)C(=O)N(C(=O)N3)CC(=O)Nc4nc([nH]n4)SCc5ccc(cc5)Cl,C09254967,inactive
Cc1ccc(cc1)/C=N/N=C\2/N=C([C@@H](S2)CC(=O)Nc3cccc(c3)C(F)(F)F)O,C00992282,inactive
c1ccc(cc1)NC(=O)CN2C(=O)[C@@H]3[C@H]4C[C@@H]([C@@H]3C2=O)[C@@H]5[C@@H]4[C@@H](c6c([nH]c(=O)s6)S5)c7ccc[nH+]c7,C39871618,inactive
CSc1cc(C)[nH]c(=O)c1CNC(=O)c1c(C)n([C@H](C)[C@H]2CC[C@H](N3CC(OC4CC4)C3)CC2)c2ncc(F)cc12,CHEMBL4638754,active
Cc1ccc(cc1)c2nnc(n2c3ccc(cc3)OC)SCC(=O)N/N=C/c4ccc(c(c4)Br)OC,C01878136,inactive
c1ccc2=[NH+]C([NH+]=c2c1)C3CCN(CC3)S(=O)(=O)c4ccc(cc4)NC(=O)CCC5CCCC5,C63699706,inactive
C[NH+]1CCc2c(sc3c2C(=N[C@@H](N3)c4cc5c(cc4Br)OCO5)O)C1,C09270347,inactive
CC[C@H](C)n1cc(C)c2c(cc(cc12)-c1ccc(nc1)N1CCN(CCCCCCCCCCCCOc2cccc3C(=O)N(C4CCC(=O)NC4=O)C(=O)c23)CC1)C(=O)NCc1c(C)cc(C)[nH]c1=O,50582385,active
COc1ccc(cc1O)[C@H]2CC(=Nc3c2ncn3c4cccc(c4)Br)O,C40266661,inactive
CC(C)[C@H](C(=O)Nc1ccc(cc1)N2CCOCC2)NS(=O)(=O)c3ccc(cc3)Br,C32999787,inactive
c1ccc(cc1)C(c2ccccc2)[NH+]3CCN(CC3)C(=O)CN(Cc4ccc(cc4)Br)S(=O)(=O)c5ccccc5,C33355588,inactive
c1ccc(c(c1)N2CCN(CC2)CCCNC(=O)c3ccc(cc3)CS[C@@H]4[NH+]=c5ccncc5=[NH+]4)F,C63502885,inactive
Cc1ccc(cc1)[C@H](c2cccs2)NC(=O)C[NH+](C)CC(=O)Nc3cc(ccc3OC)Cl,C15441839,inactive
c1ccc(cc1)C2=CCN(CC2)C(=O)CN3C(=O)[C@H](NC3=O)Cc4c[nH]c5c4cccc5,C14198301,inactive
[H]/N=c/1\c2c(ncn1CCc3ccc(c(c3)OC)OC)Oc4ccc5ccccc5c4[C@H]2c6ccc(c(c6)OC)OC,C97954720,inactive
CC(C)[NH+](Cc1[nH]c(=O)c2c(csc2n1)c3ccccc3OC)C[C@@H](COc4ccc(cc4)Cl)O,C36207132,inactive
C[NH+](CC(=O)Nc1cccc(c1)F)CC(=O)Nc2ccc(c(c2)S(=O)(=O)N3CCCCC3)OC,C09492496,inactive
CCCCCCCCN1C(=O)/C(=C/c2c(nc3c(cccn3c2=O)C)NCCCn4cc[nH+]c4)/SC1=S,C98228926,inactive
c1ccc(cc1)NS(=O)(=O)c2ccc(cc2)C(=O)N[C@@H]3CCc4c3ccc(c4)F,C72022069,inactive
CCOc1ccccc1NC2=Nc3ccccc3N4C2=[NH+]c5c(c(nn5c6ccccc6)C)[C@H]4c7ccc(c(c7)OC)OC,C02593633,inactive
Cc1ccc(cc1)S(=O)(=O)N(C[C@@H](C[NH+]2CCCC2)O)c3ccc(cc3)NC(=O)C,C95117122,inactive
c1ccc(cc1)CNC(=O)NCC(=O)N2CCN(CC2)S(=O)(=O)c3ccc(cc3)Br,C27075989,inactive
CC[NH+](CC)c1ccc(cc1)/C=C\2/C(=O)c3ccc4c(c3O2)C[NH+](CO4)CCCc5ccccc5,C62993117,inactive
Cc1cc(C)c(CNC(=O)c2cc(Br)cc3n(ncc23)C2CCN(CC2)C(=O)C(C)(C)C)c(=O)[nH]1,326115,active
CCOC(=O)c1ccc(cc1)NC(=O)Cn2c3c(c4c(s3)CN(CC4)C(=O)C)c(=O)n(c2=O)c5ccccc5,C02693707,inactive
CCN(C1CCC(CC1)N1CC(C1)OCC(F)(F)F)c1c(CC)c(cc2n(C)ncc12)C(=O)NCc1c(C)cc(C)[nH]c1=O,516864,active
c1ccc2c(c1)-c3ccccc3C2COC(=O)N[C@@H](Cc4cn(c[nH+]4)C(=O)OCC5c6ccccc6-c7c5cccc7)C(=O)[O-],C98214695,inactive
CCc1ccccc1NC(=O)CSc2c([nH+]c([nH]2)c3ccccc3)S(=O)(=O)c4ccccc4,C12112474,inactive
COc1ccc(cc1OC)c2cc([nH+]c(c2C#N)SCC(=O)Nc3c(c4c(s3)CCCC4)C#N)c5ccccc5,C08426247,inactive
Cc1cc(n([nH+]1)[C@@H](C)C(=O)Nc2ccc(cc2Cl)NC(=O)/C=C/c3ccccc3OC(F)F)C,C72038689,inactive
C[C@H]1CCC[C@H]([C@@H]1C)NC(=O)[C@@H]2[C@@]34C=C[C@@H](O3)[C@@H]([C@@H]4C(=O)N2CC[NH+]5CCCC[C@@H]5C)C(=O)Nc6cccc(c6)Cl,C53229718,inactive
c1cc(cc(c1)S(=O)(=O)/N=C\2/CCCN2)NC(=O)c3ccc(s3)Br,C34863171,inactive
Cc1ccc(cc1)Cc2[nH+]c3cc(c(cc3n2CCC(=O)NCCc4ccc(c(c4)OC)OC)Cl)Cl,C96291143,inactive
CC(C1COC1)c1cc(Cl)c2CCN(Cc3c4cc[nH]c4c(C)[nH]c3=O)C(=O)c2c1Cl,378914,active
CCCCCCOc1ccc(cc1)N2C(=O)C[C@H](C2=O)S/C(=[NH+]\CC)/Nc3cccc(c3)C(F)(F)F,C08430170,inactive
C/C(=N/NC(=O)CSc1[nH+]c2ccccc2n1Cc3ccccc3Cl)/c4ccc(cc4)c5ccccc5,C97447290,inactive
CCN(c1cc(-c2ccc(CN3CCOCC3)cc2)cc(C(=O)NCC2C(=O)NC(C)c3cccc(F)c32)c1C)C1CCOCC1,CHEMBL5208744,active
Cc1ccc(c(c1)NC(=O)[C@H](C(C)C)NS(=O)(=O)c2ccc3c(c2)OCCO3)C,C03404657,inactive
Cc1ccc(cc1)S(=O)(=O)c2ccc(o2)C(=O)NC[C@H](c3ccc(c(c3)OC)OC)[NH+]4CCCCCC4,C40322884,inactive
CC1=C([C@H](N2CCCSC2=[NH+]1)c3ccc(cc3)NC(=O)Nc4cccc(c4Cl)Cl)C(=O)OC,C33642466,inactive
CCN([C@H]1CC[C@@H](CC1)N(C)C)c1cc(cc(C(=O)NCc2c(C)cc(C)[nH]c2=O)c1C)-c1ccsc1,172149,active
Cc1ccc(c(c1)N/C(=[NH+]/[C@@H](C)[C@H](c2cccs2)[NH+]3CCOCC3)/[S-])C,C23182186,inactive
Cc1cc(ccc1NC(=O)[C@H]2c3ccccc3C(=O)N([C@@H]2c4cn(c5c4cccc5)C)CCOC)Br,C59522926,inactive
c1ccc(c(c1)/C=C/2\C(=O)N(C(=O)S2)CCNC(=O)CN3CCN(CC3)c4ccc(cc4)O)Cl,C33761544,inactive
Cc1ccc(cc1)C(=O)N/C(=C\c2cn(nc2c3ccc(cc3)I)c4ccccc4)/C(=O)NCCC[NH+](C)C,C97947567,inactive
CCN(c1cc(Cl)cc(C(=O)NCc2c(C)cc(C)[nH]c2=O)c1C)C1CCC(CO)CC1,CHEMBL3916617,active
C[NH+](C)CCCN1[C@H](C(=C(C1=O)O)C(=O)c2ccc(cc2)OCc3ccccc3)c4cccc(c4OC)OC,C39826971,inactive
c1ccc(cc1)[C@H]2C(=O)NCCN2S(=O)(=O)c3ccc4c(c3)CCC4,C62606767,inactive
CCOc1cc(ccc1OCC=C)[C@H]2C(=C(C(=O)N2CC[NH+]3CCOCC3)O)C(=O)c4ccc5c(c4)OCCO5,C97968364,inactive
CCOc1cc(ccc1OC(=O)c2cccs2)[C@H]3Nc4c(c5c(s4)C[C@H](CC5)C)C(=[NH+]3)O,C15947641,inactive
CSc1cc(C)[nH]c(=O)c1CNC(=O)c1c(C)n([C@H](C)C2CCN(CC2)C2CC2)c2ncc(Cl)cc12,574927,active
COc1ccc(cc1OC)CCN2C(=O)/C(=C/c3c(nc4ccccn4c3=O)NCCc5ccccc5)/SC2=S,C98229043,inactive
CSc1c(c(n([nH+]1)CC(=O)Nc2ccccc2C(F)(F)F)N)c3nc(no3)c4ccc(cc4)Cl,C45895447,inactive
CC(C)[C@@H](c1ccc(cc1)OC)NC(=O)c2ccc(cc2)NC(=O)CSc3[nH+]ccn3C,C25158069,inactive
CC1(Cc2c(c(nc3c2c4c(s3)c(nc(n4)SC)NCC[NH+]5CCOCC5)N6CCOCC6)CO1)C,C13758826,inactive
COc1ccc(cc1)NC(=O)CSc2nc(nn2CC(=O)Nc3ccccc3C(F)(F)F)c4cc[nH+]cc4,C01225091,inactive
Cc1nc(cc(n1)SCCC(=O)Nc2nc3ccc(cc3s2)S(=O)(=O)N)c4ccccc4,C40171879,inactive
CCCOc1ccc(cc1)C(=O)Oc2ccc(cc2/C=N/NC(=O)C(=O)Nc3cccc(c3)OC)Br,C04335823,inactive
c1ccc(cc1)Oc2cccc(c2)/C=C(\C(=O)NCCCn3cc[nH+]c3)/NC(=O)c4ccc(cc4)Cl,C27017469,inactive
CCN(C1CCOCC1)c1cc(cc(C(=O)NCc2c(C)cc(C)nc2=O)c1C)-c1ccc(cc1)C(=O)N1CCOCC1,172117,active
Cc1ccccc1NC(=O)[C@@H](C)[NH+]2CC[NH+](CC2)CC(=O)Nc3ccc(cc3)OC(F)(F)F,C32541976,inactive
c1ccc(cc1)CC2CC[NH+](CC2)CCNC(=O)c3nnc(s3)C(=O)Nc4ccc(cc4)F,C33060278,inactive
Cn1c(nnn1)SCCC[NH2+]Cc2cc(ccc2OCc3ccc(cc3Cl)Cl)Br,C22109238,inactive
CN(C)c1ccc(cc1)[C@@H](CNS(=O)(=O)c2ccccc2[N+](=O)[O-])[NH+]3CCN(CC3)c4ccc(cc4)F,C21755112,inactive
C[C@H](c1nc2ccccc2c(n1)Nc3cccc(c3)OC)[NH+]4CCN(CC4)S(=O)(=O)c5ccc(cc5)F,C22052453,inactive
COc1ccccc1[C@H]2[C@@H](C(=NC(=C2C(=O)OC)[O-])SCC(=O)Nc3ccc(cc3)Br)C#N,C97950989,inactive
CCOc1ccc(cc1)[C@H]2C3=C(C[C@@H](CC3=O)c4ccc(cc4)OC(C)C)Nc5ccccc5N2,C21236738,inactive
CC(C)[NH+]1CCc2c(sc(c2C(=O)N)NC(=O)CCCS(=O)(=O)c3ccc(cc3)Cl)C1,C09914546,inactive
Cc1c(sc(n1)N2[C@@H]([C@H](C(=O)C2=O)C(=O)c3cccs3)c4ccc(cc4)O)C,C06812801,inactive
c1ccc(cc1)CN(CCC(=O)N)C(=O)Cn2cnc3c(c2=O)c(cs3)c4ccc(cc4)Cl,C22057738,inactive
CC(=O)Nc1ccc(cc1)S(=O)(=O)N2[C@H](C(=C([C@H]2C(=O)c3ccccc3)[NH3+])C#N)c4ccccc4,C20094984,inactive
c1ccc(cc1)NC(=O)c2ccccc2/[NH+]=C\c3ccc(cc3)/C=N/c4ccccc4C(=O)Nc5ccccc5,C02842581,inactive
Cc1cc(C)c(CNC(=O)c2cc3CC(C)(C)Oc3c(c2)-c2ccc(nc2)N2CCNCC2)c(=O)[nH]1,359740,active
CCN(C1CCOCC1)c1cc(cc(C(=O)NCc2c(C)cc(C)[nH]c2=O)c1C)-c1ccc(CN2CCCN(C)CC2)cc1,172081,active
CC(C)N(CC(=O)Nc1nc(cs1)CC(=O)NCC[NH+]2CCCC2)C(=O)c3ccc(c(c3)Cl)Cl,C00698188,inactive
c1cc(ccc1NC(=O)c2ccc(o2)Br)NC(=O)c3ccc(o3)Br,C00842502,inactive
CCCCCOc1cccc(c1)[C@@H]2C(=C(C(=O)N2CCC[NH+](CC)CC)O)C(=O)c3c(nc4n3cccc4)C,C35420407,inactive
Cn1c(c(c(=O)n(c1=O)C)C(=O)CSc2nnc(n2c3ccc(cc3F)F)c4ccccc4)N,C03355546,inactive
COc1cccc(c1)[C@H]2C[C@H](n3c(c(cn3)/C(=[NH+]/Cc4cccs4)/O)N2)C(F)(F)F,C00884182,inactive
C[C@]12CCC(=O)C=C1CC[C@@H]3[C@H]2CC[C@]4([C@@H]3CC[C@@]4(C(=O)COC(=O)CCC(=O)NCCCn5cc[nH+]c5)O)C,C70705899,inactive
CCOC(=O)c1c2cc(c(cc2n(c1CSC(=[NH2+])N)c3ccc(cc3)C)Br)OC(=O)C,C08453853,inactive
CCN(CC)S(=O)(=O)c1ccc(cc1)Nc2c(c([nH+]cn2)Nc3ccc(cc3OC)OC)N,C40754429,inactive
[H]/N=C/1\C(=C\c2cc(c(c(c2)Cl)O)Cl)\C(=O)N=C3N1C(=NS3)SCC,C04971112,inactive
CCOc1cc(ccc1O)[C@@H]2c3c(nn(c3[NH+]=C4N2c5ccccc5N=C4Nc6ccc(c(c6)Cl)C)c7ccccc7)C,C01898619,inactive
c1ccc(c(c1)C(=O)Nc2ccc(cc2)Br)NC(=O)C(=O)N/N=C/c3ccc(cc3)OC(=O)c4ccccc4I,C04282169,inactive
CC\1(c2ccccc2N(/C1=C\C(=O)C[NH+]3CCN(CC3)S(=O)(=O)c4cc(n(c4)C)C(=O)N)C)C,C45620710,inactive
CCOc1cc(ccc1OCc2c(cccc2Cl)Cl)/C=N/NC(=O)CSc3nnc(s3)N,C40947195,inactive
COc1ccc(cc1)c2cc(n3c(n2)c(c(n3)C(=O)Nc4cccc(c4)O)Br)C(F)(F)F,C00825532,inactive
C[C@H]1CCc2c(sc(c2C(=O)N)NC(=O)CCCS(=O)(=O)c3nc(cc(n3)C(F)(F)F)c4ccccc4OC)C1,C03655069,inactive
CC(C)COC[C@H](C[NH+](CC(=O)N(CCc1c[nH]c2c1cccc2)Cc3ccc(cc3)C(C)(C)C)C(C)C)O,C35842651,inactive
C[NH+]1C/C(=C\c2ccc(cc2)SC)/C3=C(C1)[C@@H](C(=C(O3)N)C#N)c4ccc(cc4)SC,C08448496,inactive
c1ccc(cc1)C(=O)N/C(=C\c2ccc(o2)c3ccc(c(c3)Cl)Cl)/C(=O)NCCCn4cc[nH+]c4,C13551703,inactive
Cc1cccc(c1)COc2ccc(cc2)C(=O)C3=C(C(=O)N([C@@H]3c4cccc(c4)Cl)Cc5ccc[nH+]c5)O,C13571305,inactive
CC[NH+](CC)CCNC(=O)c1ccc2c(c1)[C@H]3C=CC[C@H]3[C@@H](N2)c4cc(ccc4Cl)[N+](=O)[O-],C14473571,inactive
Cc1ccc(cc1)C2=NN([C@H](C2)c3ccc(cc3)Br)C(=[NH2+])S[C@@H]4CC(=O)N(C4=O)c5ccc(cc5)F,C59823926,inactive
Cc1cc(ccc1S(=O)(=O)NC[C@H](c2ccc3c(c2)CCCN3C)[NH+]4CCCCC4)NC(=O)C,C08800272,inactive
CCOC(=O)[C@@H]1[C@H](CC2=C(C1=O)[C@@H](C(=C(N2c3ccc(cc3)[N+](=O)[O-])N)C(=O)OCC)c4cccc(c4)F)c5cccs5,C98007114,inactive
c1ccc(c(c1)NC(=O)c2ccc(cc2I)[N+](=O)[O-])NC(=O)c3cccs3,C72081208,inactive
CS(=O)(=O)c1ccc(cc1)C(=O)NNc2nc3c(s2)ccc(c3Cl)Cl,C10046010,inactive
Cc1cc(c(n1c2ccc(c(c2)Cl)Cl)C)/C=N\NC(=O)C(=O)NCc3ccc[nH+]c3,C83310629,inactive
c1cc(ccc1C(=O)N2CCC[C@@H](C2)CO)N3CCC(CC3)[NH2+]CC4C5CC6CC(C5)CC4C6,C12456148,inactive
Cc1ccc(cc1C)NS(=O)(=O)c2ccc3c(c2)[C@H]4C=CC[C@@H]4[C@@H](N3)c5cccnc5,C14547152,inactive
Cc1nc2n(n1)c(c(s2)[C@H](c3ccc(c(c3)OC)OC)[NH+]4CCN(CC4)C(c5ccccc5)c6ccccc6)[O-],C22852772,inactive
c1ccc(cc1)CC2CC[NH+](CC2)[C@H](c3ccc(cc3)Br)c4c(n5c(s4)nc(n5)c6ccco6)O,C97992528,inactive
c1ccc(cc1)NC(=O)CN(Cc2ccc3c(c2)OCO3)S(=O)(=O)c4ccc(cc4)S(=O)(=O)N5CCCCC5,C01333370,inactive
Cc1cc(C)c(CNC(=O)c2cc3[C@@H]4CCC[C@]4(C)Oc3c(Br)c2C)c(=O)[nH]1,359809,active
CCCCCOc1cccc(c1)[C@H]2/C(=C(\c3ccc4c(c3)C[C@H](O4)C)/O)/C(=O)C(=O)N2CCCn5cc[nH+]c5,C09328952,inactive
c1cnccc1/C=N/NC(=O)CNc2c(cc(cc2Br)Br)Br,C03150984,inactive
c1ccc2c(c1)c(c[nH]2)C[C@@H](c3nnc4n3CCCCC4)NC(=O)c5ccccc5Cl,C03192023,inactive
Cc1cc(ccc1Br)NS(=O)(=O)c2ccc(cc2)S(=O)(=O)NC,C71848846,inactive
[H]/N=C\1/C(=C\c2ccc(c(c2)Cl)OCc3ccccc3C)/C(=O)N=C4N1N=C(S4)S(=O)(=O)C,C20208025,inactive
COc1cc(C)[nH]c(=O)c1CN1CCN(C)c2c(Cl)cc(-c3ccc(N4CCOCC4)cc3)c(Cl)c2C1=O,CHEMBL5092735,active
Cn1c2c(c(=O)n(c1=O)C)n(c([nH+]2)N/N=C/c3ccc(cc3)OCc4ccccc4)Cc5ccc(cc5)F,C08744240,inactive
C[C@@H]1Cc2cc(ccc2O1)C(=O)C3=C(C(=O)N([C@@H]3c4cccc(c4)OCc5ccccc5)CCCn6cc[nH+]c6)[O-],C97954733,inactive
Cc1ccc(cc1)CNc2ccc([nH+]n2)SCC(=O)NCc3ccccc3Br,C64944948,inactive
CCOC(=O)c1c2c(sc1NC(=O)COC(=O)c3ccc(c(c3)N)OC)C[C@@H](CC2)c4ccccc4,C22868958,inactive
c1ccc(cc1)/C=C/C(=O)N2CCC3(CC2)C(=O)N(CN3c4ccccc4)CC(=O)NCCc5cccc[nH+]5,C04185271,inactive
CCN(c1cc(-c2ccc3c(c2)C(N2CCOCC2)CC3)cc(C(=O)NCc2c(OC)cc(C)[nH]c2=O)c1C)C1CCOCC1,CHEMBL5188577,active
Cc1cccc([nH+]1)NC(=O)[C@H](Cc2ccccc2)NS(=O)(=O)c3ccc(s3)Br,C02498869,inactive
Cc1cc(nc(n1)N/C(=N\C(=S)Nc2cc(cc(c2)OC)OC)/NC3CC([NH2+]C(C3)(C)C)(C)C)C,C14157989,inactive
C[C@H](c1ccc(cc1)S(=O)(=O)N)[NH+](C)CC(=O)NC[C@@H]2COc3ccccc3O2,C16695064,inactive
CCN(c1cc(-c2ccc(OCCOC)cc2)cc(C(=O)NCc2c(C)cc(C)[nH]c2=O)c1C)C1CCC(N(C)C)CC1,CHEMBL5187783,active
CCCc1cc(C)[nH]c(=O)c1CNC(=O)c1cc(nc2n(ncc12)C(C)C)-c1ccc(nc1)N1CCN(C)CC1,50562605,active
CCN(C1CCOCC1)c1cc(cc(C(=O)NCc2c(C)cc(C)[nH]c2=O)c1C)-c1ccc(OCCCCNC(=O)C[C@@H]2N=C(c3c(C)c(C)sc3-n3c(C)nnc23)c2ccc(Cl)cc2)cc1,50605634,active
COC(=O)c1cc(cc(c1)Nc2c(c(nc[nH+]2)Nc3ccc(c(c3)Cl)Cl)N)C(=O)OC,C40703940,inactive
Cc1cc(C)c(CNC(=O)c2cc3CCOc3c(c2)-c2ccc(nc2)N2CCOCC2)c(=O)[nH]1,359767,active
Cc1ccc(cc1)[C@H](C(=O)NC(C)(C)C)N(c2cccc(c2)C)C(=O)CCC(=O)Nc3cccc[nH+]3,C08994898,inactive
CSc1cc(C)[nH]c(=O)c1CN1CCc2c(Cl)c3OC(C)(Oc3c(C)c2C1=O)C12CCC(CC1)(CC2)N(C)C,588033,active
COc1cccc(c1)[C@@H]2C[C@H](n3c(c(cn3)/C(=[NH+]/Cc4cccs4)/O)N2)C(F)(F)F,C00884184,inactive
CC(C)(C)[C@H]([C@@H](n1cncn1)Oc2ccc(cc2)Cl)n3c(nnn3)[C@@H](c4ccccc4Cl)[NH+]5CCCCC5,C98001415,inactive
Cc1ccc(c(c1)C)Nc2c3ccccc3c([nH+]n2)c4ccc(c(c4)S(=O)(=O)NCc5[nH]c6ccccc6n5)C,C06079679,inactive
c1ccc(c(c1)CNC(=O)C2CCC(CC2)Cn3c(=O)c4ccccc4nc3SCC(=O)NC5CCCC5)Cl,C98009625,inactive
Cc1cccc([nH+]1)C[NH+]2C[C@H](C[C@H]2C(=O)NCCc3cccc(c3)Cl)n4cc(nn4)C(=O)OC,C12246910,inactive
c1ccc(c(c1)c2ccc(cc2)C(F)(F)F)C(=O)Nc3ccc4c(c3)CC[NH+](C4)Cc5nc[nH]n5,C33972842,inactive
C[C@H](C1CCN(CC(F)(F)F)CC1)n1c(C)c(C(=O)NCc2c(SCc3ccccc3)cc(C)[nH]c2=O)c2ccccc12,50541899,active
Cc1ccccc1COc2ccc(cc2)C(=O)C3=C(C(=O)N([C@H]3c4ccc(cc4)C(=O)OC)CCCn5cc[nH+]c5)O,C97969444,inactive
c1cc(ccc1[C@@H]2CCC=C2)OC[C@H](C[NH+]3CCN(CC3)C[C@@H](COc4ccc(cc4)[C@H]5CCC=C5)O)O,C36077767,inactive
CC1(Cc2c(c(sc2C([NH2+]1)(C)C)NC(=O)c3ccc(c(c3)[N+](=O)[O-])N4CCOCC4)C(=O)OC)C,C38806358,inactive
c1cc(oc1)C(=O)Nc2ccc(c(c2)C(F)(F)F)NC(=O)c3cc(cc(c3)F)F,C10640982,inactive
Cc1coc2c1C(=O)C(=O)c1c-2ccc2c1CC[C@@H](O)[C@]2(C)O,CHEMBL3287734,active
C[C@H](C(=O)C(=C1Nc2ccccc2N1)C#N)[NH+]3CCN(CC3)C(c4ccc(cc4)F)c5ccc(cc5)F,C22926647,inactive
Cc1ccc(cc1)C2=N[C@H](N[C@@H](C2)c3ccccc3O)c4cc(ccc4OC)OC,C58138133,inactive
COc1ccc(cc1)c2c(cn(n2)c3ccccc3)/C=N/NC(=O)C(=O)Nc4c(c5c(s4)CCCC5)C#N,C04210521,inactive
CC(C)[C@@H](C(=O)NC[C@H](c1ccccc1OC)[NH+]2CCCC2)NC(=O)c3ccccc3F,C12791914,inactive
CN(C)c1cccc2c1cccc2S(=O)(=O)NCc3ccc(cc3)S(=O)(=O)N,C04362726,inactive
C[C@@H]1Cc2ccccc2N1S(=O)(=O)c3cccc(c3)C(=O)OCC(=O)Nc4ccc(cc4)C(=O)N,C02630001,inactive
CCc1c(c2c(c(sc2[nH+]c1C)C(=O)c3ccc(cc3)C(=O)c4c(c5c(c(c(nc5s4)C)CC)C)N)N)C,C08456778,inactive
CCC[NH+](CC(=O)Nc1cccc(c1)S(=O)(=O)N)CC(=O)Nc2cc(ccc2Cl)Cl,C09590735,inactive
CSc1cc(C)[nH]c(=O)c1CNC(=O)c1c(C)n([C@@H](C)C2COC2)c2ccccc12,574853,active
CCOC(=O)c1c2c(sc1NC(=O)CSc3nc4c(c5ccccc5n4CCc6ccccc6)nn3)C[NH+](CC2)C,C98003528,inactive
c1cc(ccc1/C=C/C(=O)N2CC[NH+](CC2)C(c3ccc(cc3)F)c4ccc(cc4)F)OCC(=O)N,C71808106,inactive
c1ccc(cc1)CCNC(=O)[C@H]2C[C@H](C[NH+](C2)CCc3ccccc3)C(=O)Nc4ccc(cc4)F,C14542441,inactive
Cc1cc(C)c(CNC(=O)c2cn(C(C)c3ccccc3)nc2C)c(=O)[nH]1,CHEMBL3605443,active
c1ccc(cc1)c2c([nH+]c([nH]2)SCC(=O)NN3C(=O)C4(CCCCC4)NC3=O)c5ccccc5,C09335901,inactive
CC(=O)N1CCC2(CC1)[NH2+][C@@H](CC(=N2)c3ccc(cc3)OC)c4cc(ccc4[O-])Cl,C32955255,inactive
COc1cccc(c1O)[C@H]2CC(=N[C@H](N2)c3cc(ccc3OC)Br)c4ccc(cc4)Cl,C20764127,inactive
c1cc(cc(c1)Br)[C@]2(CC=NN2C(=O)c3ccncc3)O,C59381746,inactive
c1ccc(c(c1)C(=O)Nc2ccc(cc2)Cl)NC(=O)C(=O)N/N=C/c3ccc(cc3)OC(=O)c4cccc(c4)Br,C04261292,inactive
COc1ccc(cc1)[C@@H](CNC(=O)c2ccc(cc2)S(=O)(=O)Nc3ccccc3)[NH+]4CCCC4,C15387701,inactive
CC[NH+](CC)CCNC(=O)/C(=C\c1cn(c2c1cccc2)S(=O)(=O)N(C)C)/NC(=O)c3ccccc3,C33702617,inactive
CNC(=O)NC(=O)CSc1nc2c(c(c(nn2)c3ccccc3)c4ccccc4)c(=[NH2+])n1C,C19897665,inactive
COc1ccc(cc1)c2cc([nH+]c(c2C#N)SCC(=O)Nc3cccc(c3)C(F)(F)F)c4ccccc4,C06157121,inactive
Cc1ccc(o1)[C@H]2c3ccc(cc3OC(=C2C#N)[NH3+])OC(=O)COc4ccc(cc4)Br,C38659114,inactive
CCOC(=O)C1=C(OC(=C([C@@H]1c2ccc(c(c2)OC)OC)C#N)N)CSc3c(c(cc([nH+]3)C)C)C#N,C12139425,inactive
CCN([C@H]1CC[C@@H](CC1)N(C)CCOC)c1cc(cc(C(=O)NCc2c(C)cc(C)[nH]c2=O)c1C)C#CCN1CCOCC1,155254,active
CC1(C)CC(NC(=O)c2ccc(Oc3ccccc3C#N)cc2Cl)CC(C)(C)N1,CHEMBL3264772,inactive
c1ccc(cc1)Cn2c(c3c(nc(nc3n2)N4CC[NH+](CC4)Cc5ccccc5)c6cccc(c6)F)N,C37360319,inactive
Cc1c(c(=O)n(n1C)c2ccccc2)NC(=O)[C@@H](C)NC(=O)c3ccccc3NC(=O)c4ccccc4,C01174818,inactive
CCN([C@H]1CC[C@@H](CC1)N(C)C)c1cc(cc(C(=O)NCc2c(C)cc(C)[nH]c2=O)c1C)-c1ccc(C)nc1,172150,active
CCOc1ccc(cc1C)c2c(cn(n2)c3ccccc3)/C=C(\C#N)/C(=O)Nc4c(n(n(c4=O)c5ccccc5)C)C,C29490932,inactive
c1ccc(cc1)C/N=C(/c2cccc(c2)n3c(=O)c4ccc(cc4[nH]c3=S)Cl)\O,C03043849,inactive
c1ccc(c(c1)/[NH+]=C/c2cccc(c2O)[N+](=O)[O-])OCCCCOc3ccccc3/N=C/c4cccc(c4O)[N+](=O)[O-],C59211941,inactive
C[C@@H]1[C@@H]([C@@H](N(N1)c2ccccc2)[NH+]3CCC(CC3)C(=O)NCCC4=c5ccccc5=[NH+]C4)NC(=O)C,C63694179,inactive
c1ccc(cc1)[C@@H]2C/C(=C\3/C(=c4cc(ccc4=[NH+]C3=O)Cl)c5ccccc5)/NN2C(=O)CCC(=O)[O-],C13130473,inactive
c1ccc(cc1)CCNS(=O)(=O)c2ccc(cc2)CCC(=O)Nc3ccc(cc3F)Br,C02853840,inactive
CCCCCOc1ccccc1Cn2c3ccccc3[nH+]c2S[C@H]4[C@@H]([C@@H]([C@@H]([C@@H](O4)CO)O)O)O,C39915889,inactive
c1ccc(cc1)CCNC(=O)c2ccccc2NC(=S)NC(=O)c3ccc(cc3)OCCc4ccccc4,C14041720,inactive
CN1CC=C2[C@H](C1)[C@H](C(C(=C2C#N)[NH3+])(C#N)C#N)c3ccc(s3)Br,C16034415,inactive
C[C@@H](c1cccn2c1[nH+]c(c2)c3ccc(cc3)C[C@@H](CNC(=O)C[NH+](C)C)NC(=O)c4ccc(c(c4)Cl)OC(C)C)O,C68151184,inactive
c1ccc(cc1)n2cc(c(n2)c3cccc(c3)OCc4ccc(cc4)Cl)/C=C(/C#N)\C(=O)NCCCn5ccnc5,C97947244,inactive
Cc1ccc(c(c1)NC(=O)/C(=C/c2cc(cc(c2O)OC)Br)/C#N)C,C15012903,inactive
Cc1ccc(cc1)C(=O)N[C@H](C(Cl)Cl)N/C(=[NH+]\[C@H](C(Cl)Cl)NC(=O)c2ccc(cc2)C)/C,C97946905,inactive
CCCOc1ccc(cc1)[C@@H]2/C(=C(/c3ccc(cc3)Br)\O)/C(=O)C(=O)N2CC[NH+](CC)CC,C08905450,inactive
CCOC(=O)c1c(c2c3c(c([nH+]c2s1)C(C)C)CCCC3)NC(=S)NC(=O)c4ccccc4,C08914228,inactive
c1ccc(cc1)C(=O)CSc2nnc(s2)NC(=O)/C=C/c3cn(nc3c4ccc(cc4)F)c5ccccc5,C02391086,inactive
CCS(=O)(=O)N1Cc2ccccc2C[C@H]1C(=O)Nc3ccc(cc3)S(=O)(=O)N4CCCCC4,C03362075,inactive
c1ccc(cc1)C(=O)N/C(=C\c2ccc3c(c2)OCO3)/C(=O)NNc4cc[nH+]c5c4ccc(c5)Cl,C05734061,inactive
c1ccc(cc1)/C=C/C(=O)[C@@H]([C@H]2c3ccccc3C(=O)O2)C(=O)C(=O)Nc4ccccc4C(=O)N,C71776160,inactive
CC(C)n1ncc2c(cc(nc12)C1=CCN(CC1)C1CCN(CC1)C(C)=O)C(=O)NCc1c(C)cc(C)[nH]c1=O,325962,active
COc1ccc(cc1)S(=O)(=O)NCC(=O)NC[C@@H](c2ccccc2Cl)C3=c4ccccc4=[NH+]C3,C63920249,inactive
CCCc1cc(C)[nH]c(=O)c1CNC(=O)c1cc(-c2ccc(N3CCN(C(C)C)CC3)nc2)cc2c1cnn2C,CHEMBL4539350,active
Cc1ccc2c(c1)sc(n2)NC(=O)C(=O)NC[C@H](c3cccc4c3cccc4)[NH+](C)C,C10085789,inactive
CC[C@@H]1[C@@]([C@@H]([C@H](C(=O)[C@@H](C[C@@]([C@@H]([C@H]([C@@H]([C@H](C(=O)O1)C)O[C@@H]2C[C@]([C@@H]([C@H](O2)C)O)(C)OC)C)O[C@@H]3[C@@H]([C@H](C[C@H](O3)C)[NH+](C)C)OC(=O)CC)(C)O)C)C)O)(C)O,C85867669,inactive
CN(C)c1ccc(cc1)Nc2cc3c(cc2Nc4ccccc4)[n+](c5cc(ccc5n3)N(C)C)c6ccccc6,C43199470,inactive
CCOC(=O)C1=C(n2c(=O)/c(=C\c3ccc(cc3)Br)/sc2=C([C@@H]1c4ccc(cc4)Br)C(=O)OC)N,C97968560,inactive
CC(C)C[NH+](CCNC(=O)CN1c2ccccc2S/C(=C/c3ccc(cc3)C(F)(F)F)/C1=O)CC(C)C,C03051129,inactive
Cc1ccccc1OCCOc2ccc(cc2)[C@H]3/C(=C(/c4cccs4)\O)/C(=O)C(=O)N3CCC[NH+](C)C,C09333753,inactive
Cc1ccc(cc1)n2c(=O)c3c4c(sc3nc2SCC(=O)N)CO[C@@H](C4)C(C)C,C01252796,inactive
CCN(C1CCOCC1)c1cc2oc(C)cc2c(C(=O)NCc2c(OC)cc(C)[nH]c2=O)c1C,50287125,active
CC(c1ccccc1)n1ccc(cc1=O)C(=O)NCc1c(C)cc(C)[nH]c1=O,50110370,active
CCN(CC)S(=O)(=O)c1ccc(cc1)Nc2c(c(nc[nH+]2)N3C[C@]4(C[C@@H]3CC(C4)(C)C)C)N,C40734828,inactive
CCN(c1cc(-c2ccc(CN3CCN(C)CC3)cc2)cc(C(=O)NCc2c(C)cc(C)[nH]c2=O)c1C)C1CCOCC1,CHEMBL3697456,active
COC(=O)c1c(c2cc(c[nH+]c2n1CCc3ccccc3)NC[C@H](CO)O)NC(=O)[C@H]4CCCO4,C14747301,inactive
c1ccc2c(c1)C(=O)N(C2=O)CCC(=O)Nc3ccc(cc3)S(=O)(=O)N,C00856709,inactive
Cc1cc(C)c(CNC(=O)c2cc3CC(C)(C)Oc3c(Br)c2)c(=O)[nH]1,359730,active
Cc1ccc(cc1)c2csc(n2)NC(=O)[C@@H](c3ccccc3)Nc4ccc5c(c4)OCO5,C12568202,inactive
Cc1cccc(c1NC(=O)C[NH+](CC(=O)Nc2c(cccc2C)C)CC(=O)N[C@@H](C)c3ccco3)C,C21579598,inactive
CC1(CC2=NC(=C)C([C@H](C2C(=O)C1)c3ccc(o3)COc4cccc(c4)C(F)(F)F)C(=O)Nc5cccc[nH+]5)C,C08440157,inactive
C[C@@H](C(=O)Nc1ccc(cc1)S(=O)(=O)N2CCCC2)[NH+]3CCC(=CC3)c4c[nH]c5c4cccc5,C24978867,inactive
c1cc(ccc1S(=O)(=O)CCSCC(=O)Nc2cscc2S(=O)(=O)c3ccc(cc3)Cl)Cl,C03120341,inactive
COc1ccc2OCCN(Cc3c(C)cc(C)[nH]c3=O)C(=O)c2c1Cl,50193725,active
c1ccc(c(c1)OCCNC(=O)c2ccc(cc2)NC(=O)C[C@H]3C(=O)[NH+]=C(S3)N4CCCC4)F,C09728265,inactive
Cc1cc(C)c(CNC(=O)c2cc(-c3cnn(C)c3)cc(N(C)C3CCOCC3)c2C)c(=O)[nH]1,CHEMBL3697405,active
Cc1ccc(cc1S(=O)(=O)NC(C)(C)C#C)c2c3ccccc3c(n[nH+]2)Nc4ccc(cc4)OC(F)(F)Cl,C02191549,inactive
CCOC(=O)c1c2c(sc1NC(=O)C(=O)N/N=C/c3cc(ccc3OC(=O)c4ccc(c(c4)OC)OC)Br)CCCC2,C04330570,inactive
Cc1cc(C)c(CNC(=O)c2cc(nc3n(ncc23)C2COC2)C2=CC(C)(C)NC(C)(C)C2)c(=O)[nH]1,325921,active
c1ccc(cc1)n2c(=O)c(c(cn2)Oc3ccc(cc3)Cl)Nc4cccc(c4)C(=O)NCc5cccc[nH+]5,C98015284,inactive
CC(C)(C)c1c2c(n(n1)c3ccc(cc3)OC)N(C(=O)CS[C@@H]2c4ccc(c(c4)OC)OC)CC(=O)NCc5cc[nH+]cc5,C98011448,inactive
Cc1ccc(cc1)S(=O)(=O)N[C@H](CC(C)C)C(=O)NCc2ccc(c(c2)F)n3cc[nH+]c3C,C72032928,inactive
Cc1cccc([nH+]1)N[C@@H](c2ccsc2)c3c4c(sc3NC(=O)c5ccccc5)CCCC4,C35476882,inactive
c1cc(cc(c1)Cl)NC(=O)c2c(ccs2)NC(=O)c3cnccn3,C67335999,inactive
C=CCOc1ccc(cc1)C(=O)[C@@H]2[C@H]3CCC[NH+]3[C@@]4([C@@]25c6ccccc6NC5=O)c7ccccc7NC4=O,C09233747,inactive
CCOc1ccc(cc1)NC(=S)N(CCc2c([nH]c3c2cc(cc3)C)C)Cc4cc[nH+]cc4,C37867943,inactive
CCN(C1CCOCC1)c1cc(cc(C(=O)NCc2c(C)cc(C)[nH]c2=O)c1C)-c1ccc(nc1)N1CCNCC1,172165,active
c1cc(c(cc1F)Cl)CNS(=O)(=O)c2cc(cs2)c3ccc(=O)[nH]n3,C65129072,inactive
CCCc1cc(C)[nH]c(=O)c1CNC(=O)c1cc(-c2ccc(F)cc2)cc2c1cnn2C(C)C,CHEMBL4554500,active
COc1ccc(cc1)[C@H]2CC(=NN2C(=O)C[NH+]3CC[NH+](CC3)CC(=O)NCC=C)c4ccccc4,C27558891,inactive
c1cc(cc(c1)F)NC(=O)CSc2nnc(s2)NC(=O)[C@@H]3CC(=O)N(C3)c4ccc(cc4)F,C08908647,inactive
CCN([C@H]1CC[C@@H](CC1)N(C)C)c1cc(cc(C(=O)NCc2c(C)cc(C)[nH]c2=O)c1C)C#CC1CC1,190199,active
c1ccc2=[NH+][C@H]3C(=c2c1)N=NC(=N3)SCC(=O)Nc4ccc(cc4)S(=O)(=O)Nc5nccs5,C39345067,inactive
CCC(CC)n1ncc2c(C(=O)NCc3c(C)cc(C)[nH]c3=O)cc(C#N)cc21,CHEMBL5187594,active
CCN(c1cc(-c2ccc(CN3CCOCC3)cc2)cc(C(=O)NCc2c(C)cc(C)[nH]c2=O)c1C)C1CCCC1,CHEMBL3697428,active
CCOc1cc(ccc1O)[C@H]2/C(=C(\c3ccc(cc3)OC(C)C)/O)/C(=O)C(=O)N2Cc4ccc[nH+]c4,C08741017,inactive
COC(=O)[C@H]1C(=c2ccccc2=[NH+]1)NC(=O)CN3CC[NH+](CC3)C4c5ccccc5-c6c4cccc6,C38685276,inactive
C[C@H](C1CCN(CC(C)(C)C)CC1)c1sc2CCCN(Cc3c(C)cc(C)[nH]c3=O)C(=O)c2c1C,439129,active
COc1ccc(cc1COc2cccc(c2)C(F)(F)F)[C@H]3[C@@H]4CCCC=C4C(=C(C3(C#N)C#N)[NH3+])C#N,C00649354,inactive
COc1ccc(cc1OC)[C@@H]2C[C@@H](n3c(c(c(n3)/C(=[NH+]/Cc4cccs4)/O)Cl)N2)C(F)(F)F,C00867116,inactive
CCN(C1CCOCC1)c1cc(cc(C(=O)NCc2c(C)cc(C)nc2=O)c1C)-c1cccc(CN2CCOCC2)c1,172108,active
C[C@H](C(=O)N/[NH+]=C/c1ccccc1O)Sc2nnc(n2CC=C)CNc3ccc(cc3)Cl,C02743338,inactive
CN(C[C@@H]([C@@H]([C@@H]([C@@H](CO)O)O)O)O)c1ccnc2n1ncn2,C05913429,inactive
CCCCCCOc1ccc(cc1C(=O)NC(=S)Nc2c(c(c(s2)C)C)C(=O)N)Br,C14648542,inactive
c1ccc2c(c1)c3cc(ccc3n2C[C@@H](C[NH+]4CCN(CC4)C[C@H](Cn5c6ccc(cc6c7c5ccc(c7)Cl)Cl)O)O)Cl,C67997823,inactive
C[NH+](C)CCN(c1nc2ccccc2s1)C(=O)c3ccccc3NS(=O)(=O)c4ccc(cc4)Cl,C36690266,inactive
C[NH+]1CCc2c(c(c3c(c(sc3n2)C(=O)c4ccc(cc4)Cl)N)c5ccc(c(c5)OC)OC)C1,C40570150,inactive
COc1cccc(c1O)[C@H]2CC(=N[C@@H]([NH2+]2)c3ccc(c(c3)Br)OC)c4ccc(cc4)Cl,C09542381,inactive
COc1ccc(cc1CN2CCN(CC2)c3ccc(cc3)[N+](=O)[O-])[C@H]4c5c(c6ccccc6[nH]5)CC[NH2+]4,C53175317,inactive
C[C@@H]1CC[C@H]([C@@H](C1)OC(=O)C2=C(N=C3[NH+]=CNN3[C@@H]2c4cc(ccc4OC)Br)C)C(C)C,C09942098,inactive
C[C@H]1Cc2cc(ccc2O1)/C(=C/3\[C@@H](N(C(=O)C3=O)CCCn4cc[nH+]c4)c5ccc(c(c5)Cl)Cl)/O,C09328396,inactive
Cc1cccc(c1)Oc2coc3cc(ccc3c2=O)OC[C@@H](C[NH+]4CCN(CC4)c5ccccc5Cl)O,C84213105,inactive
CCN(CC)S(=O)(=O)c1ccc(cc1)NC(=O)CSc2nc([nH]n2)N/N=C(\C)/c3cc[nH+]cc3,C21082358,inactive
COc1cc2c(cc1OC)[C@H]([NH2+]CC2)Cc3ccc(c(c3)c4cc(ccc4O)C[C@@H]5c6cc(c(cc6CC[NH2+]5)OC)OC)O,C04273395,inactive
COc1ccc(cc1OC)CCn2cnc3c(c2=[NH2+])[C@H](c4ccc(cc4O3)O)c5ccc(c(c5)OC)OC,C13768273,inactive
COC(c1cc(Cl)c2c(c1Cl)C(=O)N(Cc1c(C)cc(C)[nH]c1=O)CC2)C1CCN(C)CC1,CHEMBL4071056,active
c1cc(ccc1C(F)(F)F)NC(=O)CSc2[nH+]cc(n2Cc3ccc4c(c3)OCO4)CO,C09650405,inactive
CC(C)(C)OCOC(=O)C[C@@H]1C[NH2+]C[C@H](N1)CC(=O)OC(c2ccccc2)(c3ccccc3)c4ccccc4,C90636400,inactive
COc1ccc2cc(c(nc2c1)N3CCC[C@H](C3)CO)C[NH2+]Cc4ccccc4C(F)(F)F,C39353634,inactive
CN(c1ccc(cc1)NC(=O)NC[C@H](C[NH+]2CCc3ccccc3C2)O)C(=O)c4ccc(cc4)Cl,C72025908,inactive
C[C@@H](c1ccc(cc1)CC(C)C)C(=O)NC(=S)Nc2ccc(cc2)S(=O)(=O)N3CC[NH+](CC3)C,C66199620,inactive
CCN(C1CCOCC1)c1cc(cc(C(=O)NCc2c3CCCCCc3c(C)[nH]c2=O)c1C)-c1ccc(CN2CCOCC2)cc1,50594149,active
CCOC(=O)N1CC=C2[C@@H](C1)[C@H](C(C(=C2C#N)[NH3+])(C#N)C#N)c3cc(c(c(c3)OC)OC)OC,C08816889,inactive
CCN(C1CCOCC1)c1cc(cc(C(=O)NCc2c(cc(C)[nH]c2=O)C(C)C)c1C)-c1ccc(cc1)C(=O)NCCO,601703,active
Cc1ccccc1C[NH2+]C[C@@H]2[C@H](CC[C@H](O2)Cc3cc(on3)CN4CCN(CC4)c5ccccc5)O,C96296065,inactive
CC(C)[C@@H](c1nnnn1Cc2ccc(cc2)F)[NH+](Cc3ccco3)Cc4cc5cc(c(cc5[nH]c4=O)OC)OC,C01334535,inactive
CC[NH2+][C@H](C(=O)COc1ccc(cc1OC)[C@H]2c3c([n-]c(n3)C(F)(F)F)OC(=C2C#N)[NH3+])NCC,C19324627,inactive
C[NH+]1C2=C(CCCC2)[C@H](N1)C(=O)N(C)CC3=NN=C(C3)c4cccs4,C65462866,inactive
CCOc1ccc(cc1)NC(=O)c2ccccc2NC(=O)C(=O)N/N=C/c3c4ccccc4cc5c3cccc5,C02520309,inactive
COc1cc(ccc1NC(=O)c2cc3ccccc3o2)/[NH+]=C/c4cc(cc(c4O)OC)Br,C98086862,inactive
CC[NH+]1C[C@H]2[C@H](C([C@H](C(=C2C=C1)C#N)N)(C#N)C#N)c3ccccc3C(F)(F)F,C13151287,inactive
CCN([C@H]1CC[C@@H](CC1)N(C)C)c1cc(cc(C(=O)NCc2c(C)cc(C)[nH]c2=O)c1C)-c1cnc(N)nc1,172147,active
CCOc1ccc(cc1)NC(=O)CCCCCN2C(=O)/C(=C/c3c[nH]c4c3cccc4)/SC2=S,C15044503,inactive
c1ccc(cc1)[C@@H](C(=O)N2CCCC2)OC(=O)c3ccc(c(c3)S(=O)(=O)N)Cl,C12993761,inactive
c1cc(oc1)c2nc3n(n2)c(c(s3)[C@H](c4ccc(cc4)Br)[NH+]5CCN(CC5)C(=O)c6ccco6)[O-],C97992536,inactive
CC(C)CCOc1ccc(cc1OC)Cn2c3ccccc3[nH+]c2S[C@H]4[C@@H]([C@@H]([C@@H]([C@@H](O4)CO)O)O)O,C39915941,inactive
Cc1ccc(o1)CN([C@@H](c2ccc(cc2)O)C(=O)NC(C)(C)CC(C)(C)C)C(=O)c3ccc(cc3)[N+](=O)[O-],C36603003,inactive
c1ccc(c(c1)C2(CC[NH+](CC2)C[C@H](c3ccc(cc3)N4CCCC4=O)O)O)F,C12292126,inactive
c1cc(cc(c1)S(=O)(=O)Nc2ccc(c(c2)C(F)(F)F)Cl)S(=O)(=O)N,C22409989,inactive
[H]/N=C(/[C@@H]1[C@@H]2[C@H]([C@H]3[NH+]1C=Cc4c3cccc4)C(=O)N(C2=O)c5ccc(cc5)Br)\[O-],C43726910,inactive
C[C@@H]1Cc2cc(ccc2O1)C(=O)C3=C(C(=O)N([C@H]3c4ccc(cc4)OCc5ccccc5)c6cccc[nH+]6)O,C34990468,inactive
COC(C1CN(C1)C(=O)CO)c1cc(Cl)c2CCN(Cc3c(C)cc(C)[nH]c3=O)C(=O)c2c1Cl,435622,active
c1ccc(cc1)N2CN(C(=O)C23CCN(CC3)C(=O)Nc4ccc(c(c4)F)F)CC(=O)NC5CCCCC5,C35349488,inactive
C[C@@H]1c2c(c3ccccc3[nH]2)[C@@H](C[NH+]1[C@@H]4CC(=O)N(C4=O)c5cccc(c5)OC)c6ccccc6,C72459740,inactive
c1ccc2=[NH+]CC(=c2c1)C[C@H](C(=O)NCCc3cccc[nH+]3)NS(=O)(=O)c4ccc(cc4)Cl,C63795736,inactive
C1CCC(CC1)(CNC(=O)CCc2[nH]c(=O)c3c4c(sc3n2)CCCC4)[NH+]5CCCCC5,C11564274,inactive
CC(=O)N[C@H]1C[C@](C[C@H]([C@@H]1O)O)(C(=O)N[C@@H](Cc2ccc(cc2)OC)C(=O)N)O,C03839678,inactive
CCOC(=O)[C@H]1CC[C@@H](N(CC)c2cc(Cl)cc(C(=O)NCc3c(C)cc(C)[nH]c3=O)c2C)CC1,CHEMBL3902888,active
c1ccc(c(c1)NC(=O)N2CCC[C@H](C2)c3nnc(s3)C(=O)Nc4ccc(cc4)F)Cl,C33106817,inactive
CN(C)c1ccc(cc1)NC(=O)[C@@H](c2ccc(c(c2)OC)OC)N(Cc3ccc(cc3)F)C(=O)CN4c5ccccc5C(=O)C4=O,C08695739,inactive
Cn1c(cc(n1)c2ccc(c(c2)OC)OC)[C@H]3C[NH+]4CC[C@H]3C[C@@H]4COC(=O)Nc5cccc(c5)C(F)(F)F,C67870658,inactive
CN1CCCc2c1ccc(c2)[C@H](CNC(=O)C(=O)Nc3ccc(cc3)OC(F)(F)F)[NH+]4CCCC4,C09135617,inactive
c1ccc(c(c1)CNc2ccc(cc2[N+](=O)[O-])N3C(=O)[C@H]4[C@@H]5C[C@H]([C@H]4C3=O)C=C5)Sc6ccccc6CO,C59525300,inactive
C[C@H]1C[C@@H](C[NH+](C1)C[C@@H](C)NC(=O)c2ccc(cc2)NS(=O)(=O)c3ccc(c(c3)F)F)C,C60015709,inactive
CC(C)n1ncc2c(cc(cc12)-c1ccc(nc1)N1CCN(C)CC1)C(=O)NCc1c(C)cc(C)[nH]c1=O,50400779,active
COc1cc(ccc1NC(=O)CSc2[nH]c3ccccc3[nH+]2)c4ccc(c(c4)OC)NC(=O)CSc5[nH]c6ccccc6n5,C98023130,inactive
Cc1cc(ccc1/C(=C/2\[C@@H](N(C(=O)C2=O)Cc3ccc[nH+]c3)c4cccs4)/O)OCc5ccccc5,C13569160,inactive
Cc1c(c(=O)n(n1C)c2ccccc2)NC(=O)C[NH+](C)CC(=O)Nc3ccc(c(c3)C(F)(F)F)Cl,C02726041,inactive
C[C@]12CC[C@H]3[C@H]([C@@H]1C[C@@H]([C@H]2O)[NH+]4CCCC4)CC[C@@H]5[C@@]3(C[C@@H]([C@H](C5)O)N6CCOCC6)C,C22011078,inactive
CCN([C@H]1CC[C@@H](CC1)N(C)C)c1cc(Cl)cc(C(=O)NCc2c(C)[nH][nH]c2=O)c1C,310746,active
Cc1cc(no1)NC(=O)CCC(=O)N(c2ccc(cc2)Cl)[C@H](c3ccc(cc3)OC)C(=O)NC(C)(C)C,C12492697,inactive
Cc1ccc(cc1S(=O)(=O)NCc2[nH]c3ccccc3n2)c4c5ccccc5c(n[nH+]4)Nc6cccc(c6)Br,C06161706,inactive
c1ccc(cc1)c2ccc(cc2)C[C@]3(CCC(=O)N3)CCC(=O)N[C@H](c4ccccc4)c5cc[nH+]cc5,C14987259,inactive
COc1c(nccn1)NS(=O)(=O)c2ccc(cc2)NC(=S)NC(=O)Cc3ccc(cc3)Cl,C66200596,inactive
C[C@]12CC[C@H]3[C@H]([C@]1(CC[C@@H]2C4=CC(=O)OC4)O)CC[C@]5([C@@]3(CC[C@@H](C5)O)/C=[NH+]/Cc6cc(c(c(c6)OC)OC)OC)O,C70692155,inactive
Cn1c2c(c(=O)n(c1=O)C)n(c(n2)[NH2+]CCc3ccc(c(c3)OC)OC)Cc4ccccc4Br,C01127188,inactive
CC1=NC2=C([C@H](C1C(=O)Nc3cccc(c3)F)c4ccc(c(c4)OC)O)C(=O)C[C@H](C2)c5cccs5,C12416292,inactive
COc1ccccc1NC(=O)Cc2nnc(n2CC=C)SCC(=O)Nc3ccc(c(c3)Cl)Br,C02867100,inactive
c1ccc(cc1)CNC(=O)CN(c2cccc(c2)C(F)(F)F)C(=O)CCC(=O)Nc3cccc[nH+]3,C13501277,inactive
CCCCNC(=O)[C@@H](N)CCSC[C@H]1O[C@H]([C@H](O)[C@@H]1O)n1cnc2c(N)ncnc12,50063671,inactive
COc1cc(c(cc1Nc2c(c(nc[nH+]2)N(Cc3ccccc3)c4cccc[nH+]4)N)Cl)OC,C40798534,inactive
c1cc(ccc1[C@H]2/C(=C(/c3ccc(cc3)F)\O)/C(=O)C(=O)N2CCC[NH+]4CCOCC4)Br,C09109978,inactive
C[C@H]1C[C@H](CN(C1)C(=O)C[NH+]2CC[NH+](CC2)CC(=O)Nc3ccccc3I)C,C22932325,inactive
CCCc1cc(C)[nH]c(=O)c1CNC(=O)c1cc(-c2ccc(C(F)(F)F)cn2)cc2c1cnn2C(C)C,CHEMBL4520484,active
Cc1c(c(ccc1NC(=O)CSc2nnc(n2CC=C)CC(=O)Nc3cccc(c3)OC)Br)C,C02859546,inactive
COc1ccc2ccccc2c1[C@H]3[C@H]4C[NH+](CC=C4C(=C(C3(C#N)C#N)N)C#N)Cc5ccccc5,C27329748,inactive
COc1ccc(cc1NS(=O)(=O)c2ccc(cc2)F)NC(=O)Cc3ccc(cc3)Br,C22131676,inactive
Cc1cc(c(n1c2cccc(c2)Br)C)/C=N/NC(=O)C(=O)Nc3ccc(cc3)F,C58912935,inactive
c1cc([nH+]cc1)N/N=C/c2ccc(cc2)O[C@@H]3OCCO[C@H]3Oc4ccc(cc4)/C=N/Nc5[nH+]cccc5,C12524174,inactive
CC(C)n1ncc2c(cc(nc12)C1CCN(CC1)C(C)=O)C(=O)NCc1c(C)cc(C)[nH]c1=O,325987,active
COc1ccc(cc1OC)CCNC(=O)CSc2nc3ccc(cc3s2)/[NH+]=C\c4ccccc4O,C00714064,inactive
c1ccc2c(c1)ccn2CC(=O)NNC(=O)[C@H]3Cc4cc(ccc4OC3)F,C90401307,inactive
c1ccc(c(c1)Cc2cnc(s2)NC(=O)c3ccc4c(c3)nc[nH]4)Br,C12525244,inactive
CCCCCCCCCCCC/[NH+]=C/[C@]12CC[C@@H](C[C@]1(CC[C@@H]3[C@@H]2CC[C@]4([C@@]3(CC[C@H]4[C@@H]5C=CC(=O)O5)O)C)O)O,C70669813,inactive
CCOc1ccc(cc1)[C@@H]2C(=C(C(=O)N2Cc3cc[nH+]cc3)O)C(=O)c4ccc(cc4)OCc5cccc(c5)C,C97952323,inactive
COc1ccc(cn1)-c1cc(cc2CC(C)(Oc12)C(C)C)C(=O)NCc1c(C)cc(C)[nH]c1=O,359836,active
CCCCOc1ccc(cc1)NC(=O)NC[C@@H](c2ccc3c(c2)CCCN3C)[NH+]4CCCC4,C38517575,inactive
COc1cc(cc(c1OC)OC)C[NH2+]Cc2cc3ccc(cc3nc2N4CCC[C@@H](C4)CO)SC,C19798909,inactive
CC(C)n1ncc2c(cc(nc12)C1CCN(CC1)C(=O)C1CCCN(C)C1)C(=O)NCc1c(C)cc(C)[nH]c1=O,325964,active
CC(C)c1cc(C(=O)NCc2c(C)cc(C)[nH]c2=O)c2cnn(C3CCCC3)c2c1,326122,active
Cc1ccc(cc1)S(=O)(=O)c2c([nH]c([nH+]2)c3ccccc3)SCC(=O)Nc4ccc(cc4)F,C12252757,inactive
CC[NH+](CC)CCCN1[C@@H](/C(=C(/c2ccc(c(c2)Cl)OC)\O)/C(=O)C1=O)c3ccc(cc3)C(C)(C)C,C09273197,inactive
CC1Cc2cc(cc(c2O1)-c1ccc(nc1)N1CCOCC1)C(=O)NCc1c(C)cc(C)[nH]c1=O,359763,active
Cc1ccccc1c2csc3c2c(=O)[nH]c(n3)C[NH+](Cc4ccco4)C[C@H](COCc5ccco5)O,C36207654,inactive
C[NH+](C)CC[NH+]1CCN(CC1)c2nc(c3c(n(nc3n2)c4cccc(c4)F)N)c5ccccc5OC,C37358734,inactive
C[C@@H](c1ccc(cc1)Cl)OC[C@H](C[NH+]2CCC(CC2)NS(=O)(=O)c3ccccc3)O,C32900875,inactive
c1cc(c[nH+]c1)NC(=O)Cc2ccc(cc2)NS(=O)(=O)c3ccc(c(c3)Cl)Cl,C08826196,inactive
C[C@H](C1CCN(CC(F)(F)F)CC1)n1c(C)c(C(=O)NCc2c(Sc3ccccc3)cc(C)[nH]c2=O)c2ccccc12,50541898,active
COc1ccc(cc1)OCCOc2ccc(cc2)/C=C/3\C(=[NH2+])N4C(=NC3=O)SC(=N4)c5ccccc5Cl,C97959130,inactive
COc1ccc(cc1)c2cc([nH+]c3c2c(c(s3)C(=O)Nc4ccc(cc4)Br)N)c5ccc(cc5)OC,C01900849,inactive
c1cc(ccc1[C@@H]2C(=C(C(=O)N2CCCn3cc[nH+]c3)O)C(=O)c4ccc(cc4)Br)Br,C53307673,inactive
c1ccc(cc1)[C@H](C(=O)C2=c3ccccc3=[NH+]C2)[NH+]4CCC(CC4)C(=O)Nc5ccc6c(c5)OCO6,C39734251,inactive
CC(=O)c1cccc(c1)N2C(=O)[C@@H]3[C@@H](N[C@@]([C@@H]3C2=O)(c4ccccc4)C(=O)OC)c5ccc(cc5)[NH+](C)C,C20150811,inactive
Cn1c(cc(n1)c2ccc(c(c2)OC)OC)[C@H]3C[NH+]4CC[C@H]3C[C@@H]4CNC(=S)Nc5ccc(cc5)C#N,C08635530,inactive
CC1(C)CC(CC(C)(C)N1)NC(=O)c1cc(F)c(Oc2ccccc2C#N)c(Br)c1,50010817,active
CCOc1ccc(cc1)NC(=O)CSc2c(c(cc([nH+]2)c3ccc(cc3)OC)c4ccc(cc4)OC)C#N,C08441521,inactive
Cc1cc(C)c(CNC(=O)c2c(C)n([C@@H](C)c3ccccc3)c3ccccc23)c(=O)[nH]1,CHEMBL3605447,active
CCOC(=O)c1ccc(cc1)c2ccc(o2)/C=c\3/c(=[NH2+])n-4[nH]/c(=C/C(=O)N5CCCCC5)/sc4nc3=O,C49678159,inactive
Cc1cc(nc([nH+]1)N[C@H](c2cccc(c2)Cl)c3cc(sc3NC(=O)c4ccco4)C)C,C38547971,inactive
Cc1ccc(c(c1)C(=O)C2=C(C(=O)N([C@@H]2c3ccc(c(c3)OC)OCCC(C)C)Cc4cc[nH+]cc4)O)C,C33698361,inactive
c1cc(cc(c1)[N+](=O)[O-])C(=O)N2CCC[C@@H](C2)C(=O)N[C@@H]3CCCC[C@H]3NC(=O)c4ccc(cc4)F,C34900138,inactive
C[NH+]1CCN(CC1)C(=O)c2c(c3n(n2)[C@@H](C[C@H](N3)c4ccc(cc4)Br)C(F)(F)F)Cl,C06878804,inactive
CC[NH+](CC)CCCN1[C@@H](C(=C(C1=O)O)C(=O)c2ccc3c(c2)C[C@H](O3)C)c4ccc(c(c4)OCC)OCC=C,C97955594,inactive
c1ccc(cc1)[C@H](CNC(=O)CCSCc2[nH]c(=O)c3c4c(sc3n2)CCC4)[NH+]5CCCC5,C32217618,inactive
Cc1cc(C)c(CNC(=O)c2c(C)n(C(C)c3ccccn3)c3ccccc23)c(=O)[nH]1,CHEMBL3605449,active
[H]/N=C\1/C(=C/c2cc(c(c(c2)Cl)OCCOc3ccccc3OC)OCC)/C(=O)N=C4N1N=C(S4)CCC,C08452982,inactive
Cc1ccc(cc1)S(=O)(=O)NCC(=O)N/N=C\c2cn(c3c2cccc3)C[C@H](C[NH+]4CCCCC4)O,C98031627,inactive
Cc1cc(c(s1)SC)[C@@H]2C(=C(N(C3=C2C(=O)CC(C3)(C)C)c4cccc(c4)[N+](=O)[O-])[NH3+])C#N,C02381706,inactive
C/C(=N/Nc1[nH]nc(n1)SCC(=O)Nc2ccccc2C(F)(F)F)/c3cc[nH+]cc3,C59023658,inactive
C[C@@]12CC[C@@H]3[C@@]([C@H]1CC=C4[C@]2(CC[C@@]5([C@H]4[C@@H](C(CC5)(C)C)O)C(=O)O[C@H]6[C@@H]([C@H]([C@@H]([C@H](O6)CO)O)O)O)C)(C[C@H]([C@@H](C3(C)C)O)O)C,C77269370,inactive
c1cc(cc(c1)NC(=O)C(=O)N2CCc3ccc(cc3C2)O)C4SCCCS4,C89779594,inactive
CC(OCc1nccs1)c1c(C)c(cc2cccn12)C(=O)NCc1c(C)cc(C)[nH]c1=O,490140,active
Cc1cc(cc(c1)N2C(=O)[C@@H]3[C@H](N[C@@]4([C@@H]3C2=O)c5ccccc5NC4=O)CC6=c7ccccc7=[NH+]C6)C,C63480108,inactive
C[C@@H]1C[NH+](CCN1c2cccc(c2)OC)CC(=O)Nc3c4cc(ccc4[nH]c3C(=O)OC)Br,C35369363,inactive
Cc1ccc(o1)CNC(=O)c2ccc(cc2)n3cc[nH+]c3SCC(=O)Nc4ccc(cc4)C(=O)C,C96324489,inactive
[H]/[S+]=c/1\nc(c(c(n1C)[O-])C2=[NH+]c3ccccc3S[C@@H](C2)c4ccc(c(c4)OC)O)[O-],C20899218,inactive
CC(=O)O[C@@H]1[C@H]([C@H](O[C@@H]([C@H]1OC(=O)C)OC/C(=N/NC(=O)N)/[C@H]2CC[C@@H]3[C@@]2(CC(=O)[C@@H]4[C@@H]3CC[C@@H]5[C@@]4(CC[C@H](C5)O)C)C)C(=O)OC)OC(=O)C,C98222090,inactive
C[C@H]1C(=c2c(ccc(c2=[NH+]1)Cl)Cl)CC[NH2+]C3(CCCCC3)c4nnnn4c5ccc(cc5)OC,C63514070,inactive
CCN([C@H]1CC[C@@H](CC1)N(C)C)c1cc(cc(C(=O)NCc2c(C)cc(C)[nH]c2=O)c1C)-c1cccc2cccnc12,172146,active
COc1ccc(cc1)[C@H]2[C@@H]3CCCC[C@@]3(CC[NH+]2CC(=O)Nc4c(c5c(s4)CCCC5)C(=O)OC)O,C09318297,inactive
CSCC[C@H](C(=O)N1CCC2(CC1)c3c([nH+]c[nH]3)CCN2)NC(=O)c4ccccc4Br,C25108255,inactive
CCN([C@H]1CC[C@@H](CC1)N(C)C)c1cc(Cl)cc(C(=O)NCc2c(C)cc(C)[nH]c2=O)c1CC,190200,active
Cc1ccc2c(c1)cc(c(n2)OCc3cccc(c3)F)C[NH2+]C[C@H](c4cccc[nH+]4)N5CCOCC5,C23361714,inactive
CC(C)c1ccccc1n2cc[nH+]c2SCC(=O)NCC(=O)Nc3ccccc3Br,C19183712,inactive
Cc1ccc(cc1)NC(=O)CN2c3ccccc3[C@@]4(C2=O)[C@H]5[C@@H]([C@@H]([NH2+]4)CCSC)C(=O)N(C5=O)Cc6ccccc6,C08439516,inactive
Cc1cc(C)c(CNC(=O)c2cc(nc3n(ncc23)C2CCCC2)C2CC(C)(C)NC(C)(C)C2)c(=O)[nH]1,382207,active
c1cc(oc1/C=N/NC(=O)CCCCCCCC(=O)N/N=C\c2ccc(o2)I)I,C97959603,inactive
Cc1cc(ccc1/C(=C\2/[C@@H](N(C(=O)C2=O)CCC[NH+](C)C)c3ccc(cc3)Br)/O)OC(C)C,C08440543,inactive
COc1ccc(cc1OC)CC(=O)Nc2ccc(cc2)Cn3cc([nH+]c3)C(=O)NCc4ccc(cc4)Cl,C49422268,inactive
CCN([C@H]1CC[C@@H](CC1)N(C)C)c1cc(cc(C(=O)NCc2c(C)cc(C)[nH]c2=O)c1C)-c1cncnc1,172144,active
c1ccc(cc1)[C@H](C(=O)Nc2ccc(cc2)Br)NS(=O)(=O)c3cccc4c3nsn4,C09692467,inactive
CNCCN(C)Cc1ccc(cc1)-c1cc(C(=O)NCc2c(C)cc(C)[nH]c2=O)c2cnn(C(C)C)c2n1,382143,active
c1ccn2cc([nH+]c2c1)c3cccc(c3)NC(=O)C[C@@H](c4ccc(cc4)Cl)NC(=O)C(F)(F)F,C08857267,inactive
CN(c1ccccc1)S(=O)(=O)c2cccc(c2)NC(=O)C[NH2+][C@H](c3ccccc3)c4cccs4,C32739773,inactive
Cc1cc(nc2c1ccc(c2)F)c3cc4c(c(c3)O)OCC[NH+](C4)Cc5ccc(cc5O)OC,C12027397,inactive
COc1ccc2CCCN(Cc3c(C)cc(C)[nH]c3=O)C(=O)c2c1Cl,50193714,active
CC[NH+](CC)CCCN1[C@H](C(=C(c2ccc(cc2)OC)O)C(=O)C1=O)c3cccc(c3)Oc4ccccc4,C16732282,inactive
CNC1COC(OC1)[C@@H](C)n1c(C)c(C(=O)NCc2c(SC)cc(C)[nH]c2=O)c2ccccc12,574858,active
CC(c1ccccc1)c1ccc(cc1)C(=O)NCc1c(C)cc(C)[nH]c1=O,50110371,active
CC[NH+]1CCc2c(sc(c2C(=O)NC)NC(=O)c3ccc(cc3)S(=O)(=O)N4CCCCC4)C1,C08920333,inactive
c1ccc(cc1)COc2ccc(cc2)[C@@H]3C[C@H]([NH+]=C4N3NC=N4)c5ccc(cc5)Br,C03642328,inactive
c1ccc(c(c1)[C@H]2N(CCS2)C(=O)CN3CC[NH+](CC3)[C@H](c4ccc(cc4)Cl)C(=O)N)F,C22928846,inactive
C=CCOc1ccc(cc1)/C(=C/2\[C@H](N(C(=O)C2=O)CCCn3cc[nH+]c3)c4cccc(c4)Br)/O,C09174605,inactive
COc1ccc2c(c1)sc(n2)NC(=O)CSC3=N/C(=C/c4cc(c(c(c4)OC)OC)OC)/C(=O)N3c5ccccc5,C08416752,inactive
CCC[NH+](Cc1c(nn(c1Oc2ccc(cc2F)F)c3ccccc3)C)C[C@@H](Cc4ccccc4)O,C36304169,inactive
COc1ccc(c(c1)OC)NC(=O)C2(CCCC2)N(C3CC3)C(=O)CN4C[C@H](NC4=S)c5ccccc5,C08713832,inactive
C[NH+](Cc1cc(ccc1OC)Br)C[C@H](COC(c2ccc(cc2)OC)c3ccc(cc3)OC)O,C03495904,inactive
CN[C@H]1COC[C@H]1c2nc(no2)c3cc(cs3)Br,C90424150,inactive
C[C@@H](C(=O)Nc1ccc(cc1Cl)Cl)NS(=O)(=O)c2ccc(cc2)Cl,C08220340,inactive
CCN(C(=O)C1CC1)c1cc(cc(C(=O)NCc2c(C)cc(C)[nH]c2=O)c1C)-c1ccc(NC(=O)c2cccnc2)cc1,50575214,active
c1ccc(cc1)Oc2cccc(c2)/C=N/Nc3[nH]nc(n3)SCC(=O)NCc4ccc(cc4)Cl,C58994641,inactive
C[C@H]1CCc2c(sc3c2C(=[NH+][C@@H](N3)c4ccc(cc4)OC(=O)/C=C/c5ccc(cc5)OC)O)C1,C15947551,inactive
Cc1cc(c(c(c1)C)S(=O)(=O)NC[C@@H](c2ccc3c(c2)OCO3)[NH+]4CCN(CC4)c5ccccc5F)C,C38620955,inactive
CC(C)Cn1c(c(c2c1[nH+]cc(c2)NCc3ccc(cc3)C#CC(C)(C)O)NC(=O)c4ccoc4)C(=O)OC,C14743937,inactive
C[C@H](C(=O)Nc1cccc(c1)Br)Sc2nnnn2c3ccc(cc3)O,C14922845,inactive
CCN([C@H]1CC[C@@H](CC1)N(C)CCOC)c1cc(Cl)cc(C(=O)NCc2c(C)n(C)[nH]c2=O)c1C,310770,active
CC(C)C[C@@H](C(=O)NCCCOC)NC(=O)[C@@H]1CC2=c3ccccc3=[NH+][C@@H]2[C@@H]4N1C(=O)c5c4cccc5,C63383545,inactive
c1ccc(cc1)CN(c2ccc(cc2)CC(=O)NCc3ccc[nH+]c3)C(=O)c4ccc(cc4Cl)Cl,C34675948,inactive
c1ccc2=[NH+]CC(=c2c1)CCN3C=N[C@@H]4[C@H](C3=O)C5=C(S4)C[C@@H](CC5)NCc6cccc(c6F)F,C64045354,inactive
[H]/N=C\1/C(=C/c2ccc(cc2)OCCOc3cccc(c3)OC)/C(=O)N=C4N1N=C(S4)S(=O)(=O)CC,C41084097,inactive
C[C@]12CC[C@@H](C[C@@H]1C[C@@H]3[C@@H]4[C@@H]2[C@@H]([C@@H]([C@@]5([C@@]4([C@@H](O3)C[C@@H]5C6=CC(=O)OC6)O)C)O)OC(=O)c7ccccc7)OC(=O)c8ccccc8,C98223052,inactive
c1cc(ccc1NC(=O)C(=O)N/N=C/c2ccc(c(c2)Cl)Cl)Br,C13922835,inactive
C[C@H]1C[C@H]2[C@@H]3CC[C@@]([C@]3(C[C@@H]([C@@H]2[C@@]4(C1=CC(=O)C=C4)C)O)C)(C(=O)C[O-])OC(=O)C,C39402613,inactive
CCOc1cc(cc(c1O)/C=N/NC(=O)/C(=C\c2ccc(cc2)N(C)C)/NC(=O)c3ccccc3)[N+](=O)[O-],C38172942,inactive
CC[C@@H](C(=O)Nc1ccc2c(c1)sc(n2)SCC(=O)NCc3ccco3)Sc4[nH+]ccn4C,C59853968,inactive
C[C@](Cc1c[nH]c2c1cccc2)(C(=O)NCC3(CCCCC3)c4ccc(c[nH+]4)OC)NC(=O)Nc5ccc(cc5)[N+](=O)[O-],C03951093,inactive
Cc1c2c(c(c[nH+]1)CO)Cc3c(nc(nc3SCC(=O)Nc4ccccc4)c5cccc(c5)Cl)O2,C09116228,inactive
CCOc1c(cn(c1c2[nH+]c3cc(ccc3n2C)NC(=O)c4ccc(cc4)OC)C)C(=O)N,C36369946,inactive
CCOc1ccc(cc1[N+](=O)[O-])c2c(cn(n2)c3ccccc3)/C=C\4/C(=O)N(C(=S)S4)NC(=O)c5ccc(cc5)C,C98221371,inactive
CCCc1cc(C)[nH]c(=O)c1CNC(=O)c1cc(cc2n(ncc12)C(C)C)-c1ccc(nc1)N1CCNCC1,50536604,active
c1cc(cc(c1)OCc2ccc(cc2)Cl)/C=N/NC(=O)c3c(nnn3c4c(non4)N)C[NH+]5CCCCC5,C02520778,inactive
C[NH+]1CCN(CC1)S(=O)(=O)c2cccc(c2)NC(=O)Cc3csc(n3)c4ccccc4Cl,C72028484,inactive
Cc1cc(C)c(CNC(=O)c2cc3[C@@H]4CCC[C@]4(C)Oc3c(c2)-c2ccc(nc2)N2CCNCC2)c(=O)[nH]1,359805,active
c1ccc(c(c1)c2nnc(n2N)SCC(=O)N3CC[NH+](CC3)[C@@H]4CCS(=O)(=O)C4)Cl,C25445146,inactive
c1ccc(cc1)C[NH2+][C@@H]2CC(=O)N(C2=O)c3ccc(cc3)N4C(=O)C[C@@H](C4=O)[NH2+]Cc5ccccc5,C13388233,inactive
COc1ccc(cc1)C[NH+]2CCc3cc(c(cc3[C@H]2CNS(=O)(=O)c4ccc(cc4)Cl)OC)OC,C36048568,inactive
CSc1cc(C)[nH]c(=O)c1CNC(=O)c1c(C)n([C@H](C)C23CC(C2)(C3)N(C)CC(F)(F)F)c2ccccc12,574848,active
COc1ccc(cc1NS(=O)(=O)c2cc(ccc2F)F)S(=O)(=O)Nc3ccccc3Cl,C20627808,inactive
c1ccc(cc1)C(=O)N2CCN(CC2)c3ccc(cc3)NC(=S)NC(=O)c4ccc5c(c4)nsn5,C57313956,inactive
CCOC(=O)c1c(n(c2c1c3cc(ccc3c(c2O)/N=[NH+]\C(=O)N)Br)C)CN(C)C,C12470955,inactive
COC(=O)C[NH2+][C@@H](c1ccccc1Cl)c2cc(ccc2NC(=O)c3ccccc3)Br,C01193951,inactive
CCCOc1ccc(cc1)C(=O)Oc2ccc(cc2/C=N/NC(=O)c3ccc(cc3)OCc4ccc(cc4)Cl)Br,C04365658,inactive
CCN(C1CCSCC1)c1cc(cc(C(=O)NCc2c(C)cc(C)nc2=O)c1C)-c1ccc(CN2CCOCC2)cc1,172126,active
c1ccc(cc1)c2ccc([nH+]n2)N3CCC[C@H](C3)C(=O)Nc4ccc(cc4)S(=O)(=O)/N=c/5\[nH]ccs5,C22480806,inactive
CN(C1CCOCC1)c1cc(cc(C(=O)NCc2c(C)cc(C)nc2=O)c1C)-c1cnn(CCN2CCOCC2)c1,514149,active
Cc1ccc(cc1)NC2=Nc3ccccc3N4C2=[NH+]c5c(c(nn5c6ccccc6)C)[C@@H]4c7ccc(cc7)C(=O)OC,C01871414,inactive
CC1(CC(CC([NH2+]1)(C)C)NC(=S)N(Cc2ccc(cc2)OC)Cc3cc(c(cc3OC)OC)OC)C,C21263693,inactive
CCCC1=C2[C@H](C(=C(O[C@@H]2N=N1)[NH3+])C#N)c3cc(c(c(c3)Br)OCc4ccccc4)OC,C39243288,inactive
COc1ccc(c(c1)OC)c2cc(c3c(c(sc3[nH+]2)C(=O)N4CCc5ccccc5C4)N)C(F)(F)F,C00804139,inactive
Cc1cc(C)c(CNC(=O)c2cc(-c3ccc(CN4CCOCC4)nc3)cc(N(C)[C@H]3CC[C@@H](N)CC3)c2C)c(=O)[nH]1,CHEMBL3697440,active
c1ccc2c(c1)nc(s2)n3c(=O)c(c([nH]3)CSc4ccc(cc4)Cl)/C=N/CCc5c[nH+]c[nH]5,C18244261,inactive
c1ccc(c(c1)C(=O)NNC(=O)c2ccccc2Cl)NS(=O)(=O)c3cccs3,C14805180,inactive
COc1cc2cc[nH+]c(c2cc1OC)Cc3cc(c(cc3NC(=O)c4c(c5ccccc5s4)Cl)OC)OC,C02362753,inactive
c1ccc2=[NH+]CC(=c2c1)C[C@@H]3[C@H]4[C@H](C(=O)N(C4=O)C[C@@H]5CCCO5)[C@]6(N3)c7cc(ccc7NC6=O)F,C63480038,inactive
COc1cc(C)[nH]c(=O)c1CN1CCN(C)c2ccc(-c3c(C)noc3C)c(Cl)c2C1=O,CHEMBL5079717,active
COc1ccc(cc1COc2ccccc2C(=O)N)/C=N\NS(=O)(=O)c3cc(ccc3Cl)Cl,C32575548,inactive
CCN([C@H]1CC[C@@H](CC1)N(C)C)c1cc(cc(C(=O)NCc2c(C)cc(C)[nH]c2=O)c1C)C#CCN1CCC[C@H](O)C1,601740,active
CCOc1cc2c(cc1C/[NH+]=C(/c3cc(c(cc3Cl)Cl)S(=O)(=O)NC4CC4)\O)O[C@@H](C2)C,C09640996,inactive
CC(C)CC(=O)Nc1ccc(cc1)NC(=O)CCCCCCCC(=O)Nc2ccc(cc2)NC(=O)CC(C)C,C09260287,inactive
CC(C)(C)NC(=O)c1ccc2c(c1)[C@H]3C=CC[C@H]3[C@H](N2)c4cc(c(c(c4)OC)OC)OC,C20683876,inactive
c1cc(ccc1C2(CC2)C(=O)NC3CCCCCC3)NS(=O)(=O)c4ccc5c(c4)CCCC5,C33115390,inactive
Cc1c(nc(s1)NC(=O)[C@@H]2CS[C@]3(N2C(=O)CC3)C)c4ccc(cc4)OC,C07670632,inactive
C[C@H](C(=O)NC1=c2cc(ccc2=[NH+][C@H]1C(=O)OC)Br)[NH+]3CCN(CC3)c4ccccc4OC,C38609935,inactive
c1cc(cc(c1)C(=O)N2CCCN(CC2)C(=O)N)CSc3cc(ccc3Cl)Cl,C78503258,inactive
Cc1ccccc1CN2c3ccccc3-c4c(cnc(n4)SCC(=O)NCCc5ccccc5)S2(=O)=O,C08673231,inactive
Cc1cccc(c1)COc2ccc(cc2)C(=C3[C@H](N(C(=O)C3=O)Cc4cc[nH+]cc4)c5ccccc5F)O,C09461086,inactive
CCOc1cc(cc(c1OCc2ccc(cc2Cl)Cl)Br)CNn3cnnc3SCc4ccc(cc4)F,C08443900,inactive
C[C@H](C(=O)N/N=C/c1ccc(cc1)OC(=O)c2ccccc2I)Oc3ccc(cc3)[N+](=O)[O-],C04372907,inactive
CCOc1ccc(cc1)C(=O)C2=C(C(=O)N([C@H]2c3cccc(c3)O)c4ccc(cc4)Br)O,C05921533,inactive
CCc1c(c(n(n1)c2ccccc2)Oc3ccc(cc3)C)C[NH+](CCOC)C[C@@H](Cc4ccccc4)O,C36303042,inactive
C[C@H]1CC[C@@]23CCC(=O)[C@H]2[C@]1([C@@H](C[C@@]([C@H]([C@@H]3C)O)(C)C=C)OC(=O)CSC(C)(C)CNC(=O)[C@@H](C(C)C)[NH3+])C,C77320005,inactive
c1ccc(cc1)C(c2ccccc2)NC(=O)[C@@H](c3ccc(cc3Cl)Cl)NC(=O)c4ccccn4,C03146998,inactive
CC(C)COC[C@H](C[NH+](Cc1[nH]c(=O)c2c(csc2n1)c3ccccc3F)C4CCCCC4)O,C36206263,inactive
CS(=O)(=O)Nc1ccccc1NS(=O)(=O)c2cccc(c2)Br,C36833085,inactive
CN(C)c1ccc(c[nH+]1)NC(=O)[C@@H](Cc2ccccc2)NS(=O)(=O)c3cccc4c3nsn4,C32889610,inactive
C[NH+]1CCc2cc3c(c(c2[C@H]1c4nnnn4c5ccc(cc5)C(=O)N/N=C/c6ccc(cc6)N(C)C)OC)OCO3,C70670100,inactive
Cc1cc(C)c(CNC(=O)c2cc(Br)nc3c2cnn3C2CCN(C(=O)OC(C)(C)C)CC2)c(=O)[nH]1,CHEMBL3771135,active
c1cc(cc(c1)Br)CS(=O)(=O)c2[nH]c3cccnc3n2,C02504098,inactive
Cn1c(=O)c2c3c(sc2nc1SCC(=O)Nc4ccc5c(c4)sc(n5)SCC(=O)OC)CCCC3,C02189393,inactive
c1ccc2c(c1)ccc3c2c(co3)CC(=O)Nc4c(c5c(s4)CCCC5)C(=O)NCc6ccc[nH+]c6,C39882956,inactive
COc1ccc(cc1)C[NH+]2CCc3cc(c(cc3[C@@H]2CNS(=O)(=O)c4ccc(cc4)OC)OC)OC,C36048571,inactive
c1ccc(c(c1)Cn2c3ccccc3nc2SCC(=O)N/N=C/c4cc(cc(c4O)I)I)Cl,C05318875,inactive
COC1CN(C1)C1CCC(CC1)N(C)c1cc(C(=O)NCc2c(C)cc(C)[nH]c2=O)c(C)c2n(C)ncc12,516878,inactive
c1ccc2c(c1)nc(n2C[C@@H](C[NH+]3CCN(CC3)C[C@H](Cn4c5ccccc5nc4C(F)(F)F)O)O)C(F)(F)F,C98048156,inactive
Cc1c(c(n(n1)Cc2ccc(c(c2)Cl)Cl)C)NC(=O)c3cnn4c3nc(cc4C(F)(F)F)c5ccccc5OC,C59620562,inactive
Cc1ccccc1COc2ccc(cc2)C(=O)C3=C(C(=O)N([C@@H]3c4ccc(cc4)Cl)CCC[NH+](C)C)O,C35445237,inactive
Cc1cc(Cl)c(CNC(=O)c2c(C)n([C@H](C)C3CCN(CC(F)(F)F)CC3)c3ccccc23)c(=O)[nH]1,CHEMBL4632988,active
COC1CC(C1)N1CCC(CC1)[C@@H](C)n1c(C)c(C(=O)NCc2c(SC)cc(C)[nH]c2=O)c2ccccc12,575020,active
CC[NH+]1CCN(CC1)c2ccc(cc2)NC(=S)NC(=O)c3cc(c(c(c3)OCC)OCC)OCC,C04123075,inactive
COc1cc(cc(c1OC)OC)/C=N\c2ccc(cc2[C@@H](c3ccccc3Cl)NCC(=O)OC)Br,C97997082,inactive
CCc1ccccc1NC(=O)CN(C)C(=O)[C@@H](C)[NH+](C)CC(=O)Nc2ccc(cc2)OC(F)(F)F,C25182272,inactive
Cn1c2c(c(=O)[nH]c1=O)n(c([nH+]2)SCCO)C[C@@H](COc3ccc(cc3)Cl)O,C02373214,inactive
COC(=O)CC[C@H](C(=O)OC)NC(=O)N1CCc2c([nH]c[nH+]2)[C@@H]1c3ccc(cc3F)Br,C36579970,inactive
Cc1cccc(c1)C2=NN3C(=[NH2+])/C(=C\c4cc(c(c(c4)OC)OCCOc5ccccc5Cl)OC)/C(=O)N=C3S2,C97958810,inactive
Cc1c2c(c(c[nH+]1)CO)Cc3c(nc(nc3SCC(=O)Nc4ccc(cc4)F)c5ccccc5OC)O2,C09116186,inactive
C[NH+](C)c1ccc(cc1)[C@H](CNc2ccc(cn2)S(=O)(=O)N3CCCC3)C4=c5ccccc5=[NH+]C4,C63228973,inactive
CSc1cc(C)[nH]c(=O)c1CNC(=O)c1c(C)n([C@H](C)CO)c2ccccc12,574880,active
Cc1ccc2c(cc(=O)oc2c1)CC(=O)Nc3ccc(cc3)S(=O)(=O)Nc4cc(nc(n4)C)C,C09565573,inactive
C[C@H](Cc1ccccc1)NC(=O)CSc2nc3c(c4c(s3)COC(C4)(C)C)c(=O)n2c5ccc(cc5)OC,C97952352,inactive
c1ccc2=[NH+]C([NH+]=c2c1)CNC(=O)C3=CN(CC(=C3[O-])C(=O)NC4CCCCCC4)C5CC5,C64053325,inactive
COc1ccc(c(c1)OC)NC(=O)CSc2c(nc(o2)c3ccccc3)S(=O)(=O)c4ccc(cc4)Cl,C02721631,inactive
c1cc(ccc1C[C@H]2C(=O)NC(=O)N(C2=O)CCNc3c(cc(c[nH+]3)C(F)(F)F)Cl)Cl,C03105951,inactive
c1cc(ccc1C2=C[C@@H](N=N2)[C@@H]3N=N[C@@H](N3[NH3+])SCC(=O)Nc4cc(ccc4Cl)C(F)(F)F)F,C39592638,inactive
CCN(C1CCOCC1)c1cc(cc(C(=O)NCc2c(C)cc(C)[nH]c2=O)c1C)-c1cnc(cn1)C(F)(F)F,601724,active
C[C@H](C(=O)Nc1ccc(cc1)S(=O)(=O)N)Sc2ccc(cc2)NC(=O)c3ccc(cc3)[N+](=O)[O-],C22822480,inactive
C[C@]1(CC(=O)[C@H]([C@@H]([C@@H]1C(=O)Nc2ccccc2OC)c3cccc[nH+]3)C(=O)Nc4ccccc4OC)O,C41006179,inactive
C[C@H](C1CCN(CC2(C)CCC2)CC1)c1sc2CCCN(Cc3c(C)cc(C)[nH]c3=O)C(=O)c2c1C,439192,active
Cn1c2c(c(=O)[nH]c1=O)n(c(n2)N/N=C/c3ccc(cc3)Br)C[C@@H](COc4ccc(cc4)Cl)O,C05351550,inactive
COc1ccc(cc1)[C@@H]2c3c(c4ccccc4[nH]3)C[C@@H]5N2C(=O)CN(C5=O)CCc6c[nH]c7c6cccc7,C02147809,inactive
CCS(=O)(=O)N1CCC([C@@H](C)n2c(C)c(C(=O)NCc3c(OCC(F)(F)F)cc(C)[nH]c3=O)c3ccccc32)CC1,CHEMBL3605459,active
CCCN1c2ccccc2[C@]3(C1=O)C(=C(N(C4=C3C(=O)CCC4)c5ccc(cc5)F)N)C#N,C13567612,inactive
CC(=O)c1ccc(cc1)NC(=O)N2C[C@@H]3C[C@H](C2)c4ccc(c(=O)n4C3)NC(=O)C[NH+](C)C,C05413680,inactive
c1cc(cc(c1)[N+](=O)[O-])/C=C/C(=O)NCC[NH+]2CCN(CC2)c3nc4ccc(cc4s3)Br,C38774038,inactive
CCC[NH+]1CCc2c(sc(c2C(=O)OCC)NC(=O)CCCS(=O)(=O)c3ccc(cc3)Cl)C1,C09914549,inactive
COc1ccc(cc1)/C=N\Nc2c(=O)n(c3c([nH+]2)cccn3)CCNc4c(cc(cn4)C(F)(F)F)Cl,C33929676,inactive
c1ccc(cc1)c2cnc(c3c2nc(cc3)C(F)(F)F)N4CC[NH+](CC4)CCNc5c6c([nH]cn6)ncn5,C24912825,inactive
CCN([C@H]1CC[C@@H](CC1)N(C)C)c1cc(cc(C(=O)NCc2c(C)cc(C)[nH]c2=O)c1C)-c1ccc(CN2CC[C@H](O)C2)nc1,601730,active
c1ccc(c(c1)c2ccc(o2)[C@H]3[C@@H]([C@@](NC(=[NH+]3)O)(C(F)(F)F)O)C(=O)c4ccc(cc4)F)[N+](=O)[O-],C08691773,inactive
C=C1C([C@@H](C2C(=N1)C[C@H](CC2=O)c3ccccc3)c4ccc(o4)c5cccc(c5)Cl)C(=O)Nc6cccc[nH+]6,C08440202,inactive
Cc1cc(nc2c1cc(cc2)N/C(=[NH+]/CC[NH+]3CCc4ccccc4C3)/[S-])N5CC[NH+](CC5)C,C15961505,inactive
CC(C)n1ncc2c(cc(nc12)C1=CCN(CC1)C(=O)C1CCN(C)CC1)C(=O)NCc1c(C)cc(C)[nH]c1=O,325940,active
Cc1ccc(cc1NS(=O)(=O)c2ccc(cc2)NC(=O)CN(c3cccc(c3)C(=O)C)S(=O)(=O)C)Cl,C59626705,inactive
CCOc1ccc(cc1)/N=c/2\c(cc3c(c[nH+]c(c3o2)C)CO)C(=O)Nc4ccc(cc4)Br,C02955719,inactive
CCC[NH+](CCC)CN1c2ccc(cc2/C(=N\NC(=O)CO/N=C/c3ccccc3)/C1=O)Br,C13943971,inactive
CSc1cc(C)[nH]c(=O)c1CNC(=O)c1c(C)n([C@H](C)C2CN(CC(F)(F)F)C2)c2ccccc12,574908,active
CCc1ccccc1NC(=O)CSc2c3c(nc(n2)c4ccccc4F)Oc5c([nH+]cc(c5C3)CO)C,C09116317,inactive
c1cc(ccc1[C@@H]2C(=C(C(=O)N2CCC[NH+]3CCOCC3)O)C(=O)c4ccc(cc4)Br)Cl,C09310105,inactive
COc1cccc(c1)C[NH+]2CCc3cc(c(cc3[C@H]2CNC(=S)NC4CC4)OC)OC,C36040827,inactive
CCc1nnc(s1)NC(=O)CSc2nnc(n2N)NN=C(Cc3ccccc3)Cc4ccccc4,C20918758,inactive
c1cc[nH+]c(c1)CN(Cc2ccc(c(c2)Cl)Cl)C(=O)CCCOc3ccc4c(c3)CCC(=O)N4,C72052650,inactive
Cc1ccc(cc1)S(=O)(=O)N[C@H](Cc2ccccc2)C(=O)N[C@H](CC3=c4ccccc4=[NH+]C3)C(=O)OC,C63761415,inactive
Cc1c2c(n(n1)c3ccccc3)[NH+]=C4C(=Nc5ccccc5N4[C@H]2c6ccc(cc6)C(=O)OC)Nc7cccc(c7)F,C01871813,inactive
c1ccc(cc1)N(c2nc(nc(n2)N/N=C/c3c(cccc3)Br)N/N=C/c4c(cccc4)Br)c5ccccc5,C95100420,inactive
CC1=NC2=C([C@H](C1C(=O)Nc3ccc(c[nH+]3)Br)c4ccccc4OC)C(=O)CC(C2)(C)C,C09861114,inactive
c1cc(ccc1N2C(=O)/C(=C/c3cc(ccc3O)Cl)/C(=O)NC2=O)Br,C83327232,inactive
CCOc1ccc(cc1)n2c(=[NH2+])c3c(n[nH]c3nc2SCC(=O)NCCc4ccc(c(c4)OC)OC)C,C02927228,inactive
CCCCCOc1ccc(cc1OCC)[C@H]2C(=C(C(=O)N2CC[NH+](C)C)O)C(=O)c3c(nc4n3cccc4)C,C35420000,inactive
c1cc2n(c(=O)c1)C[C@@H]3C[C@H]2CN(C3)c4ccc(cc4/N=C(/c5cccnc5)\O)/C(=[NH+]/Cc6cccs6)/O,C34858102,inactive
Cc1ccccc1COc2ccc(cc2)C(=C3[C@@H](N(C(=O)C3=O)CCCn4cc[nH+]c4)c5cccs5)O,C09425081,inactive
C[C@H]1Cc2cc(ccc2N1C(=O)C)S(=O)(=O)N[C@H](Cc3ccccc3)C(=O)NC4CCC(CC4)C,C09429002,inactive
c1cc(ccc1CS(=O)(=O)N)NC(=O)[C@H]2CCCN2S(=O)(=O)c3ccc(s3)Cl,C25584125,inactive
CN1CCCc2c1ccc(c2)[C@@H](CNC(=O)c3ccc(cc3)S(=O)(=O)N4CCCCC4)[NH+]5CCCCC5,C38671085,inactive
Cc1cc(c(n1c2ccccc2C(F)(F)F)C)/C=N/NC(=O)C(=O)Nc3cccc4c3cccc4,C02966646,inactive
COc1c(ccc2c1nc(s2)N3CC[NH+](CC3)CCNC(=O)CSc4ccc(cc4)Cl)Cl,C38791176,inactive
C/C(=N/NC(=[NH2+])S[C@@H]1CC(=O)N(C1=O)c2ccc(cc2)OC)/c3ccc(cc3)C4CCCCC4,C83261323,inactive
CCOc1ccc(cc1)NS(=O)(=O)c2cccc(c2)C(=O)NC[C@@H](c3ccco3)[NH+]4CCCC4,C17702374,inactive
c1ccc(cc1)Cn2c(=O)c3ccccc3c(n2)C(=O)N4Cc5ccccc5C[C@H]4C(=O)N,C09741603,inactive
CCN([C@H]1CC[C@@H](CC1)N(C)C)c1cc(Cl)cc(C(=O)NCc2cn(C)[nH]c2=O)c1C,310744,active
CC(C)N1CCN(CC1)c1ccc(cn1)-c1cc(C(=O)NCc2c3CCCc3c(C)[nH]c2=O)c2cnn(C(C)C)c2c1,50536567,active
CCOC(=O)C1=C(NC(=[NH+][C@H]1c2cn(nc2c3ccc(c(c3)Br)OC)c4ccccc4)O)C,C13581782,inactive
Cc1cc(C)c(CNC(=O)c2cc(Br)nc3n(ncc23)C2CCOCC2)c(=O)[nH]1,50149879,active
CC(C)Oc1ccc(cc1)[C@@H]2[C@H]3CN(CC=C3C(=C(C2(C#N)C#N)[NH3+])C#N)C(=O)OCc4ccccc4,C20058116,inactive
Cc1c(sc(n1)NC(=O)CSc2nnc(n2N)C(C)C)C(=O)C,C05605591,inactive
CC[NH+](CC)c1ccc(cc1)N2C(=O)[C@@H]3[C@H]4C=C[C@@H]([C@H]3C2=O)[C@@H]5[C@@H]4C(=O)N(C5=O)c6ccc(cc6)N(CC)CC,C08399747,inactive
COc1cccc(C(=O)NCc2c(C)cc(C)[nH]c2=O)c1F,CHEMBL3964489,inactive
[H]/N=C\1/C(=C/c2cc(ccc2OCc3ccccc3F)Br)/C(=O)N=C4N1N=C(S4)CCCCCCC,C08452988,inactive
C/C(=N/Nc1[nH]nc(n1)SCC(=O)Nc2nnc(s2)SCc3ccccc3)/c4cc[nH+]cc4,C59023859,inactive
Cc1cccc(c1)COc2ccc(cc2)C(=O)C3=C(C(=O)N([C@H]3c4cccs4)c5nc(c(s5)C(=O)C)C)O,C98048011,inactive
CCN([C@H]1CC[C@@H](CC1)N(C)Cc1cccc(OC)c1)c1cc(Cl)cc(C(=O)NCc2c(OC)nn(C)c2N2CCCCC2)c1C,310797,inactive
Cc1c(c2c(c(sc2[nH+]c1C)C(=O)N(C)CCOC(=O)c3c(c4c(c(c(nc4s3)C)C)C)N)N)C,C12372285,inactive
COc1ccc(cc1)NC(=O)[C@H](c2ccc(cc2)F)N(Cc3ccc(cc3)Cl)C(=O)CN4c5ccccc5C(=O)C4=O,C08713459,inactive
C/C(=N/N=C\1/NC(=O)C[C@H](S1)C(=O)Nc2ccc(cc2)Cl)/C=C/c3ccc(cc3)[NH+](C)C,C15974244,inactive
c1ccc(cc1)CCNC(=S)N(CC[NH+]2CCOCC2)Cc3cc4cc5c(cc4nc3O)OCO5,C06446449,inactive
CCOc1ccccc1c2nc(cs2)CC(=O)Nc3nc(cs3)c4c[nH]c5c4cccc5,C10188520,inactive
CCCOc1ccc(cc1)[C@@H]2C(=C(C(=O)N2CCC[NH+](CC)CC)O)C(=O)c3cc4cccc(c4o3)OC,C33813694,inactive
CCN(CC)S(=O)(=O)c1cccc(c1)C(=O)N[C@H](c2ccccc2)c3ccc4c(c3)[nH]c[nH+]4,C12540129,inactive
CC(=O)O[C@]12[C@@H]3[C@@H](C[C@@]([C@@H]3OC(=O)c4ccccc4)([C@@H]([C@@H]1O)OC)O)[C@]56[C@H](CC[C@@]7([C@H]5[C@H]([C@H]2[C@H]6N(C7)C)OC)COC)OC,C77301157,inactive
CCN([C@H]1CC[C@@H](CC1)NC(C)=O)c1cc(cc(C(=O)NCc2c(C)cc(C)nc2=O)c1C)-c1ccc(CN2CCOCC2)cc1,172123,active
COc1cc(ccc1OCCBr)/C=N/Nc2cc(nc([nH+]2)N3CCCCC3)N4CCCCC4,C41078039,inactive
CCCOc1c(cccc1OC)[C@H]2C3=C(C[C@@H](CC3=O)c4ccc(cc4)C)Nc5ccccc5N2,C21229627,inactive
Cc1ccc(cc1)NC(=O)[C@@H](CC2=c3ccccc3=[NH+]C2)NC(=O)C(c4ccccc4)c5ccccc5,C63503194,inactive
CN(c1ccccc1C(=O)Nc2ccc(cc2)S(=O)(=O)NCC(F)(F)F)C(=O)c3cccs3,C25710030,inactive
Cn1c2ccc(cc2nc1SCC(=O)N[C@H]3CCCc4c3cccc4)S(=O)(=O)N,C32946582,inactive
COc1ccc(cc1)CC/[NH+]=C(/Nc2ccc(cc2)F)\S[C@H]3CC(=O)N(C3=O)c4ccccc4OC,C59446181,inactive
C[C@H](C1CCN(CC(F)(F)F)CC1)n1c(C)c(C(=O)NCc2c(SC(F)F)cc(C)[nH]c2=O)c2ccccc12,574975,active
CCCc1cc(C)[nH]c(=O)c1CNC(=O)c1cc2CC(C)(Oc2c(c1)-c1cnc(nc1)N1CCNCC1)C(C)=C,359846,active
COc1ccc2c(c1)c3c([nH]2)[C@H]4C[C@H]5[C@@H](C[C@@H]([C@@H]([C@@H]5C(=O)OC)OC)OC(=O)c6cc(c(c(c6)OC)OC)OC)C[NH+]4CC3,C05062979,inactive
c1ccc(cc1)COc2ccccc2/C=N/NC(=O)C(=O)Nc3cccc(c3Cl)Cl,C43190583,inactive
Cc1ccc(cc1)C2=N[C@@H](SC2)NC(=O)CCc3nc(no3)CS[C@@H]4[NH+]=c5ccc(cc5=[NH+]4)C,C64604228,inactive
C[NH+](Cc1cccc(c1)OCCN2CCN(CC2)S(=O)(=O)c3cccc(c3)Cl)C[C@H]4CCC(=O)N4,C14986809,inactive
Cc1c(c(=O)n(n1C)c2ccccc2)/[NH+]=C/c3cc(c(c(c3)I)O)OC,C01501984,inactive
CCCc1cc(C)[nH]c(=O)c1CNC(=O)c1cc(C2CCNCC2)cc2c1cnn2C(C)C,CHEMBL4569399,active
COc1ccc(cc1OC)NC(=O)NC[C@H](c2ccc3c(c2)OCO3)[NH+]4CCN(CC4)c5ccccc5F,C38621300,inactive
COc1cc(cc(c1OC)OC)/C=N\NC(=O)CSc2[nH+]c3ccccc3n2Cc4ccccc4Cl,C33341953,inactive
C[C@H]1CCCC[NH+]1CCNC(=O)c2ccc(cc2)NC(=O)c3nnc(s3)COc4ccc(cc4)F,C33032335,inactive
CCc1ccccc1NC(=O)C[NH+](C)[C@@H](C)C(=O)Nc2ccc(c(c2)C(F)(F)F)Cl,C14123419,inactive
CC[NH+](CC)CCN1[C@@H](C(=C(C1=O)O)C(=O)c2c(n3cccc(c3n2)C)C)c4ccc(cc4)Br,C35484492,inactive
CCN([C@H]1CC[C@@H](CC1)N(C)C)c1cc(Br)c(C)c(C(=O)NCc2c(C)cc(C)[nH]c2=O)c1C,190209,active
Cc1cc(c(n1c2ccc(c(c2)Cl)Cl)C)C=NNC(=O)CN(CCc3ccccc3)S(=O)(=O)c4ccc(cc4)Cl,C08450492,inactive
