s.no.,smiles,name,bioactivity_class
1,C[C@H]1C(=c2cc(ccc2=[NH+]1)Cl)CCN(Cc3ccc[nH+]c3)C(=S)Nc4cc(ccc4OC)OC,C63655273,inactive
2,Cn1cc(c2c1cccc2)C(=O)NNC(=O)CCNS(=O)(=O)c3ccc(cc3)OC(F)(F)F,C10736994,inactive
3,Nc1nccc2n(cnc12)[C@@H]1C=C(CO)[C@@H](O)[C@H]1O,50096906,active
4,c1ccc(cc1)CC(=O)NC(=S)Nc2ccccc2C(=O)Nc3ccc(cc3)Nc4ccccc4,C14006018,inactive
5,Cc1cccc(c1NC(=O)C[NH+](C)Cc2nc(c3c(csc3n2)c4ccc(cc4)Cl)[O-])C,C57293376,inactive
6,COc1ccc(cc1OC)[C@@H]2C[C@@H](n3c(c(c(n3)C(=O)Nc4ccc5c(c4)OCO5)Cl)N2)C(F)(F)F,C00867132,inactive
7,C[C@H]1Cc2cc(ccc2O1)C(=O)C3=C(C(=O)N([C@H]3c4ccc(cc4)OCC=C)c5nc6ccc(cc6s5)F)O,C97956550,inactive
8,Cc1ccc(cc1)S(=O)(=O)NC(C)(C)C[NH+]2CCN(CC2)CC(C)(C)NS(=O)(=O)c3ccc(cc3)C,C19832601,inactive
9,C[NH+]1CCN(CC1)c2ccc(cc2)NC(=S)NC(=O)c3cc4ccccc4c(c3OC)Br,C08898277,inactive
10,COc1cc(cc(c1OC)OC)C(=O)c2cc(ccc2N/C=C(/C#N)\c3nc(cs3)c4cccc(c4)Br)Cl,C97966521,inactive
11,Cc1c([nH+]c(nc1N(C)CCc2ccc(c(c2)OC)OC)SCc3ccc(cc3)C(=O)NCC(C)C)C,C36064148,inactive
12,Cc1ccc(c(c1)NC(=O)CSC2=C([C@@H](C(=C(N2)C)C(=O)OCC=C)c3ccc(c(c3)OC)O)C#N)C,C20080879,inactive
13,c1ccc2c(c1)c(cc(n2)c3cccc[nH+]3)c4nn(c(=S)o4)C[NH+]5CCC[C@@H]5c6cccs6,C13070092,inactive
14,[H]/N=C/CCN(CCC=[NH2+])c1ccc(cc1)/C=C\2/CN(C(=[NH+]2)c3ccccc3)NC(=O)c4ccc(cc4)Cl,C16957850,inactive
15,COc1cc(cc(c1OC[C@@H](c2ccc3c(c2)OCCO3)O)Br)C[NH2+]Cc4ccco4,C20877198,inactive
16,C[C@@H]1C[C@@H]2[C@@H](c3ccc(c(c3O[C@@]24[C@@H](C1)[C@@H](NC(=[NH+]4)SCC=C)c5ccc(cc5)OC)O)O)c6ccc(cc6)OC,C97966182,inactive
17,CC(C)(C)CC(C)(C)NC(=O)[C@H](c1ccc(c(c1)OC)O)N(C)C(=O)Cc2ccc(cc2)Br,C36528527,inactive
18,COc1cc(C)[nH]c(=O)c1CN1CCc2c(Cl)cc([C@@H](OC)C3COC3)c(Cl)c2C1=O,CHEMBL4062204,active
19,CCN([C@H]1CC[C@@H](CC1)N(C)Cc1cccc(OC)c1)c1cc(Cl)cc(C(=O)NCc2c(C)n(CC)[nH]c2=O)c1C,310777,active
20,COc1ccc(cc1)N2CC[NH+](CC2)CC(=O)Nc3c4cc(ccc4[nH]c3C(=O)OC)Br,C02272260,inactive
21,CS(=O)(=O)Nc1ccc(c(c1)NS(=O)(=O)c2ccccc2Cl)Cl,C55588141,inactive
22,c1ccc2c(c1)CC[NH+](C2)[C@@H](CNC(=O)c3ccc(cc3)S(=O)(=O)N4CCCC4)c5ccsc5,C38674093,inactive
23,Cc1c(c2ccccc2[nH]1)C(=O)/C(=c/3\n(c(=O)/c(=C/c4cccc[nH+]4)/s3)c5ccc(cc5)Cl)/C#N,C13139819,inactive
24,c1cc(sc1)c2cc(c(c([nH+]2)SCc3nc(nc(n3)N4CCOCC4)N)C#N)C(F)(F)F,C12374995,inactive
25,CCOc1cc(ccc1OCc2ccccc2)[C@H]3C(=C(C(=O)N3CCC[NH+](C)C)O)C(=O)c4ccc5c(c4)C[C@@H](O5)C,C97969881,inactive
26,CCN1CC[NH+](CC1)[C@H](c2cccs2)[C@H](C)NC(=S)Nc3ccc(cc3)Br,C22784399,inactive
27,CC(C)C[C@@H](C(=O)NC[C@H]1CCCO1)NC(=O)[C@@H]2CC3=c4ccccc4=[NH+][C@@H]3[C@@H]5N2C(=O)c6c5cccc6,C63383564,inactive
28,CN(C)C12CCC(CC1)(CC2)C1(C)Oc2c(O1)c(Cl)c1CCN(Cc3c(C)cc(C)[nH]c3=O)C(=O)c1c2C,588031,active
29,Cc1cc(C)c(CNC(=O)c2cccc3c2ncn3C(C)C)c(=O)[nH]1,CHEMBL3770275,inactive
30,Cc1cc(n([nH+]1)[C@H](C)C(=O)Nc2ccc(cc2Cl)NC(=O)C[C@H](C)c3ccccc3OC)C,C97547521,inactive
31,CCN(C1CCOCC1)c1cc(cc(C(=O)NCc2c(C)cc(C)[nH]c2=O)c1C)-c1ccc(CNCC(F)F)cc1,172097,active
32,CC[NH+](CC)CCOc1cc(ccc1OC)NC(=O)c2c(c3cc(ccc3[nH]2)Br)Cl,C62626343,inactive
33,CN1[C@H]([C@@H](c2cc(c(cc2C1=O)OC)OC)C(=O)Nc3cc(ccc3OC)Cl)c4ccc(c(c4)OC)OC,C03621431,inactive
34,c1ccc(cc1)C[C@@H]2[C@H]3[C@@H](C(=O)N(C3=O)c4cccc(c4)Cl)[C@@]5([NH2+]2)c6ccccc6N(C5=O)Cc7ccccc7,C33354996,inactive
35,c1cc(ccc1NC(=O)CN2CC[NH+](CC2)CC(=O)NCC3(CCCCC3)[NH+]4CCCCC4)F,C22791260,inactive
36,CCOc1cccc(c1O)[C@H]2CC(=N[C@H]([NH2+]2)c3ccc(c(c3)Br)OC)c4cccc(c4)OC,C09542577,inactive
37,c1cc(ccc1NC(=O)N2CCN(CC2)c3cc[nH+]c4c3ccc(c4)Cl)OC(F)(F)F,C08618184,inactive
38,CCOC(=O)c1ccc(cc1)NC(=O)CN2c3ccccc3/C(=C/4\C(=O)N(C(=S)S4)CCc5ccccc5)/C2=O,C98226692,inactive
39,Cc1cc(C)c(CNC(=O)c2cc(cc3n(ncc23)C2CCCC2)C2=CC(C)(C)NC(C)(C)C2)c(=O)[nH]1,326104,active
40,C=C1C([C@@H]([C@@H](C(=N1)SCC(=O)Nc2ccc(cc2)Br)C#N)c3cc[nH+]cc3)C(=O)Nc4ccc(cc4)Cl,C11024236,inactive
41,C/C(=N/NC(=[NH2+])S[C@@H]1CC(=O)N(C1=O)c2ccc(cc2)Cl)/c3ccc(s3)Br,C12378764,inactive
42,c1cc(ccc1C2=C[C@H](N=N2)[C@@H]3N=N[C@@H](N3[NH3+])SCC(=O)Nc4ccc(cn4)Br)Cl,C38990393,inactive
43,Cc1c(c(=O)n(n1C)c2ccccc2)NC(=S)N/C(=N/S(=O)(=O)c3ccc(cc3)Cl)/c4ccccc4,C17527756,inactive
44,C[NH+](C)CC[NH+]1CCN(CC1)c2nc(c3c(n(nc3n2)c4cccc(c4)F)N)c5cccc(c5)F,C37361190,inactive
45,Cc1ccc(cc1)N2C(=O)[C@@H]3[C@H]([NH2+][C@@]([C@H]3C2=O)(c4ccccc4)C(=O)OC)c5ccc(c(c5)OC)O,C12497392,inactive
46,COc1ccccc1CNC(=O)[C@@H](CC2=c3ccccc3=[NH+]C2)NS(=O)(=O)c4ccc(cc4)Cl,C63780733,inactive
47,C[C@@H](C(=O)NC1CCCCCC1)NC(=O)[C@H]2C(S[C@@H]3N2C(=O)c4c3cccc4)(C)C,C16021817,inactive
48,COc1ccc(cc1)CCC(=O)N[C@@H](CCSC)C(=O)N2CCC3(CC2)c4c([nH]cn4)CC[NH2+]3,C95190777,inactive
49,CN(Cc1ccccc1)S(=O)(=O)c2ccc(cc2)C(=O)Nc3ccccc3C4[NH+]=c5ccccc5=[NH+]4,C63667475,inactive
50,CCCC[NH2+]CC(=O)Nc1nnc(s1)SCC(=O)Nc2ccc(cc2)Br,C59435194,inactive
51,c1cc(ccc1F)S(=O)(=O)N2CCC3(CC2)C(=[NH+]CCN3)NCc4ccc(c(c4)Cl)F,C65074637,inactive
52,CCC1=C[C@H]2C[C@@](c3c(c4ccccc4[nH]3)CC[NH+](C2)C1)(c5cc6c(cc5OC)N([C@H]7[C@]68CCN9[C@@H]8[C@@](C=CC9)([C@H]([C@@]7(C(=O)OC)O)OC(=O)C)CC)C=O)C(=O)OC,C94303128,inactive
53,c1cc(cc(c1)F)NC(=O)N2Cc3c([nH]c[nH+]3)C[C@H]2c4nc(no4)c5ccc(cc5)C(F)(F)F,C15675774,inactive
54,CCOC(=O)c1c2c(sc1NC(=O)CSc3nncn3c4ccccc4F)C([NH2+]C(C2)(C)C)(C)C,C12562884,inactive
55,c1cc(sc1)[C@@H](CC(=O)NCCC2=CCCCC2)NS(=O)(=O)c3ccc(cc3)Br,C02938856,inactive
56,c1cc(ccc1N2CC[NH+](CC2)CC(=O)Nc3c(cc(cc3Br)[N+](=O)[O-])Br)F,C21265607,inactive
57,COc1cc(cc(c1OC)OC)CN(Cc2ccc[nH+]c2)C(=S)Nc3ccc(cc3)Oc4ccccc4,C59170043,inactive
58,c1ccc(cc1)COc2ccc3c(c2)c(c[nH]3)[C@@H](C(=O)[O-])[NH+]4CCN(CC4)CC[NH+]5CCCC5,C31816084,inactive
59,c1ccc(cc1)Cn2c(=O)c3ccc(cc3[nH]c2=S)/C(=[NH+]/Cc4ccccc4Cl)/O,C20102254,inactive
60,C[NH+]1CCc2cc(c(cc2[C@H]1Cc3ccc(cc3)OC)Oc4cc(ccc4O)C[C@H]5c6cc(c(cc6CCN5C)OC)OC)OC,C98230017,inactive
61,Cn1ccnc1[C@@H](c2ccc(cc2)Cl)NC(=O)CCCNc3cc[nH+]c4c3ccc(c4)Cl,C36397179,inactive
62,c1cc(ccc1NC(=O)[C@@H]2[C@H]3C=C[C@@]4([C@@H]2C(=O)N([C@@H]4C(=O)NC5CCCCC5)CC[NH+]6CCCCC6)O3)Cl,C38147214,inactive
63,Cc1cc(nc(n1)SCC(=O)N(Cc2ccc[nH+]c2)[C@@H](c3ccc(c(c3)OC)OC)C(=O)Nc4ccc(cc4)OC)C,C08695669,inactive
64,COc1ccc(cc1)C(c2ccccc2)(c3ccc(cc3)OC)OC[C@@H]4[C@H]([C@@H]([C@@H]([C@H](O4)Oc5ccc(cc5)[N+](=O)[O-])O)O)O,C77311673,inactive
65,CC[C@@H](c1c2c(sc1n3cccc3)C[NH+](CC2)CC)NC(=O)NC45CC6CC(C4)CC(C6)C5,C20532226,inactive
66,CC(=O)NNC(=O)CSc1nnc(n1N)N/N=C/c2cc(c(c(c2)OC)OC)OC,C20920245,inactive
67,CCN(C1CCOCC1)c1cc(cc(C(=O)NCc2c(C)cc(C)[nH]c2=O)c1C)-c1ccc(CN2CCN(CCCCCCOc3cccc4C(=O)N(C5CCC(=O)NC5=O)C(=O)c34)CC2)cc1,50582388,active
68,Cc1cccc(c1)Nc2c3ccccc3c([nH+]n2)c4ccc(c(c4)S(=O)(=O)NCc5[nH]c6ccccc6n5)C,C06023432,inactive
69,COc1ccc(cc1O)[C@@H]2[C@H]3CC=C[C@@H]3c4cc(ccc4N2)S(=O)(=O)NCCc5ccccc5,C14456954,inactive
70,C/C(=N\NC(=[NH2+])S[C@@H]1CC(=O)N(C1=O)c2ccc(cc2)OC)/c3ccc(cc3)C4CCCCC4,C59489297,inactive
71,Cc1cc(ccc1OCC(=O)NCc2ccc[nH+]c2)S(=O)(=O)Nc3ccc(cc3)F,C16552416,inactive
72,Cc1ccc(cc1)OCCCn2cccc2/C=C\3/C(=[NH2+])N4C(=[NH+]SC4=NC3=O)SCc5ccccc5,C13514523,inactive
73,c1ccc(cc1)CSc2nnc(s2)NC(=O)CSc3nc([nH]n3)N/N=C/c4cccc(c4)O,C20906441,inactive
74,CCc1ccccc1N(C)S(=O)(=O)c2ccc3c(c2)c(=O)c(c[nH]3)/C(=[NH+]/CCc4ccccc4)/O,C09543252,inactive
75,Cc1[nH]c(=O)c(CN2CCc3c(Cl)cc(N4CC5(C4)CCOCC5)c(Cl)c3C2=O)c2CCNc12,378893,active
76,C[C@H]1Cc2cc(ccc2O1)C(=O)C3=C(C(=O)N([C@H]3c4ccc(cc4)C(=O)OC)c5nnc(s5)SCc6cccc7c6cccc7)O,C97970087,inactive
77,C[C@@H](C(=O)Nc1cc(ccc1F)F)OC(=O)c2cccc(c2)S(=O)(=O)Nc3cccc(c3)Cl,C22195576,inactive
78,CCCCn1c(nnc1SCC(=O)Nn2c(nc3c(c2=O)cc(s3)C)C)c4cc(nc5c4c(nn5C)C)C,C98046242,inactive
79,CCCCOc1ccc(cc1)C(=O)Oc2ccc(cc2)/C=N/NC(=O)C(=O)Nc3ccccc3C(=O)Nc4ccc(cc4)C,C04260911,inactive
80,C[C@H](C(=O)Nc1nccs1)N2C(=O)/C(=C/c3cc(ccc3O)Cl)/SC2=S,C15048863,inactive
81,c1ccc(cc1)OCCCOc2ccc(cc2)/C=c\3/c(=[NH2+])n-4[nH]/c(=C/C(=O)N5CCCC5)/sc4nc3=O,C49694352,inactive
82,CCn\1c(=O)/c(=C/2\C=Cc3cc(ccc3N2CC)OC)/s/c1=C/4\C(=O)N(C(=S)S4)N,C17282378,inactive
83,Cc1cc(c(cc1S(=O)(=O)Nc2cc(c(cc2Cc3c4cc(c(cc4cc[nH+]3)OC)OC)OC)OC)OC)OC,C98043058,inactive
84,CCN(C1CCOCC1)c1cc(cc(C(=O)NCc2c(cc(C)[nH]c2=O)C(C)C)c1C)-c1ccc(nc1)N1CCC(CC1)N(C)C,172185,active
85,COc1cc(ccc1O)[C@H]2[C@@H]3CC=C[C@@H]3c4cc(ccc4N2)S(=O)(=O)NCCc5ccccc5,C14458873,inactive
86,CCN(C1CCN(CC1)C(C)=O)c1cc(cc(C(=O)NCc2c(C)cc(C)nc2=O)c1C)-c1ccc(CN2CCOCC2)cc1,172119,active
87,CCOc1ccc(cc1OC)c2c3c([nH]n2)OC(=C([C@@H]3c4cccc(c4OC)OC)C#N)[NH3+],C09361365,inactive
88,COc1ccc(cc1)CCN\2C(=O)[C@@H](S/C2=N\c3ccc(cc3)F)CC(=O)Nc4ccc(cc4)C(=O)OC,C97960239,inactive
89,CCN(c1cc(/C=C/c2ccc(/C=C/C(=O)OC)cc2)cc(C(=O)NCc2c(C)c3c([nH]c2=O)CCCC3)c1C)C1CCOCC1,CHEMBL4646348,active
90,CN(C1CCCCC1)c1cc(cc(C(=O)NCc2c(C)cc(C)[nH]c2=O)c1C)-c1cnn(C)c1,172006,active
91,COc1cc(ccc1O)C[C@]2(C(=O)NC(=O)N(C2=O)c3ccccc3)C[NH+]4C[C@H]5C[C@@H](C4)c6cccc(=O)n6C5,C70680791,inactive
92,COc1ccc(cc1)c2c3c([nH]n2)OC(=C([C@H]3c4ccc(c(c4)CSC5=[NH+]CCS5)OC)C#N)N,C08437641,inactive
93,c1ccc2c(c1)cccc2OC[C@H](N3CC[NH+](CC3)C[C@H](O)Oc4cccc5c4cccc5)O,C19362829,inactive
94,c1cc(cc(c1)F)c2nc(on2)c3cn(c[nH+]3)Cc4ccc(cc4)NS(=O)(=O)c5ccc(cc5)Cl,C32974786,inactive
95,CCN(CC)c1ccc(cc1)/[NH+]=C\2/N(C(=O)/C(=C/3\N(c4cc(ccc4S3)OC)C)/S2)c5ccc(cc5)O,C04124796,inactive
96,CC(CN(C)CCO)c1cc(Cl)c2CCN(Cc3c(C)cc(C)[nH]c3=O)C(=O)c2c1Cl,435510,active
97,c1cc(ncc1S(=O)(=O)N2CCOCC2)SCc3nc(c4c5c(sc4n3)CCCCC5)N,C10536338,inactive
98,CCc1c(C(=O)NCc2c(C)cc(C)[nH]c2=O)cc(Cl)cc1N(CC)[C@H]1CC[C@H](N(C)C)CC1,CHEMBL3896120,active
99,Cc1ccc(cc1I)C(=O)NC(=S)Nc2ccc(cc2C)[N+](=O)[O-],C12500528,inactive
100,CC(c1cc(c(cc1)OCCOCCOc2c(cc(cc2)C(C)(C)C)/N=C/c3c(cccc3)O)/N=C/c4c(cccc4)O)(C)C,C04013842,inactive
101,C1CN(CC[NH+]1CCCNC(=O)C(C(C(F)(F)F)(F)F)(F)F)CCCNC(=O)C(C(C(F)(F)F)(F)F)(F)F,C22790430,inactive
102,CC(C)n1ncc2c(cc(nc12)-c1ccc(CN(C)CCCN(C)C)cc1)C(=O)NCc1c(C)cc(C)[nH]c1=O,325819,active
103,Cc1cccc(c1OCCn2cc(c3c2cccc3)/C=C\4/C(=[NH2+])N5C(=[NH+]SC5=NC4=O)S(=O)(=O)C)C,C20205882,inactive
104,Cc1ccc(cc1)S(=O)(=O)CNC(=O)[C@H](c2ccccc2C)N(C(=O)c3ccccc3O)C(C)(C)C,C36584106,inactive
105,CCN(C1CCOCC1)c1cc(cc(C(=O)NCc2c(C)cc(C)[nH]c2=O)c1C)C#CC1CCN(C)CC1,155255,active
106,CCc1ccc(cc1)NC(=O)CSc2nc3ccc(cc3s2)NC(=O)[C@H](CC)Sc4[nH+]ccn4C,C59854085,inactive
107,Cc1c(c(n(n1)c2ccccc2)Oc3ccc(cc3F)F)C[NH+](C[C@@H]4CCCO4)C[C@@H](COC(C)C)O,C36304208,inactive
108,Cc1ccc2cccc(c2[nH+]1)NC(=O)[C@H]3CCCN(C3)S(=O)(=O)c4ccc(s4)Br,C72090894,inactive
109,Cc1cc(cc(c1Cl)C)OCC(=O)Nc2ccc(cc2)C(=O)N/N=C\c3ccc(c(c3)CSc4nc5ccccc5o4)OC,C98236623,inactive
110,CC[C@H](C)N1C(=O)[C@@H]2[C@H]([NH2+][C@]3([C@@H]2C1=O)c4cc(ccc4NC3=O)Cl)Cc5ccc(cc5)O,C16024885,inactive
111,CCOc1cccc2c1nc(s2)N3CC[NH+](CC3)CCNC(=O)CCS(=O)(=O)c4ccc(cc4)F,C38774953,inactive
112,C[C@H](C1CCN(CC(F)(F)F)CC1)n1c(C)c(C(=O)NCc2c(C)cc(Cl)[nH]c2=O)c2ccccc12,50541916,active
113,Cc1ccc2cccc(c2[nH+]1)OC(=O)c3c(c\4c(o3)CCC/C4=N\NC(=S)Nc5ccccc5)C,C40825323,inactive
114,c1cc(cc(c1)Br)C(=O)N/C(=C\c2ccc[nH+]c2)/C(=O)Nc3ccc(cc3)Br,C08400265,inactive
115,CC(C)(C)c1ccc(cc1)S(=O)(=O)NCCC(=O)N[C@@H](c2ccc(cc2)F)c3[nH+]ccn3C,C14404855,inactive
116,c1cc(ccc1[C@H]2C=c3cc(ccc3=[NH+]2)Cl)NC(=O)Nc4ccc(cc4)F,C63743847,inactive
117,Cc1cccc(c1)[C@]2(c3ccccc3N(C2=O)CC(=O)Nc4cc(ccc4OC)Cl)O,C65154944,inactive
118,COc1cc(C)[nH]c(=O)c1CNC(=O)c1c(C)n(C(C)C2CCN(C)C(C2)C(F)(F)F)c2ccccc12,50594141,active
119,CC(C)(C)[C@@H]1CCc2c(sc3c2C(=[NH+][C@H](N3)c4ccccc4OC(=O)c5cc(c(c(c5)OC)OC)OC)O)C1,C98043441,inactive
120,CCOc1ccc(cc1)/C=C/C(=O)NC(=S)Nc2ccc(cc2)S(=O)(=O)N3CCc4c3cccc4,C13620864,inactive
121,CCOc1ccc(cc1)/C=C/C(=O)NC(=S)NNC(=O)COc2ccc(cc2Br)C(C)C,C13621174,inactive
122,C[C@@H]1CC[C@@]23CCC(=O)[C@H]2[C@@]1([C@@H](C[C@@]([C@H]([C@@H]3C)O)(C)C=C)OC(=O)CSC(C)(C)CNC(=O)[C@@H](C(C)C)[NH3+])C,C30727788,inactive
123,COc1cc(cc(c1OC)OC)[C@@H]2[C@@H]3CC=C[C@@H]3c4cc(ccc4N2)S(=O)(=O)Nc5ccc(cc5)F,C58847155,inactive
124,COC(=O)c1ccccc1NC(=O)[C@H]2CN(CCN2S(=O)(=O)c3ccccc3)S(=O)(=O)c4ccccc4,C08454146,inactive
125,Cc1c(c(n2c[nH+]c(c2n1)C(=O)N)C)CCC(=O)Nc3nc(cs3)c4ccc(s4)CNC(=O)C,C15584058,inactive
126,CCOc1cccc(c1)c2cc([nH]n2)C(=O)NNC3=c4cc(ccc4=[NH+]C3=O)Br,C02590755,inactive
127,Cc1ccc(c(c1)C(=O)C2=C(C(=O)N([C@@H]2c3ccc(c(c3)Cl)Cl)CCCn4cc[nH+]c4)O)C,C33698714,inactive
128,CCOc1ccc(cc1)n2cc(c3c2ncnc3NC[C@@H](c4cccs4)[NH+]5CCOCC5)c6ccccc6,C35681693,inactive
129,c1cc(ccc1[C@H]2CC(=[NH+]c3n2nc(n3)NC(=O)c4ccc(cc4)Cl)c5ccc(cc5)Cl)Cl,C09014148,inactive
130,CCCCc1cc(C)[nH]c(=O)c1CNC(=O)c1cc(cc2n(ncc12)C(C)C)-c1ccc(nc1)N1CCN(CC1)C(C)C,50536585,active
131,Cc1ccc(cc1)[C@@H]2CC(=NN2C(=O)CSc3nnc(n3c4ccccc4)CNC(=O)Cc5ccccc5)c6cccs6,C97961718,inactive
132,C[C@H](C(=O)Nc1cccc(c1)S(=O)(=O)Nc2ccc(cc2)Br)NC(=O)c3ccco3,C25260070,inactive
133,C[C@@H]1[C@@H]([C@@H](C[C@@H](O1)O[C@@H]2CC[C@@]3([C@H]4CC[C@@]5([C@@H](CC[C@@]5([C@@H]4CC[C@@]3(C2)O)O)C6=CC(=O)OC6)C)/C=N/Cc7cccnc7)OC)O,C70708426,inactive
134,CCCCOc1ccc(cc1)C(=O)NC(=S)NNC(=O)c2ccccc2I,C14030104,inactive
135,Cc1ccc(cc1)c2[nH]c(c([nH+]2)S(=O)(=O)c3ccccc3)SCC(=O)Nc4ccccc4C,C12112528,inactive
136,c1c(cc(c(c1/C=N\Nc2[nH+]c(nc(n2)N3CCCC3)N4CCCC4)O)Br)Br,C97070944,inactive
137,COc1ccc2ccccc2c1[C@@H]3[C@@H]4CC=C[C@H]4c5cc(ccc5N3)S(=O)(=O)NC[C@@H]6CCCO6,C20719434,inactive
138,Cc1ccc(cc1N(CC(=O)Nc2ccc(cc2)S(=O)(=O)Nc3ccc(cc3)OC)S(=O)(=O)C)Cl,C01093502,inactive
139,CC(C)n1ncc2c(cc(nc12)C1=CC(C)(C)NC(C)(C)C1)C(=O)NCc1c(C)cc(C)[nH]c1=O,50149616,active
140,Cc1cc(c(c([nH+]1)SCC(=O)c2ccc(cc2)c3ccc(cc3)C(=O)CSc4c(c(cc(n4)C)C(F)(F)F)C#N)C#N)C(F)(F)F,C08396835,inactive
141,Cn1c2c(c(=O)[nH]c1=O)n(c([nH+]2)N/N=C/c3ccc(cc3)O)Cc4ccccc4Cl,C12558803,inactive
142,CN1CCCc2c1ccc(c2)[C@@H](CNC(=O)C(=O)Nc3ccc(cc3)[N+](=O)[O-])[NH+]4CCCC4,C09135481,inactive
143,Cc1c(c(sc1C(=O)N)NC(=O)CN[C@H](Cc2ccccc2)c3ccccc3)C(=O)OCCOC,C57289923,inactive
144,COC(C1CCOC1)c1cc(C)c2CCN(Cc3c(OC)cc(C)[nH]c3=O)C(=O)c2c1Cl,435574,active
145,C[C@@H]1CCCN(C1)S(=O)(=O)c2ccc(cc2)C(=O)Nc3c(c4c(s3)C([NH2+]C(C4)(C)C)(C)C)C(=O)OC,C09391502,inactive
146,C[C@H]1[C@@H]([C@H]([C@H]([C@@H](O1)O[C@H]2[C@@H]([C@@H](CO[C@@H]2O[C@H]3CC[C@]4([C@H](C3(C)C)CC[C@@]5([C@@H]4CC=C6[C@]5(CC[C@@]7([C@H]6CC(CC7)(C)C)C(=O)O)C)C)C)O)O)O)O)O,C85341251,inactive
147,CC[C@@H](C)NS(=O)(=O)c1ccc(cc1)NC(=S)NC(=O)C(C)(C)CCCOc2cc(ccc2C)C,C66201708,inactive
148,COC(C1CN(C)C1)c1cc(Cl)c2CCN(Cc3c(C)cc(C)[nH]c3=O)C(=O)c2c1Cl,435668,active
149,CC(C)(C)c1ccc(cc1)[C@@H]2C(=C(c3ccc(c(c3)Cl)OC)O)C(=O)C(=O)N2CCCn4cc[nH+]c4,C09292774,inactive
150,c1cc(sc1CCNS(=O)(=O)c2c(ccs2)Br)S(=O)(=O)N,C49061008,inactive
151,c1cc(c[nH+]c1)N([C@@H](c2ccco2)C(=O)NCc3cccs3)C(=O)C(=O)Nc4ccc(cc4)F,C12641572,inactive
152,CC(C)n1ncc2c(cc(nc12)C1CCN(CC1)C1CCN(CC1)S(C)(=O)=O)C(=O)NCc1c(C)cc(C)[nH]c1=O,325941,active
153,c1ccc(c(c1)[C@@H](CNC(=O)[C@H]2CCCN(C2)S(=O)(=O)c3ccc(cc3)F)[NH+]4CCCC4)Cl,C13003628,inactive
154,C[C@@H]1C[C@H](C[NH+](C1)CCCNC(=O)[C@@]2(Cn3c4cc(ccc4cc3C(=O)N2Cc5ccccc5Br)OC)C)C,C33355707,inactive
155,c1ccc2=[NH+]CC(=c2c1)C[C@H](C(=O)[O-])NC(=O)CS[C@@H]3NN[C@@H](N3C4CC4)Cc5cccs5,C64684747,inactive
156,Cc1cc(C)c(CNC(=O)c2cc(cc3n(ncc23)C2CCN(CC2)C(=O)C(C)(C)C)-c2cnn(CCN3CCOCC3)c2)c(=O)[nH]1,326101,active
157,CCCCOc1ccc(cc1OC)[C@@H]2C(=C(C(=O)N2CC[NH+](C)C)O)C(=O)c3ccc(cc3C)OC(C)C,C35025179,inactive
158,CC[C@@H]1[C@@]([C@@H]([C@H](/C(=N/OC)/[C@@H](C[C@@]([C@@H]([C@H]([C@@H]([C@H](C(=O)O1)C)O[C@H]2C[C@@]([C@H]([C@@H](O2)C)O)(C)OC)C)O[C@H]3[C@@H]([C@H](C[C@H](O3)C)N(C)C)O)(C)OC)C)C)O)(C)O,C94303209,inactive
159,Cn1c(=O)c(c(n(c1=O)Cc2ccccc2)N)C(=O)CN3CC[NH+](CC3)C(c4ccccc4)c5ccccc5,C22927382,inactive
160,c1ccn2cc(nc2c1)c3ccc(cc3)NC(=O)C[C@@H]4C(=O)Nc5cc(ccc5S4)Cl,C10322472,inactive
161,COc1ccc(cc1)[C@@H]2[C@@H](/C(=C\3/C=[NH+]c4c3cccc4)/NN2C(=O)COC(=O)CCC5CCCC5)O,C12542396,inactive
162,CC[C@H](C(=O)Nc1ccc2c(c1)sc(n2)SCC(=O)Nc3nccs3)Sc4[nH+]ccn4C,C59854092,inactive
163,CCCCCCCCCC/N=C/[C@]12CC[C@@H](C[C@]1(CC[C@@H]3[C@@H]2CC[C@]4([C@@]3(CC[C@@H]4C5=CC(=O)OC5)O)C)O)O,C70692154,inactive
164,COc1cc(cc(c1OC[C@@H](c2ccc3c(c2)OCO3)O)Br)C[NH2+]CCc4ccc(cc4)F,C20877051,inactive
165,c1cc(ccc1/C=N/[NH+]=C(\N)/S[C@H]2CC(=O)N(C2=O)c3ccc(cc3)Br)Br,C03204710,inactive
166,CC(C)n1ncc2c(cc(nc12)C1=CCN(CCC(F)(F)F)CC1)C(=O)NCc1c(C)cc(C)[nH]c1=O,325993,active
167,CC[NH+](CC)CCN1[C@H](C(=C(C1=O)O)C(=O)c2ccc3c(c2)C[C@@H](O3)C)c4ccc(c(c4)OCC)O,C35006082,inactive
168,Cc1c(c2c(s1)[C@]3(c4ccccc4N(C3=O)CC(=O)Nc5ccc(cc5)OC)C(=C(O2)N)C#N)C(=O)OC,C98008979,inactive
169,COc1ccc(cc1OC)CCN2CC(=O)N3[C@@H](C2=O)Cc4c5ccccc5[nH]c4[C@@H]3c6ccc(cc6)[N+](=O)[O-],C01874842,inactive
170,Cc1cc([nH+]c2c1cc(cc2)NC(=O)CCC(=O)NCCc3ccc(c(c3)OC)OC)N4C[C@@H](C[C@@H](C4)C)C,C20138681,inactive
171,c1ccc2c(c1)C[C@H](NC2)C(=O)N[C@H](Cc3c[nH]c4c3cccc4)C(=O)NC5CCCCC5,C35807353,inactive
172,CN(C)c1ccc(cc1)[C@@H](CNC(=O)C(=O)Nc2ccc(c(c2)[N+](=O)[O-])F)[NH+]3CCc4ccccc4C3,C38667086,inactive
173,C[C@H](c1ccccc1)/[NH+]=C(/c2ccccc2/N=C(/c3ccccc3Cl)\O)\O,C01119099,inactive
174,COc1ccc(cc1)[C@@H]2C3[C@@H](N[C@H](C(C3=O)[C@H](N2)c4ccc(cc4)OC)c5ccc(cc5)OC)c6ccc(cc6)OC,C59641109,inactive
175,C[C@@H](C(=O)N1[C@@H](CN(C1=O)C)C(=O)OC(C)(C)C)[NH2+][C@@H](CCc2ccccc2)C(=O)OCc3ccccc3,C72131435,inactive
176,c1ccc(cc1)c2c3cc(ccc3nc(n2)N/N=C/C4=N[C@H]5C=CC=C[C@H]5N4)Br,C25337410,inactive
177,Cc1ccc(cc1)CN([C@H](c2cc(c(c(c2)OC)OC)OC)C(=O)Nc3ccc(cc3)OC)C(=O)CSc4nc(cc(n4)C)C,C08694463,inactive
178,Cc1ccc(c(c1)NC(=O)CCC(=O)NNC(=S)NC(=O)[C@@H](C)Oc2ccc(cc2Cl)Cl)C,C12570099,inactive
179,CCN(C(=O)C1CCCC1)c1cc(cc(C(=O)NCc2c(C)cc(C)[nH]c2=O)c1C)-c1ccc(nc1)N1CCC(CC1)N(C)C,441960,active
180,Cc1ccc(o1)CN([C@@H](c2c(cccc2Cl)Cl)C(=O)NC(C)(C)C)C(=O)CCc3ccc(cc3)OC,C36598080,inactive
181,CCN([C@H]1CC[C@@H](CC1)N(C)C)c1cc(cc(C(=O)NCc2c(C)cc(C)[nH]c2=O)c1C)-c1nccn1C,172161,active
182,CCOc1cc(ccc1OCC[NH+]2CCOCC2)[C@@H]3c4c(n[nH]c4OC(=C3C#N)[NH3+])C(C)(C)C,C19852613,inactive
183,COc1ccc(cc1OC)S(=O)(=O)N/[NH+]=c/2\c(cc3ccccc3o2)C(=O)Nc4ccccc4F,C02688820,inactive
184,CC(C)COC(=O)c1ccc(cc1)OCc2cc(ccc2OC)[C@@H]3c4c([nH]nc4OC(=C3C#N)N)c5ccc6ccccc6c5,C97948738,inactive
185,Cc1ccccc1COc2ccc(cc2)/C(=C/3\[C@H](N(C(=O)C3=O)Cc4cccnc4)c5ccc[nH+]c5)/O,C09359424,inactive
186,C[C@@H]1CC[C@@]2(CC[C@@]3(C(=CC[C@@H]4[C@]3(CC[C@H]5[C@@]4(C[C@H]([C@@H]([C@]5(C)C(=O)[O-])O)O)C)C)[C@@H]2[C@]1(C)O)C)C(=O)O[C@H]6[C@@H]([C@H]([C@@H]([C@H](O6)CO)O)O)O,C67902729,inactive
187,c1ccc(cc1)CCN(Cc2ccco2)C(=O)CN(CC[NH+]3CCOCC3)C(=O)c4cc(cc(c4)C(F)(F)F)C(F)(F)F,C98018034,inactive
188,CN(C)CCN1CCC(=CC1)c1cc(C(=O)NCc2c(C)cc(C)[nH]c2=O)c2cnn(C3CCCC3)c2c1,326158,active
189,CC1(C)CC(NC(=O)c2ccc(Oc3cccc(-c4ccncn4)c3C#N)c(Cl)c2)CC(C)(C)N1,CHEMBL3264788,active
190,Cc1cc(C)c(CNC(=O)c2cc(Br)cc3n(ncc23)C2CCN(CC2)C(=O)C2CCOCC2)c(=O)[nH]1,326130,active
191,CC(C)n1ncc2c(cc(nc12)-c1ccc2OCOc2c1)C(=O)NCc1c(C)cc(C)nc1=O,325841,active
192,Cc1ccc(cc1)[C@H]2/C(=C(\c3ccc(cc3)Br)/O)/C(=O)C(=O)N2CCCn4cc[nH+]c4,C08996482,inactive
193,Cc1ncsc1-c1ccc(CNC(=O)[C@@H]2C[C@@H](O)CN2C(=O)[C@@H](NC(=O)CCCNC(=O)c2ccc(cc2)-c2cnc(NCc3ccco3)n3cnnc23)C(C)(C)C)cc1,50562612,active
194,Cc1ccc(cc1)S(=O)(=O)/N=C(/C[NH+]2CCCCC2)\N3CCN([C@@H]3c4ccccc4)S(=O)(=O)c5ccc(cc5)C,C59503878,inactive
195,COc1cc2c(cc1OC)[nH+]c(oc2=O)c3ccc4c(c3)C(=O)N(C4=O)c5ccc(cc5)Sc6ccc(cc6)[N+](=O)[O-],C98002556,inactive
196,CC(C)Cn1c(c(c(=O)n(c1=O)C)C(=O)COC(=O)c2cc(cc(c2)C(F)(F)F)C(F)(F)F)N,C15182895,inactive
197,Cc1ccc(cc1n2cnnn2)NC(=O)NC[C@@H](c3ccccc3F)O,C58894456,inactive
198,c1cc(ccc1C(=O)NNC(=O)CNC(=O)c2ccc(o2)Br)Br,C08825474,inactive
199,CCN(C(=O)C1CC1)c1cc(-c2ccc(N3CCN(CC4CC4)CC3)nc2C)cc(C(=O)NCc2c(C)cc(C)[nH]c2=O)c1C,CHEMBL4862681,active
200,Cc1c(sc([nH+]1)NCc2c[nH]nc2c3ccc(cc3)OC)c4ccn(n4)Cc5cccc(c5)F,C15001451,inactive
201,c1cc2c(cc1NC(=O)CN3CCc4c3ccc(c4)S(=O)(=O)N)OCO2,C27549495,inactive
202,CCOc1ccc(cc1)NC(=O)C[C@@H]2C(=O)N(C(=S)N2CCC[NH+]3CCC(CC3)C(=O)N)c4ccc(cc4)F,C98005925,inactive
203,CCc1ccc(cc1)C2=N[C@@H]([NH2+][C@H](C2)c3cc(ccc3O)Br)c4ccc(c(c4)OC)OC,C20763345,inactive
204,Cc1cc(c(c(c1)C)S(=O)(=O)N2CCN(CC2)[C@H](C)c3[nH+]c(nc(n3)N)Nc4ccccc4)C,C22010499,inactive
205,C[C@](Cc1nc2ccccc2s1)(c3ccccc3)C(=O)NCCc4ccc(cc4)S(=O)(=O)N,C71804387,inactive
206,CCN(C1CCN(CC1)C(=O)C(C)(C)C)c1cc(cc(C(=O)NCc2c(C)cc(C)nc2=O)c1C)-c1ccc(CN2CCOCC2)cc1,172121,active
207,C=CCn1c(nnc1SCC(=O)N2CC[NH+](CC2)C(c3ccccc3)c4ccccc4)c5ccc(cc5)N,C09290990,inactive
208,Cc1c2c(n(n1)c3ccccc3)[NH+]=C4C(=Nc5ccccc5N4[C@@H]2c6ccc(cc6)Cl)Nc7ccc(c(c7)OC)OC,C01892188,inactive
209,c1cc(oc1)CNC(=O)CN(c2ccc(c(c2)C(F)(F)F)Cl)C(=O)Cn3nc(nn3)c4cccs4,C01337524,inactive
210,COc1cc(C)[nH]c(=O)c1CNC(=O)c1cccc2c1cc(C)n2[C@H](C)C1CCOCC1,CHEMBL5200425,active
211,CCCCN1C(=O)[C@H]2[C@@H]([NH2+][C@@]3([C@@H]2C1=O)c4cc(ccc4NC3=O)Br)CCSC,C08971751,inactive
212,CCOc1ccc(cc1OC)[C@@H]2[C@@H]3C(=c4ccccc4=[NH+]3)C[C@@H]5N2C(=O)CN(C5=O)C[C@@H](c6ccccc6)O,C63142009,inactive
213,CSc1cc(C)[nH]c(=O)c1CNC(=O)c1c(C)n([C@H](C)[C@H]2CCC(CC2)N2CC(C2)OC(F)(F)F)c2ccccc12,574865,active
214,c1ccc(c(c1)NS(=O)(=O)c2cccc3c2nccc3)[N-]S(=O)(=O)c4cccc5c4[nH+]ccc5,C39908688,inactive
215,Cc1cc(C)c(CNC(=O)c2cc(-c3ccc(CN4CCOCC4)nc3)cc(N(C)C3CCNCC3)c2C)c(=O)[nH]1,CHEMBL3697419,active
216,Cc1c2c(c(cn1)CO)Cc3c(nc(nc3SCC(=O)Nc4ccc(c(c4)Cl)OC)c5ccccc5)O2,C08589095,inactive
217,CC(C)(C)c1ccc(cc1)S(=O)(=O)NCCC(=O)N2CCC(CC2)[NH+]3CCC(CC3)Oc4cc[nH+]cc4,C98298418,inactive
218,c1ccc(cc1)N2CCN(CC2)[C@H]3[C@H](O[C@H]([C@H]3O)CO)C[NH+](Cc4ccc(cc4)Cl)Cc5cccc(c5)Cl,C67890376,inactive
219,CC1CCc2cc(cc(-c3ccc(nc3)N3CCNCC3)c2OC1)C(=O)NCc1c(C)cc(C)[nH]c1=O,359794,active
220,C[NH+]1CCN(CC1)c2ccc(cc2Cl)NC(=S)NC(=O)c3cc(ccc3Cl)Br,C08898158,inactive
221,CCN(C1CCOCC1)c1cc(cc(C(=O)NCc2c(C)cc(C)nc2=O)c1C)-c1ccc(CN2CCOCC2)cc1,190183,active
222,c1ccc2c(c1)[nH]c([nH+]2)Cc3ccc(cc3)N[C@H]4CC(=O)N(C4=O)c5ccc(cc5)Br,C01133268,inactive
223,CC[NH+](CC)CCCN1[C@@H](C(=C(C1=O)O)C(=O)c2c(c([nH]c2C)C(=O)OCC)C)c3ccc(cc3)OCC=C,C33515725,inactive
224,CC[C@H](C)CN1C(=O)[C@H]([NH2+]C12CCN(CC2)C(=S)Nc3cccc(c3)Cl)CC(C)C,C36032781,inactive
225,C[C@H]1[C@@H]([C@@H]([C@@H]([C@@H](O1)O[C@@H]2CC[C@@]3([C@@H]4CC[C@@]5([C@@H](CC[C@@]5([C@@H]4CC[C@@]3(C2)O)O)C6=CC(=O)OC6)C)C=O)OC)OC)O,C85940989,inactive
226,c1ccc(cc1)CCn2c(nnc2SCC(=O)Nc3ncc4c(n3)C[C@@H](CC4=O)c5cccs5)c6cccs6,C01893830,inactive
227,C[NH+](C)[C@H](CNC(=O)c1cccc(c1)S(=O)(=O)Nc2ccc(cc2)F)c3ccc(cc3)OC,C17913409,inactive
228,c1cc[nH+]c(c1)CCNC(=O)CN2CCN(CC2)C(=O)c3csc(n3)Nc4ccc(cc4)Cl,C34831610,inactive
229,Cc1cc(ccc1N2C(=O)/C(=C/c3cc(c(c(c3)I)OCc4ccc(cc4)Cl)OC)/C(=O)NC2=S)Br,C97961007,inactive
230,COc1ccc(cc1)[C@@H]2CC(=NN2C(=O)CSc3nnc(n3c4ccc(cc4)F)CNC(=O)COc5ccccc5)c6cccs6,C97961982,inactive
231,CSc1cc(C)[nH]c(=O)c1CNC(=O)c1c(C)n([C@H](C)C2CCC(O)CC2)c2nc(C)ccc12,574890,active
232,CN(C1CCOCC1)c1cc(cc(C(=O)NCc2c(C)cc(C)nc2=O)c1C)-c1ccc(CN2CCOCC2)nc1,514169,active
233,CCCc1cc(C)[nH]c(=O)c1CNC(=O)c1cc(-c2ccc(N3CCN(C(C)C)CC3)nc2)cc2c1cnn2C(C)C,CHEMBL3414619,active
234,CCCCn1c2ccc(cc2[nH+]c1COC(=O)/C=C/c3ccc(o3)Br)S(=O)(=O)N,C21166503,inactive
235,Cc1ccc(cc1C)c2csc(n2)NC(=O)C[NH+](C)CC(=O)Nc3ccccc3Br,C12806072,inactive
236,c1cc(ccc1[C@H]2C[C@@H](N3C(=[NH+]2)C(=CN3)C(=O)Nc4ccc(cc4Cl)Cl)C(F)(F)F)F,C12846119,inactive
237,CN(C1CCCCC1)c1cc(cc(C(=O)NCc2c(C)cc(C)[nH]c2=O)c1C)-c1ccc(CN2CCOCC2)cc1,172010,active
238,CC(C)C[NH+](Cc1[nH]c(=O)c2c(csc2n1)c3ccc(cc3)OC)C[C@H](Cc4ccccc4)O,C36206271,inactive
239,COc1ccc(cc1)CN(Cc2ccc[nH+]c2)[C@@H](c3cc4cc(ccc4[nH]c3=O)OC)c5nnnn5CCc6ccccc6,C01382193,inactive
240,C[NH+](C)CCCN1[C@@H](c2c(=O)c3cc(ccc3oc2C1=O)F)c4cc(c(c(c4)Br)O)OC,C35487034,inactive
241,CCN(C1CCOCC1)c1cc2oc(CN3CCCCC3)cc2c(C(=O)NCc2c(CC)cc(C)[nH]c2=O)c1CC,458788,active
242,Cc1cc(c(c([nH+]1)OCC(=O)N/N=C/c2cc(c(c(c2)Br)O)Br)C#N)COC,C01502028,inactive
243,Cc1c(sc(n1)N2[C@@H](C(=C(c3ccc4c(c3)C[C@@H](O4)C)O)C(=O)C2=O)c5ccc[nH+]c5)C(=O)OCC=C,C16741328,inactive
244,Cc1ccccc1COc2ccc(cc2)C(=O)C3=C(C(=O)N([C@H]3c4cccc(c4)O)CCCn5cc[nH+]c5)[O-],C09425042,inactive
245,C[C@H]1[C@H]([C@@H](C[C@@H](O1)O[C@H]2CC[C@@]3([C@H]4CC[C@@]5([C@H](CC[C@@]5([C@@H]4CC[C@@]3(C2)O)O)C6=CC(=O)OC6)C)C=[NH+]Cc7ccco7)O)O,C70673495,inactive
246,CC(C)C[NH+](CCCNC(=O)c1ccc2c(c1)N(C(=O)/C(=C\c3ccc(cc3)OC)/S2)C)CC(C)C,C96457109,inactive
247,[H]/N=C\1/N(C(=O)/C(=C/c2cc3ccccc3nc2O)/S1)c4ccc(cc4)C(=O)OCC,C02969790,inactive
248,CSc1cc(C)[nH]c(=O)c1CNC(=O)c1c(C)n([C@H](C)[C@H]2CCC(O)CC2)c2ncccc12,574885,active
249,COc1cc(c(cc1OC)OC)/C=N\NC(=O)CSc2[nH+]c3ccccc3n2Cc4ccccc4Cl,C19826008,inactive
250,Cc1ccc(cc1)N(C[C@H](C[NH+](Cc2ccccc2)Cc3ccccc3)O)S(=O)(=O)c4ccc(cc4)[N+](=O)[O-],C01843735,inactive
251,CC[C@H](C)[C@@H](C(=O)NCCOC)NC(=O)[C@@H]1CC2=c3ccccc3=[NH+][C@H]2[C@@H]4N1C(=O)c5c4cccc5,C63383711,inactive
252,c1ccc(cc1)C(=O)COC(=O)CNC(=O)CN2C(=O)c3ccc(cc3C2=O)C(=O)OCC(=O)c4ccccc4,C04211676,inactive
253,COC(=O)c1ccc(cc1)CN[C@H]2C[C@H]([NH+](C2)C3Cc4ccccc4C3)C(=O)NCc5cccnc5,C32516095,inactive
254,Cc1cccc(c1C)N(CCC#N)C(=O)C[NH+](C)[C@@H](C)c2ccc(cc2)S(=O)(=O)N,C97473773,inactive
255,CC1(CC(=O)[C@@H]2[C@H](N3C(=[NH+]C2=C1)N=C(N3)SCc4ccccc4)c5ccc(c(c5)OC)O)C,C22570821,inactive
256,c1cc(ccc1C(=O)Nc2ccc3c(c2)[nH]c([nH+]3)c4cc(ccc4F)F)S(=O)(=O)C(F)F,C68739880,inactive
257,Cc1ccc(o1)[C@H](C)NC(=O)C(=O)Nc2ccc(cc2)c3nc([nH]n3)C,C77686327,inactive
258,Cc1c(c(=O)n(n1C)c2ccccc2)C(=O)CSc3[nH]c(c([nH+]3)c4ccc(cc4)OC)c5ccc(cc5)OC,C00984800,inactive
259,c1ccc(cc1)COc2ccc(cc2)NC(=O)CSc3nnc(n3c4ccc(cc4)Br)c5ccncc5,C01751340,inactive
260,CC(=O)N[C@@H]1[C@H]([C@@H]([C@@H](O[C@@H]1O[C@@H]2CC[C@@]3([C@@H](C2(C)C)CC[C@@]4([C@@H]3CC=C5[C@@]4(C[C@@H]([C@@]6([C@@H]5CC(CC6)(C)C)C(=O)O)O)C)C)C)CO)O)O,C67911735,inactive
261,CSc1cc(C)[nH]c(=O)c1CNC(=O)c1c(C)n([C@H](C)[C@H]2CC[C@H](N3CC(OC(F)(F)F)C3)CC2)c2ccccc12,CHEMBL4637958,active
262,CCc1cc(c(s1)SCC)[C@@H]2C(=C(N(C3=C2C(=O)CCC3)c4cccc(c4)[N+](=O)[O-])[NH3+])C#N,C02381716,inactive
263,CC(=O)Nc1cc(ccc1Cl)NS(=O)(=O)c2cc(ccc2Cl)Cl,C63444049,inactive
264,COc1ccc(cc1COc2c(c(c(c(c2F)F)F)F)F)[C@@H]3C4C(=NC(=C)C3C(=O)Nc5cccc[nH+]5)C[C@H](CC4=O)c6ccccc6,C08450326,inactive
265,c1ccc(c(c1)CON/C=N/C(=O)[C@@H](c2ccc(cc2)Cl)c3c(nc4ccccc4n3)C(F)(F)F)Br,C12959191,inactive
266,CSCC[C@@H](C(=O)Nc1ccccc1N2CCCC2)NS(=O)(=O)c3cccc(c3)C(F)(F)F,C12536436,inactive
267,c1ccc(cc1)n2c(nnc2SCC(=O)NCc3cccnc3)CSc4nc(c5c6c(sc5n4)CCC6)N,C01805478,inactive
268,CN(C)[C@H]1CC[C@@H](CC1)[C@]1(C)Oc2c(O1)c(-c1cccnc1)c1CCN(Cc3c(C)cc(C)[nH]c3=O)C(=O)c1c2C,588047,active
269,CCc1cccc(c1NC(=O)Cn2c3ccccc3nc2SCC(=O)Nc4ccc(cc4)OC)C,C33050634,inactive
270,COc1cccc(c1)N2C(=O)[C@@](C(=O)NC2=O)(Cc3ccc(cc3OC)OC)C[NH+]4C[C@@H]5C[C@H](C4)c6cccc(=O)n6C5,C01323469,inactive
271,CC[C@H](c1nnnn1C(C)(C)C)[NH+](CCc2ccc(c(c2)OC)OC)Cc3cc4cc(cc(c4[nH]c3=O)C)C,C13494576,inactive
272,c1ccc(cc1)n2cc(c(n2)c3ccc(cc3)F)/C=N/NC(=O)C(=O)Nc4ccc(c(c4)Cl)Cl,C02521839,inactive
273,C[C@H](CC[C@H](C(C)(C)O)O)[C@H]1[C@H](C[C@@]2([C@@]1(CC[C@]34[C@H]2C[C@@H]([C@@H]5[C@]3(C4)CC[C@@H](C5(C)C)O[C@H]6[C@@H]([C@H]([C@@H](CO6)O)O)O)OC(=O)C)C)C)O,C67910671,inactive
274,COC1CC(C1)N1CC[C@H]([C@@H](C)n2c(C)c(C(=O)NCc3c(SC)cc(C)[nH]c3=O)c3ccccc23)[C@H](F)C1,575041,active
275,Cc1c2cc(sc2n(n1)c3ccc(cc3)F)C(=O)NN4C(=O)[C@@](NC4=O)(C)c5cccc(c5)OC,C14136615,inactive
276,CSc1cc(C)[nH]c(=O)c1CNC(=O)c1c(C)n([C@H](C)[C@H]2CC[C@H](N3CC(OC4CC4)C3)CC2)c2ncc(Cl)cc12,CHEMBL4635102,active
277,COc1ccc(cc1)[C@H](C(=O)Nc2ccc3c(c2)OCO3)N(Cc4ccc[nH+]c4)C(=O)Cc5ccccc5,C01420064,inactive
278,COC(C1CCS(=O)CC1)c1cc(Cl)c2CCN(Cc3c(C)cc(C)[nH]c3=O)C(=O)c2c1Cl,435605,active
279,CSc1cc(C)[nH]c(=O)c1CNC(=O)c1c(C)n([C@H](C)C2CCN(CC2)C2COC2)c2ccccc12,50541903,active
280,Cc1cc(C)c(CNC(=O)c2cc(cc3n(ncc23)C2CCCC2)-c2cccc(CO)c2)c(=O)[nH]1,326075,active
281,CC(C)(C)[C@H]1CCc2c(sc3c2C(=[NH+][C@@H](N3)c4ccccc4OC(=O)c5cc(c(c(c5)OC)OC)OC)O)C1,C98043440,inactive
282,c1cc(cc(c1)[N+](=O)[O-])NC(=O)COc2ccc(cc2/C=C\3/C(=O)NC(=S)S3)Br,C39794011,inactive
283,CCc1c(c(n(n1)c2ccccc2)O)/C=C\3/C(=O)N(C(=O)N3)Cc4ccc(c(c4)F)F,C35829507,inactive
284,COC(=O)Cn1c(c[nH+]c1SCC(=O)Nc2cccc(c2)Cl)c3ccc(cc3)Br,C44085986,inactive
285,CSc1cc(C)[nH]c(=O)c1CNC(=O)c1c(C)n([C@H](C)[C@H]2CC[C@H](CC2)N2CC(C2)OC(F)F)c2ncccc12,574875,active
286,c1ccc2c(c1)CCO[C@H]2CNC(=O)c3cc(cc(c3)S(=O)(=O)NC4CCCCC4)[C@H]5C=CN=[NH+]5,C39344906,inactive
287,COc1cc(C)[nH]c(=O)c1CN1CCc2c(C)cc(C(C)C3COC3)c(Cl)c2C1=O,435691,active
288,Cc1ccc(cc1S(=O)(=O)NC(C)C)c2c3ccccc3c(n[nH+]2)Nc4ccc(cc4)OC(F)(F)Cl,C02191550,inactive
289,Cc1c\2c(oc1C(=O)[NH2+]NC(=O)c3ccco3)CCC/C2=N\NS(=O)(=O)c4ccc(cc4)F,C40826201,inactive
290,COc1cc2ccccc2cc1C(=O)NC(=S)Nc3ccc(cc3)N4CCN(CC4)C(=O)c5ccco5,C14277013,inactive
291,c1ccc2c(c1)[nH]c([nH+]2)SCC(=O)Nc3ccc4c(c3)sc(n4)SCC(=O)NC[C@@H]5CCCO5,C59489666,inactive
292,Cc1cc(C)c(CNC(=O)c2cc(-c3ccc(CN4CCOCC4)cc3)cc3c2cnn3C2CCCC2)c(=O)[nH]1,CHEMBL3360855,active
293,Cc1c(c2ccccc2[nH]1)[C@H]3[C@H](C3(C)C)CC(=O)N(Cc4ccc[nH+]c4)CC(=O)NC56CC7CC(C5)CC(C7)C6,C08696011,inactive
294,c1cc(c(c(c1)Cl)C(=O)NCC(=O)N/N=C/c2ccc(cc2)Br)F,C08791552,inactive
295,CN1CC[NH+](CC1)CCCN2[C@@H](C(=O)N(C2=S)c3ccc(cc3)Cl)CC(=O)Nc4ccc(cc4)Cl,C33357133,inactive
296,Cc1cc(c(cc1C)S(=O)(=O)Nc2ccc(c(c2)[C@@H](C(=O)C(F)(F)F)C(=O)OC(C)C)O)C,C02483502,inactive
297,COc1ccc(cc1)[C@@H]2[C@@H](c3ccccc3C(=O)N2c4ccc(cc4)OC)C(=O)NC[C@@H]5COc6ccccc6O5,C59522034,inactive
298,Nc1ncnc2c1ncn2[C@@H]1O[C@H](CSCC[C@H](N)C(=O)O)[C@@H](O)[C@H]1O,CHEMBL418052,active
299,CC1(C)CC(NC(=O)c2ccc(Oc3ccccc3C#N)c3ccccc23)CC(C)(C)N1,CHEMBL3264774,active
300,c1ccc(cc1)c2c3c(n(n2)c4ccccc4Cl)N(C(=O)CS[C@H]3c5ccc(cc5)F)CC(=O)NCc6cccc[nH+]6,C98011049,inactive
301,COc1ccc(cc1)CCN2C(=O)/C(=C/3\c4ccccc4N(C3=O)CC(=O)NCCc5ccccc5)/SC2=S,C98218388,inactive
302,CCc1ccc(cc1)NS(=O)(=O)c2ccc3c(c2)c(=O)c(c[nH]3)/C(=[NH+]/C4CCC(CC4)C)/O,C09680065,inactive
303,CSc1cc(C)[nH]c(=O)c1CNC(=O)c1c(C)n([C@H](C)[C@H]2CC[C@@H](CC2)N2CC(C2)OC2CC2)c2ncc(F)cc12,50541915,active
304,CCN(C1CCOCC1)c1c(C)c(cc2n(C)nc(F)c12)C(=O)NCc1c(C)cc(C)[nH]c1=O,516867,active
305,CC(OCc1ccnn1C)c1c(C)c(cc2cccn12)C(=O)NCc1c(C)cc(C)[nH]c1=O,490143,active
306,c1cc(ccc1/C=N\NC(=O)C[NH+]2CCN(CC2)S(=O)(=O)c3ccc(cc3)Br)O,C32577002,inactive
307,Cc1c2c([nH]n1)NC(=O)[C@@H](S[C@H]2c3ccc(cc3)OCc4ccc(cc4)F)C,C06678731,inactive
308,C[C@@H]1C[C@H](C[NH+](C1)C[C@@H](C)NC(=O)CCNS(=O)(=O)c2ccc(cc2)Br)C,C60015808,inactive
309,CN(C1CCCCC1)c1cc(cc(C(=O)NCc2c(C)cc(C)[nH]c2=O)c1C)-c1ccc(CN2CCOCC2)nc1,172027,active
310,C[C@@H]1C[C@H](C[NH+](C1)CCCNC(=O)CN2c3ccccc3O/C(=C/c4cccc(c4)Br)/C2=O)C,C20726077,inactive
311,Cc1ccc2=[NH+][C@@H]([NH+]=c2c1)SCc3nc(on3)CCC(=O)Nc4cccc(c4)Br,C64604202,inactive
312,C[NH+](C)CCN(c1nc2cc3c(cc2s1)OCCO3)C(=O)c4ccc(cc4)S(=O)(=O)N(C)c5ccccc5,C17376286,inactive
313,CCCOc1ccc(cc1)C(=O)C2=C(C(=O)N([C@H]2c3cccc(c3)OCCC(C)C)CCCn4cc[nH+]c4)O,C34932047,inactive
314,c1cc(cc(c1)S(=O)(=O)/N=C\2/CCCN2)NC(=O)Cc3coc4c3cc5c(c4)CCC5,C16006019,inactive
315,Cc1cc(C)c(CNC(=O)c2cc(C)n(-c3ccccc3)c2C)c(=O)[nH]1,CHEMBL4641719,inactive
316,C[C@H]1Cc2c3ccccc3[nH]c2[C@H]([NH+]1C[C@H](COc4ccccc4)O)c5ccc(c(c5)OC)OC,C12659553,inactive
317,Cc1cccc(c1)n2c(nnc2SCC(=O)Nc3ccc(cc3)NC(=O)C)C4=c5ccccc5=[NH+]C4,C63864627,inactive
318,COC(c1cc(Cl)c2c(c1Cl)C(=O)N(Cc1c(C)cc(C)[nH]c1=O)CC2)C1CCN(C(=O)CO)CC1,CHEMBL4094432,active
319,COc1ccc(cn1)-c1cc(cc2CCCC(C)Oc12)C(=O)NCc1c(C)cc(C)[nH]c1=O,359791,active
320,C[C@@H]1C[C@H]2[C@H]3CC[C@@H]4CC(=O)C=C[C@]4([C@@H]3[C@@H](C[C@]2([C@]1(C(=O)COC(=O)C)O)C)O)C,C13467096,inactive
321,CCCCN(CC(=O)N1CCc2c(ccs2)[C@H]1c3ccccc3)S(=O)(=O)c4ccc(cc4)NC(=O)C,C16489916,inactive
322,c1cc(cc(c1)S(=O)(=O)N)NC(=O)COc2ccc(cc2C=O)Br,C10646184,inactive
323,CCN(c1cc(Br)cc(C(=O)NCc2c(C)cc(C)[nH]c2=O)c1Cl)[C@H]1CC[C@H](N(C)C)CC1,CHEMBL3909279,active
324,CN1c2ccccc2[C@@]3(C1=O)C(=C(C(=O)N3CC[NH+]4CCOCC4)[O-])C(=O)c5ccc(cc5)Cl,C24147821,inactive
325,COc1cc(c(c(c1O)/C=[NH+]/CCNc2ccc(cc2)[N+](=O)[O-])Br)Br,C16194671,inactive
326,CCOc1ccc(cc1)N2C(=O)[C@H](N(C2=S)CC[NH+]3CCC(CC3)C)CC(=O)Nc4ccc(cc4)Cl,C20114929,inactive
327,COC(=O)c1ccc(cc1)NC(=O)C[NH+]2CCC(CC2)Cn3c4ccccc4[nH+]c3COc5ccccc5,C38535830,inactive
328,C/C(=N\N=C\1/NC(=O)C[C@@H](S1)C(=O)Nc2ccc(c(c2)Cl)Cl)/c3ccc(cc3)Cl,C09428695,inactive
329,Cc1cc(C)c(CNC(=O)c2cnn(C(C)C)c2C)c(=O)[nH]1,CHEMBL5179616,inactive
330,Cc1cccc(c1)NC(=O)C2=CNN3C2=[NH+]C(=C([C@@H]3c4cccc(c4OC)OC)C(=O)Nc5ccc(cc5C)C)C,C08595206,inactive
331,c1ccc(cc1)NC(=O)C[C@@H]2C(=O)N(/C(=N/c3ccc[nH+]c3)/S2)CCc4c[nH]c5c4cccc5,C09562338,inactive
332,CCCc1cc(C)[nH]c(=O)c1CNC(=O)c1cc(cc2n(ncc12)C(C)C)-c1ccc(nc1)N1CCN(CC)CC1,50536579,active
333,c1ccc(cc1)C(=O)NCCc2nnc3n2nc(cc3)SCC(=O)Nc4cc(ccc4Cl)C(F)(F)F,C97990167,inactive
334,c1ccc(c(c1)n2c(c3c(nc(nc3n2)NCC[NH+]4CCOCC4)c5ccc(cc5)F)N)Cl,C35929959,inactive
335,CCOC(=O)N1CC=C2[C@H](C1)[C@@H](C(C(=C2C#N)[NH3+])(C#N)C#N)c3ccc(c(c3)OC)OCc4ccccc4,C09008589,inactive
336,CN(C)S(=O)(=O)c1cccc(c1)[C@@H]2C(=CN(N2)c3ccccc3)/C=C(/C#N)\C4[NH+]=c5ccccc5=[NH+]4,C39143181,inactive
337,COc1ccc(cc1)[C@@H]2[C@H]([C@@H]3C=CC=C[NH+]3[C@@H]2C(=O)NCCc4ccccc4)C(=O)c5ccc(cc5)OC,C32117002,inactive
338,CCCOc1ccc(cc1)N2C(=O)C[C@@H](C2=O)SC(=[NH2+])N/N=C(\C)/c3ccc(cc3)Br,C59489443,inactive
339,Cc1ccc(cc1[n+]2c(c3c(n[nH]c3nc2SCC(=O)Nc4ccc(cc4OC)OC)C)N)Cl,C49539590,inactive
340,c1cc2n(c(=O)c1)C[C@H]3C[C@@H]2C[NH+](C3)[C@@H](c4c[nH]c5c4ccc(c5)Cl)C(=O)[O-],C36575275,inactive
341,Cc1c(nc(o1)c2ccccc2NC(=O)c3ccsc3)C[NH+](C)C/C=C/c4ccc(c(c4)OC)O,C14999914,inactive
342,CN(C)[C@H]1CC[C@@H](CC1)[C@]1(C)Oc2c(O1)c(-c1cccn1C)c1CCN(Cc3c(C)cc(C)[nH]c3=O)C(=O)c1c2C,588048,active
343,COc1ccc(cc1)N2C(=O)[C@@](C(=O)NC2=O)(Cc3ccc4c(c3)OCO4)C[NH+]5C[C@H]6C[C@@H](C5)c7cccc(=O)n7C6,C70669782,inactive
344,CCN(C1CCOCC1)c1cc(cc(C(=O)NCc2c(C)cc(C)nc2=O)c1C)-c1ccc(CO)cc1,514249,active
345,CCN(C1CCN(CC1)C(C)C)c1cc(Cl)cc(C(=O)NCc2c(C)cc(C)[nH]c2=O)c1C,190214,active
346,Cc1ccc(cc1C)OCCOc2c(cc(cc2Cl)/C=C\3/C(=O)NC(=O)N(C3=O)c4ccc(cc4)Br)OC,C97958965,inactive
347,CC1(CC(=O)C(=CNCCN2CCN(CC2)[C@H]3CC(=O)N(C3=O)c4cccc(c4)Br)C(=O)C1)C,C22947460,inactive
348,CCOC(=O)c1c(csc1NC(=O)CSc2nc3c(c(cs3)c4ccc(cc4)C)c(=O)n2c5ccccc5)c6ccc(cc6)Cl,C08431939,inactive
349,Cc1cc(C)c(CNC(=O)c2cc(-c3ccc(CN4CCOCC4)cc3)cc(NC3CCCC3)c2C)c(=O)[nH]1,CHEMBL3697400,active
350,Cc1cccc(c1C(=O)N)NC(=O)CCc2nc(no2)c3ccccn3,C97428789,inactive
351,COc1ccc(c(c1)O)C[NH2+][C@@H]2[C@H]3CO[C@H](O3)[C@@H]([C@H]2O)N4CCN(CC4)c5ccccc5,C20463861,inactive
352,C=CCNC(=O)c1ccc(cc1)NC(=O)NCc2nnc3n2cccc3,C48159339,inactive
353,CCN(c1cc(-c2ccc(CN3CCCOCC3)cc2)cc(C(=O)NCc2c(C)cc(C)[nH]c2=O)c1C)C1CCOCC1,CHEMBL3697477,active
354,Cc1ccc(cc1)S(=O)(=O)C2=C(C(=O)N([C@@H]2c3ccccc3)c4ccccc4)NN,C01413389,inactive
355,Cc1ncc(n1CCOC(=O)N[C@@H](C(Cl)(Cl)Cl)[NH2+]C[C@H]2COc3ccccc3O2)[N+](=O)[O-],C01750488,inactive
356,C[C@H]1CCCC[NH+]1Cc2c(nnn2c3c(non3)N)C(=O)N/N=C\c4ccc(c(c4)OC)OCc5c(cccc5Cl)F,C98216248,inactive
357,Cc1ccc(c(c1)C)n2c3c(cn2)c(=O)n4c(n3)SC[C@@H]4CC(=O)Nc5ccc(cc5)NC(=O)C,C14014558,inactive
358,CSc1cc(C)[nH]c(=O)c1CNC(=O)c1c(C)n([C@H](C)C2CCN(CC2)C2CC2)c2cc(F)ccc12,574911,active
359,CC[C@H](C)NC(=O)[C@H](CCSC)NC(=O)[C@@H]1CC2=c3ccccc3=[NH+][C@@H]2[C@@H]4N1C(=O)c5c4cccc5,C63384341,inactive
360,CN([C@H]1CC[C@H](N)CC1)c1cc(cc(C(=O)NCc2c(C)cc(C)[nH]c2=O)c1C)-c1cnn(CCN2CCOCC2)c1,172045,active
361,C/C(=[NH+]\Cc1ccccc1C(F)(F)F)/C2C(=O)NC(=O)N(C2=O)c3ccc(cc3)C(F)(F)F,C08694993,inactive
362,Cc1cc(C)c(CNC(=O)c2cc(-c3ccc(CN4CCOCC4)cc3)cc(N(CC(C)C)C3CCOCC3)c2C)c(=O)[nH]1,CHEMBL3697450,active
363,CN(C)c1ccc(cc1)[C@@H](CNS(=O)(=O)CBr)[NH+]2CCN(CC2)c3ccc(cc3)F,C21755169,inactive
364,Cc1cc(C)c(CNC(=O)c2cc(C3CC(C)(C)NC(C)(C)C3)nc3c2cnn3C(C)C)c(=O)[nH]1,CHEMBL3918857,active
365,C[C@@H]1Cc2cc(ccc2O1)C(=O)C3=C(C(=O)N([C@@H]3c4ccc(c(c4)OC)OCCC(C)C)c5nc6ccc(cc6s5)OC)O,C97969989,inactive
366,Cc1cc(C)c(CNC(=O)c2cc3CC(C)(Oc3c(c2)-c2ccc(CN3CCOCC3)cc2)C=C)c(=O)[nH]1,359797,active
367,Cc1ccc(c(c1)[N+](=O)[O-])OCc2ccc(o2)C(=O)Nc3c(nn(c3C)Cc4c(c(c(c(c4F)F)F)F)F)C,C02785283,inactive
368,C[NH+]1CCc2c(c(c3c(c(sc3n2)C(=O)C45CC6CC(C4)CC(C6)C5)N)c7ccsc7)C1,C33528864,inactive
369,c1ccc(cc1)N2CC[NH+](CC2)C[C@H]3C[NH+]4CC[C@@H]3C[C@@H]4CNS(=O)(=O)c5ccc(cc5)Cl,C43527308,inactive
370,CC(=O)Nc1ccc(cc1)S(=O)(=O)/N=C\2/[C@H]([NH+]=c3ccccc3=[NH+]2)Nc4ccc(cc4)C(=O)O,C39984371,inactive
371,[H]/N=c\1/c(cc2c(n1CCc3ccc(c(c3)OC)OC)nc4c(cccn4c2=O)C)S(=O)(=O)c5ccc(cc5)C,C97954529,inactive
372,c1ccc(cc1)COc2ccc(cc2)[C@H]3c4c([nH]nc4C(=O)N3CCCn5cc[nH+]c5)c6ccc(cc6)Cl,C40343810,inactive
373,CC(C)c1c(c(n(n1)c2ccccc2)Oc3ccccc3F)C[NH+](C[C@@H](COc4ccccc4)O)C5CC5,C36307869,inactive
374,Cc1csc(n1)NC(=O)CSC2=NN[C@H](N2Cc3ccccc3)c4cc[nH+]cc4,C39980373,inactive
375,c1ccc2c(c1)CCN([C@H]2CC(=O)NCc3cccc[nH+]3)S(=O)(=O)c4ccc(cc4)Br,C35559615,inactive
376,COc1cccc(c1)[C@H]2C(=C(C(=O)N2c3nnc(s3)SCc4cccc5c4cccc5)O)C(=O)c6ccc(c(c6)OC)OC,C98047814,inactive
377,Cc1cc(ccc1[N+](=O)[O-])OCc2cc(ccc2OC)[C@H]3C(=C(N(C4=C3C(=O)CC(C4)(C)C)c5ccc(c[nH+]5)Br)N)C#N,C08456121,inactive
378,C[C@@H]1C[NH+](CCN1C[C@@H](COCc2ccc(cc2)Cl)O)C[C@@H](COCc3ccc(cc3)Cl)O,C34872251,inactive
379,CCCCOc1ccc(cc1OC)[C@@H]2C(=C(C(=O)N2CCCn3cc[nH+]c3)O)C(=O)c4ccc5c(c4)C[C@H](O5)C,C97955707,inactive
380,C[C@@H](c1nnc(o1)c2ccccc2)S[C@@H]3NN=C(N3c4ccc(cc4)Cl)C5=c6ccccc6=[NH+]C5,C39586079,inactive
381,Cc1cccc(c1)n2c(nnc2SCC(=O)c3ccc4c(c3)[nH]c(=O)[nH]4)C5=c6ccccc6=[NH+]C5,C63180965,inactive
382,c1ccc2=[NH+]CC(=c2c1)CCN3[C@@H](C(=C(C3=O)O)C(=O)c4ccc(cc4)F)c5cccc(c5)O,C63980208,inactive
383,CCN(CCC(=O)N(C)Cc1ccc(cc1)[C@H]2C[NH+](C[C@@H]2C(=O)N)C)c3ccc(cc3)F,C19699217,inactive
384,CSCC[C@H]1[C@@H]2[C@@H](C(=O)N(C2=O)c3ccc(cc3)[N+](=O)[O-])[C@@]4([NH2+]1)c5ccccc5NC4=O,C16009663,inactive
385,Cc1cc(Cl)c(CNC(=O)c2cc(Cl)c3OC(C)(Oc3c2C)C2CCN(CC(F)(F)F)CC2)c(=O)[nH]1,542484,active
386,CCCn1c2cc(ccc2[nH+]c1SCc3nc4ccccc4c(=O)n3CC(=O)N)C(F)(F)F,C24758742,inactive
387,CCCCn1c2ccc(cc2[nH+]c1COC(=O)COc3cccc(c3)Br)S(=O)(=O)N,C23261019,inactive
388,Cc1ccc(c(c1)C(=O)C2=C(C(=O)N([C@H]2c3ccc(c(c3)OC)OCCC(C)C)CCCn4cc[nH+]c4)O)C,C33699733,inactive
389,CCc1ccc(cc1)S(=O)(=O)N2CC[NH+](CC2)[C@@H](C)c3nc4ccccc4c(n3)Nc5ccc(cc5)C,C22052833,inactive
390,Cc1cc(C)c(CNC(=O)c2cc(-c3ccc(CN4CCOCC4)cc3)nc3c2cnn3C(C)C)c(=O)[nH]1,CHEMBL3769849,active
391,CC(=O)C(=C1NC(=C(C(=O)C)C(=O)OC(C)(C)C)NC(=C(C(=O)C)C(=O)OC(C)(C)C)N1)C(=O)OC(C)(C)C,C33355453,inactive
392,CC(=C1CN(C1)S(C)(=O)=O)c1cc(C)c2CCN(Cc3c(C)cc(C)[nH]c3=O)C(=O)c2c1Cl,435567,active
393,CC(=O)NCC[NH2+][C@H]1C[C@H](N2[C@@H](Cc3c4ccccc4[nH]c3[C@H]2C1)C(=O)OC)c5ccc(cc5)C(F)(F)F,C35977322,inactive
394,CCN(c1cc(/C=C/c2ccc(CN3C[C@@H](C)O[C@@H](C)C3)cc2)cc(C(=O)NCc2c3c(c(C)[nH]c2=O)CCCC3)c1C)C1CCOCC1,CHEMBL4640284,active
395,COc1cc(C)[nH]c(=O)c1CNC(=O)c1c(C)n([C@H](C)C2CCN(CC2)C(=O)N(C)C)c2ccccc12,50563821,active
396,CCN([C@H]1CC[C@@H](CC1)N(C)C)c1cc(cc(C(=O)NCc2c(C)cc(C)[nH]c2=O)c1C)-c1ccc(C)cc1,172141,active
397,C[NH+]1CCN(CC1)C(=O)c2ccc(cc2)Nc3c(cnn(c3=O)c4ccc(cc4)OC)Oc5ccc6c(c5)CCC6,C98015597,inactive
398,c1ccc2c(c1)cc([nH]2)C(=O)N3CCC4(CC3)C(=O)N(C(=O)N4)Cc5ccc(cc5)Cl,C96105297,inactive
399,c1cc(c(cc1NCC(=O)Nc2ccc(cc2F)Br)S(=O)(=O)N3CCCC3)Cl,C09508665,inactive
400,COc1ccc(cc1)n2c(nnc2SCC(=O)Nc3cc(cc(c3)OC)OC)COc4ccc(cc4)Cl,C97954978,inactive
401,CCC[C@@H](C(=O)N1CC[NH+](CC1)C/C=C/c2ccccc2)NC(=O)Nc3ccccc3Br,C34952714,inactive
402,c1cc(cc(c1)S(=O)(=O)N)NC(=O)CSc2c(c(cc([nH+]2)c3cccs3)C(F)(F)F)C#N,C18025938,inactive
403,CN(Cc1ccccc1)S(=O)(=O)c2ccc(cc2)C(=O)Nc3nc4ccc5c(c4s3)sc(n5)SC,C97986429,inactive
404,CCCC[NH+](CCCC)CN1c2ccccc2/C(=N\NC(=O)CO/N=C(\C)/c3ccc(c(c3)OC)OC)/C1=O,C09435972,inactive
405,CC(C)n1ncc2c(cc(nc12)-c1ccnc(c1)N1CCNCC1)C(=O)NCc1c(C)cc(C)[nH]c1=O,325843,active
406,Cc1ccc2ccc(N[C@H]3CC[C@H](CNc4ncc(cn4)C(F)(F)C(=O)NC4COC4)CC3)nc2c1Cl,50597032,active
407,c1cc(c(cc1c2cc(c(c([nH+]2)SCC[NH+]3CCOCC3)C#N)C(F)(F)F)Cl)Cl,C08666653,inactive
408,CC(=O)c1cccc(c1)N[C@@H](C(Cl)(Cl)Cl)NC(=O)CN2C(=O)c3ccccc3S2(=O)=O,C00956029,inactive
409,CCN(C1CCOCC1)c1cc(Cl)cc(C(=O)NCc2c(C)cc(C)n(C)c2=O)c1C,50149909,active
410,CSc1cc(C)[nH]c(=O)c1CNC(=O)c1c(C)n([C@H](C)[C@H]2CC[C@@H](N3CC(F)(F)C3)CC2)c2ccccc12,CHEMBL4639569,active
411,c1ccc2=[NH+]CC(=c2c1)c3nnc(n3C4CC4)SCC(=O)N[C@H]5C(=C6CCCC[C@@H]6S5)C(=O)N,C63896768,inactive
412,CCN(CC)c1ccc(cc1)NC=C2C(=O)N(C(=S)N(C2=O)c3ccccc3OC)c4ccccc4OC,C97951112,inactive
413,CCOc1ccc(cc1)/C=C\2/C(=O)NC(=O)N(C2=O)c3ccc(cc3)Br,C33322256,inactive
414,C[C@@H]1CCCCN1C(=O)c2ccc(cc2)NC(=O)C3CCN(CC3)C(=O)C(C)C,C97011835,inactive
415,c1ccc2c(c1)CCN(C2)S(=O)(=O)c3ccc(cc3)NC(=O)CCSc4nnc(n4N)N[NH3+],C20922598,inactive
416,CCN(C1CCOCC1)c1cc(cc(C(=O)NCc2c(C)cc(C)[nH]c2=O)c1C)-c1ccc(CNCCCN)cc1,172096,active
417,COc1ccc(cc1F)C(=O)C2=C(C(=O)N([C@H]2c3ccc(c(c3)OC)OCc4ccccc4)c5nnc(s5)SCc6ccccc6Cl)O,C98046505,inactive
418,CCc1cccc(c1NC(=S)N/N=C\2/c3ccccc3N(C2=O)C[NH+]4C[C@H](C[C@@H](C4)C)C)CC,C20685319,inactive
419,CSc1cc(C)[nH]c(=O)c1CNC(=O)c1c(C)n([C@H](C)[C@H]2CCC(CC2)N2CC(C2)OC(F)F)c2c(F)cccc12,574995,active
420,Cc1ccc(cc1/C=C/n2cnc3c2ncnc3NC4CC4)C(=O)Nc5cc(cc(c5)n6cc([nH+]c6)C)C(F)(F)F,C42919869,inactive
421,c1cc([nH+]cc1)N/N=C\c2ccc(cc2)O[C@H]3OCCO[C@H]3Oc4ccc(cc4)/C=N\Nc5[nH+]cccc5,C59347464,inactive
422,CCCCCCOc1ccc(cc1)[C@@H]2C(=C(C(=O)N2CCC[NH+](C)C)O)C(=O)c3cc4cccc(c4o3)OC,C33522787,inactive
423,CC(=O)Nc1ccc(cc1)C(=O)OCC(=O)Nc2nc3c(s2)cc(c(c3F)F)F,C03235845,inactive
424,COC(=O)[C@@H]1[C@H](SC2=C1CCCCC2)NC(=O)CN3C(=O)[C@@H](NC3=O)CC4=c5ccccc5=[NH+]C4,C63874924,inactive
425,Cc1ccc(cc1)c2c([nH+]c([nH]2)c3ccc(c(c3)OC)OC)SCC(=O)Nc4ccc(cc4)OC,C08594641,inactive
426,C[C@H]1c2c(c3cc(ccc3[nH]2)Cl)CC[NH+]1[C@@H]4CC(=O)N(C4=O)c5cccc(c5)OC(F)(F)F,C72459621,inactive
427,COc1cc(cc(c1O)Br)[C@H]2C(=C(C(=O)N2Cc3ccccc3)O)C(=O)/C=C/c4ccccc4,C35444625,inactive
428,CCOc1ccccc1[C@@H]2[NH2+][C@H](CC(=N2)c3ccc(cc3)OC)c4cccc(c4O)OCC,C09542738,inactive
429,Cc1cccc2c1[nH]c(=O)c(c2)[C@H](c3nnnn3CCOC)[NH+](Cc4ccccc4)Cc5ccc(cc5)Cl,C06444004,inactive
430,c1cc(cc(c1)Cl)S(=O)(=O)NNC(=O)c2cc3c(s2)cc(cn3)C(F)(F)F,C01031533,inactive
431,COc1ccccc1N2CCN(CC2)C[C@H]3C[NH+]4CC[C@@H]3C[C@@H]4CNC(=O)Nc5ccccc5,C43527362,inactive
432,CCn1c(nnc1SCC(=O)Nc2nc(cs2)c3ccc(cc3)Br)c4ccc(o4)Br,C97959313,inactive
433,Nc1ncnc2c1ncn2[C@@H]1O[C@H](CSCC[C@H](N)C(=O)NCc2ccccc2)[C@@H](O)[C@H]1O,CHEMBL3397318,inactive
434,c1ccc(cc1)C(=O)C[C@@H](c2ccccc2Cl)/C(=C(\NC(=O)c3ccccc3)/SCC(=O)Nc4ccc(cc4)Cl)/C#N,C33354543,inactive
435,C[C@H]1[C@@H]([C@@H](C[C@@H](O1)O[C@H]2CC[C@]3([C@@H](C2)CC[C@@H]4[C@@H]3CC[C@]5([C@@]4(C[C@@H]([C@@H]5C6=CC(=O)OC6)OC(=O)C)O)C)C)OC)O,C67902580,inactive
436,Cc1cc(cc(c1Cl)C)OCC(=O)NC(=S)Nc2ccc(c[nH+]2)I,C09452221,inactive
437,C[C@@H](c1ccc(cc1)n2cc[nH+]c2)[NH2+][C@H](C)C(=O)Nc3ccc(cc3)S(=O)(=O)N4CCCC4,C12627429,inactive
438,CC(C)CCOc1ccc(cc1OC)[C@@H]2C(=C(C(=O)N2CCCn3cc[nH+]c3)O)C(=O)c4cccc(c4)OC,C33467866,inactive
439,CCOc1cc2c(cc1[C@H]3c4c(n[nH]c4N=C(CS3)O)C)O[C@H](C2)C,C49548121,inactive
440,C[C@@H]1C(=c2ccccc2=[NH+]1)CCN[C@@H](c3ccc(cc3Cl)Cl)[C@@H]4NNNN4c5ccc(cc5)OC,C63513985,inactive
441,CCCCOc1cccc(c1)[C@H]2C(=C(C(=O)N2CCCn3cc[nH+]c3)O)C(=O)c4cc5cccc(c5o4)OC,C33522428,inactive
442,C[C@H](Cn1ccc2c1c(ncn2)Nc3ccc(c(c3)Cl)Oc4cccc(c4)C(F)(F)F)NC(=O)CS(=O)(=O)C,C98239216,inactive
443,COc1ccc2cc(ccc2c1)C(=O)C3=C(C(=O)N([C@@H]3c4cccc(c4)Cl)CCCn5cc[nH+]c5)O,C39847817,inactive
444,CSc1cc(C)[nH]c(=O)c1CN1CCc2c(Cl)c3c(c(C)c2C1=O)O[C@@](C)([C@H]1CC[C@H](N(C)C)CC1)O3,CHEMBL5172110,active
445,Cc1cc(c(c(c1)C)NC(=O)CSC2=C([C@@H](CC(=O)N2)c3ccc(c(c3)OC)OCc4ccccc4)C#N)C,C01144884,inactive
446,Cc1ccc(c(c1)N([C@H](c2ccc[nH+]c2)C(=O)NC3CCCC3)C(=O)/C=C/C(=O)Nc4cc(on4)C)C,C13505908,inactive
447,COc1cc(cc(c1OC[C@@H](c2ccc3c(c2)OCO3)O)Br)C[NH2+]C4CCCCCCC4,C20877079,inactive
448,C[NH+](C)CC/N=C/C(C(=O)Nc1ccc(cc1Cl)Cl)C(=O)Nc2ccc(cc2Cl)Cl,C08654321,inactive
449,Cn1c(nnc1SCC(=O)Nc2cc(cc(c2)C(F)(F)F)C(F)(F)F)Cn3cnc(c3Cl)Cl,C02152202,inactive
450,Cc1cccc(c1C)[NH+]2CCN(CC2)[C@@H](C)C(=O)Nc3ccc(cc3)C(=O)Nc4ccccc4OC,C16484499,inactive
451,C[C@H](c1[nH+]c2ccccc2c(n1)NC3CCCCC3)N4CCN(CC4)S(=O)(=O)c5ccc(cc5)C(C)(C)C,C22052811,inactive
452,Cc1cc(c2c(n1)S[C@@H]([C@@H]2[NH3+])C(=O)NCCC3=c4cc(ccc4=[NH+][C@@H]3C)OC(F)(F)F)COC,C63514835,inactive
453,CCN(C1CCOCC1)c1cc(cc(C(=O)NCc2c(C)cc(C)[nH]c2=O)c1C)-c1ccc(CN2CC(O)C2)c(F)c1,601702,active
454,Cc1cc(c2c(c(sc2[nH+]1)C(=O)c3c(c4c(cc(nc4s3)C)COC)NC(=O)c5ccccc5)N)COC,C98008279,inactive
455,Cc1cc(C)c(CNC(=O)c2cc(cc3n(ncc23)C2CCCC2)-c2cnc(N)nc2)c(=O)[nH]1,326097,active
456,C/C(=N/[NH+]=C(\N)/S[C@H]1CC(=O)N(C1=O)c2ccc(cc2)Br)/C=C/c3ccc(cc3)N(C)C,C59516367,inactive
457,CCOc1cccc(c1OCc2ccc(cc2)Cl)C[NH2+]CCNc3ccc(cc3Cl)[N+](=O)[O-],C13730193,inactive
458,CC1(C)CC(CC(C)(C)N1)NC(=O)c1ccc(Oc2cccc(Cl)c2C#N)c(Cl)c1,50010820,active
459,CCNC(=O)C[NH+]1CCCN(CC1)C(=O)/C=C/c2cn(nc2c3ccc[nH+]c3)Cc4ccccc4,C71998452,inactive
460,CCOc1cc(cc(c1OCc2ccc(cc2)C)Br)/C=N/[NH+]=C(/c3c(non3)N)\N,C13943599,inactive
461,CCN(c1cc(-c2ccc(CO)cc2)cc(C(=O)NCc2c(C)cc(C)[nH]c2=O)c1C)C1CCOCC1,CHEMBL3697500,active
462,[H]/N=C\1/N(C(=O)/C(=C/c2cccc(c2)OCc3ccccc3)/S1)c4ccc(cc4)S(=O)(=O)N,C15053762,inactive
463,COc1ccc(cc1)[C@H](c2c(n3c(s2)ncn3)O)N4CC[NH+](CC4)C(c5ccccc5)c6ccccc6,C19367044,inactive
464,CCN(Cc1ccccc1)C(=O)CSc2nc3c(c([nH]n3)C)c(=[NH2+])n2c4cccc(c4)C,C02927347,inactive
465,CCN(C(=O)C1CCCC1)c1cc(cc(C(=O)NCc2c(C)cc(C)[nH]c2=O)c1C)-c1ccc(nc1)N1CCN(CC1)C(C)C,441964,active
466,CN([C@@H]1CC[C@@H](CC1)NC(C)=O)c1cc(cc(C(=O)NCc2c(C)cc(C)[nH]c2=O)c1C)-c1cnn(CCN2CCOCC2)c1,172032,active
467,CS(=O)(=O)N/[NH+]=C\1/N(N[C@H](S1)c2ccc(cc2)N)CCCS(=O)(=O)[O-],C25667512,inactive
468,C[C@H](c1ccc(cc1)n2ccnc2)NC(=O)CCCNS(=O)(=O)c3ccc(c(c3)Cl)Cl,C09462633,inactive
469,CN([C@@H]1CC[C@H](N)CC1)c1cc(cc(C(=O)NCc2c(C)cc(C)nc2=O)c1C)-c1cnn(C)c1,514185,active
470,Cc1cc(cc(c1C)S(=O)(=O)N)C(=O)OCc2cc(ccc2OC)Br,C19241038,inactive
471,CC(C)N1CCN(c2ccc(-c3cc(C(=O)NC4CC(C)(C)NC(C)(C)C4)c4cnn(C(C)C)c4c3)cn2)CC1,CHEMBL4542936,inactive
472,Cn1c2ccc(cc2[nH+]c1[C@@H]([C@H](c3nc4cc(ccc4n3C)Cl)O)O)Cl,C82086826,inactive
473,Cc1ccc(cc1)S(=O)(=O)Nc2ccc(cc2)S[C@@H](C)C(=O)Nc3ccc4ccccc4c3,C22713040,inactive
474,c1ccc(c(c1)C(F)(F)F)N2C3=C([C@H](C(=C2N)C#N)c4cc(cs4)Cn5c[nH+]c6c5cccc6)C(=O)CCC3,C98008127,inactive
475,CC1([C@@H](N2[C@@H](S1)c3ccc(c(c3C2=O)OC)OC)C(=O)Nc4ccc5c(c4)cc[nH]5)C,C36569519,inactive
476,CCOc1cccc(c1)N2C(=O)C[C@@H](C2=O)SC(=[NH2+])N/N=C(\C)/c3ccc4ccccc4c3,C59489388,inactive
477,CC(C)n1ncc2c(cc(nc12)-c1ccc(cc1)C(=O)NCCN(C)C)C(=O)NCc1c(C)cc(C)[nH]c1=O,325822,active
478,C[C@H](CCCC(C)(C)O)[NH2+]Cc1cc2ccc(cc2n(c1=O)CCS(=O)(=O)c3ccccc3)Cl,C20362936,inactive
479,CNC(=S)N1[C@@H](CC(=N1)[C@H]2C(=c3cc(ccc3=[NH+]C2=O)Cl)c4ccccc4)c5ccc(cc5)N(C)C,C39365049,inactive
480,CN(C)CCN1CCC(CC1)c1cc(C(=O)NCc2c(C)cc(C)[nH]c2=O)c2cnn(C3CCCC3)c2c1,326148,active
481,CCOc1ccc(cc1)/C=c/2\c(=O)n3c(=C([C@H](C(=C3N)C(=O)OCC)c4ccc(cc4)OCC)C(=O)OC)s2,C01872544,inactive
482,COC1CN([C@H]2CC[C@H]([C@@H](C)c3scc(C(=O)NCc4c(C)cc(C)[nH]c4=O)c3C)CC2)C1,CHEMBL5188124,active
483,Cc1cc(nc(n1)SCC(=O)N(Cc2ccc[nH+]c2)[C@H]([C@H]3CCC=CC3)C(=O)Nc4ccc(cc4OC)OC)C,C08694475,inactive
484,CSc1cc(C)[nH]c(=O)c1CNC(=O)c1c(C)n([C@H](C)[C@H]2CCN(CC2(F)F)C2CC2)c2ncccc12,574928,active
485,CCCc1nc([nH]n1)SCC(=O)NC[C@@H](c2ccc(cc2Cl)Cl)C3=c4ccccc4=[NH+]C3,C63182703,inactive
486,CC(C)CCn1c2ccccc2[nH+]c1SCC(=O)NNC(=O)c3ccccc3Br,C32950404,inactive
487,Cc1cc(=O)c2c(cc(c(c2o1)I)O)OC(=O)C,C00692272,inactive
488,CC[C@@H]1[C@]([C@@H]([C@@H](C(=O)[C@@H](C[C@@]([C@@H]([C@@H]([C@@H]([C@@H](C(=O)O1)C)O[C@@H]2C[C@@]([C@@H]([C@@H](O2)C)O)(C)OC)C)O[C@@H]3[C@@H]([C@@H](C[C@@H](O3)C)[NH+](C)C)O)(C)O)C)C)O)(C)O,C08101087,inactive
489,Cc1cc(c(n1c2ccc(cc2)OC)C)/C=c/3\c(=[NH2+])n-4[nH]/c(=C/C(=O)N5CCCCC5)/sc4nc3=O,C49686871,inactive
490,c1cc(ccc1COc2[nH+]c(n(n2)c3ccc(cc3)NC(=O)c4ccc(cc4)[N+](=O)[O-])c5ccc(cc5)C(F)(F)F)F,C98009936,inactive
491,CCOc1cc(cc(c1OCc2ccc(cc2Cl)Cl)Br)CNCC[NH2+]C[C@H](C)O,C23471931,inactive
492,c1ccc(cc1)/C=C\c2nc(c3c4c(sc3n2)CCCC4)NCC[NH2+][C@@H]5CCS(=O)(=O)C5,C97035725,inactive
493,Cc1ccc(c(c1)C)c2csc(n2)/C(=C/Nc3ccc(cc3)S(=O)(=O)/N=c/4\[nH]ccs4)/C#N,C13659319,inactive
494,c1cc(ccc1NC(=O)CCCC[C@@H]2[C@H]3[C@@H](CS2(=O)=O)NC(=O)N3)I,C12776072,inactive
495,COc1ccc(c(c1)[C@@H]2C(=C(N(C3=C2C(=O)CCC3)c4nnc(s4)SCc5ccccc5Cl)N)C#N)OC,C98006251,inactive
496,CCOc1ccc(cc1)NS(=O)(=O)c2ccc(cc2)NC(=S)NC(=O)Cc3ccc(cc3)OC,C12497341,inactive
497,c1ccc(cc1)[C@@H](c2ccc(cc2)Cl)[NH+]3CCN(CC3)C(=O)C4CCC(CC4)CNS(=O)(=O)c5ccc(s5)Br,C98050214,inactive
498,Cc1cc(nc(n1)/N=C(/NCCc2ccc(c(c2)OC)OC)\NS(=O)(=O)c3ccc(cc3)Br)C,C06166525,inactive
499,C[C@]1(CCS(=O)(=O)C1)NC(=O)C[NH+]2CCN(CC2)CC(=O)Nc3ccc(cc3)OC(F)(F)F,C22800945,inactive
500,Cc1cc(ccc1NC(=O)[C@H]2CC(=O)N(C2)c3ccc(cc3)NC(=O)C)Br,C11099147,inactive
501,COc1ccc(cn1)-c1cc(cc2CCC(C)COc12)C(=O)NCc1c(C)cc(C)[nH]c1=O,359793,active
502,C[NH+](Cc1nc(c2c(csc2n1)c3ccc(cc3)F)[O-])[C@@H]4CCS(=O)(=O)C4,C20680134,inactive
503,COC(=O)c1ccc(cc1)[C@H](C(=O)NC2CCCCC2)N(CC[NH+]3CCCCC3)C(=O)Cc4cccs4,C12477481,inactive
504,C[C@H](C(=O)Nc1ccccc1SC)[NH+](C)CC(=O)Nc2ccc(c(c2)C(F)(F)F)Cl,C16625609,inactive
505,C[NH+]1CCc2c(c(c3c(c(sc3n2)C(=O)c4ccc(cc4)Cl)N)c5cccc(c5OC)OC)C1,C40570164,inactive
506,CN(C)c1nc([nH+]c(n1)N/N=C/c2cc(c(cc2O)O)Br)NCc3ccccc3,C16186624,inactive
507,C=CCN(CC=C)S(=O)(=O)c1ccc(cc1)C(=O)Nc2nc3ccc(cc3s2)S(=O)(=O)N,C16890286,inactive
508,COc1ccc(cc1)CCN2C(=O)/C(=C/c3c(nc4ccccn4c3=O)NCc5ccco5)/SC2=S,C02520588,inactive
509,Cc1cc(ccc1S(=O)(=O)Nc2ccc3c(c2)C(=O)Nc4cc(ccc4O3)Cl)F,C08961406,inactive
510,CSc1cc(C)[nH]c(=O)c1CNC(=O)c1c(C)n([C@H](C)C2CCN(CCO)CC2)c2ccccc12,574905,active
511,c1ccc(cc1)N/C(=[NH+]\NC(=O)CN2c3ccccc3Sc4c2cccc4)/SCC(=O)c5ccc(cc5)Cl,C08636634,inactive
512,CCOc1ccc(cc1)C2=N[C@H]([NH2+][C@@H](C2)c3cccc(c3O)OCC)c4ccc(c(c4)Br)OC,C09542607,inactive
513,COc1ccc(cc1)C(=O)NNC(=O)CSc2c(cc3ccccc3[nH+]2)Cc4ccccc4,C01339856,inactive
514,c1ccc(c(c1)C(F)(F)F)Nc2nc(cs2)c3cc([nH]c3)C(=O)N4CCCC4,C08232491,inactive
515,CN(Cc1[nH]c2ccccc2n1)C(=O)C3=NN([C@H](C3)C(=O)N)c4ccccc4,C30660250,inactive
516,Cc1cccc(c1)/C(=[NH+]/[C@@H](c2ccccc2)/N=C(/c3cccc(c3)C)\O)/O,C01170780,inactive
517,C[C@H]1[C@@H]([C@H]([C@H]([C@@H](O1)OC[C@@H]2[C@H]([C@@H]([C@H]([C@@H](O2)OC(C)(C)C=C)O)O)O)O)O)O,C49601394,inactive
518,CC1(CC(CC([NH2+]1)(C)C)N(Cc2cccc[nH+]2)C(=S)Nc3ccc(cc3)Br)C,C59087604,inactive
519,CC[C@@H](C)[C@@H](C(=O)Nc1ccc[nH+]c1)NC(=O)[C@H]2CCCN(C2)S(=O)(=O)c3ccc(cc3)OC,C09306634,inactive
520,CCN([C@H]1CC[C@@H](CC1)N(C)C)c1cc(Cl)cc(C(=O)NCc2c(C)[nH]nc2OC)c1C,310747,active
521,CCOC(=O)C1=c2n(c(=O)/c(=C/c3cccnc3)/s2)C(=C([C@@H]1c4ccc[nH+]c4)S(=O)(=O)c5ccccc5)N,C08448705,inactive
522,CC(=O)[C@@H]1CC[C@@H]2[C@@]1(CC[C@@H]3[C@@H]2CCC4=C/C(=N\OCC(=O)N[C@@H](Cc5c[nH]c[nH+]5)C(=O)OC)/CC[C@]34C)C,C08740276,inactive
523,CCN1c2ccccc2[C@]3(C1=O)C(=C(C(=O)N3CC[NH+](C)C)O)C(=O)c4cccc(c4)S(=O)(=O)N5CCCCC5,C98046784,inactive
524,C[C@@]1(C(=O)N(C(=O)N1)NC(=O)Cc2csc(n2)c3cc(cs3)Br)c4ccccc4,C71964663,inactive
525,c1ccc2c(c1)CCC[C@@H]2NC(=O)C3CCC(CC3)CNS(=O)(=O)c4cccc5c4nsn5,C08680552,inactive
526,COc1cc(cc(c1OC)OC)C(=O)Nc2ccccc2[C@@H](c3ccc(cc3)Cl)[NH2+]CC(=O)OC,C95946340,inactive
527,c1ccn2cc([nH+]c2c1)c3ccc(cc3)/N=C/c4cc(cc(c4O)Br)Br,C08834472,inactive
528,CN(C1CCCCC1)c1cc(cc(C(=O)NCc2c(C)cc(C)nc2=O)c1C)-c1ccc(CN2CCOCC2)nc1,514172,active
529,Cc1cc(C)c(CNC(=O)c2cc(cc3n(ncc23)C2CCN(CC2)C(=O)C(C)(C)C)C2=CC(C)(C)NC(C)(C)C2)c(=O)[nH]1,326127,active
530,COc1cccc(c1OC)CN[C@H]2C[C@H]([NH+](C2)Cc3ccccc3)C(=O)NCCc4ccccc4F,C32580979,inactive
531,Cc1ccc(cc1)c2nnc(o2)c3[nH+]c4ccccc4c(n3)NCc5cc(ccc5OC)Br,C35475895,inactive
532,CCOC(=O)c1c(/c(=C\c2ccccc2)/c3=C(S[C@H](C(=O)n31)c4ccccc4)C(=O)OC(C)C)N,C20167923,inactive
533,COc1ccc(cc1N2CCN3c4ccc(cc4C[C@@H]([C@@H]3C2)C(=O)NCC[NH+]5CCCCC5)[N+](=O)[O-])Cl,C35894787,inactive
534,COc1ccc(cc1)c2cn(c([nH+]2)/N=C/c3cc(ccc3O)Cl)/N=C/c4ccc(cc4Cl)Cl,C08437370,inactive
535,c1ccc(cc1)Cn2c3ccccc3[nH+]c2SCC(=O)N/N=C\c4ccc(cc4)OCc5ccccc5,C33089336,inactive
536,CCO[C@@H]1CCCN(C1)S(=O)(=O)c2c(cc(cc2Br)Br)N,C42408747,inactive
537,COc1cccc(c1OC)[C@@H]2[C@@H]3[C@@H](N[C@@H]([C@@H](C3=O)[C@@H]([NH2+]2)c4cccc(c4OC)OC)c5cccc(c5OC)OC)c6cccc(c6OC)OC,C95100681,inactive
538,C[C@@H]1Cc2cc(ccc2O1)C(=O)C3=C(C(=O)N([C@H]3c4ccccc4F)c5nnc(s5)SCc6ccccc6Cl)O,C97967884,inactive
539,CC(C)O/C(=C/1\[C@@H](C2C(=NC1=C)CC(CC2=O)(C)C)c3ccccn3)/O,C13285520,inactive
540,CCCCOc1ccc(cc1)C(=O)NN2[C@@H](Nc3ccc(cc3C2=O)Br)c4ccc(cc4)[N+](=O)[O-],C02747252,inactive
541,COc1ccccc1[C@H]2[C@@H]3CCCC[C@@]3(CCN2CC(=O)N[C@@H](CC4=c5ccccc5=[NH+]C4)C(=O)OC)O,C63351341,inactive
542,CC(C)(C)C(=O)N1CSC[C@H]1C(=O)Nc2ccc3c(c2)COC3,C92511753,inactive
543,CC(C)CC[C@@H](c1c2c(sc1n3cccc3)C[NH+](CC2)C)NC(=O)Nc4ccc5c(c4)OCCO5,C20532178,inactive
544,CCCN([C@H]1CC[C@@H](CC1)N(C)C)c1cc(cc(C(=O)NCc2c(C)n(C)[nH]c2=O)c1C)-c1ccc(CN2CCOCC2)cc1,310775,active
545,C[NH+]1[C@@H]2CC(C[C@H]1[C@H]3[C@@H]2O3)OC(=O)[C@@H]4CC[C@](c5c4cccc5)(c6ccccc6)C(=O)OC7C[C@@H]8[C@@H]9[C@@H](O9)[C@H](C7)[NH+]8C,C79216641,inactive
546,Cc1cc(C)c(CNC(=O)c2cc(cc3n(ncc23)C2CCCC2)-c2ccc(CN3CCOCC3)cc2Cl)c(=O)[nH]1,326099,active
547,Cc1cc(cc(c1)N([C@@H](C)C(=O)Nc2ccccc2C(=O)N[C@@H](C)c3ccccc3)S(=O)(=O)C)C,C06768085,inactive
548,CN1[C@H]2[C@H](C(=O)N(C1=O)C)N(C(=[NH+]2)NCCc3c[nH]c4c3cccc4)Cc5ccc(cc5)Br,C39354627,inactive
549,COc1ccc(c(c1)OC)NC(=O)C2(CCCCC2)N(Cc3ccc[nH+]c3)C(=O)CN4C[C@@H](NC4=S)c5ccccc5,C08695920,inactive
550,COc1ccc(cc1O)/C=N/c2ccc(cc2)S(=O)(=O)Nc3ccc(cc3)I,C12482431,inactive
551,Cc1cc(n(n1)[C@H](C)C(=O)Nc2ccc(cc2Cl)NC(=O)c3ccc(nc3)Cl)C,C72038706,inactive
552,CC(C)C[C@@H]1c2c(cc(c(c2O)Oc3c4c(cc(c3OC(=O)C)OC)CCN([C@@H]4CC(C)C)C)OC)CC[NH+]1C,C68568475,inactive
553,CCOc1cc(cc(c1OCc2ccc(cc2)[N+](=O)[O-])I)/C=N/Nc3[nH+]cc(c(n3)NC)F,C59222181,inactive
554,CC(C)n1ncc2c(cc(nc12)C1CCN(CC1)C(=O)C1CCCNC1)C(=O)NCc1c(C)cc(C)[nH]c1=O,325957,active
555,CCOc1ccc(cc1)C2=N[C@@H]([NH2+][C@H](C2)c3cccc(c3O)OCC)c4ccc(c(c4)Br)OC,C09542610,inactive
556,C[C@@]12CC[C@H]([C@@]([C@H]1Cc3c(nc(s3)NC(=O)c4c(cccc4F)F)[C@H]2CC(=O)NCc5ccc[nH+]c5)(C)CO)O,C04147249,inactive
557,CC(C)n1cc(C)c2c(cc(cc12)-c1ccc(nc1)N1CCNCC1)C(=O)NCc1c(C)cc(C)[nH]c1=O,190197,active
558,CC#CCN1C(=O)[C@@](NC1=O)(CCc2ccccc2)C3CC[NH+](CC3)C[C@@H]4C=c5ccccc5=[NH+]C4=O,C39355568,inactive
559,CCCc1cc(C)[nH]c(=O)c1CNC(=O)c1cc(cc2n(CC3CCC3)ncc12)-c1ccc(nc1)N1CCN(CC1)C(C)C,50536575,active
560,CCOc1ccc2c(c1)sc(n2)N3[C@@H](C(=C(C3=O)O)C(=O)c4c(nc(s4)C)C)c5cccc(c5)O,C35566337,inactive
561,Cc1cc(C)c(CNC(=O)c2cc(-c3ccc(CN4CCOCC4)cc3)cc(N(C)C3CCOCC3)c2C)c(=O)[nH]1,CHEMBL3697408,active
562,C[NH+](CCOc1ccc(cc1)Br)CC(=O)Nc2cccc(c2)S(=O)(=O)/N=C/3\CCCN3,C13135825,inactive
563,Cc1cc(c(c(c1)C)S(=O)(=O)N2CCN(CC2)c3c(c([nH+]c(n3)c4ccc(cc4)C(F)(F)F)C)C(C)C)C,C98021324,inactive
564,Cc1cc(C)c(CNC(=O)c2cc(-c3ccc(N4CCNCC4)nc3)nc3c2cnn3C(C)C)c(=O)[nH]1,CHEMBL3770239,active
565,COC(=O)COc1cc([nH+]c2c1cc(cc2)NC(=O)NCCc3ccccc3)c4cccc(c4)Cl,C33278707,inactive
566,CCN(C1CCOCC1)c1cc2oc(cc2c(C(=O)NCc2c(OC)cc(C)[nH]c2=O)c1C)C(F)(F)F,50287071,active
567,CC1([C@H](N2[C@H](S1)c3ccccc3C2=O)C(=O)N[C@@H](Cc4ccccc4)C(=O)NCc5cc[nH+]cc5)C,C09409811,inactive
568,C/C=c/1\[nH]n-2c(=[NH2+])/c(=C/c3ccc(c(c3)OC)OCCOc4ccc(cc4)Br)/c(=O)nc2s1,C01752679,inactive
569,C/C(=N/Nc1[nH]nc(n1)SCC(=O)Nc2ccc(c(c2)C(F)(F)F)Cl)/C=C/c3ccccc3,C59023126,inactive
570,c1ccc(cc1)/C=C/C(=O)Oc2ccc3c(c2)OC(=C([C@H]3c4cccs4)C#N)N,C38656307,inactive
571,CC[NH+](CC)c1ccc(c(c1)OS(=O)(=O)c2cccc(c2)C(F)(F)F)CN(Cc3ccco3)C(=O)C,C96288114,inactive
572,COc1ccc(cc1OC)c2nc(on2)c3c(n([nH+]c3SC)CC(=O)Nc4ccc(c(c4)F)F)N,C46914823,inactive
573,c1cc2cccc3c2c(c1)C(=O)N(C3=O)CCN4CC[NH+](CC4)C[C@@H](COc5c(cc(cc5F)Br)F)O,C97985354,inactive
574,CC(C)c1ccc(cc1)NC(=O)[C@H]2[C@@H]3C=C[C@]4([C@@H]2C(=O)N([C@@H]4C(=O)NC5CCCCC5)CCC[NH+](C)C)O3,C97962433,inactive
575,CCCC(=O)N[C@H](C)c1[nH+]c2ccccc2n1CC(=O)Nc3ccc(cc3)Br,C40298460,inactive
576,Cc1cc(C)c(CN2CCc3c(Cl)cc([C@H](CO)[C@H]4CCCO4)c(Cl)c3C2=O)c(=O)[nH]1,CHEMBL4093757,active
577,c1ccc(cc1)NC(=O)[C@H]2[C@H]3C=C[C@@]4([C@H]2C(=O)N([C@@H]4C(=O)NC5CCCCC5)Cc6ccc[nH+]c6)O3,C12642252,inactive
578,c1ccc(cc1)n2c(nnn2)SCCC[NH2+]Cc3c4ccccc4ccc3OCc5ccc(cc5)Cl,C22108827,inactive
579,c1cc2n(c(=O)c1)C[C@@H]3C[C@H]2CN(C3)C(=O)CSc4nc(cc(=O)n4c5ccc(cc5)Cl)O,C15955459,inactive
580,Cc1ccc(cc1)c2[nH]c(c([nH+]2)S(=O)(=O)c3ccccc3)SCC(=O)Nc4ccc(cc4)C(=O)C,C12252181,inactive
581,Cc1ccccc1NS(=O)(=O)c2ccc(cc2)N/C=C\3/C(=C(C(=O)N(C3=O)CCc4ccccc4)C#N)C,C08437844,inactive
582,CCN([C@H]1CC[C@@H](CC1)N(C)C)c1cc(cc(C(=O)NCc2c(C)cc(C)[nH]c2=O)c1C)-c1ccc(nc1)N1CC(O)C1,601735,active
583,C[C@H](C(=O)N)Sc1nnc(n1c2ccc(c(c2)Cl)OC)c3ccc(cc3)Br,C08761232,inactive
584,C/C(=N\NC(=[NH2+])S[C@@H]1CC(=O)N(C1=O)c2ccc(cc2)Cl)/c3ccc(cc3)C4CCCCC4,C59489283,inactive
585,Cc1c(sc(n1)c2ccccc2)C(=O)C3=C(C(=O)N([C@H]3c4cc(c(c(c4)OC)OC)OC)CCC[NH+](C)C)[O-],C59735399,inactive
586,C[C@H]1Cc2cc(ccc2N1S(=O)(=O)c3ccc(cc3C(=O)OC)Br)S(=O)(=O)N,C22023501,inactive
587,COc1ccc(cc1OC)C(=O)NCC(=O)N/N=C/c2cc(ccc2OC(=O)c3ccccc3Cl)Br,C02565216,inactive
588,Cc1ccc(cc1)S(=O)(=O)Oc2ccc3c(c2)c(=O)c4c(ccc(c4o3)CO)NCC[NH+](C)C,C05486762,inactive
589,CCCOc1c(cc(cc1Cl)/C=C/C(=O)N2CCC(CC2)[NH+]3CCC[C@H]3C(=O)N)OC,C89960257,inactive
590,CC1(C)CC(NC(=O)c2ccc(Oc3cccc(Cl)c3C#N)c(Cl)c2)CC(C)(C)N1,CHEMBL3264784,active
591,COc1cc(cc(c1)OC)C(=O)Nc2nnc(s2)SCC(=O)Nc3ccc(cc3)Br,C08792944,inactive
592,Cc1cc[nH+]c(c1)N[C@H](c2cc(ccc2OC)OC)c3c(c(sc3NC(=O)c4ccco4)C)C,C38547712,inactive
593,CC(C)[NH2+]CCCNc1c2c(nc(c(n2)c3ccccc3)c4ccccc4)nc(n1)NCCC[NH2+]C(C)C,C05743137,inactive
594,C[NH+](Cc1cc2ccccc2[nH]1)C[C@@H]3NN=C(N3c4cccc(c4)Cl)SCc5ccncc5,C39399705,inactive
595,Cc1cc([nH+]c(c1C#N)SCc2cc(ccc2OC)C=NNC(=O)[C@H]3C[C@@H]3c4ccc(cc4)C(C)(C)C)C(F)F,C08456044,inactive
596,CCN(C1CCC(CC1)N(C)C)c1cc(OC2CN(C)C2)cc(C(=O)NCc2c(C)cc(C)[nH]c2=O)c1C,190202,active
597,Cn1c2ccc(cc2c(=O)n(c1=O)C)S(=O)(=O)Nc3cc(c(cc3Cc4c5cc(c(cc5cc[nH+]4)OC)OC)OC)OC,C98043290,inactive
598,Cc1cc([nH+]c(c1C#N)SCC2=C([C@H](C(=C(O2)N)C#N)c3ccccc3F)C(=O)OC)C,C00659966,inactive
599,c1ccc(cc1)n2c(nnc2SCC(=O)Nc3ccc4c(c3)OCO4)c5cc(ccc5O)Br,C59617200,inactive
600,COc1ccc(cc1Cl)Cn2c(=[NH2+])c3cc(c(cc3nc2SCc4cccc(c4)C(F)(F)F)OC)OC,C12952469,inactive
601,CC[NH+]1C[C@@]2(CC[C@@H]([C@@]34[C@@H]2[C@@H]([C@@]([C@H]31)([C@]5(C[C@@H]([C@H]6C[C@@H]4[C@@H]5[C@H]6OC)OC)O)O)OC)OC)COC(=O)c7ccccc7N,C29748943,inactive
602,Cc1ccnc(c1)N[C@@H](c2ccc3ccc([nH+]c3c2O)C)c4cc(c(c(c4)Cl)OC)OC,C18208675,inactive
603,CCC[NH+]1CCC(CC1)CN2[C@@H](C(=O)N(C2=S)c3ccc(cc3)OC)CC(=O)Nc4ccc(cc4)F,C20595078,inactive
604,C[C@@]1(CC(=[NH+]CCc2ccc(c(c2)OC)OC)C([C@H]([C@H]1C(=O)OCC=C)c3ccccc3)C(=O)OCC=C)O,C15080024,inactive
605,Cn1c(cc(n1)c2ccc(cc2)OC)[C@H]3C[NH+]4CC[C@@H]3C[C@@H]4CNC(=S)Nc5cccc(c5)C#N,C43525593,inactive
606,c1ccc(cc1)C(=O)NNC(=O)CSc2nc3ccccc3c(=O)n2c4ccc(cc4)OC(F)F,C08952846,inactive
607,c1cc(cc(c1)OCc2ccc[nH+]c2)/C(=N\OCc3coc(n3)c4ccc(cc4)Br)/N,C72054496,inactive
608,c1ccc(cc1)CNc2c3ccccc3oc(=O)c2NS(=O)(=O)c4ccc(cc4)Cl,C45961910,inactive
609,c1ccc2c(c1)C(=O)C(=O)N2CC(=O)N(Cc3ccc[nH+]c3)[C@H]([C@@H]4CCC=CC4)C(=O)Nc5ccc6c(c5)OCO6,C08695828,inactive
610,CCCCCCC(=O)NCCC1=c2ccccc2=[NH+][C@H]1/C=C\3/C(=NC(=S)N(C3=O)c4ccccc4F)[O-],C38676014,inactive
611,CCS(=O)(=O)N1CCC(CC1)[C@@H](C)n1c(C)c(C(=O)NCc2c(C)cc(C)[nH]c2=O)c2ccccc12,50110357,active
612,Cn1c(cc(n1)c2ccc(cc2)F)[C@H]3C[NH+]4CC[C@@H]3C[C@@H]4CNS(=O)(=O)c5cc(ccc5OC)OC,C43525943,inactive
613,c1ccc(cc1)c2cn(c3c2c(nc[nH+]3)NCCc4ccc(cc4)S(=O)(=O)N)c5ccc(cc5)Br,C02974772,inactive
614,Cc1c(c(n[nH]1)C)CCC(=O)Nc2cccc(c2)S(=O)(=O)Nc3ccc(cc3)Br,C09467600,inactive
615,c1ccc(cc1)NC(=O)N2CSC[C@@H]2C(=O)Nc3cccc(c3)C(F)(F)F,C97123849,inactive
616,CCOc1ccc(cc1)NC(=O)[C@H]2CC(=O)[N+](=C(S2)Nc3ccc(cc3)OC)CCc4ccc(cc4)Cl,C97959652,inactive
617,COc1ccc(cc1)CC(=O)NCc2ccccc2c3ccccc3C(=O)NCCc4ccc[nH+]c4,C03986746,inactive
618,c1ccc(c(c1)C(=O)OCC(=O)Nc2cccc(c2)S(=O)(=O)N)Nc3cccc(c3)C(F)(F)F,C11478150,inactive
619,CC(C)CCN1C(=O)N(C(=O)C12CC[NH+](CC2)C/C(=C/c3ccccc3)/Cl)Cc4ccc[nH+]c4,C14741529,inactive
620,Cc1ccc(cc1NC(=O)C(=O)NCCc2[nH]nc(n2)c3ccco3)F,C77841775,inactive
621,Cc1cc(C)c(CNC(=O)c2cc(Br)c3OC(COc3c2)C=C)c(=O)[nH]1,359842,active
622,CC(C)n1ncc2c(cc(nc12)C1CCN(CC1)C1CCN(CCS(C)(=O)=O)CC1)C(=O)NCc1c(C)cc(C)[nH]c1=O,325961,active
623,COc1ccc(c(c1)/C=C\2/C(=O)N(C(=S)S2)NC(=O)c3cccc(c3)O)OC,C13689798,inactive
624,Cc1ccc(cc1)S(=O)(=O)N2CC[NH+](CC2)[C@H](C)c3nc4ccccc4c(n3)Nc5ccc(cc5)OC,C22052698,inactive
625,CS(=O)(=O)N1CCCc2c1cc(cc2)NC(=O)C(=O)NCC[NH+]3CCN(CC3)c4ccc(cc4)Cl,C49512503,inactive
626,C[C@H](C(=O)NC(=O)NC1CCCCC1)N2CC[NH+](CC2)C(c3ccccc3)c4ccccc4,C22802540,inactive
627,CC(=O)c1cccc(c1)NC(=O)[C@]2(C(=O)Nc3cc(ccc3O2)Cl)C,C41550165,inactive
628,c1cc(ccc1COc2ccc(cc2[C@H]3[C@H]4CCCC=C4C(=C(C3(C#N)C#N)[NH3+])C#N)Br)Cl,C02758612,inactive
629,CCn1c(nnc1SCC(=O)Nc2cc(ccc2Cl)C(F)(F)F)CC(=O)Nc3cccc(c3)OC,C02859278,inactive
630,C[C@H](C1CCN(CC(F)(F)F)CC1)n1c(C)c(C(=O)NCc2c(cc(C)[nH]c2=O)S(C)(=O)=O)c2ccccc12,50541901,active
631,C[C@H]1Cc2cc(ccc2O1)C(=O)C3=C(C(=O)N([C@H]3c4ccc(c(c4)OC)OCCC(C)C)CCCn5cc[nH+]c5)O,C97967387,inactive
632,CN(C)c1ccc(cc1)[C@H](CNS(=O)(=O)c2cccc3c2cccc3)[NH+]4CCN(CC4)c5ccc(cc5)F,C21755208,inactive
633,c1cc(oc1)CN([C@@H](c2cccs2)C(=O)NC3CCCC3)C(=O)Cn4nc(nn4)c5ccc(cc5)Cl,C12704364,inactive
634,c1cc(sc1)[C@@H](c2ccc(cc2)F)NC(=O)CN3CC[NH+](CC3)CC(=O)Nc4ccc(cc4)F,C22785261,inactive
635,COc1ccc(cc1N2C(=O)C[C@@H](C2=O)SC(=[NH2+])N/N=C/c3cccc(c3)[N+](=O)[O-])c4ccccc4,C96592279,inactive
636,CC(c1ccccc1)c1c(C)c(cc2cccn12)C(=O)NCc1c(C)cc(C)[nH]c1=O,490147,active
637,c1ccc(cc1)/C=C/C=N\NC(=O)c2cc(n[nH]2)c3ccc(cc3)Br,C33382541,inactive
638,c1cc(ccc1Cn2c(c[nH+]c2SCC(=O)Nc3ccc(cc3)OC(F)(F)F)CO)Cl,C10019875,inactive
639,Cc1cc(=O)c(CNC(=O)c2cc(Cl)cc(O[C@H]3CC[C@H](N(C)C)CC3)c2C)c(C)[nH]1,CHEMBL5177482,active
640,CCCC[NH2+][C@@H](c1ccccc1)c2c(c3c(cc(nc3s2)C)COC)NC(=O)c4ccc(cc4)[N+](=O)[O-],C12420156,inactive
641,CSc1cc(C)[nH]c(=O)c1CNC(=O)c1c(C)n([C@H](C)C2CCC(CC2)N2CC(F)C2)c2ncccc12,574922,active
642,COc1ccc(cc1)n2c3c(c(=O)[nH]c2=O)C([NH+]=C(N3)c4ccncc4)(C(F)(F)F)C(F)(F)F,C08846783,inactive
643,Cc1nc(cs1)CSc2ccccc2C(=O)OCC(=O)NC(=O)Nc3ccc4c(c3)OCCO4,C10574005,inactive
644,CC(=O)N[C@@H]1[C@H]([C@@H]([C@H](O[C@H]1OC[C@@H]2[C@H]3[C@@H]([C@@H]4[C@H](O2)OC5(O4)CCCCC5)OC6(O3)CCCCC6)COC(=O)C)OC(=O)C)OC(=O)C,C85893418,inactive
645,CC1COc2c1cc(cc2-c1ccc(nc1)N1CCNCC1)C(=O)NCc1c(C)cc(C)[nH]c1=O,359759,active
646,CCN(c1cc(C(F)(F)F)cc(C(=O)NCc2c(C)cc(C)[nH]c2=O)c1C)[C@H]1CC[C@H](N(C)C)CC1,CHEMBL3971620,active
647,CCCc1cc(C)[nH]c(=O)c1CNC(=O)c1cc(-c2ccccc2)cc2c1cnn2C(C)C,CHEMBL4535507,active
648,CC(C)(C)[C@H]1CC=C2[C@@H](C1)[C@@H](C(C(=C2C#N)[NH3+])(C#N)C#N)[C@@H]3CCC=CC3,C39325153,inactive
649,COc1ccc(cc1)[C@H](CC(=O)NCc2ccc[nH+]c2)c3cc(ccc3O)Br,C27517430,inactive
650,CC[C@@H](C)[C@@H]1C(=O)N(C2([NH2+]1)CCN(CC2)S(=O)(=O)c3ccc(cc3)OC)Cc4ccc(cc4)F,C40399652,inactive
651,c1cc(c[nH+]c1)Nc2c(c(ncn2)NNC(=O)c3ccc(cc3)Br)[N+](=O)[O-],C40628382,inactive
652,CCc1c(c(n(n1)c2ccccc2)Oc3ccc(cc3)OC)C[NH+](C[C@@H](COc4ccccc4)O)C5CC5,C36316402,inactive
653,CCOc1cc(cc(c1OCc2ccccc2)Cl)[C@H](c3ccc4cccnc4c3O)Nc5cc(cc[nH+]5)C,C09601831,inactive
654,c1cc(sc1CNS(=O)(=O)c2c(ccs2)Br)S(=O)(=O)N,C48443987,inactive
655,CC(C)CCN1[C@H]([C@@]23C=C[C@@H](O2)[C@@H]([C@@H]3C1=O)C(=O)Nc4cccc(c4)SC)C(=O)NC5CCCCC5,C36066371,inactive
656,C=CCc1cccc(c1O)/C=N/NC(=O)CCCSc2nnc(n2N)c3ccc(cc3)Br,C58988399,inactive
657,c1ccc2c(c1)/C(=C/3\C(=O)N(C(=S)S3)CCCCCCCCCCC(=O)O)/C(=O)N2CC(=O)Nc4cccc(c4)Cl,C98218713,inactive
658,c1c(ccc(c1)NC(=O)/C=C\c2oc(cc2)Br)NC(=O)/C=C\c3oc(cc3)Br,C97994663,inactive
659,Cc1cc(c(cc1N2C(=O)[C@@H]3[C@H]([NH2+][C@]4([C@@H]3C2=O)c5ccccc5NC4=O)CCSC)OC)[N+](=O)[O-],C16012203,inactive
660,Cc1cccc(c1)COc2ccc(cc2)C(=O)C3=C(C(=O)N([C@@H]3c4cccc(c4)Cl)CCC[NH+](C)C)O,C08996842,inactive
661,CNc1ncc(-c2cc(C(=O)NCc3c(C)cc(C)[nH]c3=O)c(C)c(-c3c(C)cnn3C)c2)cn1,CHEMBL5208386,active
662,CN(C)[C@H]1CC[C@@H](CC1)[C@@]1(C)Oc2c(O1)c(C)c(cc2Br)C(=O)NCc1c(C)cc(C)[nH]c1=O,50594132,active
663,Cc1cc(nc(n1)SCC(=O)N(Cc2ccc[nH+]c2)[C@H](c3ccc4c(c3)OCO4)C(=O)Nc5ccc6c(c5)OCO6)C,C08695868,inactive
664,Cc1cc([nH+]c2c1c(c(cc2N[C@@H](C)CCC[NH3+])OC)Oc3cccc(c3)C(F)(F)F)OC,C09294040,inactive
665,CCN(C1CCOCC1)c1cc(cc(C(=O)NCc2c(C)cc(C)nc2=O)c1C)-c1ccc(CN2CCOCC2)cc1F,172115,active
666,CCN(c1cc(-c2ccc(CN3CCC3)cc2)cc(C(=O)NCc2c(C)cc(C)[nH]c2=O)c1C)C1CCOCC1,CHEMBL3697472,active
667,c1cc(ccc1[C@H]2[NH+]=c3ccc(cc3=[NH+]2)/N=C/c4cc(c(c(c4O)Br)[O-])Br)F,C63428579,inactive
668,Cc1ccc(cc1)Oc2c(c(nn2C)c3ccccc3)C[NH+](C[C@@H](COc4ccccc4C)O)C(C)C,C36316026,inactive
669,Cc1ccc(c(c1)NC(=O)CSc2nnc(s2)NC(=O)[C@H]3CC(=O)N(C3)c4cccc(c4)OC)C,C08907502,inactive
670,C/C(=N\NC(=[NH2+])S[C@@H]1CC(=O)N(C1=O)c2ccc(cc2)F)/c3ccc(cc3)C4CCCCC4,C59489471,inactive
671,CC(C)OC[C@@H](Cn1c2c(=O)[nH]c(=O)n(c2[nH+]c1N/N=C/c3ccc(cc3)Br)C)O,C08661019,inactive
672,CC(C1CN(C)C1)c1cc(Cl)c2CCN(Cc3c(C)cc(C)[nH]c3=O)C(=O)c2c1Cl,435681,active
673,C[C@H](c1nnc(n1c2ccc(cc2)F)S[C@@H](C)C(=O)Nc3cccc(c3)Br)[NH+](C)C,C12635254,inactive
674,c1cc(ccc1C2=NN([C@@](C2)(C(F)(F)F)O)C(=O)CC#N)Cl,C05008185,inactive
675,c1cc(ccc1C(=O)NCCC[NH+]2CCCC2)NC(=O)c3nnc(s3)COc4ccc(cc4)Cl,C33027933,inactive
676,c1ccc2=[NH+]C(=O)[C@@H]([NH+]=c2c1)CSc3nnc(s3)NC(=O)Nc4ccc(cc4)Br,C63752115,inactive
677,c1cc(cc(c1)Br)NC(=O)CSc2[nH+]c(c(cn2)S(=O)(=O)c3cccs3)N,C16842157,inactive
678,CCOc1ccc(cc1C[NH+]2C[C@H]3C[C@@H](C2)c4cccc(=O)n4C3)/C=N/NC(=O)c5ccc(cc5)O,C20615936,inactive
679,CN1CCCc2c1ccc(c2)[C@@H](CNC(=O)Nc3cc(c(c(c3)OC)OC)OC)[NH+]4CCCCC4,C38517602,inactive
680,c1ccc(cc1)C(=O)N2[C@@H]3CCCC[C@H]3C[C@@H]2C(=O)NCCC(=O)NCc4ccc[nH+]c4,C72091978,inactive
681,C[C@H](c1nc2ccccc2c(n1)Nc3ccc(cc3)OC)[NH+]4CCN(CC4)S(=O)(=O)c5ccc(cc5)F,C22052443,inactive
682,CC(C)(C)NS(=O)(=O)c1ccc2c(c1)[C@H]3C=CC[C@H]3[C@H](N2)c4ccccc4OCc5ccccc5,C20710546,inactive
683,CCN(c1ccc(Cl)c(C(=O)N(C)Cc2c(C)cc(C)[nH]c2=O)c1C)C1CCOCC1,CHEMBL3770109,active
684,CC(C)(C)c1csc(n1)[C@H]2CCCCN2C(=O)[C@@H]3CCC(=O)N3,C84284702,inactive
685,CCOC(=O)c1cnc([nH+]c1N)SCC(=O)OCC(=O)Nc2ccc(cc2F)Br,C10021588,inactive
686,c1ccc(cc1)C[C@@H](C(=O)N2CC[NH+](CC2)C/C=C/c3ccccc3)NC(=O)COc4ccc(cc4)Cl,C34970066,inactive
687,Cc1cccc(c1)COc2ccc(cc2OC)/C=C\3/C(=[NH2+])N4C(=[NH+]SC4=NC3=O)S(=O)(=O)C,C20205981,inactive
688,c1cc(ccc1[C@H]2[C@H](c3ccc(cc3S2)O)C(=O)c4ccc(cc4)OCC[NH+]5CCCCC5)O,C15919387,inactive
689,Cc1ccc(cc1)n2c(c(c(n2)C)NC(=O)CSc3nnc(n3N)C)C,C05993002,inactive
690,c1ccc(cc1)CN2CC=C3[C@H](C2)[C@H](C(C(=C3C#N)[NH3+])(C#N)C#N)c4cccc(c4)Br,C17118645,inactive
691,CC(C)C[C@@H](C(=O)NC(C)C)NC(=O)[C@@H]1CC2=c3ccccc3=[NH+][C@H]2[C@H]4N1C(=O)c5c4cccc5,C63383607,inactive
692,Cc1ccc2cccc(c2[nH+]1)Oc3c(c(ncn3)NNC(=O)COc4ccc(cc4Cl)Cl)[N+](=O)[O-],C40618675,inactive
693,CCCCOC(=O)C1[C@@H](C2C(=NC1=C)C[C@@H](CC2=O)c3ccc(c(c3)OC)OC)c4cc(c(c(c4)Br)O)OC,C06161971,inactive
694,C[C@@H]1C[C@@H](C[NH+](C1)CCCNC(=O)[C@@]2(Cn3c4cc(ccc4cc3C(=O)N2CCc5ccccc5)OC)C)C,C20918498,inactive
695,c1cc(cc(c1)Br)C(=O)N/C(=C\c2ccc[nH+]c2)/C(=O)Nc3cccc(c3)C(F)(F)F,C08387636,inactive
696,CC[C@@H]1CCCC[NH+]1CCCNC(=O)C2CCC(CC2)CNS(=O)(=O)c3c(cc(cc3C)C)C,C08813387,inactive
697,CCOc1ccc(cc1)NC[C@@H](Cn2c(c(c3c2cccc3)C4=CCN(CC4)S(=O)(=O)c5ccc(cc5)C)C)O,C33356494,inactive
698,COc1ccc(cc1)NC(=O)C[C@@H]2C(=O)N(/C(=N/N=C/c3ccc(o3)c4ccccc4Cl)/S2)CC=C,C39856808,inactive
699,CCOC(=O)C[NH+]1[C@H](c2cc(ccc2N[C@H]1c3ccccc3O)Br)c4ccccc4,C12311685,inactive
700,c1ccc(c(c1)C[NH2+][C@H]2CC(=O)N(C2=O)c3ccc(cc3)C(=O)OCC(=O)c4ccccc4Cl)Cl,C22835344,inactive
701,c1cc[nH+]c(c1)N[C@H](c2cccc(c2)F)c3c4c(sc3NC(=O)c5ccco5)CCCC4,C38550628,inactive
702,Cc1cc(ccc1NC(=O)[C@H]2CCC(=O)N([C@@H]2c3ccc(c(c3)OC)OC)c4ccc(cc4)OC)Br,C04756599,inactive
703,CCNC(=O)[C@@H]1C[C@@H](CN1Cc2ccccc2Cl)NC3CC[NH+](CC3)CCc4ccccc4,C19939079,inactive
704,c1cc(sc1S(=O)(=O)N2CCC[C@H](C2)C(=O)Nc3nc(cs3)CC(=O)N)Br,C25177887,inactive
705,CCOC(=O)N1CCN(CC1)S(=O)(=O)c2ccc(cc2)C(=O)N(CC[NH+](C)C)c3nc4c(cccc4s3)C,C38144549,inactive
706,CCOC(=O)c1ccc(cc1)NC(=O)C[C@@H]2C(=O)N(/C(=N/c3ccc(cc3)F)/S2)CCc4ccc(c(c4)OC)OC,C97960267,inactive
707,COc1ccc(c(c1OC)OC)[C@H]2[C@@H]3CN(CC=C3[C@@H](C(=[NH2+])C2(C#N)C#N)C#N)C(=O)OCc4ccccc4,C09246390,inactive
708,CCOc1cc(ccc1OC(=O)c2cccs2)[C@H]3c4c(n[nH]c4OC(=C3C#N)[NH3+])c5ccc(cc5)OC,C08569255,inactive
709,CC[C@@H]1[C@@](/C=C(/C(=O)[C@@H](C[C@@]([C@@H]([C@H]([C@@H]([C@H](C(=O)O1)C)O[C@H]2C[C@@]([C@H]([C@@H](O2)C)O)(C)OC)C)O[C@H]3[C@@H]([C@H](C[C@H](O3)C)[NH+](C)C)O)(C)OC)C)\C)(C)O,C94303266,inactive
710,COc1cccc(c1)c2c3c([nH]n2)OC(=C([C@@H]3c4ccc(cc4)OCc5ccc(cc5)F)C#N)[NH3+],C09281043,inactive
711,COc1ccccc1N(C[C@H](C[NH+]2CCC(CC2)(c3ccc(cc3)Cl)O)O)S(=O)(=O)c4ccccc4,C71281372,inactive
712,Cc1ccc(cc1)[C@H]2[NH2+][C@H](CC(=N2)c3ccc4c(c3)OCO4)c5cc(ccc5O)Br,C13831067,inactive
713,CCN(C1CCOCC1)c1cc(cc(C(=O)NCc2c(C)cc(C)[nH]c2=O)c1C)-c1cnc(OC(C)C)cn1,601726,active
714,C[C@H]1C[C@@H](CN(C1)C(=O)Nc2ccc(cc2)S(=O)(=O)C(F)F)C,C76034965,inactive
715,CCN(C1CCOCC1)c1cc(\C=C\c2ccc(\C=C\C(=O)OC)cc2)cc(C(=O)NCc2c(C)c3CCCCc3[nH]c2=O)c1C,50544757,active
716,CCN(C(=O)C1CC1)c1cc(-c2ccc(N3CCOCC3)cc2)cc(C(=O)NCc2c(C)cc(C)[nH]c2=O)c1C,CHEMBL4877191,active
717,[H]/N=C\1/C(=C\c2cc(ccc2OCCOc3ccccc3CC=C)[N+](=O)[O-])/C(=O)N=C4N1N=C(S4)C(F)(F)F,C01875178,inactive
718,Cc1c\2c(oc1C(=O)NCCCn3cc[nH+]c3)CCC/C2=N\NC(=O)COc4ccc(cc4Cl)Cl,C40816276,inactive
719,CCOc1ccc(cc1OC)c2c3c([nH]n2)OC(=C([C@H]3c4ccc(c(c4OC)OC)OC)C#N)[NH3+],C09411354,inactive
720,Cc1cc2c(c(=O)n1Cc3ccc[nH+]c3)[C@@H](C(=C(O2)N)C#N)c4ccc(c(c4OC)OC)OC,C00730216,inactive
721,CCCN1c2ccccc2[C@@]3(C1=O)C(=C(C(=O)N3CCC[NH+](C)C)O)C(=O)c4ccc(cc4)S(=O)(=O)N5CCCC5,C98046921,inactive
722,Cc1cc(ccc1NC(=O)CN(c2ccc(c(c2)OC)OC)S(=O)(=O)c3ccccc3)I,C01127218,inactive
723,CCN1CCN(Cc2c(OC)cc(C)[nH]c2=O)C(=O)c2c1ccc(-c1c(C)noc1C)c2Cl,CHEMBL5094306,active
724,CC(C)n1ncc2c(cc(nc12)C1=CCN(CC1)C(=O)C1CCN(C)C1)C(=O)NCc1c(C)cc(C)[nH]c1=O,325937,active
725,c1ccc(c(c1)N2CCN(CC2)c3cc([nH+]cn3)SCC(=O)Nc4ccc(cc4Cl)F)F,C33174766,inactive
726,Cc1cc(no1)NC(=O)[C@@H](c2ccccc2)[NH+]3CCC(CC3)C(=O)Nc4ccccc4O,C27373857,inactive
727,COc1ccc(cc1OC)c2cc([nH+]c3c2c(c(s3)C(=O)Nc4ccccc4C(F)(F)F)N)c5cccs5,C98045041,inactive
728,c1ccc2c(c1)[C@@H]([C@H](N2Cc3ccc(cc3Cl)F)C(=O)O)C[NH2+]CCC4=c5ccccc5=[NH+]C4,C65321889,inactive
729,CCc1ccc(cc1)NC(=O)CSC2=NC3=C([C@H](C2C#N)c4ccc(c(c4)OC)OC)C(=O)CC(C3)(C)C,C12250337,inactive
730,Cn1c2c(c(=O)n(c1=O)C)n(c([nH+]2)C[NH+](C)Cc3ccccc3)Cc4c(cccc4Cl)Cl,C10104334,inactive
731,Cc1cc(c2c(c1)c(cc([nH+]2)S[C@H](C)C(=O)Nc3ccc(cc3)S(=O)(=O)NCC(C)C)C)C,C32529282,inactive
732,COc1ccc(cc1)N(CC(=O)N/N=C/c2ccc(cc2Cl)Cl)S(=O)(=O)c3ccc(c(c3)OC)OC,C97960495,inactive
733,CC(C)(C)Nc1c(nc2n1N[C@@H](S2)N3CCN(CC3)C(=O)[C@@H]4C=c5ccccc5=[NH+]4)c6ccccc6,C64450874,inactive
734,CCCCCOc1ccc(cc1OC)Cn2c3ccccc3[nH+]c2S[C@H]4[C@@H]([C@@H]([C@@H]([C@@H](O4)CO)O)O)O,C39915945,inactive
735,COc1ccc(cc1OC)c2cc(c3c(nc[nH+]c3n2)N)c4cc(c(c(c4)Br)OC)OC,C09694493,inactive
736,Cc1c2c(c(c[nH+]1)CO)Cc3c(nc(nc3SCC(=O)Nc4ccc(cc4)OC)c5ccc(cc5)Cl)O2,C97987125,inactive
737,COc1cc(cc(c1O)OC)[C@H]2c3c(ncn3c4cccc(c4)F)N=C(CS2)O,C95480853,inactive
738,COC(C1CCN(C)CC1)c1cc(Br)c2CCN(Cc3c(C)cc(C)[nH]c3=O)C(=O)c2c1Cl,435640,active
739,COC1CC(C1)N1CCC(CC1)[C@@H](C)n1c(C)c(C(=O)NCc2c(SC)cc(C)[nH]c2=O)c2cccnc12,575021,active
740,COc1cc2cc[nH+]c(c2cc1OC)Cc3cc(c(cc3NC(=O)CS[C@H]4CCS(=O)(=O)C4)OC)OC,C71418214,inactive
741,CC(=O)N[C@H]1CC[C@H](N(C)c2cc(-c3cnn(CCN4CCOCC4)c3)cc(C(=O)NCc3c(C)cc(C)[nH]c3=O)c2C)CC1,CHEMBL3697429,active
742,CCOc1ccc(cc1)n2c(=O)c3c(nc2SCC(=O)NCc4ccco4)n(c(=S)s3)c5ccccc5,C03018723,inactive
743,c1ccc(cc1)/C=C/C(=O)Oc2ccc(cc2/C=N/NC(=O)C(=O)Nc3ccccc3C(=O)Nc4ccccc4)Br,C98228443,inactive
744,CN(C)[C@H]1CC[C@@H](CC1)[C@]1(C)Oc2c(O1)c(-c1ccsc1)c1CCN(Cc3c(C)cc(C)[nH]c3=O)C(=O)c1c2C,588049,active
745,Cc1cc(c2c(c1)occ2CC(=O)N/N=C/3\CCCc4c3c(c(o4)C(=O)NCCCn5cc[nH+]c5)C)C,C40826849,inactive
746,c1ccc(c(c1)/C=C\S(=O)(=O)Nc2[nH]c3ccc(cc3n2)Br)Cl,C96035255,inactive
747,c1cc(ccc1C(=O)NCCC2=c3cc(ccc3=[NH+]C2)Cl)NC(=O)C4=CSCCO4,C63666677,inactive
748,C[C@@]1(CS/C(=N/OC(=O)Nc2ccc(c(c2)Cl)Cl)/S1)/C=N/OC(=O)Nc3ccc(c(c3)Cl)Cl,C01887144,inactive
749,Cc1cc[nH+]c(c1)N[C@H](c2ccc3cccnc3c2O)c4cc(ccc4OC)I,C15016936,inactive
750,Cc1ccn2c(c1)[nH+]c(c2NC(C)(C)CC(C)(C)C)c3ccc(c(c3)OC)OC(=O)C45CC6CC(C4)CC(C6)C5,C35703250,inactive
751,CCN(c1cc(-c2cnn(C)c2)cc(C(=O)NCc2c(C)cc(C)[nH]c2=O)c1C)[C@H]1CC[C@H](N(C)C)CC1,CHEMBL3701005,active
752,CC[NH+](CC)c1ccc(cc1)NC(=O)CSc2nc([nH]n2)N/N=C/c3ccc(cc3)N(CC)CC,C59005629,inactive
753,CC(=O)Oc1ccc(cc1OC)/C=N\NC(=O)CSc2[nH+]c3ccccc3n2Cc4ccc(cc4)Cl,C33571714,inactive
754,C[C@H](c1ccccc1)/[NH+]=C(/c2c(c3n(n2)[C@@H](C[C@@H](N3)c4ccc(cc4)OC)C(F)(F)F)Cl)\O,C08444590,inactive
755,COc1ccc(cc1OC)CC/[NH+]=C(/Nc2ccc(cc2)F)\S[C@@H]3CC(=O)N(C3=O)c4ccc(cc4)Cl,C08425066,inactive
756,COc1cc(cc(c1OC)OC)[C@@H]2c3c(nc([nH+]c3OC(=C2C#N)N)SCc4ccccc4Cl)N,C12418730,inactive
757,Cn1c2c(c(=O)n(c1=O)C)n(c([nH+]2)NCCc3ccc(cc3)S(=O)(=O)N)Cc4ccccc4Cl,C08774906,inactive
758,COc1ccc(cc1)NC(=O)[C@H](c2ccc(c(c2)OC)OC)N(Cc3ccc[nH+]c3)C(=O)CN4c5ccccc5C(=O)C4=O,C08695817,inactive
759,c1ccc(c(c1)C(=O)Nc2ccc(cc2)Br)NC(=O)C(=O)N/N=C/c3ccc(cc3)OC(=O)c4ccc(cc4)Cl,C04282667,inactive
760,c1ccc(c(c1)[C@H]2[C@@H]([C@@](NC(=C2C#N)SCC(=O)Nc3cccc(c3)Cl)(C(F)(F)F)O)C(=O)c4cccs4)Cl,C98045727,inactive
761,c1ccc(cc1)C[NH+]2CCN(CC2)[C@@H](c3ccc(cc3Cl)Cl)c4c(n5c(s4)nc(n5)c6ccco6)O,C22795447,inactive
762,C[C@@H]1Cc2cc(ccc2O1)C(=O)C3=C(C(=O)N([C@@H]3c4ccc(cc4)C(=O)OC)c5nnc(s5)SCc6cccc7c6cccc7)O,C97970088,inactive
763,c1cc(cc(c1)Br)Cc2nnc(s2)NC(=O)Nc3ccc(cc3)F,C01236938,inactive
764,c1ccc2c(c1)c3c([nH]2)c(ncn3)SCC(=O)Nc4ccc(cc4)C(F)(F)F,C33172451,inactive
765,c1ccc(cc1)/C=c\2/c(=O)n3c(=C([C@H](C(=C3N)S(=O)(=O)c4ccccc4)c5ccccc5)S(=O)(=O)c6ccccc6)s2,C08448711,inactive
766,c1ccc2c(c1)c(cc(n2)[C@@H]3CN(CCO3)S(=O)(=O)c4ccc(cc4)Cl)C(=O)N,C19762879,inactive
767,c1ccc(cc1)NC(=O)C[C@@H]2C(=O)N/C(=N\N=C\c3cccc(c3)OCc4ccccc4Cl)/S2,C16115252,inactive
768,CN1[C@@H]2[C@H](C(=O)N(C1=O)C)N(C(=N2)N3CCC(CC3)C(=O)N)CCSC4[NH+]=c5ccccc5=[NH+]4,C63458346,inactive
769,Cc1ccccc1N2CCN(CC2=O)C(=O)[C@@H](c3ccc(cc3)Cl)O,C77339300,inactive
770,Cc1cc(nc2c1cc(cc2)N/C(=[NH+]/CCN3CCc4ccccc4C3)/[S-])N5CC[NH+](CC5)C,C15961505,inactive
771,CCOC(=O)c1c2c(sc1NC(=O)[C@H]3CCCN3S(=O)(=O)c4ccc(cc4)F)C[NH+](CC2)C(C)C,C36660331,inactive
772,c1ccc2c(c1)c(c[nH]2)CCNC(=O)Cc3ccc(cc3)NC4=N[C@H]5CS(=O)(=O)C[C@H]5S4,C09860564,inactive
773,CNS(=O)(=O)c1cc(cc(c1)NCc2cccc3c2OCO3)C(=O)Nc4ccc5c(c4)CCC5,C14539479,inactive
774,c1ccc(cc1)c2c3c(n(n2)c4ccc(cc4)F)N(C(=O)CS[C@@H]3c5ccccc5F)CC(=O)NCc6cc[nH+]cc6,C98011196,inactive
775,Cc1cccc(c1C)n2c(nnc2SCC(=O)N3[C@@H](CC(=N3)c4cccs4)c5ccc(cc5)OC)CNC(=O)COc6ccccc6,C97962017,inactive
776,CCOc1ccc(cc1)C(=O)[C@@H]2[C@@H](N(C(=O)C2=O)CCc3c[nH]c4c3cccc4)c5ccc(cc5)C(=O)OC,C01411049,inactive
777,CC[NH+](C[C@H](C[NH+](CCc1ccccc1)S(=O)(=O)[O-])O)C[C@H](COc2ccc(cc2)C(C)(C)C)O,C13739550,inactive
778,C[C@@H](c1nnc(n1c2ccc(cc2)Cl)S[C@H](C)C(=O)Nc3ccc4c(c3)CCC4)[NH+](C)C,C16920051,inactive
779,Cc1c(c(=O)n([nH]1)c2ccccc2)[C@@H](c3cc(ccc3OCC#C)Cl)c4c(nn(c4O)c5ccccc5)C,C59116598,inactive
780,COc1ccccc1CNC(=O)[C@@H]2C[C@H](C[NH+]2Cc3cccc(c3)F)Sc4[nH]c5ccccc5n4,C11911166,inactive
781,CC[C@@H](c1nnc(n1Cc2ccccc2)S[C@@H](C)C(=O)Nc3ccccc3c4ccccc4)[NH+](C)C,C09375646,inactive
782,C[NH+]1CCO[C@@H](C1)CNS(=O)(=O)c2c(cc(cc2Br)Br)N,C97996835,inactive
783,Cc1c2c(n(n1)c3ccccc3)[NH+]=C4C(=Nc5ccccc5N4[C@@H]2c6ccccc6F)Nc7cccc(c7)OC,C02317870,inactive
784,CCN(c1cc(Cl)cc(C(=O)NCc2c(C)cc(C)[nH]c2=O)c1C)[C@H]1CC[C@H](N2CCC2)CC1,CHEMBL3963830,active
785,COc1cc(C)[nH]c(=O)c1CN1CCN(C)c2c(Cl)cc(-c3ccc(CN4CCOCC4)cc3)c(Cl)c2C1=O,CHEMBL5079867,active
786,CCOc1cc(c(cc1OCC#N)Br)[C@H]2[C@@H]3C[C@@H](CC=C3[C@H](C(=[NH2+])C2(C#N)C#N)C#N)C(C)(C)C,C05920862,inactive
787,c1cc(cc(c1)C(F)(F)F)C(=O)NNC(=O)C2=NO[C@H](C2)CNc3c(cc(c[nH+]3)C(F)(F)F)Cl,C08781485,inactive
788,CN(C1CCNCC1)c1cc(cc(C(=O)NCc2c(C)cc(C)[nH]c2=O)c1C)-c1ccc(CN2CCOCC2)cc1,172007,active
789,C[C@@H]1[C@H]([C@@H](C[C@@H](O1)O[C@H]2CC[C@@]3([C@H]4CC[C@@]5([C@H](CC[C@@]5([C@@H]4CC[C@@]3(C2)O)O)C6=CC(=O)OC6)C)/C=N/CC[NH+]7CCCCC7)O)O,C70698077,inactive
790,C[C@H](/C(=N/C1=c2cc(ccc2=[NH+][C@@H]1C(=O)OC)Br)/[O-])[NH+]3CCC(CC3)C(=O)N,C38600708,inactive
791,Cc1ccc(cc1)c2c3c([nH]n2)C(=O)N([C@H]3c4ccc(c(c4)OC)OCCC(C)C)CCC[NH+]5CCOCC5,C40341714,inactive
792,Cc1cc(C)c(CNC(=O)c2cc(nc3n(ncc23)C2COC2)C2CC(C)(C)NC(C)(C)C2)c(=O)[nH]1,325953,active
793,C[C@H]1CCc2c(sc(c2C(=O)N)NC(=O)CSc3nnc(n3C)Cc4ccccc4)C1,C14091351,inactive
794,c1ccc(cc1)C[C@H]2[C@@H]3[C@@H](C(=O)N(C3=O)C4CCCC4)[C@@]5(N2)c6ccccc6NC5=O,C20611411,inactive
795,c1ccc(cc1)C[NH+]2CCc3c(c(nc(n3)N4CC[NH+](CC4)Cc5ccc6c(c5)OCO6)OCC(=O)[O-])C2,C73709398,inactive
796,COc1cc(ccc1O)/C=N/NC(=O)C2CCN(CC2)S(=O)(=O)c3ccc(cc3)Br,C59922079,inactive
797,COc1cccc(c1OC)[C@H]2[C@H]3[C@H](N[C@H]([C@H](C3=O)[C@@H]([NH2+]2)c4cccc(c4OC)OC)c5cccc(c5OC)OC)c6cccc(c6OC)OC,C95100682,inactive
798,c1ccc(cc1)Oc2ccc(cc2)Nc3nnc(s3)SCC(=O)Nc4c(ccs4)C(=O)N,C09632667,inactive
799,CCc1c(c(nc(n1)c2ccc(c(c2)O)OC)NCC)I,C97625962,inactive
800,CCN(C1CCOCC1)c1cc(cc(C(=O)NCc2c3CCCCc3c(C)[nH]c2=O)c1C)-c1ccc(nc1)N1CCN(C)CC1,50590377,active
801,c1ccc(cc1)C(=O)Oc2ccc(cc2/C=N/NC(=O)c3ccccc3NS(=O)(=O)c4ccc(cc4)Cl)Br,C04232344,inactive
802,Cc1ccccc1n2c(n[nH]c2=S)c3cnn4c3N[C@H](C[C@H]4C(F)F)c5ccccc5,C02791086,inactive
803,c1ccc(cc1)/N=N/c2ccc(cc2)N[C@@H](C(Cl)(Cl)Cl)NC(=O)CN3C(=O)c4ccccc4S3(=O)=O,C98228605,inactive
804,c1cc2c(cc1Br)c3cc(ccc3n2C[C@@H](C[NH+]4CCN(CC4)CCO)O)Br,C22798223,inactive
805,Cc1cc(c(c(c1)C)NC(=O)CSc2nnc(s2)NC(=O)[C@H]3CC(=O)N(C3)c4ccc(cc4)F)C,C08908631,inactive
806,C[NH+]1CCN(CC1)C(=S)Sc2nc(nc(n2)Nc3ccc(cc3)OC)Nc4ccc(cc4)OC,C58979098,inactive
807,c1ccc(cc1)CNS(=O)(=O)c2ccc(cc2)NC(=S)NC(=O)c3ccc(cc3)c4ccccc4,C13989834,inactive
808,Cc1cc(C(=O)NC2CC(C)(C)NC(C)(C)C2)ccc1Oc1ccccc1C#N,CHEMBL3264776,active
809,COc1ccc(cc1OC)NC(=O)CN(c2ccc(cc2)I)S(=O)(=O)c3ccccc3,C01142028,inactive
810,c1ccc(cc1)CCN2C(=O)N(C(=O)C23CC[NH+](CC3)Cc4cccc(c4)F)Cc5cccc[nH+]5,C14533063,inactive
811,CC(C)c1ccc(cc1)N\2[C@@H]3CS(=O)(=O)C[C@@H]3S/C2=[NH+]\C=C(\C#N)/C(=O)Nc4ccc(cc4)Cl,C36596956,inactive
812,CSc1cc(C)[nH]c(=O)c1CNC(=O)c1c(C)n([C@H](C)C2CCN(CC2)C2CC2)c2ncncc12,574902,active
813,CC(C)CNC(=O)c1ccccc1N2C(=O)[C@@H]3CC4=c5ccccc5=[NH+][C@@H]4[C@@H](N3C2=O)c6ccc(cc6)OC,C63375742,inactive
814,COc1ccc2nc(Nc3nc(O)cc(CSc4nnnn4-c4ccccc4)n3)nc(C)c2c1,CHEMBL1602143,inactive
815,Cc1ccc(cc1)S(=O)(=O)Nc2ccc(cc2)NC(=O)[C@@H]3[C@H](C3=C)C(=O)Nc4ccc(cc4)NS(=O)(=O)c5ccc(cc5)C,C08431397,inactive
816,COc1ccccc1NC(=O)CSc2[nH+]ccn2c3ccc(cc3)C(=O)NCc4cccs4,C96324441,inactive
817,Cc1cccc(n1)CNc2cc3c(c(n(c3[nH+]c2)CC(C)C)C(=O)OC)NC(=O)Cc4ccccc4,C14540883,inactive
818,COc1ccccc1CNC(=O)[C@@H]2C[C@@H](C[NH+]2Cc3cccc(c3)F)Sc4[nH]c5ccccc5n4,C11911934,inactive
819,COc1ccc(cc1OC)[C@H]2C[C@@H](n3c(c(c(n3)/C(=[NH+]/Cc4cccs4)/O)Cl)N2)C(F)(F)F,C00867115,inactive
820,c1ccc2=[NH+]CC(=c2c1)CC[NH2+]C[C@H](Cn3c4ccc(cc4c5c3ccc(c5)Cl)Cl)O,C63934838,inactive
821,Cc1c(sc2c1c(nc(n2)CSc3ccc(cc3)Cl)NCCN[C@@H]4CCS(=O)(=O)C4)C,C32809990,inactive
822,c1cc2cccc3c2c(c1)C(=O)N(C3=O)c4ccc5c(c4)sc(n5)SCC(=O)c6ccc(c(c6)O)O,C59417612,inactive
823,Cc1cccc(c1Nc2c3ccccc3nc(n2)[C@H](C)[NH+]4CCN(CC4)S(=O)(=O)c5ccc(cc5)F)C,C22052519,inactive
824,c1cc(c(cc1NC(=O)C[NH+]2CCN(CC2)C(=O)NCCC(=O)N3CCCC3)C(F)(F)F)Cl,C09515669,inactive
825,[H]/N=C\1/C(=C\c2cc(c(c(c2)Br)OCCOc3ccccc3Cl)OC)/C(=O)N=C4N1N=C(S4)C,C97959073,inactive
826,Cc1cc(ccc1C(=O)C2=C(C(=O)N([C@@H]2c3ccc(cc3)O)CCC[NH+](C)C)O)OCc4ccccc4,C09312001,inactive
827,CCOc1ccc(c(c1)[C@@H]2C(=C(NC(=O)N2)CSc3[nH]c4cc(ccc4[nH+]3)C)C(=O)OCC)OCC,C01425290,inactive
828,c1ccc(cc1)CC(=O)Nc2nnc(s2)S[C@@H]3C[C@H]4C[NH+]([C@@H]3[C@@H]4Br)Cc5ccccc5,C04288648,inactive
829,CC[C@@H](C(=O)N1CCC(CC1)C)Sc2nc3c(c([nH]n3)C)c(=[NH2+])n2c4ccc(cc4)OC,C20759762,inactive
830,c1cc(ccc1C(=O)N)NC(=O)[C@@H]2CCCN(C2)S(=O)(=O)Cc3ccc(cc3Cl)Cl,C13678640,inactive
831,Cc1cc(c(c(c1)C)c2csc(n2)NC(=O)c3ccc(cc3)NC(=O)CSc4[nH+]ccn4C)C,C24959807,inactive
832,COc1cc(cc(c1OC)OC)C(=O)c2cc(ccc2N/C=C(/C#N)\c3nc(cs3)c4ccc(c(c4)Cl)Cl)Cl,C97966537,inactive
833,CCCCOc1ccc(cc1)[C@H]2C(=C(C(=O)N2Cc3cc[nH+]cc3)O)C(=O)c4cccc(c4)OCCCC,C33459435,inactive
834,COCCNC(=O)[C@@H](c1ccc(cc1)F)N(c2cccc(c2)F)C(=O)CCC(=O)Nc3cccc[nH+]3,C13501540,inactive
835,CCOC(=O)c1c([nH+]c(nc1N)c2c(c3c(nc(nc3s2)c4ccccc4)Nc5nc(cc(n5)C)C)C)C,C03625354,inactive
836,CN(C)S(=O)(=O)c1ccc(cc1)C(=O)Nc2nc3c(s2)c(cc([nH+]3)c4cccs4)C(F)(F)F,C13015665,inactive
837,c1ccc2c(c1)C=C[NH+]3[C@H]2[C@@]4(c5ccccc5NC4=O)[C@@H]([C@@H]3C(=O)c6ccco6)C(=O)c7ccc(cc7)Cl,C09087734,inactive
838,c1ccc(cc1)N(c2ccccc2)c3[nH+]c(nc(n3)N)C[NH+]4CCN(CC4)c5ccccc5F,C19891008,inactive
839,CC(C)(C)[C@H]1CC=C2[C@H](C1)[C@H](C(C(=C2C#N)[NH3+])(C#N)C#N)c3ccc(cc3)OC(F)(F)F,C08442016,inactive
840,Cc1c(cc(s1)c2cc([nH]n2)C(F)(F)F)S(=O)(=O)Nc3cccc(c3)F,C33173803,inactive
841,CC[C@@H]1[C@@]([C@@H]([C@@H](C(=O)[C@@H](C[C@@]([C@@H]([C@@H]([C@@H]([C@@H](C(=O)O1)C)O[C@@H]2C[C@@]([C@@H]([C@@H](O2)C)O)(C)OC)C)O[C@@H]3[C@@H]([C@@H](C[C@@H](O3)C)[NH+](C)C)OC(=O)CC)(C)O)C)C)O)(C)O,C08101097,inactive
842,c1ccc2c(c1)CN(C2=[NH2+])c3ccc(c(c3)S(=O)(=O)[N-]c4cccc(c4)Cl)Cl,C12592109,inactive
843,CCOc1cc(c(c(c1OCC)Br)Br)[C@@H]2C(=C(OC(=C2C(=O)OCC)C)N)C#N,C00679294,inactive
844,CC[C@@H]1[C@@]([C@@H]([C@H](/C(=N/OC)/[C@@H](C[C@@]([C@@H]([C@H]([C@@H]([C@H](C(=O)O1)C)O[C@H]2C[C@@]([C@H]([C@@H](O2)C)O)(C)OC)C)O[C@H]3[C@@H]([C@H](C[C@H](O3)C)[NH+](C)C)O)(C)OC)C)C)O)(C)O,C94303209,inactive
845,COc1ccc(cc1OC)n2c(=O)c3ccccc3nc2SCC(=O)Nc4ccc(cc4)C(=O)N,C02633558,inactive
846,Cc1ccc(cc1)S(=O)(=O)NCCc2nnc3n2nc(cc3)SCC(=O)Nc4ccc(cc4)Br,C33355723,inactive
847,CC(C)C[C@@H](C(=O)NCC(C)C)NC(=O)[C@@H]1CC2=c3ccccc3=[NH+][C@H]2[C@H]4N1C(=O)c5c4cccc5,C63383574,inactive
848,CCN(C1CCC(CC1)N1CCCCC1)c1c(C)c(cc2n(C)ncc12)C(=O)NCc1c(C)cc(C)[nH]c1=O,516861,active
849,COc1ccc(cc1N(C[C@H](CN(Cc2ccccc2)Cc3ccccc3)O)S(=O)(=O)c4ccccc4)[N+](=O)[O-],C33354087,inactive
850,CN(C)c1ccc(cc1)/N=C/2\C=C(C(=O)C=C2NC(=O)c3cccc(c3)[S@@](=O)OF)NC(=O)c4ccco4,C06287055,inactive
851,COc1cc(c(c(c1)OC)C2=CC[NH+](CC2)CC(=O)Nc3ccc(cc3)C(=O)N)OC,C12768122,inactive
852,c1ccc2c(c1)C(=O)N([C@@H](N2)c3ccco3)NC(=O)c4ccc(cc4)Cl,C39919832,inactive
853,Cc1ccc(cc1F)C(=O)C2=C(C(=O)N([C@@H]2c3cc(c(c(c3)Br)O)OC)CCCn4cc[nH+]c4)O,C98218442,inactive
854,C[NH+]1CCc2c(sc3c2C(=O)N[C@H](N3)c4ccc(cc4)OC(=O)c5cc(c(c(c5)OC)OC)OC)C1,C19816747,inactive
855,COc1ccc(cc1)SCCCC(=O)Nc2c(c3c(s2)C[NH+](CC3)Cc4ccccc4)C(=O)OC,C09473022,inactive
856,Cc1cc(C)c(CNC(=O)c2cc(-c3cnn(CCN4CCOCC4)c3)cc(N(C)[C@H]3CC[C@@H](N)CC3)c2C)c(=O)[nH]1,CHEMBL3697439,active
857,CSc1cc(C)[nH]c(=O)c1CNC(=O)c1c(C)n([C@H](C)c2ccc(cc2)N(C)C)c2ccccc12,574898,active
858,CC[C@@H]1[C@@]([C@@H]([C@H](C(=O)[C@](C[C@@]([C@H]([C@H]([C@@H]([C@H](C(=O)O1)C)O[C@@H]2C[C@]([C@@H]([C@@H](O2)C)O)(C)OC)C)O[C@@H]3[C@@H]([C@@H](C[C@@H](O3)C)[NH+](C)C)O)(C)O)(C)F)C)O)(C)O,C76821045,inactive
859,[H]/N=C\1/C(=C/c2cn(c3c2cccc3)CCCOc4ccc(cc4)CC)/C(=O)N=C5N1N=C(S5)SCc6ccccc6,C97964343,inactive
860,COc1ccc(cc1)n2c(nnc2SCC(=O)Nc3cccc(c3)C(F)(F)F)COc4ccc(cc4)Cl,C97958397,inactive
861,CCN(CC)S(=O)(=O)c1ccc(cc1)Nc2c(c(nc[nH+]2)N(Cc3ccccc3)c4ccccn4)N,C40759545,inactive
862,c1ccc(cc1)C(=O)N2[C@H]3CCCC[C@@H]3C[C@@H]2C(=O)N4CCC[C@@H](C4)C(=O)N,C78498156,inactive
863,COc1ccc2cc(ccc2c1)C(=O)C3=C(C(=O)N([C@@H]3c4ccc(cc4)Cl)CCCn5cc[nH+]c5)O,C39847819,inactive
864,c1ccc2c(c1)nc(n2C(=O)CCN3C(=O)/C(=C/c4cccs4)/SC3=S)SCC(=O)Nc5cccc(c5)Br,C97957638,inactive
865,Cc1ccc(cc1)c2nc(s[n+]2c3ccccc3)N[C@@H](C(Cl)(Cl)Cl)NC(=O)OCc4ccccc4,C59222258,inactive
866,CC(=O)N[C@@H](CC1=c2ccccc2=[NH+]C1)C(=O)OC[C@@H]3CC(=O)N4C=C(C=C[C@@H]4N3)Br,C63731499,inactive
867,CC1(C)CC(NC(=O)c2ccc(Oc3cccc(-c4ccnnc4)c3C#N)c(Cl)c2)CC(C)(C)N1,CHEMBL3264787,active
868,COc1ccc(cc1)N2C(=O)[C@](C(=O)NC2=O)(Cc3cccc4c3cccc4)C[NH+]5C[C@H]6C[C@@H](C5)c7cccc(=O)n7C6,C70669793,inactive
869,c1cc(cc(c1)NS(=O)(=O)c2ccc(c(c2)Cl)Cl)C(=O)NCCCn3cc[nH+]c3,C28201876,inactive
870,CC(C)(C)c1ccc(cc1)c2nnc(n2c3ccc(cc3)OC)SCC(=O)N/N=C/c4cccc(c4OC)OC,C01870962,inactive
871,CCN(c1cc(-c2ccc(CN3CCN(CCCCCCOc4cccc5c4C(=O)N(C4CCC(=O)NC4=O)C5=O)CC3)cc2)cc(C(=O)NCc2c(C)cc(C)[nH]c2=O)c1C)C1CCOCC1,CHEMBL5090885,active
872,CC(=O)[C@H]1CC[C@@H]2[C@@]1(CC[C@@H]3[C@@H]2CCC4=C/C(=N\OCC(=O)NCCc5c[nH]c[nH+]5)/CC[C@]34C)C,C08917858,inactive
873,CCn1c(nnc1SCC(=O)Nc2c(c3c(s2)C[C@@H](CC3)C(C)(C)C)C#N)CC(=O)Nc4ccccc4,C02859376,inactive
874,COc1cc(c(cc1OC)Br)c2[nH+]cc(c(n2)N)I,C97626911,inactive
875,CC[C@@H](C)CNc1cc2c([nH+]c1)N([C@@H]([C@@H]2NC(=O)COC)C(=O)OC)CCC3=c4ccccc4=[NH+]C3,C63985768,inactive
876,CS(=O)(=O)Nc1ccc(c(c1)NC(=O)[C@@H](CC(=O)[O-])[NH3+])Cl,C85813701,inactive
877,C[C@H](C(=O)Nc1ccccc1C(=O)N)Sc2ccc(cc2)NS(=O)(=O)c3cccs3,C22569300,inactive
878,CCc1ccccc1NC(=O)CSc2c([nH+]c([nH]2)c3ccc(cc3)C)S(=O)(=O)c4ccccc4,C12112518,inactive
879,CCN(C1CCOCC1)c1cc(cc(C(=O)NCc2c(C)cc(C)[nH]c2=O)c1C)C#CCN1CCCCC1,601738,active
880,Cc1ccc(c(c1)Br)NC(=O)CSc2[nH]c3cc(ccc3n2)OC,C04274567,inactive
881,CC(C)[C@@H](C(=O)NNC(=O)Cc1c[nH]c2c1cccc2)NS(=O)(=O)c3ccc4ccccc4c3,C22698614,inactive
882,CCc1ccc(cc1)OCC(=O)Nc2c(c3c(s2)C[C@@H](CC3)C)C(=O)N[C@H]4CCS(=O)(=O)C4,C39836393,inactive
883,COc1ccc(cc1OC)CC[n+]2cnc3c(c2N)c(c(n3Cc4ccccc4)c5ccccc5)c6ccccc6,C02255004,inactive
884,Cc1cc(C)c(CN2CCc3c(Cl)cc(C(F)C4CCN(CC4)C(=O)CO)c(Cl)c3C2=O)c(=O)[nH]1,435497,active
885,CCOc1cccc(c1)C(=O)NC(=S)Nc2ccc3c(c2)nc(o3)c4cc(cc(c4)C)C,C08831138,inactive
886,c1ccc2c(c1)nc3n2c4c(s3)c(=[NH2+])n(cn4)NC(=O)Nc5cccc(c5)C(F)(F)F,C08426324,inactive
887,COc1cc(C)[nH]c(=O)c1CNC(=O)c1cc2c(ccn2c(C(C)N2CCN(CC(F)(F)F)CC2)c1C)-c1ccc(F)cc1,490283,active
888,COc1ccc(cc1)C(=O)/N=C(\NCCC2=c3ccccc3=[NH+]C2)/Nc4ccc(c(c4)Cl)OC,C63589300,inactive
889,CN(C1CCOCC1)c1cc(cc(C(=O)NCc2c(C)cc(C)nc2=O)c1C)-c1cnn(C)c1,514150,active
890,Cc1ccc(cc1)NC(=O)[C@@H](c2cccc[nH+]2)N(Cc3ccccc3)C(=O)c4ccc(cc4)NC(=O)C,C00722294,inactive
891,COc1ccc(cc1OC)[C@H]2[C@H]([C@@]([NH+]=C(N2)O)(C(F)(F)F)O)C(=O)c3ccc(cc3)F,C09380299,inactive
892,Cc1ccc(cc1)C(=O)[C@H]2[C@@H](NC(=[NH+][C@@]2(C(F)(F)F)O)O)c3cn(nc3c4ccccc4)c5ccccc5,C08915334,inactive
893,CC(=O)N[C@@H](CC1=c2ccccc2=[NH+]C1)C(=O)NNC(=O)CSc3nc4ccccc4s3,C63806710,inactive
894,COc1cc(C)[nH]c(=O)c1CNC(=O)c1c(C)n([C@H](C)C2CCN(C)CC2)c2ccccc12,50563818,active
895,COc1cccc(c1OCc2ccc(cc2Cl)Cl)/C=C/3\C(=O)N(C(=S)S3)NC(=O)c4ccccc4,C97962102,inactive
896,CN1CCCc2c1ccc(c2)[C@@H](CNC(=O)Nc3ccccc3C(F)(F)F)[NH+]4CCCC4,C38670707,inactive
897,c1ccc(c(c1)c2nnc(n2N)SCC(=O)Nc3ccc4c(c3)OCCO4)Br,C09092132,inactive
898,c1cc(sc1)[C@H]2CC3=C([C@H](C4=C(N=N[C@H]4N3)O)c5ccc(s5)Br)C(=O)C2,C39359202,inactive
899,CN(C)Cc1ccc(cn1)-c1cc(N(C)C2CCNCC2)c(C)c(c1)C(=O)NCc1c(C)cc(C)nc1=O,514180,active
900,c1ccc2c(c1)c(ccn2)C[NH+]3C[C@@H](C[C@H]3C(=O)NCCc4cccc(c4)F)Sc5[nH]c6ccccc6n5,C11785084,inactive
901,c1cc2cccc3c2c(c1)C(=O)N(C3=O)CC[NH+]4CCN(CC4)C[C@H](COc5c(cc(cc5F)Br)F)O,C97985355,inactive
902,C[C@@H]([C@H]1CC[C@@]2([C@@]1(CC[C@@H]3C2=CC(=O)[C@@H]4[C@@]3(CC[C@@H](C4)OC(=O)C)C)C)O)[C@@H](CCC(C)(C)O)OC(=O)C,C34704085,inactive
903,CC(=O)Nc1ccc(cc1OC)S(=O)(=O)NC[C@H](c2cccs2)C3=c4ccccc4=[NH+]C3,C63850103,inactive
904,CCOC(=O)c1ccc(cc1)N2[C@@H](C(=C(C2=O)O)C(=O)c3ccc(cc3)[N+](=O)[O-])c4ccc(cc4)Br,C53335452,inactive
905,CCOc1ccc(cc1)[C@H](CCC(=O)N/N=C\c2cc(c(c(c2)Br)OC)Br)O,C58892894,inactive
906,CCOC(=O)C1=C(n2c(=O)/c(=C/c3ccc(cc3)Cl)/sc2=C([C@@H]1c4ccc(cc4)Cl)C(=O)OC)N,C01823141,inactive
907,CC[C@@H](c1scc(C(=O)NCc2c(C)cc(C)[nH]c2=O)c1C)C1CCN(Cc2ccc(Cl)cn2)CC1,CHEMBL4127201,active
908,Cc1ccc(c(c1)n2cc[nH+]c2SCC(=O)Nc3cccc(c3)S(=O)(=O)/N=C\4/CCCN4)C,C36386986,inactive
909,Cc1cccc(c1)n2cc[nH+]c2S[C@@H](C)C(=O)Nc3ccc(cc3)C(=O)Nc4ccccc4OC,C23224082,inactive
910,Cc1cc(C)c(CNC(=O)c2cc3CC4(CCCC4)Oc3c(Br)c2)c(=O)[nH]1,359810,active
911,C[C@H]1CCc2c(sc3c2C(=[NH+][C@H](N3)c4ccc(c(c4)OC)OC(=O)c5ccc(cc5Cl)Cl)O)C1,C15947727,inactive
912,CCn1c(nnc1SCC(=O)Nc2ccc(cc2)Br)CC(=O)Nc3ccccc3OC,C02867082,inactive
913,CC(=O)[C@]1(CC[C@@H]2[C@@]1(CC[C@@H]3[C@H]2CCC4=C/C(=N\OCC(=O)NCc5cccc[nH+]5)/CC[C@@]34C)C)O,C15957647,inactive
914,C[C@H]1CCc2c(sc3c2c(=O)n(c(n3)SCc4[nH+]c(c5ccccc5n4)N)C[C@@H]6CCCO6)C1,C18327942,inactive
915,CCN(c1cc(-c2ccc(CN3CC(F)C3)cc2)cc(C(=O)NCc2c(C)cc(C)[nH]c2=O)c1C)C1CCOCC1,CHEMBL3697474,active
916,CC(=O)Nc1ccc(cc1)S(=O)(=O)N(CC(=O)NN=C2CCC(CC2)C(C)(C)C)c3ccc(cc3)OC,C20231846,inactive
917,C/C(=N/Nc1[nH]nc(n1)SCC(=O)Nc2cccc(c2)Br)/C=C/c3ccccc3,C59022932,inactive
918,CC1(CC2=C([C@H](C(=C(N2c3cccc(c3)C(F)(F)F)[NH3+])C#N)c4ccc(cc4)OCC=C)C(=O)C1)C,C02387636,inactive
919,CCN(c1cc(-c2ccc(CN3CCN(CCCCCCCCCCOc4cccc5c4C(=O)N(C4CCC(=O)NC4=O)C5=O)CC3)cc2)cc(C(=O)NCc2c(C)cc(C)[nH]c2=O)c1C)C1CCOCC1,CHEMBL5076514,active
920,CSc1cc(C)[nH]c(=O)c1CNC(=O)c1c(C)n([C@H](C)[C@H]2OCC(CO2)N(C)C)c2ccccc12,574844,active
921,COC(C1CCOCC1)c1cc(Cl)c2CCN(Cc3c(C)cc(C)[nH]c3=O)C(=O)c2c1Cl,50246941,active
922,CCOc1cccc(c1O)[C@@H]2CC(=N[C@H]([NH2+]2)c3ccc(cc3)Cl)c4ccc(cc4)Br,C09541404,inactive
923,CC(C)n1ncc2c(C(=O)NCc3c(C)cc(C)[nH]c3=O)c(Cl)c(nc12)-c1ccc2OCCOc2c1,382150,active
924,CCCOc1ccc(cc1OCC)[C@H]2C(=C(C(=O)N2CCC[NH+](C)C)O)C(=O)c3c(n4cccc(c4n3)C)C,C35484083,inactive
925,CCOC(=O)[C@@H]1[C@H](SC2=C1CCCCC2)NC(=O)CSC3=NC(=O)CC(=[NH+]3)N,C63289546,inactive
926,c1cc(cc(c1)Cl)C(=O)N2CCN(CC2)C(=O)c3cc(n[nH]3)c4cccs4,C97466530,inactive
927,CC(C)c1cc(n[nH]1)NC(=O)[C@H]2CCCN2C(=O)c3cc(cc(c3)Cl)Cl,C97544914,inactive
928,CSc1cc(C)[nH]c(=O)c1CNC(=O)c1c(C)n([C@H](C)C2CCN(CC(F)(F)F)CC2)c2cccc(Cl)c12,574972,active
929,CCCS(=O)(=O)c1c2ccc(cn2c(c1S(=O)(=O)CCC)C(=O)c3ccc(cc3)F)C(=O)N,C00783597,inactive
930,COC(=O)CC[C@H](C(=O)OC)NC(=O)N1CCc2c([nH]c[nH+]2)[C@@H]1c3ccc(cc3F)Cl,C36580056,inactive
931,C[C@H](c1ccccc1Cl)NC(=O)[C@@H](CCC(=O)N)NS(=O)(=O)c2ccc3ccccc3c2,C09387033,inactive
932,COc1ccc(cc1COc2ccccc2C3CCCCC3)[C@@H]4[C@H]5C(=c6ccccc6=[NH+]5)C[C@@H]([NH2+]4)C(=O)[O-],C63361962,inactive
933,c1ccc2c(c1)CCN(C2)C(=O)c3ccc(cc3)N4CCC(CC4)[NH2+]C[C@H]5c6ccccc6CCO5,C12456805,inactive
934,CCOCCCn1c(n[nH]c1=S)c2cc3n(n2)[C@H](C[C@@H](N3)c4ccc(cc4)C(C)C)C(F)(F)F,C02791696,inactive
935,CC(C)Oc1ccc(cc1OC)[C@@H]2[C@@H]3CN(CC=C3C(=C(C2(C#N)C#N)[NH3+])C#N)C(=O)OCc4ccccc4,C26607741,inactive
936,CCOc1cccc(c1)N2C(=O)C[C@@H](C2=O)SC(=[NH2+])N/N=C(\C)/c3ccc(c(c3)Br)OC,C59489259,inactive
937,COc1cc(cc(c1OC)OC)[C@@H]2[C@H]3CN(CC=C3C(=C(C2(C#N)C#N)[NH3+])C#N)C(=O)OCc4ccccc4,C26712968,inactive
938,c1ccc(cc1)CCNC(=O)CSc2nc3ccc(cc3s2)NC(=O)c4ccccc4C(=O)N5CCCC5,C97951488,inactive
939,CCN(c1cc(-c2cccc3cccnc23)cc(C(=O)NCc2c(C)cc(C)[nH]c2=O)c1C)[C@H]1CC[C@H](N(C)C)CC1,CHEMBL3701013,active
940,C[C@H]1CC[C@H]([C@@H](C1)OC(=O)C2=C(N=C3[NH+]=CNN3[C@@H]2c4cc(ccc4OC)Br)C)C(C)C,C09942100,inactive
941,CC1CCN(CC1)S(=O)(=O)c2ccc(cc2)NC(=O)CCNS(=O)(=O)c3ccc(cc3)Cl,C20628701,inactive
942,Cc1cc(cc(c1)NC(=O)[C@@H]2[C@H]3C=C[C@@]4([C@@H]2C(=O)N([C@@H]4C(=O)NC5CCCCC5)CC[NH+]6CCCCC6)O3)C,C15962879,inactive
943,c1ccc2c(c1)c(c3c(n2)/C(=C\c4cccs4)/CCC3)C(=O)OCC(=O)Nc5ccc(cc5)C(=O)N,C08685224,inactive
944,c1ccc(cc1)COc2ccc(cc2)/C=N/NC(=O)CSc3[nH+]c4ccccc4n3Cc5ccccc5Cl,C51075727,inactive
945,CCOc1ccc(cc1)c2nnc(o2)SCC(=O)Nc3ccc(cc3)N4CCN(CC4)S(=O)(=O)C,C33597800,inactive
946,CCN([C@H]1CC[C@@H](CC1)N(C)C)c1cc(cc(C(=O)NCc2c(C)cc(C)[nH]c2=O)c1C)-c1ccc(cc1)C(=O)NCCCO,172174,active
947,C=CCSc1nnc(s1)N2C3=C([C@H](C(=C2[NH3+])C#N)c4c(cccc4Cl)Cl)C(=O)CCC3,C39425973,inactive
948,CCN(c1cc(/C=C/c2ccc(S(=O)(=O)N3CCOCC3)cc2)cc(C(=O)NCc2c(C)c3c([nH]c2=O)CCCC3)c1C)C1CCOCC1,CHEMBL4635261,active
949,CC(C)c1ccc(cc1)NC(=O)CSc2nc3ccc(cc3s2)NC(=O)CSc4[nH+]ccn4C,C59488371,inactive
950,Cc1c2c(n(n1)c3ccccc3)[NH+]=C4C(=Nc5ccccc5N4[C@@H]2c6ccco6)Nc7cccc(c7)C(F)(F)F,C02220367,inactive
951,CC[C@H]1c2cc(ccc2N(N1S)Nc3c(cc(cn3)C(F)(F)F)Cl)CO,C64220219,inactive
952,CN(C)CCn1c(c(cn1)Br)[C@@H](c2cn[nH]c2N)NN,C97556620,inactive
953,Cc1cc(SC2CCC2)c(CNC(=O)c2c(C)n([C@H](C)C3CCN(CC(F)(F)F)CC3)c3ccccc23)c(=O)[nH]1,CHEMBL4634390,active
954,C[C@@H](C(=O)Nc1ccc2c(c1)sc(n2)SCC(=O)Nc3ccccc3)Sc4nnnn4c5ccccc5,C33353652,inactive
955,Cc1cc(n([nH+]1)[C@@H](C)C(=O)Nc2ccc(cc2Cl)NC(=O)[C@@H](C(C)C)[NH+]3C[C@H](O[C@H](C3)C)C)C,C72071669,inactive
956,CC[NH+]1[C@@H](N=N[C@@H]1S[C@@H]2C(=c3cc(ccc3=[NH+]C2=O)Cl)c4ccccc4)c5cc(cc(c5)OC)OC,C39237549,inactive
957,CCOc1cc(ccc1OCCC(C)C)[C@H]2C(=C(C(=O)N2CCCn3cc[nH+]c3)[O-])C(=O)c4ccc5c(c4)C[C@@H](O5)C,C97967709,inactive
958,CC(C)N1CCN(CC1)c1ccc(cn1)-c1cc(C(=O)NCc2c(cc(C)[nH]c2=O)C(C)C)c2cnn(C(C)C)c2c1,50536563,active
959,Cc1cc(ccc1Br)NC(=O)c2c(n(nn2)CC(=O)Nc3ccccc3C(F)(F)F)C,C67323393,inactive
960,CCN(C(=O)C1CC1)c1cc(cc(C(=O)NCc2c(C)cc(C)[nH]c2=O)c1C)-c1cnc(cc1C)N1CCN(CC2CC2)CC1,50575224,active
961,Cc1ccc(cc1NC(=O)CSc2[nH+]ccn2c3cc(cc(c3)C)C)C(=O)NCC(F)(F)F,C68705026,inactive
962,Cc1cc(C)c(CNC(=O)c2cc3c(c(-c4ccc(N5CCNCC5)cc4)c2)OC(C)(C)C3)c(=O)[nH]1,CHEMBL5189557,active
963,C=CCn1c(nnc1SCC(=O)N/N=C/c2cccc(c2)Oc3ccccc3)CNc4ccc(cc4)I,C98045845,inactive
964,c1ccc(c(c1)Cc2nc(no2)c3ccc[nH+]c3)NC(=O)c4ccccc4I,C96356779,inactive
965,CCOc1cc(ccc1O)[C@@H]2[C@@H](C(=O)C(=O)N2c3nnc(s3)SCc4ccccc4)C(=O)c5cc6ccccc6o5,C08441228,inactive
966,C/C(=N\NC(=O)CSc1[nH+]c2ccccc2n1Cc3ccccc3Cl)/c4ccc(c(c4)OC)O,C54382121,inactive
967,CC[NH+](CC)CCCN1[C@H](/C(=C(/c2c(c([nH]c2C)C(=O)OC)C)\O)/C(=O)C1=O)c3ccccc3F,C08837298,inactive
968,COC(=O)[C@@H]1Cc2c3ccccc3[nH]c2[C@@H]4N1[C@@H](C[C@@H](C4)[NH2+]CCc5c[nH]c[nH+]5)c6ccc(c(c6)F)F,C67879293,inactive
969,c1ccc2c(c1)c3ccccc3n2C[C@@H](C[NH+]4CCN(CC4)C[C@H](Cn5c6ccccc6c7c5ccc(c7)Br)O)O,C22873395,inactive
970,CC(C)NC(=O)O[C@@H]1CC[C@@]2([C@H]([C@]1(C)CO)CC[C@H]([C@H]2CC(=O)N3CCC[C@H]3CO)O)C,C04236634,inactive
971,C[NH+](C)CCNC(=O)c1ccc(cc1)Nc2c(cnn(c2=O)c3ccc(cc3)Cl)Oc4ccc(cc4)OC,C98015551,inactive
972,C=C1C([C@@H]([C@@H](C(=N1)SCC(=O)Nc2ccc(cc2)Cl)C#N)c3cc[nH+]cc3)C(=O)Nc4ccccc4,C08857442,inactive
973,CCN([C@@H]1CC[C@@H](CC1)N(C)C)c1cc(Cl)cc(C(=O)NCc2c(C)cc(C)[nH]c2=O)c1CC,190201,active
974,CC[C@H](C(=O)Nc1ccc(cc1)F)Sc2c3c(nc(n2)c4cccc(c4)OC)Oc5c([nH+]cc(c5C3)CO)C,C97986988,inactive
975,C[NH+](C)[C@H](CNC(=O)c1cccc(c1)S(=O)(=O)Nc2ccc(cc2)Br)c3ccco3,C12605303,inactive
976,CCN(C1CCC(C)(C)CC1)c1cc(Cl)cc(C(=O)NCc2c(C)cc(C)[nH]c2=O)c1C,190212,active
977,C/C(=N/[NH+]=C(/N)\S[C@@H]1CC(=O)N(C1=O)CCc2ccc(c(c2)OC)OC)/CCc3ccc4c(c3)OCO4,C83316361,inactive
978,Cc1ccc(cc1N/C(=N\C(=O)c2ccc3c(c2)OCO3)/NCCC4=c5ccccc5=[NH+]C4)Cl,C63588992,inactive
979,Cc1ccc(cc1)NC(=O)C(=O)NC[C@@H](c2ccc3c(c2)OCO3)[NH+]4CCN(CC4)c5ccccc5F,C38621030,inactive
980,CCNCc1ccc(-c2cc(C(=O)NCc3c(C)cc(C)[nH]c3=O)c(C)c(N(CC)C3CCOCC3)c2)cc1,CHEMBL3697480,active
981,COc1ccc(cc1OC)[C@@H]2C[C@H](n3c(c(c(n3)C(=O)Nc4ccc5c(c4)OCO5)Cl)N2)C(F)(F)F,C00867130,inactive
982,COc1ccc(cc1)c2cc(no2)C[C@@H]3CC[C@@H]([C@H](O3)C[NH+](Cc4ccccc4OC)Cc5ccccc5OC)O,C77262373,inactive
983,CCCCN(CC)S(=O)(=O)c1ccc(cc1)C(=O)Nc2c(c3c(s2)C([NH2+]C(C3)(C)C)(C)C)C(=O)OC,C09391496,inactive
984,CCCc1cc(C)[nH]c(=O)c1CNC(=O)c1cc(-c2ccc(C(F)(F)F)cc2)cc2c1cnn2C(C)C,CHEMBL4566302,active
985,Cc1cc(ncc1Br)N[C@@H](c2cccc[nH+]2)c3cc(c4cccnc4c3O)Cl,C54200454,inactive
986,CCCCN1C(=O)[C@@H]2[C@@H]([NH2+][C@@]3([C@@H]2C1=O)c4ccccc4N(C3=O)Cc5ccccc5Cl)CCSC,C12420029,inactive
987,COCCCN1C(=O)[C@@H]([NH2+]C12CCN(CC2)S(=O)(=O)c3cccc(c3Cl)Cl)Cc4ccccc4,C36027326,inactive
988,c1cc(ccc1/C=N/NC(=O)c2c(n(nn2)c3c(non3)N)CN4CCCCC4)OCc5ccc(cc5Cl)Cl,C97966645,inactive
989,CCCc1cc(C)[nH]c(=O)c1CNC(=O)c1cc(-c2ccc(N3CCN(C(C)C)CC3)nc2)cc2c1cnn2CC1CCCC1,CHEMBL4568471,active
990,CC(C)COc1ccc(cc1)/C(=C/2\[C@H](N(C(=O)C2=O)CCC[NH+](C)C)c3ccc(c(c3)OC)O)/O,C09360235,inactive
991,c1ccc(cc1)C[NH+]2CCc3c(sc(n3)NC(=O)Cn4c5ccccc5nc4C(F)(F)F)C2,C11762699,inactive
992,COc1ccc(cc1)c2cc(c(c([nH+]2)SC[C@H](CS(=O)(=O)Cc3ccc(cc3)Cl)O)C#N)c4ccccc4,C08589858,inactive
993,c1ccc(cc1)C(=O)N/C(=C\[P+](c2ccccc2)(c3ccccc3)c4ccccc4)/C(=O)Nc5ccc(cc5Cl)[N+](=O)[O-],C98229541,inactive
994,c1ccc(c(c1)N2CCN(CC2)c3cc(c4cc(ccc4[nH+]3)NS(=O)(=O)c5cccs5)C(=O)[O-])F,C32985211,inactive
995,Cc1c2c(cc(=O)n1CC[C@H]3C=[NH+]c4c3cccc4)n(n(c2=O)c5ccccc5)Cc6ccc(cc6)Br,C01411414,inactive
996,CCCCCOc1ccccc1Cn2c3ccccc3[nH+]c2S[C@@H]4[C@H]([C@@H]([C@@H]([C@@H](O4)CO)O)O)O,C39915890,inactive
997,CN(CC(=O)Nc1ccccc1Cl)C(=O)CSc2[nH+]c(cn2N)c3ccccc3,C08966155,inactive
998,c1ccc(cc1)C[NH+]2CCc3c(sc(c3c4nc5ccccc5s4)NC(=O)c6ccc(cc6)C#N)C2,C33366611,inactive
999,CCN([C@H]1CC[C@@H](CC1)N(C)C)c1scc(C(=O)NCc2c(C)[nH]c(C)c(N)c2=O)c1C,227712,active
1000,Cc1ccc(c(c1)C)NC(=O)C2=C3N(C(=O)[C@H](S3)CC(=O)OC)C(=C([C@H]2c4c(cccc4F)F)C#N)N,C03764246,inactive
1001,CCCc1cc(C)[nH]c(=O)c1CNC(=O)c1cc(-c2ccc(CN3CCOCC3)cc2)cc(N(CC)C2CCOCC2)c1C,CHEMBL3701035,active
1002,C=C1C([C@H](C(C(=N1)SCC(=O)Nc2ccc(cc2)F)C#N)c3cc[nH+]cc3)C(=O)Nc4ccccc4,C08411415,inactive
1003,CCc1ccccc1Nc2nc(nc(n2)N)CSc3nnc(n3c4ccccc4)C[NH+]5CCCC5,C09874151,inactive
1004,CSc1cc(C)[nH]c(=O)c1CNC(=O)c1c(C)n([C@H](C)c2cnc(C)nc2)c2ccccc12,574884,active
1005,CSCC[C@@H](C(=O)N1CC[NH+](CC1)C/C=C\c2ccccc2)NC(=O)c3ccccc3Br,C96536664,inactive
1006,CCCCc1[nH]c(c[nH+]1)C[NH+]2CCC(CC2)[C@@]3(C(=O)N(C(=O)N3)C4CCCC4)Cc5ccc(cc5)F,C19841681,inactive
1007,COC1CN(C1)[C@H]1CC[C@@H](CC1)[C@@H](C)n1c(C)c(C(=O)NCc2c(SC)cc(C)[nH]c2=O)c2ccccc12,50541907,active
1008,C[C@H](c1[nH+]c2ccccc2c(n1)NCc3ccccc3OC)N4CCN(CC4)S(=O)(=O)c5ccc(cc5)C(C)(C)C,C98230959,inactive
1009,COc1ccc(cc1CSc2c(c(cc([nH+]2)C(F)(F)F)c3ccccc3)C#N)/C=N/NC(=O)[C@H]4C[C@@H]4c5ccccc5,C08456184,inactive
1010,CCOC(=O)N1CC=C2[C@H](C1)[C@H](C(C(=C2C#N)[NH3+])(C#N)C#N)c3ccc(c(c3)OC)OCc4ccccc4,C08411333,inactive
1011,c1ccc(c(c1)NC(=O)C[C@H]2C(=O)N(C(=S)N2NC(=O)c3cccc(c3)F)c4ccc(cc4)Cl)F,C33552559,inactive
1012,COc1ccc(cc1)C(c2ccccc2)(c3ccc(cc3)OC)OC[C@@H]4[C@H]([C@H]([C@@H](O4)n5ccc(=O)[nH]c5=O)F)O,C04016692,inactive
1013,C[NH+](C)CCCN1C(=O)C(=C([C@@]12c3ccccc3N(C2=O)Cc4ccccc4F)C(=O)c5ccc(cc5)S(=O)(=O)N6CCCCC6)O,C98047223,inactive
1014,CCc1c(c(n[nH]1)NC(=O)Cc2csc(n2)c3nc[nH]n3)Br,C78976097,inactive
1015,C[C@@H](c1ccccc1)NC(=O)[C@H](CC2=c3ccccc3=[NH+]C2)NC(=O)[C@@H]4C(S(=O)(=O)[C@H]5N4C(=O)C5)(C)C,C63384379,inactive
1016,CC(=O)Nc1ccc(cc1)NC(=O)[C@@H](C2CCCC2)[NH+]3CCN(CC3)C(=O)COc4ccc(cc4)Cl,C36311992,inactive
1017,Cc1noc(C)c1-c1cc(Cl)c2c(c1Cl)C(=O)N(Cc1c(C(F)(F)F)cc(C)n(C)c1=O)CC2,CHEMBL5093457,active
1018,C[C@H]1CCc2c(cc(s2)C(=O)NNS(=O)(=O)c3ccc4c(c3)CCCC4)C1,C06316158,inactive
1019,C[C@@H](C(=O)Nc1ccc2c(c1)OCO2)NC(=O)[C@H]3CCCN(C3)S(=O)(=O)c4ccc(cc4)F,C09341062,inactive
1020,COCCC(=O)N[C@@H]1c2cc(c[nH+]c2N([C@@H]1C(=O)OC)CCc3c[nH]c4c3cccc4)NCc5ccccn5,C39344831,inactive
1021,c1ccc(cc1)C[C@@H]2[C@@H]3[C@@H](C(=O)N(C3=O)C4CCCCCC4)[C@]5(N2)c6ccccc6NC5=O,C20611461,inactive
1022,c1cc(c(c(c1)Cl)Cl)/C=C\2/C(=O)N(C(=O)S2)CC(=O)Nc3ccc(cc3)S(=O)(=O)N,C15050022,inactive
1023,CC[C@@]1(C(=O)N(C(=O)N1)NC(=O)c2ccc(cc2)S(=O)(=O)Nc3ccc(cc3)F)c4ccccc4,C18206629,inactive
1024,Cc1cc(ccc1C(=O)[C@@H]2[C@H](N(C(=O)C2=O)CCC[NH+](C)C)c3ccc(c(c3)OC)O)OCc4ccccc4,C09312970,inactive
1025,CCN(c1cc(-c2ccc(N3CCN(C)CC3)cc2)cc(C(=O)NCc2c3c(c(C)[nH]c2=O)CCCC3)c1C)C1CCOCC1,CHEMBL5203667,active
1026,CC[C@H](C)n1cc(C)c2c(C(=O)NCc3c(C)cc(C)[nH]c3=O)cc(-c3ccc(N4CCN(CCCCCCCCCCCCOc5cccc6c5C(=O)N(C5CCC(=O)NC5=O)C6=O)CC4)nc3)cc21,CHEMBL5086887,active
1027,Cc1ccc(cc1)[C@@H]2[C@H]3C(=c4ccccc4=[NH+]3)CCN2S(=O)(=O)C5=CNN([C@@H]5C)C(F)F,C63625005,inactive
1028,CSc1cc(C)[nH]c(=O)c1CNC(=O)c1c(C)n([C@H](C)[C@H]2CCN(C)[C@@H](C2)C(F)(F)F)c2ccccc12,574930,active
1029,c1cc(sc1)S(=O)(=O)c2c[nH+]c(nc2N)SCC(=O)Nc3ccc(cc3Cl)F,C16842474,inactive
1030,CCOC(=O)N1CCC(CC1)[NH2+]C2CCN(CC2)c3ccc(cc3)NC(=O)Cc4ccc(cc4)OC,C12152037,inactive
1031,COc1ccccc1Oc1ccc(C(=O)NC2CC(C)(C)NC(C)(C)C2)cc1,CHEMBL3264766,inactive
1032,CCOc1ccc(cc1)NS(=O)(=O)c2ccc(cc2)C(=O)NC[C@H](c3ccccc3OC)[NH+](C)C,C18011488,inactive
1033,CS(=O)(=O)Nc1ccc(cc1)c2csc(n2)NC(=O)c3ccc(cc3)I,C12630477,inactive
1034,C[C@H]1C(=N[C@H](O1)c2ccccc2NS(=O)(=O)N(C)C)CNC(=O)CC3=c4ccccc4=[NH+]C3,C64006730,inactive
1035,COc1ccc(cc1)C(=O)Oc2ccc(cc2OC)/C=N/NC(=O)CNC(=O)c3ccccc3I,C02542675,inactive
1036,COc1ccc(cc1)C2=N[C@@H]([NH2+][C@@H](C2)c3cc(ccc3O)Cl)c4ccc(cc4)C(F)(F)F,C20764570,inactive
1037,Cn1c(nnc1SCC(=O)Nc2ccc(c(c2)Br)Cl)CCNC(=O)c3ccc(cc3)OC,C59211790,inactive
1038,Cc1ccc(cc1)c2csc([n+]2c3ccccc3)Nc4c([nH]c[nH+]4)C(=O)Nc5ccccc5Cl,C53631500,inactive
1039,c1cc2c(cc1C(=C3[C@H](N(C(=O)C3=O)CC[NH+]4CCOCC4)c5ccc(cc5Cl)Cl)O)OCCO2,C16741952,inactive
1040,CN([C@H]1CC[C@H](N)CC1)c1cc(cc(C(=O)NCc2c(C)cc(C)[nH]c2=O)c1C)-c1ccc(CN2CCOCC2)nc1,172044,active
1041,c1ccc(cc1)C(=O)OC[C@H]2[C@H]([C@@H]([C@@H](O2)n3c(=O)nc(cn3)N)OC(=O)c4ccccc4)OC(=O)c5ccccc5,C70664749,inactive
1042,CC[C@@H](C1CCC(CC1)N1CC(C1)OC(F)F)n1c(C)c(C(=O)NCc2c(SC)cc(C)[nH]c2=O)c2cccnc12,574990,active
1043,Cc1ccccc1Nc2nc(nc(n2)N)CN3CC[NH+](CC3)[C@H](C)c4nc5ccccc5s4,C32759560,inactive
1044,CCN(C1CCC(CO)CC1)c1cc(Cl)cc(C(=O)NCc2c(C)cc(C)[nH]c2=O)c1C,190223,active
1045,c1cc(c(cc1Cl)Cl)C(=O)NNc2c(c(nc[nH+]2)Nc3c(cc(cn3)C(F)(F)F)Cl)N,C40793538,inactive
1046,c1cc2cccc3c2c(c1)[C@H]([C@@H]3N4CC[NH+](CC4)CCO)NS(=O)(=O)c5ccc(cc5)Cl,C19811178,inactive
1047,CC(C)(C)[NH2+]C[C@@H](COc1c(ccc2c1sc3c2c(=O)n4c(n3)CCCCC4)Br)O,C00846748,inactive
1048,Cc1ccc(cc1)N([C@H]2C[C@H](N(c3c2cc(cc3)C)C(=O)c4ccco4)C)C(=O)C[NH+]5CCC(CC5)C(=O)N,C10383882,inactive
1049,CC[C@@H](C)[C@@H](C(=O)NCCCn1cc[nH+]c1)NC(=O)c2ccccc2NC(=O)c3ccc(cc3)OC,C08816957,inactive
1050,CCN(C1CCOCC1)c1cc(cc(C(=O)NCc2c(C)cc(C)[nH]c2=O)c1C)-c1ccc(CN2CCOCC2)nc1,172058,active
1051,Cc1cc(c2c(c1)c(c(n2C[C@@H](C[NH2+]CCc3ccc(c(c3)OC)OC)O)c4ccccc4)c5ccccc5)C,C28296689,inactive
1052,CS(=O)(=O)Cc1nc2ccccc2n1CC(=O)Nc3ccc4c(c3)[nH+]c([nH]4)Cc5ccccc5F,C68773725,inactive
1053,CCOc1ccc(cc1)NC(=O)C[C@@H]2C(=O)N(C(=S)N2CCC[NH+]3CCC(CC3)C(=O)N)c4cccc(c4)Cl,C59596607,inactive
1054,Cc1ccc(c(c1)NC(=O)C(=O)NN/C(=C/C(=O)Nc2ccc(cc2)Br)/C)OC,C35225372,inactive
1055,c1ccc(cc1)C(=O)[C@H]2[C@@H]([NH+]=C(N[C@@]2(C(F)(F)F)O)O)c3ccc(o3)c4ccccc4[N+](=O)[O-],C01464593,inactive
1056,C[C@@H](C(=O)Nc1ccc(c(c1)Cl)NC(=O)c2cccc(c2)S(=O)(=O)C)Oc3ccc(cc3)F,C22974872,inactive
1057,Cc1cc(C)c(CNC(=O)c2cc(-c3ccc(CN4CCOCC4)cc3)cc(N(CC3CC3)C3CCOCC3)c2C)c(=O)[nH]1,CHEMBL3697451,active
1058,C[NH2+][C@@H]1CCc2cc(c(c(c2-c3c1cc(/c(=N/CCCN4CC[NH+](CC4)C)/cc3)[O-])OC)OC)OC,C19370277,inactive
1059,CCOc1ccc(cc1)N2C(=O)[C@](C(=NC2=O)[O-])(Cc3ccc(cc3)C)C[NH+]4C[C@@H]5C[C@H](C4)c6cccc(=O)n6C5,C70670137,inactive
1060,c1ccc2c(c1)nc(n2C(=O)CCN3C(=O)/C(=C/c4ccc(cc4)Cl)/SC3=S)SCC(=O)Nc5cccc(c5)Br,C97946377,inactive
1061,C[C@@H]1[C@@H]2[C@@H](C(=O)[C@@]3([C@@H]([C@@]2(CCC1=O)C)CC[C@@H]\4[C@@]3(C[C@@H](/C4=C(\CCC=C(C)C)/C(=O)O)OC(=O)C)C)C)O,C35457239,inactive
1062,c1cc(cc(c1)S(=O)(=O)NC[C@H](CO)O)S(=O)(=O)N,C90281500,inactive
1063,CC[C@H](C)n1cc(C)c2c(cc(cc12)-c1ccc(nc1)N1CCN(CCCCCCOc2cccc3C(=O)N(C4CCC(=O)NC4=O)C(=O)c23)CC1)C(=O)NCc1c(C)cc(C)[nH]c1=O,50582379,active
1064,C#Cc1ccccc1Oc1ccc(C(=O)NC2CC(C)(C)NC(C)(C)C2)cc1,CHEMBL3264769,inactive
1065,Cc1ccc(c(c1)c2csc3c2c(=O)[nH]c(n3)C[NH+](Cc4ccco4)C[C@@H](Cc5ccccc5)O)C,C36206507,inactive
1066,CCCc1cc(C)[nH]c(=O)c1CNC(=O)c1cc(cc2n(ncc12)C(C)C)-c1ccc(nc1)N1CCN(CC1)C(=O)CCOCCOCCOCCOCCOCCOCCOCCOCCOCCOCCOCCOCCNC(=O)CCCC[C@@H]1SC[C@@H]2NC(=O)N[C@H]12,50075074,active
1067,CC[NH+](CC)CCCN1[C@H](C(=C(C1=O)O)C(=O)c2ccc(cc2)OCc3ccc(cc3)C)c4cccc(c4)Oc5ccccc5,C98046407,inactive
1068,CC(C)N1C(=CCN1)NC(=O)CSc2nnc(n2c3ccc(cc3)Cl)C4=c5ccccc5=[NH+]C4,C63122543,inactive
1069,COc1ccc(cc1OC)/C=C/C(=O)NC(=S)NNC(=O)CCCOc2ccc(cc2Cl)Cl,C13977361,inactive
1070,Cc1cccc([nH+]1)NC(=O)CSc2c(c(ns2)SCC(=O)Nc3cccc(n3)C)C#N,C16362445,inactive
1071,CC1(CC2(CC([NH2+]1)(C)C)[C@](N(C(=O)O2)CCN3C(=O)OC4([C@@]3(C)O)CC([NH2+]C(C4)(C)C)(C)C)(C)O)C,C08444186,inactive
1072,Cn1c2c(c(=O)[nH]c1=O)n(c([nH+]2)NCc3ccc[nH+]c3)C[C@@H](COc4ccc(cc4)OC)O,C10385372,inactive
1073,C[NH+](C)c1ccc(cc1)[C@H]2NC[C@@H](O2)CSc3c(c(cc(n3)c4cccs4)C(F)(F)F)C#N,C55212187,inactive
1074,CCc1ccc(cc1)S(=O)(=O)N2CC[NH+](CC2)[C@H](C)c3nc4ccccc4c(n3)Nc5cccc(c5)OC,C22052872,inactive
1075,CC[C@H](C)[C@@H](C(=O)NC1CCCCC1)NC(=O)[C@@H]2CC3=c4ccccc4=[NH+][C@H]3[C@@H]5N2C(=O)c6c5cccc6,C63375686,inactive
1076,CN(c1cccc(c1)NC(=O)CN(c2ccc(c(c2)Cl)Cl)S(=O)(=O)c3ccccc3)S(=O)(=O)C,C02838318,inactive
1077,C[C@H]1[C@H](N([C@@H]([C@@H]1C2[NH+]=c3ccccc3=[NH+]2)NC(=O)c4ccco4)CCc5ccc(cc5)OC)C,C63272550,inactive
1078,COc1cc(Oc2ccccc2C#N)ccc1C(=O)NC1CC(C)(C)NC(C)(C)C1,CHEMBL3264773,inactive
1079,c1ccc2c(c1)cccc2CSc3nnc(s3)NC(=O)C[C@H]4C(=O)NC(=O)S4,C39885871,inactive
1080,CC[NH+](CC)CCN(c1nc2ccc(cc2s1)OC)C(=O)c3ccc(cc3)S(=O)(=O)N4C[C@@H](C[C@@H](C4)C)C,C60209686,inactive
1081,Cc1ccc(c(c1)S(=O)(=O)Nc2ccc(cc2)CN3C(=O)C(NC3=O)(C)C)F,C19134489,inactive
1082,CCOC(=O)c1cnc([nH+]c1N)SCC(=O)OCC(=O)Nc2c(c3c(s2)CCCCC3)C#N,C09224268,inactive
1083,Cc1c2c(n[nH]1)OC(=C([C@H]2c3cc(c(c(c3)Br)OCc4ccccc4)OC)C#N)[NH3+],C09554069,inactive
1084,CC1(CC(CC([NH2+]1)(C)C)Nc2c(c([nH+]cn2)NN(c3ccccc3)c4ccccc4)[N+](=O)[O-])C,C40629950,inactive
1085,CCOC(=O)[C@H](Cc1ccccc1)NC(=O)CSc2nc3c(n2Cc4ccccc4F)c(=O)n(c(=O)n3C)C,C98007018,inactive
1086,Cc1ccc(cc1)NC(=O)C[NH+](CC(=O)Nc2ccc(cc2)C)[C@H](CO)[C@@H](c3ccc(cc3)[N+](=O)[O-])O,C12311592,inactive
1087,CCCc1cc(C)[nH]c(=O)c1CNC(=O)c1cc(cc2n(ncc12)C(C)C)-c1ccc(F)cc1,50536592,active
1088,COC(=O)c1c(c2cc(ccc2[nH]1)Br)NC(=O)C[NH+]3C[C@H]4C[C@@H](C3)c5cccc(=O)n5C4,C12660491,inactive
1089,COc1cc2cc[nH+]c(c2cc1OC)Cc3cc(c(cc3NC(=O)c4cc(ccc4Cl)SC)OC)OC,C01440037,inactive
1090,Cc1cccc(c1)C/[NH+]=C(/c2cc(c(cc2OC)/N=C(/C3=C(OCCS3)C)\O)Cl)\O,C20919887,inactive
1091,CN(C1CCCC1)c1cc(cc(C(=O)NCc2c(C)cc(C)nc2=O)c1C)-c1cnn(CCN2CCOCC2)c1,514159,active
1092,COc1ccc(cc1OC)CN(CC[NH+]2CCOCC2)C(=S)Nc3cc(ccc3C(F)(F)F)Cl,C35109655,inactive
1093,C[C@H](C(=O)Nc1c(c2c(s1)CCCCC2)C#N)[NH+]3CCC(CC3)C(=O)Nc4ccc5c(c4)OCO5,C09577820,inactive
1094,CCOc1cccc(c1O)[C@H]2[C@@H]3[C@H](C(=O)N(C3=O)Cc4ccccc4)[C@]([NH2+]2)(Cc5c[nH+]c[nH]5)C(=O)[O-],C15240806,inactive
1095,CN1CC=C2[C@H](C1)[C@H](C(C(=C2C#N)N)(C#N)C#N)c3ccc(c(c3)Br)OC,C19816125,inactive
1096,CC(C)c1cc(ccc1OC)S(=O)(=O)Nc2ccc(cc2)S(=O)(=O)Nc3ccccc3Cl,C09094984,inactive
1097,CCOC(=O)c1ccc(cc1)NC(=O)c2cc(ccc2NC(=O)C[NH2+]CCc3ccccc3)[N+](=O)[O-],C20155067,inactive
1098,Cc1cccc(c1)NS(=O)(=O)c2ccc(cc2)NC(=O)c3ccc(cc3)N(C)S(=O)(=O)c4ccc(c(c4)OC)OC,C59626380,inactive
1099,C=C1C([C@H](C(C(=N1)SCC(=O)Nc2ccc(cc2)Br)C#N)c3cc[nH+]cc3)C(=O)Nc4ccc(cc4)Cl,C11024235,inactive
1100,COc1cc2cc[nH+]c(c2cc1OC)Cc3cc(c(cc3NC(=O)c4cc(c(cc4Cl)F)F)OC)OC,C01062587,inactive
1101,CC[NH+]1CCc2c(sc(c2C(=O)OC)NC(=O)c3ccc(cc3)S(=O)(=O)N4C[C@@H](C[C@@H](C4)C)C)C1,C13374449,inactive
1102,CCn1c(c(c(c(c1=O)C#N)C)/C=C/2\C(=O)N(C(=S)S2)CCCCCC(=O)O)N3CC[NH+](CC3)CC,C33812510,inactive
1103,CC[C@H](CO)Nc1c(c(=O)n2cccc(c2n1)C)/C=C/3\C(=O)N(C(=S)S3)Cc4ccccc4Cl,C97464710,inactive
1104,C[C@H](C(=O)Nc1ccc(cc1Cl)Cl)[NH+]2CCC(CC2)NS(=O)(=O)c3cccs3,C11718112,inactive
1105,CCCCN1c2ccccc2[C@@]3(C1=O)C(=C(C(=O)N3CCC[NH+](C)C)O)C(=O)c4ccc5c(c4)OCCO5,C19897764,inactive
1106,C[C@]1(C[C@@H](c2cccc(c2O1)OC)/[NH+]=C/c3cccc(c3O)OC)/[NH+]=C/c4cccc(c4O)OC,C16577785,inactive
1107,C[C@@H]1CCc2c(sc3c2c(=O)n(c(n3)SCc4[nH+]c(c5ccccc5n4)N)C[C@@H]6CCCO6)C1,C18327939,inactive
1108,CCN(C(=O)C(C)C)c1cc(cc(C(=O)NCc2c(C)cc(C)[nH]c2=O)c1C)-c1ccc(CN2CCOCC2)cc1,50575205,active
1109,CC(C)[C@@H](C(=O)NC1CCCCC1)NC(=O)[C@@H]2CC3=c4ccccc4=[NH+][C@H]3[C@H]5N2C(=O)c6c5cccc6,C63375952,inactive
1110,CC(C)(C)c1ccc(cc1)S(=O)(=O)N2CCC3(CC2)C(=[NH+]CCN3)NCc4ccc(cc4)OC,C65074718,inactive
1111,Cc1cc(C)n(C)c(=O)c1CN1CCc2c(Cl)cc(-c3c(C)noc3C)c(Cl)c2C1=O,CHEMBL5078476,active
1112,CCN(C1CCOCC1)c1cc(cc(C(=O)NCc2c(C)cc(C)[nH]c2=O)c1C)-c1ccc(CN(CCO)CCO)cc1,172094,active
1113,c1ccc(cc1)Cn2c3c(c(=O)[nH]c2=O)C(NC(=[NH+]3)c4cccs4)(C(F)(F)F)C(F)(F)F,C57084036,inactive
1114,CCCCOc1cccc(c1)[C@H]2C(=C(C(=O)N2c3nc(c(s3)C(=O)OC)C)O)C(=O)c4ccc5c(c4)C[C@H](O5)C,C97969381,inactive
1115,CC(=O)Nc1ccc(cc1)S(=O)(=O)Nc2ccccc2C(=O)N3CCCCCC3,C04938254,inactive
1116,CCCCOc1ccc(cc1)C(=O)C2=C(C(=O)N([C@@H]2c3ccc(cc3)Cl)c4nnc(s4)SCc5ccc(cc5)F)O,C98046486,inactive
1117,c1ccc2c(c1)ccc3c2c(co3)CC(=O)Nc4c(c5c(s4)CCC5)C(=O)NCc6ccc[nH+]c6,C39882955,inactive
1118,c1ccc(cc1)N2[C@H](NN=C2C3=c4ccccc4=[NH+]C3)SCC(=O)Nc5ccc(cc5)N6CCCC6=O,C39933487,inactive
1119,COc1ccc(cc1/C=N\NC(=O)CSc2[nH+]c3ccccc3n2Cc4ccc(cc4)Cl)Br,C50861384,inactive
1120,CC(=O)Nc1ccc(cc1)S(=O)(=O)NCCC(=O)N2CC[NH+](CC2)C(c3ccccc3)c4ccccc4,C13146522,inactive
1121,CCOc1cc(cc(c1OCc2ccc(cc2)F)Br)C[NH2+]CCc3ccc(c(c3)OC)OC,C16688496,inactive
1122,COCCN(C)C1CO[C@@H](OC1)[C@@H](C)n1c(C)c(C(=O)NCc2c(SC)cc(C)[nH]c2=O)c2ccccc12,574857,active
1123,C[C@H]1C[C@@H](C[NH+](C1)CCCNC(=O)[C@@]2(Cn3c4cc(ccc4cc3C(=O)N2Cc5cccs5)OC)C)C,C37006595,inactive
1124,Cc1cc(C)c(CNC(=O)c2cc(-c3ccc(CN4CCOCC4)cc3)cc3c2C(C)CN3CC2CC2)c(=O)[nH]1,CHEMBL3896239,inactive
1125,C[NH+](CC(=O)Nc1c(c2c(s1)CCCC2)C(=O)Nc3ccc(cc3)Cl)[C@@H]4CCS(=O)(=O)C4,C09665929,inactive
1126,COc1ccc(cc1OC)c2c3cc(c(=O)[nH]c3n(n2)c4ccccc4)C[NH2+]Cc5cccs5,C57721042,inactive
1127,CCCOc1ccc(cc1)C(=O)Oc2ccc(cc2/C=N/NC(=O)C(=O)Nc3ccc(cc3)OC)Br,C04330523,inactive
1128,C[NH+]1CCc2c3ccccc3[nH]c2[C@H]1c4c(nc(n(c4=O)c5cc(c(c(c5)OC)OC)OC)O)O,C09087079,inactive
1129,C[C@@H]1CCC[C@@H]([C@@H]1C)NC(=O)[C@@H]2[C@@]34C=C[C@@H](O3)[C@@H]([C@@H]4C(=O)N2CC[NH+]5CCCCC5)C(=O)Nc6cccc(c6)SC,C59790700,inactive
1130,Cc1cc(c(c(c1)Br)O)/C=[NH+]/CCNc2ccc(cc2C(F)(F)F)[N+](=O)[O-],C09720810,inactive
1131,C[C@@H]1CN(C[C@H](O1)C)S(=O)(=O)Nc2ccc(cc2)Br,C74050001,inactive
1132,Cc1c(c(sc1C(=O)N(C)C)NC(=S)Nc2ccc(cc2)S(=O)(=O)NC34CC5CC(C3)CC(C5)C4)C(=O)OC,C59895846,inactive
1133,COc1cccc(c1)CNC2=[NH+]CCNC23CCN(CC3)S(=O)(=O)c4ccc5c(c4)CCCC5,C65074802,inactive
1134,CCOC(=O)c1c(c2cc(ccc2[nH]1)Br)NC(=O)CC[NH+]3CCN(CC3)c4ccccc4OC,C97952084,inactive
1135,CN1c2ccc(cc2CCC1=O)S(=O)(=O)Nc3ccccc3F,C49649624,inactive
1136,Cc1cccc(c1)NS(=O)(=O)c2ccc3c(c2)[C@@H]4C=CC[C@H]4[C@H](N3)c5cccc(c5OC)OC,C01461932,inactive
1137,CC(=O)Nc1cc(ccc1OC)NC(=O)c2ccc(c(c2)S(=O)(=O)NCc3ccccc3)Cl,C25573048,inactive
1138,CC1=C([C@H](n2c(nc(n2)SCc3ccccc3F)N1)c4ccc(cc4)[N+](=O)[O-])C(=O)Nc5ccc[nH+]c5,C06144747,inactive
1139,CCOc1cccc(c1)[C@H]2C(=C(C(=O)N2c3nc(c(s3)C(=O)OCC=C)C)O)C(=O)c4ccc5c(c4)OCCO5,C97969818,inactive
1140,Cc1ccc(cc1)S(=O)(=O)N/[NH+]=c\2/c(cc3ccccc3o2)C(=O)Nc4ccc(cc4OC)OC,C12437706,inactive
1141,c1ccc(c(c1)C(=O)NCC(=O)N/N=C/c2cc(cc(c2OC(=O)c3cccc(c3)Br)Br)Br)Br,C98001714,inactive
1142,CCOc1cc(ccc1O)c2c3cc(c(cc3c4c(nn(c4[nH+]2)c5ccccc5)c6ccc(cc6)Cl)OC)OC,C33355221,inactive
1143,COc1ccc(cc1NC(=S)N[C@H](C(Cl)(Cl)Cl)NC(=O)c2cccc(c2)I)[N+](=O)[O-],C98221429,inactive
1144,CCCc1cc(C)[nH]c(=O)c1CNC(=O)c1cc(cc2n(C)ncc12)-c1ccc(nc1)N1CCN(CC1)C(C)C,50536590,active
1145,Cc1cc(ccc1NC(=O)CNC(=O)C[NH+](C)CC(=O)Nc2ccc(c(c2F)F)F)Br,C12895665,inactive
1146,COc1cc2c(cc(c(n2)N3CCC[C@H](C3)O)C[NH2+]Cc4ccccc4C(F)(F)F)c(c1OC)OC,C12131982,inactive
1147,CN(C1CCNCC1)c1cc(cc(C(=O)NCc2c(C)cc(C)nc2=O)c1C)-c1cnn(C)c1,514167,active
1148,CS(=O)(=O)Cc1[nH+]c2ccccc2n1CC(=O)NC[C@H](c3c(cccc3Cl)F)[NH+]4CCCC4,C69599497,inactive
1149,c1ccc2c(c1)C=CN3[C@H]2[C@@H]4[C@H]([C@H]3C(=O)N)C(=O)N(C4=O)c5ccc(c(c5)Cl)F,C16033620,inactive
1150,C[NH+]1CCN(CC1)c2ccc(c(c2)OC)Nc3ncc(c(n3)Oc4cccc(c4)NC(=O)C=C)Cl,C52509385,inactive
1151,CC(C)NC(=O)c1ccc(c(c1)c2ccc(c(n2)C(=O)Nc3c[nH+]ccc3N4CCC[C@@](C4)(C(F)(F)F)O)N)F,C00155443,inactive
1152,CCCCOC[C@H](C[NH+](Cc1c(nn(c1Oc2ccccc2)c3cccc(c3)Cl)C)CC4CC4)O,C36313858,inactive
1153,c1cc(c(cc1Br)/C=C/C(=O)OCC(=O)Nc2c(c3c(s2)CCC3)C(=O)N)F,C10663211,inactive
1154,Cc1c(c(=O)n([nH]1)c2ccccc2)[C@@H](c3ccc(cc3)OCC=C)c4c(nn(c4O)c5ccccc5)C,C09601179,inactive
1155,CCc1cccc(c1NC(=O)Cn2c(c(c([nH+]2)SC)c3nc(no3)c4cccc(c4)C)N)C,C46915252,inactive
1156,CCN(c1cc(-c2ccc(CN(C)CC3CC3)cc2)cc(C(=O)NCc2c(C)cc(C)[nH]c2=O)c1C)C1CCOCC1,CHEMBL3697486,active
1157,Cc1ccc(cc1)n2c3c(c(n2)C(C)(C)C)[C@@H](SCC(=O)N3CC(=O)NCC[NH+](C)C)c4ccccc4F,C98011380,inactive
1158,CC(C)(C)N1CCN(CC1)[C@H](C[NH3+])c2cc(c(o2)Br)Br,C50362137,inactive
1159,CCCOc1ccc(cc1OC)[C@@H]2c3c([nH]nc3C(=O)N2CCCn4cc[nH+]c4)c5ccc(cc5)Cl,C40343279,inactive
1160,c1ccc2c(c1)-c3ccccc3C2=NOC[C@@H](C[NH2+]C[C@H](CON=C4c5ccccc5-c6c4cccc6)O)O,C95117284,inactive
1161,CSc1cc(C)[nH]c(=O)c1CNC(=O)c1c(C)n([C@H](C)[C@@H]2OC[C@@H](CO2)N2CCC22COC2)c2ccccc12,575036,active
1162,[2H]C([2H])(NC(=O)c1c(C)n([C@H](C)C2CCC(CC2)OC)c2ccccc12)c1c(SC)cc(C)[nH]c1=O,50594113,active
1163,CC[C@H]1CC2=c3ccccc3=[NH+][C@@H]2[C@@H]([NH2+]1)c4c([nH]c(=S)n(c4=O)c5ccc(cc5)OC)[O-],C63386034,inactive
1164,C[C@@H](c1nc2ccccc2s1)[NH+](C)CC(=O)Nc3ccccc3C(=O)Nc4ccc5c(c4)OCO5,C08719083,inactive
1165,CCN(C1CCOCC1)c1c(C)c(cc2cc(Br)cn12)C(=O)NCc1c(C)cc(C)[nH]c1=O,490181,active
1166,CC(C)(CNS(=O)(=O)c1ccc(cc1)S(=O)(=O)/N=c\2/cccc[nH]2)O,C95944806,inactive
1167,c1cc(ccc1/C=N/NC(=[NH2+])S[C@H]2CC(=O)N(C2=O)c3ccc(cc3)Br)Cl,C18011179,inactive
1168,Cc1cc(c(cc1COc2ccc(cc2)Br)[C@@H]3[C@H]4CCCC=C4[C@@H](C(=[NH2+])C3(C#N)C#N)C#N)C,C08440867,inactive
1169,CCN(c1cc(-c2cccnc2)cc(C(=O)NCc2c(C)cc(C)[nH]c2=O)c1C)[C@H]1CC[C@H](N(C)C)CC1,CHEMBL3701021,active
1170,CCOc1ccc(cc1)C[NH+](CCc2c[nH]c3c2cccc3)Cc4nc(co4)C(=O)N(C)Cc5ccccc5,C36065641,inactive
1171,CC1([C@H](N2[C@H](S1(=O)=O)CC2=O)C(=O)N[C@@H](CC3=c4ccccc4=[NH+]C3)C(=O)NC5CCCCC5)C,C63384082,inactive
1172,CCCOc1ccc(cc1)C(=O)Oc2ccc(cc2/C=N/NC(=O)CNS(=O)(=O)c3ccccc3)Br,C04283331,inactive
1173,CNC(=O)Cc1csc(n1)NC(=O)C2CCN(CC2)C(=O)NC3CC3,C44458092,inactive
1174,CC(=O)Nc1ccc(cc1)NC(=O)NC2CCN(CC2)C(=O)c3ccco3,C43653203,inactive
1175,Cc1c(c(n(n1)Cc2ccc(c(c2)Cl)Cl)C)NC(=O)CCCS(=O)(=O)c3nc(cc(n3)C(F)(F)F)c4ccc(c(c4)OC)OC,C98043190,inactive
1176,C[C@H](COC)NS(=O)(=O)c1ccc(cc1)NC(=O)C2(CCCC2)c3ccc(cc3)Br,C69547708,inactive
1177,CCn1c2ccc(cc2n(c1=O)CC)C(=O)[C@@H](C)Sc3nc([nH]n3)N,C40169280,inactive
1178,Cc1ccccc1OC[C@H](C[NH+](Cc2[nH]c(=O)c3c(csc3n2)c4ccccc4F)C(C)C)O,C36207812,inactive
1179,c1cc(cc(c1)Cl)NC(=O)CCSc2nnc(s2)NC(=O)CCc3nc(no3)c4ccc[nH+]c4,C21122738,inactive
1180,COc1cc(ccc1OCCOc2ccccc2Cl)[C@H]3C=C([NH+]=C4N3NN=N4)c5ccc(cc5)Cl,C02661487,inactive
1181,c1ccc(cc1)Sc2ccccc2NC(=O)CN3CC[NH+](CC3)CC(=O)Nc4ccc(cc4)F,C22792253,inactive
1182,C[C@@H](C(=O)NC1=c2cc(ccc2=[NH+][C@H]1C(=O)OC)Br)N3CCN(CC3)c4ccc(cc4)F,C38604850,inactive
1183,COc1ccc(cc1)NC(=O)[C@@](C(F)(F)F)(N2C(C(N(C(C2(F)F)(F)F)[C@](C(=O)Nc3ccc(cc3)OC)(C(F)(F)F)F)(F)F)(F)F)F,C97950859,inactive
1184,c1cc(sc1)/C=C/2\CCC[C@@H]3C2=NN([C@@H]3c4cccs4)C(=O)C[NH+]5CCC[C@@H](C5)C(=O)N,C34896537,inactive
1185,CN(C)Cc1ccc(cc1)-c1cc(N(C)C2CCCCC2)c(C)c(c1)C(=O)NCc1c(C)cc(C)nc1=O,514157,active
1186,C[C@@H]1C[C@H]2[C@@H]3CCC4=CC(=O)C=C[C@@]4([C@H]3[C@H](C[C@@]2([C@]1(C(=O)COC(=O)C)O)C)O)C,C35635740,inactive
1187,C[NH+]1CCN(CC1)NC(=O)CCSc2nc(cc(n2)C(F)(F)F)c3ccc(cc3Cl)Cl,C58969093,inactive
1188,Cc1ccc(cc1)Nc2cc([nH+]c(n2)C)N3CCN(CC3)C(=O)Nc4ccccc4C(F)(F)F,C21795346,inactive
1189,CC(=O)N[C@@H]1[C@H]([C@@H]([C@H](O[C@@H]1OCc2ccccc2)COC(c3ccccc3)(c4ccccc4)c5ccccc5)O)O,C04262107,inactive
1190,c1ccc(cc1)C(c2ccccc2)[NH+]3CCN(CC3)C(=O)c4cc5n(n4)[C@H](C[C@@H](N5)c6ccc(cc6)Br)C(F)(F)F,C08444494,inactive
1191,COc1ccccc1[C@@H](CNC(=O)[C@H](CCSC)NS(=O)(=O)c2ccccc2F)[NH+]3CCCC3,C12980106,inactive
1192,CC(C)N1C/C(=C\c2ccc(cc2OC)OC)/C3=C(C1)[C@H](C(=C(O3)[NH3+])C#N)c4ccc(cc4OC)OC,C39326710,inactive
1193,Cc1ccc2c(coc2c1C)CC(=O)N/N=C/3\CCCc4c3c(c(o4)C(=O)Nc5cccc6c5nccc6)C,C40826786,inactive
1194,Cc1cccc(c1)NC(=O)CSc2[nH+]ccn2c3ccc(cc3)C(=O)NCc4ccc(o4)C,C38653344,inactive
1195,COc1cc(C)[nH]c(=O)c1CN1CCc2c(C)cc(C(C)=C3CN(C3)S(C)(=O)=O)c(Cl)c2C1=O,435568,active
1196,CCOC(=O)C1=C(OC(=C([C@H]1c2ccccc2I)C#N)N)CSc3c(ccc(n3)c4cccs4)C#N,C97966069,inactive
1197,CC[C@@H](C)NS(=O)(=O)c1ccc(cc1)NC(=O)CSc2nc([nH]n2)N/N=C(\C)/c3ccc(cc3)F,C21081926,inactive
1198,c1ccc2c(c1)[C@@H](OC2=O)[C@@H](C(=O)c3ccc(c(c3)Cl)Cl)/C(=N\N)/C(=O)Nc4ccc(cc4C#N)[N+](=O)[O-],C05809668,inactive
1199,c1cc2cccc3c2c(c1)C(=O)N(C3=O)CCN4CCN(CC4)C[C@@H](COc5c(cc(cc5F)Br)F)O,C97985354,inactive
1200,COc1ccc(cc1)/C=C\2/C(=O)NC(=S)N(C2=O)c3ccc(cc3)F,C17159514,inactive
1201,CC(C)Oc1ccc2CCN(Cc3c4occc4c(C)[nH]c3=O)C(=O)c2c1Cl,378895,active
1202,COc1cc(cc(c1OC)OC)CN(Cc2ccc[nH+]c2)C(=S)Nc3ccc(c(c3)Cl)Cl,C59093058,inactive
1203,CCC1([C@@H]([C@H]([NH2+][C@H]([C@@H]1C)c2ccc(cc2)N(C)C)c3ccc(cc3)N(C)C)C)O,C13451634,inactive
1204,CC[NH2+][C@H](C(=O)COc1ccc(cc1OC)[C@@H]2c3c([n-]c(n3)C(F)(F)F)OC(=C2C#N)[NH3+])NCC,C19330025,inactive
1205,C/C(=N\Nc1[nH]nc(n1)SCCC(=O)Nc2cccc(c2)Br)/c3cc[nH+]cc3,C21082524,inactive
1206,COc1ccc2c(c1Cl)C(=O)N(Cc1c(C)cc(C)[nH]c1=O)CC2,CHEMBL3973277,active
1207,Nc1nccc2c1ncn2[C@@H]1C=C(CO)[C@@H](O)[C@H]1O,CHEMBL154745,active
1208,CCCOc1ccc(cc1)[C@@H]2C(=C(c3ccc(cc3)Br)O)C(=O)C(=O)N2CCCn4cc[nH+]c4,C09209862,inactive
1209,CSc1cc(C)n(C)c(=O)c1CN1CCc2c(Cl)cc(-c3c(C)noc3C)c(Cl)c2C1=O,CHEMBL5088217,active
1210,CC(=O)N1CCC(=CC1)c1cc(C(=O)NCc2c(C)cc(C)[nH]c2=O)c2cnn(C3CCCC3)c2c1,326106,active
1211,CCOc1cccc(c1)C(=O)C2=C(C(=O)N([C@@H]2c3cccc(c3)Oc4ccccc4)CCCn5cc[nH+]c5)[O-],C33468927,inactive
1212,CN(C)S(=O)(=O)c1ccc(cc1)C(=O)C2=C(C(=O)N([C@H]2c3ccccc3F)CC[NH+]4CCCCC4)O,C06161629,inactive
1213,CCOc1cc(ccc1OCc2ccccc2)[C@@H]3C(=C(C(=O)N3c4nc(c(s4)C(=O)OCC)C)O)C(=O)c5ccc6c(c5)C[C@H](O6)C,C97970293,inactive
1214,CCOc1ccc(cc1)n2c(nnc2SCC(=O)Nc3ccc(cc3)S(=O)(=O)N)COc4ccc(cc4)C,C97958447,inactive
1215,COc1ccc(cc1)NC(=O)CSc2c([nH]c([nH+]2)c3cc(c(c(c3)OC)OC)OC)c4ccc(cc4)F,C08594651,inactive
1216,CC(=O)Nc1cccc(c1)OCCCNS(=O)(=O)c2ccc(s2)N(C)C(=O)c3ccc(cc3)Cl,C12340429,inactive
1217,CCN(c1cc(Cl)c2c(c1Cl)C(=O)N(Cc1c(OC)cc(C)[nH]c1=O)CCN2C)C1CCOCC1,CHEMBL5074786,active
1218,CCc1ccc(cc1)OCC(=O)/N=C(\NCCc2c[nH]c3c2cc(cc3)Cl)/Nc4nc(cc(n4)C)C,C14730347,inactive
1219,CCOc1ccc2c(c1)[nH]c([nH+]2)SCC(=O)N3CCN([C@H]3c4ccccc4)S(=O)(=O)c5ccc(cc5)C,C97994749,inactive
1220,c1ccc(cc1)Cn2c(nnc2SCC(=O)NC(=O)NCCc3cccs3)C[NH+]4CCCCC4,C12136234,inactive
1221,CCCCN1[C@@H]([C@@]23C=C[C@@H](O2)[C@@H]([C@@H]3C1=O)C(=O)Nc4cccc(c4)SC)C(=O)N[C@@H]5CCC[C@@H]([C@@H]5C)C,C35238652,inactive
1222,C[C@H]1Cc2cc(ccc2O1)C(=O)C3=C(C(=O)N([C@H]3c4ccc(cc4)C(=O)OC)c5nnc(s5)SCc6ccccc6Cl)O,C97969235,inactive
1223,Cc1ccccc1COc2ccc(cc2)C(=O)C3=C(C(=O)N([C@H]3c4ccc(c(c4)OC)O)CCCn5cc[nH+]c5)[O-],C97966749,inactive
1224,CCOc1ccc(cc1)[C@@H](CCC(=O)N/N=C\c2ccc(c(c2)I)OCC#N)O,C58893956,inactive
1225,CCCOC(=O)c1ccc(cc1)N2C(=O)C[C@H](C2=O)[NH+]3C[C@@H](c4c5ccccc5[nH]c4[C@@H]3C)c6ccccc6,C72459734,inactive
1226,Cc1cc(C)c(CNC(=O)c2cc(-c3ccc(CN(C)C)cc3)cc(N(C)C3CCOCC3)c2C)c(=O)[nH]1,CHEMBL3697409,active
1227,CCN(c1cc(-c2ccc(CNCCCN)cc2)cc(C(=O)NCc2c(C)cc(C)[nH]c2=O)c1C)C1CCOCC1,CHEMBL3697491,active
1228,CCN([C@H]1CC[C@@H](CC1)N(C)CC(F)F)c1cc(Cl)cc(C(=O)NCc2c(C)cc(C)[nH]c2=O)c1C,190210,active
1229,c1ccc2c(c1)ccc(n2)C(=O)Nc3ccc(cc3)NS(=O)(=O)c4ccc(c(c4)F)F,C15744116,inactive
1230,COc1ccc(cc1)C(c2ccccc2)(c3ccc(cc3)OC)OC[C@H]4[C@@H](C[C@@H](O4)n5ccc(nc5=O)N)O,C59601422,inactive
1231,C[C@@]1(C(=O)N(C(=O)N1)NC(=O)C[NH+]2CCN(CC2)Cc3cccs3)CCc4ccccc4,C22804944,inactive
1232,c1ccc(cc1)S(=O)(=O)CC[NH+]2CCC(CC2)N3CCc4ccccc4[C@@H]3CC(=O)NCc5ccco5,C24897981,inactive
1233,C[C@@H](C(=O)Nc1ccc(cc1)N2CCOCC2)[NH+]3CCC[C@@H](C3)C(=O)Nc4ccc(cn4)Cl,C40149622,inactive
1234,C[C@H]1c2c(c3ccccc3[nH]2)[C@@H](C[NH+]1[C@@H]4CC(=O)N(C4=O)c5cc(ccc5OC)Cl)c6ccccc6,C72459817,inactive
1235,CCN([C@H]1CC[C@@H](CC1)N1CC(C1)OC)c1c(CC)c(cc2n(C)ncc12)C(=O)NCc1c(C)cc(C)[nH]c1=O,516848,active
1236,CSc1cc(C)[nH]c(=O)c1CNC(=O)c1c(C)n([C@H](C)C2CCC(CC2)N2CC(C2)OC(F)F)c2ncncc12,574979,active
1237,Cc1ccc(cc1)[C@H]2/C(=C(\c3ccc(cc3)OCc4cccc(c4)C)/O)/C(=O)C(=O)N2CCCn5cc[nH+]c5,C13571431,inactive
1238,C[C@@]12CCC3(C[C@H]1CC[C@@H]4[C@H]2[C@H](C[C@]5([C@H]4CC[C@H]5C6(OCCO6)C)CO)O)OCCO3,C16031025,inactive
1239,Cc1noc(C)c1-c1cc(Cl)c2CCN(Cc3c4occc4c(C)[nH]c3=O)C(=O)c2c1Cl,378911,active
1240,Cc1ccc2c(c1)sc(n2)NC(=O)CCNS(=O)(=O)c3ccc4c(c3)C[C@@H](N4C(=O)C5CC5)C,C20529860,inactive
1241,CCOC(=O)c1c2c(sc1NC(=O)c3cccc(c3)S(=O)(=O)N(C)C)C([NH2+]C(C2)(C)C)(C)C,C03273640,inactive
1242,CCCOc1ccc(cc1)NC(=O)C[C@@H]2C(=O)N(C(=S)N2CCC[NH+]3CCC(CC3)C(=O)N)C,C04176751,inactive
1243,CCN(c1cc(-c2ccc(C)nc2)cc(C(=O)NCc2c(C)cc(C)[nH]c2=O)c1C)[C@H]1CC[C@H](N(C)C)CC1,CHEMBL3701017,active
1244,c1ccc2c(c1)cc(o2)C(=O)N3CCC(CC3)CNC(=O)C(=O)Nc4cc(ccc4F)F,C43942467,inactive
1245,COc1cc2c(cc1OC)nc([n+](c2N)Cc3cccc(c3)C(F)(F)F)SCc4ccc(cc4)Cl,C49772153,inactive
1246,Cc1cc(C)c(CNC(=O)c2cc3CC4(CCCC4)Oc3c(c2)-c2ccc(nc2)N2CCNCC2)c(=O)[nH]1,359818,active
1247,CCN(C(=O)C1CC1)c1cc(-c2ccc(NC(=O)C3CCOCC3)cc2)cc(C(=O)NCc2c(C)cc(C)[nH]c2=O)c1C,CHEMBL4867934,active
1248,CSc1cc(C)[nH]c(=O)c1CNC(=O)c1c(C)n([C@H](C)[C@H]2CC[C@@H](CC2)N2CC(C2)OC2CC2)c2c(F)cccc12,50541912,active
1249,Cc1cc(ccc1[N+](=O)[O-])OCc2cc(ccc2OC)[C@H]3C(=C(N(C4=C3C(=O)CC(C4)(C)C)c5cccc(c5)C(F)(F)F)N)C#N,C08456030,inactive
1250,c1ccc(cc1)[C@@H](C(=O)N)NC(=O)Cn2c3ccccc3c(cc2=O)C(=O)N4CCc5ccccc5C4,C64605451,inactive
1251,C[NH+](C)CCN1[C@@H](C(=C(C1=O)O)C(=O)c2ccc(cc2)Br)c3ccc(c(c3)OC)OCC=C,C35025415,inactive
1252,CN(Cc1ccc[nH+]c1)S(=O)(=O)c2c(cc(cc2Br)Br)N,C36771168,inactive
1253,CCc1nc2cc(cc(c2n1C)NC(=O)c3ccccc3OC)C(=O)NC[C@@H]4C=c5ccccc5=[NH+]4,C64002478,inactive
1254,C#CCNS(=O)(=O)c1cccc(c1)C(=O)Nc2ccc3c(c2)[nH]c([nH+]3)c4cc(ccc4F)F,C71938786,inactive
1255,CCOc1ccc(cc1)n2c(nnc2SCC(=O)Nc3c(cc(cc3Br)F)F)c4cccnc4,C01476616,inactive
1256,CCN(C(=O)C1CCCC1)c1cc(-c2ccc(CN3CCOCC3)cc2)cc(C(=O)NCc2c(C)cc(C)[nH]c2=O)c1C,CHEMBL4876399,active
1257,CCN(C(=O)C1CC1)c1cc(cc(C(=O)NCc2c(C)cc(C)[nH]c2=O)c1C)-c1ccc(NC(=O)c2cccs2)cc1,50575213,active
1258,c1cc(cnc1)C(=O)n2c(nc(n2)NCc3ccc(cc3)Br)NCc4ccc(cc4)Br,C97995273,inactive
1259,c1cc(ccc1S(=O)(=O)NCCC[NH+]2CCN(CC2)CCCNS(=O)(=O)c3ccc(cc3)Cl)Cl,C22789541,inactive
1260,COc1ccc2c(c1)[nH]c([nH+]2)SCC(=O)Nc3cc(cc(c3)Br)Br,C59434876,inactive
1261,CN(C)[C@H]1CC[C@@H](CC1)[C@]1(C)Oc2c(O1)c(-c1cncs1)c1CCN(Cc3c(C)cc(C)[nH]c3=O)C(=O)c1c2C,588050,active
1262,CCOc1cccc(c1O)[C@H]2CC(=N[C@H]([NH2+]2)c3ccc(cc3)Br)c4ccc(cc4)OC,C20762998,inactive
1263,COc1ccc(cc1)C(=O)Oc2ccc(cc2OC)/C=C\3/C(=[NH2+])N4C(=[NH+]SC4=NC3=O)SC,C20154814,inactive
1264,CCCOC(=O)C1[C@@H](C2C(=NC1=C)C[C@@H](CC2=O)c3ccc(c(c3)OC)OC)c4cc(c(c(c4)Br)O)OC,C06162329,inactive
1265,[H]/N=C\1/C(=C\c2cc(n(c2C)c3cc(c(cc3OC)OC)Cl)C)/C(=O)N=C4N1N=C(S4)SC,C09309776,inactive
1266,CCn1c2ccc(cc2[nH+]c1SCCOc3cccc(c3)Br)S(=O)(=O)N,C22309266,inactive
1267,COc1ccc(cc1)CCN2C(=O)/C(=C/c3c(nc4ccccn4c3=O)NC[C@@H](c5ccccc5)O)/SC2=S,C97947272,inactive
1268,Cc1cc(C)c(CNC(=O)c2cc(cc3n(ncc23)C2CCCC2)-c2ccc(COCCCN3CCOCC3)cc2)c(=O)[nH]1,326085,active
1269,CCN(C1CCOCC1)c1cc2occc2c(C(=O)NCc2c(OC)cc(C)[nH]c2=O)c1C,50287277,active
1270,CCOc1ccc(cc1OC)c2c3c([nH]n2)OC(=C([C@@H]3c4ccc(c(c4)OC)OC)C#N)[NH3+],C09328606,inactive
1271,Cc1ccccc1NCC(=O)N/N=C/c2cc(cc(c2OC(=O)c3ccccc3I)Br)Br,C98001734,inactive
1272,C[C@]12C[C@H](CC(C1)(C)C)[NH+](C2)CN3c4ccc(cc4/C(=N/NC(=O)COc5ccc(cc5)OC)/C3=O)Br,C53338350,inactive
1273,CCOC(=O)CC[C@H](C)[C@H]1CC[C@H]2[C@@]1([C@H](C[C@@H]3[C@@H]2[C@@H]([C@@H]([C@H]4[C@@]3(CC[C@H](C4)OC(=O)C)C)Br)O)OC(=O)C)C,C68569370,inactive
1274,CCCCOc1ccc(cc1OC)[C@@H]2C(=C(C(=O)N2CCCn3cc[nH+]c3)O)C(=O)c4ccc5c(c4)C[C@@H](O5)C,C97955705,inactive
1275,c1ccc(cc1)C[C@H](C(=O)Nc2ncc(s2)Br)NS(=O)(=O)c3ccc(s3)Br,C33356119,inactive
1276,c1ccc(cc1)[C@H](CNC(=O)c2cccc(c2)S(=O)(=O)Nc3ccccc3F)[NH+]4CCCC4,C22464455,inactive
1277,c1ccc(cc1)S(=O)(=O)Nc2cc(ccc2Cl)C(=O)Nc3ccc(cc3)F,C00683221,inactive
1278,c1cc(sc1)C(=O)Nc2nnc(s2)[C@H]3CC(=O)N(C3)c4ccc(cc4)Cl,C17945869,inactive
1279,c1ccc2=[NH+]CC(=c2c1)C[C@H]3[C@@H]4[C@@H](C(=O)N(C4=O)c5cccc(c5)Cl)[C@]6(N3)c7ccccc7NC6=O,C63479879,inactive
1280,CSc1cc(C)[nH]c(=O)c1CNC(=O)c1c(C)n([C@@H](C)c2ccc(cc2)N(C)C)c2ccccc12,574899,active
1281,CCOc1cc(ccc1OCc2ccc(cc2)Cl)/C=N/NC(=O)c3ccc(cc3)NS(=O)(=O)c4ccccc4,C02553118,inactive
1282,COC(=O)c1cc(cc(c1)Nc2c(c([nH+]cn2)Nc3cc(ccc3Cl)C(F)(F)F)N)C(=O)OC,C40682383,inactive
1283,Cc1ccc2c(c1)[nH]c([nH+]2)CSc3nc([nH]n3)N/N=C/c4ccc(c(c4)OCn5cccn5)OC,C20424555,inactive
1284,CCN(c1cc(-c2ccc(OCCCCNC(=O)C[C@@H]3N=C(c4ccc(Cl)cc4)c4c(sc(C)c4C)-n4c(C)nnc43)cc2)cc(C(=O)NCc2c(C)cc(C)[nH]c2=O)c1C)C1CCOCC1,CHEMBL5206741,active
1285,Cc1ccc(cc1)N2CCN(C[C@@H]2C)S(=O)(=O)c3cc(cnc3N)Br,C20467679,inactive
1286,Cc1ccc(cc1C)n2c3c(c(c(c([nH+]3)C)CCC(=O)Nc4ccc(cc4)NC(=O)C)C)c(n2)C,C20437121,inactive
1287,CCOc1ccc(cc1Cl)/C(=C/2\[C@@H](N(C(=O)C2=O)CCC[NH+](C)C)c3ccc(cc3)Br)/O,C09302015,inactive
1288,[H]/[O+]=c/1\c(c(c1=O)[NH+]2CCC(CC2)Nc3c4ccc(nc4c(cn3)c5ccccc5)C(F)(F)F)NC6CC6,C24904509,inactive
1289,c1cc(cc(c1)F)c2nc3cc(ccc3o2)NC(=S)NC(=O)COc4ccc(cc4)Br,C16399190,inactive
1290,CCN([C@H]1CC[C@@H](CC1)N(C)C)c1cc(cc(C(=O)NCc2c(C)cc(C)[nH]c2=O)c1C)S(=O)(=O)CC,190194,active
1291,c1ccc(cc1)/C=C/C=C/2\C(=O)N(C(=S)S2)CC(=O)Nc3ccc(cc3)S(=O)(=O)N,C33344009,inactive
1292,Cc1ccc(c(c1)S(=O)(=O)NCCNc2cc([nH+]c(n2)C)Nc3ccccn3)OC,C77101397,inactive
1293,CCOC(=O)c1ccc(cc1)NC(=O)C(=O)N/N=C/c2ccc(cc2)OCC(=O)Nc3ccccc3Cl,C59960385,inactive
1294,C[NH+](Cc1ccc[nH+]c1)[C@H](Cc2ccccc2)C3CCN(CC3)C(=O)c4ccccc4n5cccn5,C14990417,inactive
1295,C[NH2+]Cc1cn(nn1)C[C@@H]2[C@H]([C@H]([C@@H](O2)CC(=O)N3CCN(CC3)c4ccc(cc4)F)O)O,C08627190,inactive
1296,Cc1cccc(c1)N([C@@H](c2ccc(cc2)F)C(=O)NC(C)(C)C)C(=O)CCC(=O)Nc3cccc[nH+]3,C13501450,inactive
1297,Cc1ccccc1[C@@H]2N([C@@H](CS2)C(=O)NCC[NH+]3CCCC3)C(=O)Nc4ccccc4OC,C09251696,inactive
1298,CCN([C@H]1CC[C@@H](CC1)N(C)C)c1cc(cc(C(=O)NCc2c(C)cc(C)[nH]c2=O)c1C)C(F)(F)F,190191,active
1299,C[C@@H]1[C@H]2[C@H](C(=O)N(C2=O)Cc3ccccc3)[C@]4(N1)c5ccccc5N(C4=O)CC=C,C15276062,inactive
1300,c1cc(oc1)[C@H]2C[C@@H]([NH+]=C(N2)SCCCC(=O)Nc3ccc(c(c3)Cl)Cl)C(F)(F)F,C18209829,inactive
1301,COc1ccc(cc1)OCCCn2c3ccccc3[nH+]c2CCCCCNC(=O)Cc4ccc(cc4)Cl,C40221820,inactive
1302,c1cc(ccc1SCC(=O)NN2C(=O)C3(CCCCC3)NC2=O)Br,C04836728,inactive
1303,C=C/C=C(/c1cc(nc2c1c3c(s2)c(nc[nH+]3)N)c4ccccc4)\OCc5ccc(cc5)Br,C16138236,inactive
1304,CN(C)c1ccc(cc1)[C@H](CNS(=O)(=O)c2ccc(cc2F)F)[NH+]3CCN(CC3)c4ccccc4,C21754947,inactive
1305,Cc1cc(C)c(CNC(=O)c2cc(-c3ccc(CN4CCOCC4)cc3)cc3c2CCN3C(=O)C2CC2)c(=O)[nH]1,CHEMBL4851199,active
1306,COC(=O)[C@@H]1Cc2c3ccccc3[nH]c2[C@H]4N1[C@@H](C[C@@H](C4)[NH2+]CCc5c[nH]cn5)c6ccc(cc6)C(F)(F)F,C67879360,inactive
1307,c1cc(cnc1)CNC(=O)[C@@H]2C[C@@H](C[NH+]2Cc3ccc(cc3)Cl)NCc4ccc(c(c4)F)F,C32565160,inactive
1308,CCOc1ccc(cc1)NC(=O)[C@@H]2CN(CCN2S(=O)(=O)c3ccccc3)S(=O)(=O)c4ccccc4,C00666131,inactive
1309,c1ccc(cc1)[C@H](c2ccc3c(c2)[nH]c[nH+]3)NC(=O)Cn4c5ccccc5nc4COc6ccccc6,C25146434,inactive
1310,CCN(c1cc(/C=C/c2ccc(CN3C[C@@H](C)O[C@@H](C)C3)cc2)cc(C(=O)NCc2c(C)c3c([nH]c2=O)CCCC3)c1C)C1CCOCC1,CHEMBL4642615,active
1311,Cn1cc[nH+]c1[C@H](c2ccc(cc2)Cl)NC[C@H](COC(c3ccc(cc3)F)c4ccc(cc4)F)O,C28656083,inactive
1312,Nc1ncnc2c1ncn2[C@@H]1O[C@H](COP(=O)(O)SCC[C@H](N)C(=O)O)[C@@H](O)[C@H]1O,CHEMBL4639520,inactive
1313,CCN(C1CCOCC1)c1cc(cc(C(=O)NCc2c(C)cc(C)[nH]c2=O)c1C)-c1ccc(cc1)C(=O)NCCOCCNC(=O)C[C@@H]1N=C(c2c(C)c(C)sc2-n2c(C)nnc12)c1ccc(Cl)cc1,50605636,active
1314,c1ccc(cc1)C[NH+](C[C@@H]([C@H]2CCc3cc(ccc3O2)F)O)C[C@@H]([C@@H]4CCc5cc(ccc5O4)F)O,C38211801,inactive
1315,Cc1cc([nH+]cc1Br)N[C@H](c2ccccn2)c3cc(c4cccnc4c3O)Cl,C54200455,inactive
1316,c1cc(cc(c1)S(=O)(=O)Nc2ccc(cc2)Br)C(=O)NC[C@H](c3ccco3)[NH+]4CCCC4,C12544801,inactive
1317,CCN(C1CCS(=O)CC1)c1cc(cc(C(=O)NCc2c(C)cc(C)nc2=O)c1C)-c1ccc(CN2CCOCC2)cc1,172127,active
1318,Cc1c(c(n(n1)c2ccccc2)Oc3ccc(cc3F)F)CN(C[C@H](C[NH+]4CCOCC4)O)CC(C)C,C36304003,inactive
1319,COc1cc(c(cc1Cl)OC)NC(=O)CSC2=NC(=C)C([C@@H]([C@@H]2C#N)c3cccs3)C(=O)OCC=C,C08400605,inactive
1320,CCSc1c(ccs1)[C@H]2C(=C(N(C3=C2C(=O)CC(C3)(C)C)c4cc(ccc4C)[N+](=O)[O-])[NH3+])C#N,C27550611,inactive
1321,c1ccc2c(c1)c(c[nH]2)CC/[NH+]=C/C3C(=NC(=O)N(C3=O)c4ccc(cc4)I)O,C09374611,inactive
1322,C[NH+](CC(=O)Nc1cccc(c1)C(F)(F)F)CC(=O)Nc2ccc(c(c2)C(F)(F)F)Cl,C13040318,inactive
1323,CS(=O)(=O)c1ccccc1c2ccc(c(c2)F)NC(=O)c3cc(nn3c4cccc(c4)C[NH3+])C(F)(F)F,C01490578,inactive
1324,CCOC(=O)CNC(=O)CC[C@@H](C)[C@H]1CC[C@@H]2[C@@]1(CC[C@H]3[C@H]2[C@@H](C[C@H]4[C@@]3(CC[C@H](C4)O)C)OC=O)C,C77292853,inactive
1325,C[C@H](CSc1[nH+]c2c(n1C[C@@H](COc3ccc(cc3)Cl)O)c(=O)[nH]c(=O)n2C)O,C00829835,inactive
1326,CN([C@@H]1CC[C@@H](CC1)NC(C)=O)c1cc(cc(C(=O)NCc2c(C)cc(C)nc2=O)c1C)-c1cnn(C)c1,514163,active
1327,C[C@@H]1Cc2cc(ccc2N1C(=O)C)S(=O)(=O)N[C@H](Cc3ccccc3)C(=O)Nc4cccc[nH+]4,C09118193,inactive
1328,CCN1CCN(CC1)c2ccc(cc2NC(=O)/C=C/c3ccc(cc3)[N+](=O)[O-])S(=O)(=O)N4CCCCC4,C12526626,inactive
1329,CC[C@H](C)NC(=O)CSc1nc2c3ccccc3sc2c(=O)n1CCCC(=O)NC4CCCCC4,C09938610,inactive
1330,COc1cccc(c1)CN(Cc2ccccc2OC)S(=O)(=O)c3ccc(cc3)S(=O)(=O)NCc4ccccc4,C00934016,inactive
1331,Cc1cc(c(c(c1)Br)NC(=S)N[C@@H](C(Cl)(Cl)Cl)NC(=O)c2cc(c(c(c2)OC)OC)OC)Br,C98225675,inactive
1332,CN(C)[C@H]1CC[C@@H](CC1)[C@]1(C)Oc2c(O1)c(-c1ccncc1)c1CCN(Cc3c(C)cc(C)[nH]c3=O)C(=O)c1c2C,588045,active
1333,CC(=O)c1ccc(cc1)NC(=O)NC[C@H]2C[C@@H]3CC[NH+]2C[C@@H]3CN4CCC[C@@H]4COC,C71405314,inactive
1334,CC(C)n1ncc2c(cc(nc12)C1CCN(C)CC1)C(=O)NCc1c(C)cc(C)[nH]c1=O,325982,active
1335,CC(=O)c1cccc(c1)NC(=O)c2cc(cc(c2)NC(=O)c3ccc(cc3)[N+](=O)[O-])C(=O)Nc4cccc(c4)C(=O)C,C03142869,inactive
1336,c1ccc(cc1)C(c2ccccc2)N3CC[NH+](CC3)[C@H](c4c[nH]c5c4ccc(c5)Br)C(=O)[O-],C20677837,inactive
1337,C[C@]12CC[C@](C1(C)C)(CC2=O)C(=O)NCC[NH+](CCNC(=O)[C@]34CC[C@](C3(C)C)(C(=O)C4)C)CCNC(=O)[C@@]56CC[C@@](C5(C)C)(C(=O)C6)C,C97999940,inactive
1338,Cc1cccn2c1nc(c(c2=O)/C=C\3/C(=O)N(C(=S)S3)CCc4ccccc4)NCCCn5cc[nH+]c5,C59821264,inactive
1339,CCOc1cc(ccc1OCc2c(cccc2Cl)F)[C@H]3c4c([nH]nc4OC(=C3C#N)[NH3+])C,C01086202,inactive
1340,COc1ccc(cc1S(=O)(=O)N2CCCC2)c3ccc(n[nH+]3)Nc4ccc(cc4)S(=O)(=O)N,C35512737,inactive
1341,CCOC(=O)c1c2c(sc1N3C4=C([C@H](C(=C3N)C#N)c5ccc[nH+]c5)C(=O)CCC4)CCCCC2,C00714780,inactive
1342,CC(C)(c1ccccc1)c2ccc(cc2)OC[C@@H](C[NH2+][C@H](Cc3ccccc3)c4nc(no4)c5ccccc5)O,C03384382,inactive
1343,Cc1ccc(cc1)N(C)S(=O)(=O)c2ccc3c(c2)NC(=O)CS3,C06892730,inactive
1344,Cc1cc(C)c(CNC(=O)c2cc(-c3ccc(CN(C)C)nc3)cc(N(C)C3CCNCC3)c2C)c(=O)[nH]1,CHEMBL3697433,active
1345,Cc1cc(C)c(CNC(=O)c2cc(cc3N(CCc23)C(=O)c2ccco2)-c2ccc(CN3CCOCC3)cc2)c(=O)[nH]1,50575210,active
1346,COc1cc(cc(c1)OC)NC(=O)CCSc2nc([nH]n2)N/N=C/c3cccc(c3)Oc4ccccc4,C20832064,inactive
1347,c1cc(ccc1c2ccc(cc2)/N=N\c3c(ccc4c3c(cc(c4)S(=O)(=O)[O-])O)N)/N=N/c5c(ccc6c5c(cc(c6)S(=O)(=O)[O-])O)N,C95101003,inactive
1348,CCC(=O)Nc1c2ccc(nc2sc1C(=O)OC)C[NH+]3CCC(CC3)(c4ccc(cc4)Cl)O,C11881305,inactive
1349,C/C(=N/NC(=[NH2+])S[C@H]1CC(=O)N(C1=O)c2ccc(cc2)Br)/c3ccc(cc3)Cl,C12378874,inactive
1350,c1cc(sc1)[C@@H]2CC(=[NH+]c3n2ncc3C(=O)Nc4ccc(cc4)Cl)C(=O)[O-],C65102295,inactive
1351,CCN(C1CCC(CC1)N(C)C)c1c(C)c(cc2n(C)nc(C)c12)C(=O)NCc1c(C)cc(C)[nH]c1=O,516868,active
1352,Cc1c(c(n(n1)c2ccccc2)C)C(=O)C(=O)Nc3ccc4c(c3)[nH]c([nH+]4)Cc5ccccc5F,C59335089,inactive
1353,CCCc1cc(C)[nH]c(=O)c1CNC(=O)c1cc(cc(NC(C)C)c1C)-c1ccc(nc1)N1CCN(C)CC1,420310,active
1354,COCC(=O)Nc1c2cc(c[nH+]c2n(c1C(=O)OC)CCc3c[nH]c4c3cccc4)NC5CCSCC5,C14532628,inactive
1355,Cc1cc(ccc1OCc2ccccc2)C(=C3[C@H](N(C(=O)C3=O)Cc4ccc[nH+]c4)c5cccc(c5)Oc6ccccc6)O,C08433425,inactive
1356,CSc1cc(C)[nH]c(=O)c1CNC(=O)c1cc(Cl)c2OC(C)(Oc2c1C)C1CCC(CC1)NC1(CF)COC1,542478,active
1357,c1ccc2c(c1)/C(=C/3\C(=O)N(C(=S)S3)CCCCCCCCCCC(=O)O)/C(=O)N2CC(=O)Nc4ccccc4Cl,C98218363,inactive
1358,c1ccc(cc1)[C@H](C[NH+]2CCC(CC2)CCCC3CC[NH+](CC3)C[C@@H](c4ccccc4)O)O,C13132765,inactive
1359,COc1ccc(cc1)C/[NH+]=C(/c2c(c3n(n2)[C@@H](C[C@@H](N3)c4ccc(cc4)OC)C(F)(F)F)Cl)\O,C00675004,inactive
1360,CC\1=NN(C(=O)/C1=C(\c2ccccc2)/NNC(=O)c3ccc(cc3)Cl)c4ccccc4,C17418998,inactive
1361,CCOc1ccc(cc1)[C@H]2C(=C(C(=O)N2CCc3c[nH]c4c3cc(cc4)OC)O)C(=O)c5cccc(c5)OC,C35163993,inactive
1362,COCCC[NH+](Cc1ccccc1OC)Cc2ccc(o2)C(c3cccc(c3)F)(c4cccc(c4)F)O,C36167841,inactive
1363,Cc1ccccc1Cc2c(nc(nc2N3CCN(CC3)C[C@H](C[NH+]4CCCCC4)O)c5ccccc5)C,C36340161,inactive
1364,CCCCSc1ccccc1NC(=O)CSc2nc([nH]n2)N/N=C/c3ccc(c(c3)OC)O,C58995333,inactive
1365,c1ccc(cc1)Oc2cccc(c2)[C@@H]3C(=C(C(=O)N3Cc4cc[nH+]cc4)O)C(=O)c5ccc6c(c5)OCCO6,C35025826,inactive
1366,CCN1CCN(c2ccc(-c3cc(C(=O)NCc4c(C)cc(C)[nH]c4=O)c(C)c4c3O[C@](C)(CN3CCOCC3)O4)cn2)CC1,CHEMBL5197902,active
1367,CCOC(=O)c1c(c(c(s1)NC(=O)CSc2c(c(cc(n2)c3ccc(c(c3)OC)OC)C(F)(F)F)C#N)C#N)C,C08451159,inactive
1368,CCN(C1CCOCC1)c1cc2oc(cc2c(C(=O)NCc2c(C)cc(C)[nH]c2=O)c1C)C1CCN(C)CC1,458807,active
1369,CC(=O)O[C@H]1CC[C@]23C[C@]24CC[C@@]5([C@H]([C@H](C[C@]5([C@@H]4C[C@@H]([C@@H]3C1(C)C)OC(=O)C)C)OC(=O)C)[C@]6(CC[C@H](O6)C(C)(C)O)C)C,C70691586,inactive
1370,Cc1cc(c(cc1COc2c(cccc2OC)OC)[C@@H]3[C@H]4CCCC=C4C(=C(C3(C#N)C#N)[NH3+])C#N)C,C00651005,inactive
1371,Cc1cc(C)c(CNC(=O)c2cc(NC(C)C)nc(-c3ccc(CN(C)C)cc3)c2)c(=O)[nH]1,CHEMBL3697403,inactive
1372,c1cc(cc(c1)NC(=O)c2ccc(cc2)N3CCCC3=O)C(=O)Nc4cccc(c4)F,C55771136,inactive
1373,c1cc(c[nH+]c1)CNC(=O)c2c3c(sc2NC(=O)Cc4coc5c4cc(cc5)F)CCCC3,C39882837,inactive
1374,CCOc1ccc(cc1OCC)[C@@H]2c3c(n[nH]c3C(=O)N2Cc4ccc[nH+]c4)c5cc(cc(c5O)C)C,C09124533,inactive
1375,CC(=O)O[C@H]1C[C@@H]2[C@@H]3CCC(=O)[C@@]3(CC[C@@H]2[C@@]4([C@@]1(CC(=O)CC4)O)C)C,C06158926,inactive
1376,CC(C)(C)c1ccc(cc1)[C@@H]2[C@H](C(=O)C(=O)N2CC[NH2+]CCO)C(=O)c3ccc(cc3)Cl,C04635152,inactive
1377,CC[C@H]1[C@]([C@@H]([C@@H]([NH+](C[C@@H](C[C@@]([C@@H]([C@@H]([C@@H]([C@@H](C(=O)O1)C)O[C@@H]2C[C@@]([C@@H]([C@@H](O2)C)O)(C)OC)C)O[C@@H]3[C@@H]([C@@H](C[C@@H](O3)C)N(C)C)O)(C)O)C)C)C)O)(C)O,C40163240,inactive
1378,COC(C1CCN(CC1)C=O)c1cc(Cl)c2CCN(Cc3c(C)cc(C)[nH]c3=O)C(=O)c2c1Cl,435562,active
1379,CCN(c1cc(-c2ccc(CN3CCNCC3)cc2)cc(C(=O)NCc2c(C)cc(C)[nH]c2=O)c1C)C1CCOCC1,CHEMBL3697463,active
1380,Cc1c(sc(n1)c2ccc(cc2)OC)C(=O)NNC(=O)c3cc(cn3C)Br,C16271347,inactive
1381,c1cc(cc(c1)Cl)c2nnc(o2)SCC(=O)Nc3ccc(cc3)N4CC[NH+](CC4)C5CCCCC5,C33761978,inactive
1382,c1cc(oc1)CNS(=O)(=O)c2cc(ccc2Br)C(=O)Nc3ccc(cc3)Br,C00990498,inactive
1383,Cc1cccc(c1)COc2ccc(cc2)C(=C3[C@H](N(C(=O)C3=O)Cc4ccc[nH+]c4)c5ccc(cc5)Cl)O,C09477523,inactive
1384,Cc1ccc(cc1)n2c3c(c(=O)[nH]c2=O)[C@@](C(=O)N3)(C(F)(F)F)NS(=O)(=O)c4ccc(cc4)C,C01880746,inactive
1385,c1ccc(cc1)N2C(=O)/C(=C/c3ccccc3C(F)(F)F)/N=C2SCC(=O)Nc4ccc(cc4)S(=O)(=O)N,C08416861,inactive
1386,CCn1cc(c(n1)C(=O)NC(=S)Nc2c(c3c(s2)C[C@@H](CC3)C)C(=O)OCC)Br,C01002756,inactive
1387,c1ccc2c(c1)nc(s2)C(=O)Nc3ccncc3NC(=O)c4nc5ccccc5s4,C09404647,inactive
1388,c1ccc(cc1)[C@H](C(=O)Nc2ccc(cc2)S(=O)(=O)/N=C/3\CCCCCN3)Sc4ccccc4,C14866677,inactive
1389,c1ccc2c(c1)c(nc(=S)[nH]2)NCC3CCC(CC3)C(=O)N4CC[NH+](CC4)C5CCCCC5,C20646096,inactive
1390,COc1ccc(cc1)[C@@H]2CC(=NN2C(=O)C[NH+]3CCC(CC3)c4[nH]c5ccccc5n4)c6cccs6,C09713580,inactive
1391,c1ccc(cc1)NC(=O)CCCN2C(=O)/C(=C\3/C(=O)N(C(=S)S3)CCCC(=O)Nc4ccccc4)/SC2=S,C06143163,inactive
1392,Cc1ccc(c(c1)c2csc(c2C(=O)OC(C)C)NC(=O)[C@H]3CC=CC[C@H]3C(=O)O)C,C19634521,inactive
1393,CCCOc1ccc(cc1)N2C(=O)C[C@@H](C2=O)SC(=[NH2+])N/N=C(/C)\c3ccc(cc3)O,C83331885,inactive
1394,CCOc1ccc(cc1)S(=O)(=O)NCCC(=O)Nc2nc(cs2)c3ccc(cc3)C(C)(C)C,C13014614,inactive
1395,CC1(CC(CC([NH2+]1)(C)C)N(Cc2cc[nH+]cc2)C(=S)Nc3ccc(cc3Cl)C(F)(F)F)C,C39422066,inactive
1396,CCN(C1CCC(CC1)N1CC(F)(F)C1)c1c(C)c(cc2n(C)ncc12)C(=O)NCc1c(C)cc(C)[nH]c1=O,516860,active
1397,CCN([C@@H]1CC[C@@H](CC1)N(C)C)c1c(C)c(cc2n(C)ncc12)C(=O)NCc1c(C)cc(C)[nH]c1=O,516841,active
1398,C[NH+]1CCc2c(sc3c2C(=N[C@H](N3)c4cc5c(cc4Br)OCO5)O)C1,C36093593,inactive
1399,CCOc1cc(ccc1OCCC(C)C)[C@H]2c3c([nH]nc3C(=O)N2CCCOC)c4cc(ccc4O)Cl,C39898304,inactive
1400,Cc1ccc(cc1S(=O)(=O)Nc2ccc(cc2)Cl)NC(=O)c3ccsc3,C13003167,inactive
1401,C[C@@H](C/N=C/1\N=C(S1)N(Cc2ccc(c(c2OC)OC)OC)C3CCCC3)NC4CC([NH2+]C(C4)(C)C)(C)C,C20285987,inactive
1402,C[C@]12CC[C@@H]3[C@@H]([C@@H]1CC[C@@H]2OC(=O)CCC(=O)NCCC4=c5ccccc5=[NH+]C4)CCC6=CC(=O)CC[C@]36C,C63350097,inactive
1403,[H]/N=C/1\C(=C/c2cc(c(c(c2)Cl)O)Cl)\C(=O)N=C3N1N=C(S3)c4ccccc4,C96445356,inactive
1404,CCCc1cc(C)[nH]c(=O)c1CNC(=O)c1cc(cc(N(CC)C2CCOCC2)c1C)-c1ccc(nc1)N1CCNCC1,172176,active
1405,Cc1cc(ccc1N/C(=N\C(=O)c2ccc3c(c2)OCO3)/NCCC4=c5ccccc5=[NH+]C4)Cl,C63588635,inactive
1406,CC[C@H](C)n1cc(C)c2c(C(=O)NCc3c(C)cc(C)[nH]c3=O)cc(-c3ccc(N4CCN(CCCCCCCCCOc5cccc6c5C(=O)N(C5CCC(=O)NC5=O)C6=O)CC4)nc3)cc21,CHEMBL5085848,active
1407,CC[NH+](CC)Cc1nc(c2c(c(sc2n1)C)C)N[C@H](CO)[C@H](c3ccc(cc3)[N+](=O)[O-])O,C09647492,inactive
1408,COc1ccccc1c2c3c(n(nc3nc(n2)N4CC[NH+](CC4)Cc5ccccc5)c6ccc(cc6)Cl)N,C37357866,inactive
1409,CCOc1cc(ccc1OCC[NH+]2CCOCC2)[C@@H]3[C@H]4C[C@@H](CC=C4C(=C(C3(C#N)C#N)N)C#N)C(C)(C)C,C33781367,inactive
1410,Cc1cccc(c1NC(=O)CS[C@H]2N=N[C@H](O2)[C@H](CC3=c4ccccc4=[NH+]C3)NC(=O)OC(C)(C)C)C,C63425963,inactive
1411,CCCc1cc(C)[nH]c(=O)c1CNC(=O)c1cc(Cl)cc(N(CC)[C@H]2CC[C@@H](CC2)N(C)C)c1C,190206,active
1412,Cc1ccc(cc1)CN(c2ccc3c(c2)cc(s3)C(=O)Nc4ccc(cc4)NC(=O)C)S(=O)(=O)C,C13584243,inactive
1413,CC[NH+](CCCNC(=O)[C@@H]1c2ccccc2C(=O)N([C@@H]1c3cccs3)C4CCCC4)Cc5ccccc5,C09433504,inactive
1414,c1cc([nH+]cc1S(=O)(=O)N2CCCCC2)SCC(=O)Nc3c(c4c(s3)CCC4)C(=O)N,C08707768,inactive
1415,Cc1ccc(cc1)CN2c3ccsc3C(=O)/C(=C/Nc4ccc(cc4)S(=O)(=O)N)/S2(=O)=O,C20575723,inactive
1416,COCC(=O)Nc1c2cc(c[nH+]c2n(c1C(=O)OC)CCc3ccc(cc3)OC)NCc4ccsc4,C14540717,inactive
1417,CCOc1cc(c(c(c1O)/C=[NH+]/CCCNc2ccc(cc2)[N+](=O)[O-])Br)Br,C16688121,inactive
1418,CCOC(=O)c1ccc(cc1)NC(=O)C[C@@H]2C(=O)N(C(=O)N2Cc3ccc(c(c3)OC)OC)c4ccc(cc4)OC,C97995821,inactive
1419,Cn1cc[nH+]c1[C@@H](c2ccc(cc2)Cl)NC(=O)CCCNC(=O)C34CC5CC(C3)CC(C5)C4,C12507109,inactive
1420,c1ccc(cc1)C(c2ccccc2)[NH+]3CCN(CC3)C(=O)c4cnn5c4N[C@@H](C[C@H]5C(F)(F)F)c6ccc7c(c6)OCO7,C29747415,inactive
1421,Cn1ccnc1[C@@H](c2ccc(cc2)Cl)[NH2+]C[C@H](COC(c3ccc(cc3)F)c4ccc(cc4)F)O,C28656092,inactive
1422,C[C@H](C1CCN(CC2(C)CC2)CC1)c1sc2CCCN(Cc3c(C)cc(C)[nH]c3=O)C(=O)c2c1C,439197,active
1423,COc1ccc(cc1)c2nnc(n2CCC(=O)NC[C@H](c3cccc(c3)Cl)[NH+]4CCCC4)[S-],C71892157,inactive
1424,CCOC(=O)C1=C(OC(=C([C@@H]1c2ccc(cc2)SC)C#N)N)CSc3c(ccc([nH+]3)c4cccs4)C#N,C08443121,inactive
1425,Cc1ccc(cc1)[C@@H]2C[C@@H](n3c([nH+]cn3)N2)c4ccc(c(c4)OCc5ccccc5)OCc6ccccc6,C13097432,inactive
1426,Cc1c2c(n(n1)c3ccccc3)[NH+]=C4C(=Nc5ccccc5N4[C@@H]2c6cccc(c6)OC)Nc7ccc(c(c7)Cl)OC,C01876286,inactive
1427,Cc1cc(C)c(CNC(=O)c2cc(-c3ccc4c(c3)OCCO4)nc3c2cnn3C(C)C)c(=O)[nH]1,CHEMBL3414618,active
1428,c1ccc(cc1)[C@H](CNC(=O)CCNS(=O)(=O)c2ccc(cc2)Br)[NH+]3CCCC3,C16259340,inactive
1429,c1cc(oc1)c2nc3n(n2)c(c(s3)[C@H](c4ccc(cc4Cl)Cl)[NH+]5CCC(CC5)C(=O)N)O,C09808543,inactive
1430,C/C(=N\NC(=O)CSc1nnc(n1c2ccccc2)c3ccc(c(c3)OC)OC)/c4ccc5ccccc5c4,C98225293,inactive
1431,Cc1cc(C)c(CNC(=O)c2cc(cc3n(ncc23)C2CCCC2)-c2ccc(CN3CCNC(=O)C3)cc2)c(=O)[nH]1,326092,active
1432,Cc1ccc(c(c1)C)S(=O)(=O)N2CC[NH+](CC2)Cc3nc(nc(n3)Nc4ccc(cc4)Cl)N,C25677485,inactive
1433,CCc1c[nH+]c2c(c1NOCC(=O)Nc3ccc(cc3)Br)c(=O)n(c(=O)n2C)C,C12309573,inactive
1434,Cc1cc(ccc1NC(=O)C[NH+](C)CC(=O)N(C)CC(=O)Nc2ccc(cc2)Cl)Br,C08767689,inactive
1435,Cc1cc(C)c(CNC(=O)c2cc(Br)c3c(c2C)O[C@@](C)([C@H]2CC[C@H](N(C)C)CC2)O3)c(=O)[nH]1,CHEMBL5197386,active
1436,CC(=O)c1ccc(cc1)NC(=O)[C@@H](Cc2ccccc2)NS(=O)(=O)c3ccc4c(c3)CCN4C(=O)C,C20232201,inactive
1437,Cc1ccc(cc1)C2=N[C@H]([NH2+][C@@H](C2)c3ccccc3O)c4cc(ccc4OC)Br,C20764724,inactive
1438,COc1ccc(cc1)[C@H](CCc2ccc(cc2OC)O)c3cc(c(cc3O)OC)CCC(=O)c4ccc(cc4)O,C28968107,inactive
1439,Cc1cc(C)c(CNC(=O)c2cc(-c3ccc(CN(C)C)cc3)cc(N(C)[C@H]3CC[C@@H](N)CC3)c2C)c(=O)[nH]1,CHEMBL3697438,active
1440,CCCCCN1C(=C(c2ccccc2S1(=O)=O)NC(=O)CN3C(=O)c4ccccc4C3=O)C(=O)c5ccccc5,C01845407,inactive
1441,c1cc(c(cc1NC(=O)C[NH+]2CCCN(CC2)S(=O)(=O)c3ccc(s3)Br)Cl)F,C09775569,inactive
1442,COc1ccc(cc1OC)CC[n+]2c(csc2Nc3ccc(cc3)OC(F)(F)Cl)c4ccc(cc4)S(=O)(=O)N5CCCCC5,C97966133,inactive
1443,CC(C)[NH2+][C@H]1C[C@H](N2[C@@H](Cc3c4ccccc4[nH]c3[C@H]2C1)C(=O)OC)c5ccc(cc5)OC(F)(F)F,C12603177,inactive
1444,CN(C)C12CCC(CC1)(CC2)C1(C)Oc2c(O1)c(Br)c1CCN(Cc3c(C)cc(C)[nH]c3=O)C(=O)c1c2C,588041,active
1445,CC(=O)Nc1ccc(cc1)NC(=S)NC(=O)c2ccccc2[N+](=O)[O-],C00674548,inactive
1446,c1ccc(cc1)n2c3c(c(n2)C(F)(F)F)[C@H](C(=C(O3)[NH3+])C#N)c4cccc(c4)C(F)(F)F,C34953312,inactive
1447,CCOc1ccc(cc1)S(=O)(=O)Nc2c(nc3ccccc3n2)n4ccc(=[NH+]C(=O)c5ccccc5C)cc4,C81049005,inactive
1448,Cc1nc(cs1)COc2ccccc2/C=C/C(=O)NC[C@@H](c3ccc(cc3)Cl)[NH+]4CCOCC4,C72044789,inactive
1449,Cc1ccccc1NC(=O)C2=C([NH+]=C3N=C(NN3[C@H]2c4cccs4)SCc5ccccc5)C,C08591570,inactive
1450,c1c(cc(cc1Cl)Cl)NC(=O)[C@H]2[C@H]3C=C[C@@]4([C@@H]2C(=O)N([C@@H]4C(=O)NC5CCCCC5)C[C@@H]6CCCO6)O3,C03658510,inactive
1451,COc1cccc2c1oc(c2)C(=O)C3=C(C(=O)N([C@@H]3c4cc(c(c(c4)Br)O)OC)CCCn5cc[nH+]c5)O,C01110464,inactive
1452,C[C@@H](C(=O)Nc1ccc(cc1)NC(=O)C)S[C@@H]2NN=C(N2c3ccccc3)C4=c5ccccc5=[NH+]C4,C39933409,inactive
1453,Cc1cc(c(s1)C)[C@H]2C(=C(N(C3=C2C(=O)C[C@H](C3)c4ccccc4)c5cccnc5)N)C#N,C09981763,inactive
1454,COC(=O)[C@@H](CCSC)NC(=O)N1CCc2c([nH]c[nH+]2)[C@@H]1c3ccc(cc3Cl)Cl,C36575690,inactive
1455,CC(=O)N[C@@H]1[C@H]([C@@H]([C@H](O[C@H]1O[C@H]2CC[C@]3([C@@H](C2(C)C)CC[C@@]4([C@H]3CC=C5[C@]4(C[C@H]([C@@H]6[C@@H]5CC(C[C@H]6C(=O)[O-])(C)C)O)C)C)C)CO)O)O,C95725685,inactive
1456,c1ccc(cc1)NC(=O)C[C@H]2C(=O)N(/C(=N\[NH+]=C\c3ccccc3O)/S2)c4ccc(cc4)O,C38182896,inactive
1457,Cc1cccn2c1nc(c(c2=O)/C=C\3/C(=O)N(C(=S)S3)Cc4ccccc4)NC[C@H](c5ccccc5)O,C02260212,inactive
1458,c1ccc(cc1)COc2cccc(c2)C(=O)NC(=S)Nc3ccc(cc3)N4CCN(CC4)C(=O)c5ccccc5F,C97995797,inactive
1459,C[C@@H](C(=O)Nc1ccccc1C(=O)c2ccccc2)[NH+](C)CC(=O)Nc3ccccc3Br,C16633283,inactive
1460,CN(C)c1ccc(cc1)[C@@H](CNC(=O)Nc2cc(c(c(c2)OC)OC)OC)[NH+]3CCc4ccccc4C3,C22419114,inactive
1461,Cc1cc(C)c(CN2CCc3c(Cl)cc(-c4c(C)noc4C)c(Cl)c3C2=O)c(=O)[nH]1,CHEMBL3911017,active
1462,CC(C)/C(=[NH+]/c1ccc(cc1OC)/N=C(/c2cc(ccc2Cl)I)\O)/O,C01108411,inactive
1463,CCN1c2ccccc2[C@]3(C1=O)C(=C(C(=O)N3CCC[NH+](C)C)O)C(=O)c4ccc(cc4)S(=O)(=O)N5CCCCCC5,C98046928,inactive
1464,Cc1ccc(o1)C[NH+](Cc2ccco2)Cc3ccc(o3)C(c4ccc(cc4)OC)(c5ccc(cc5)OC)O,C36202443,inactive
1465,c1cc(ccc1NC(=O)CN2C(=O)C3(CCCC3)NC2=O)I,C03611076,inactive
1466,CC(C)(CCl)C(=O)Nc1ccc2c(c1)c(c[nH]2)CC[NH+]3CCN(CC3)c4ccc(cc4)OC,C23322868,inactive
1467,C[C@@H](C(=O)NC)NS(=O)(=O)c1c(nc2n1ccs2)NN,C49102113,inactive
1468,CC(=[NH2+])C(C#N)C(=O)COC(=O)c1ccc(cc1)CNS(=O)(=O)c2ccc(c(c2)Cl)Cl,C08825509,inactive
1469,CCCC[C@]12C=CC[NH+]3[C@@H]1[C@@]4(CC3)c5ccc(cc5N([C@@H]4[C@@]([C@@H]2O)(C(=O)OC)O)C)OC,C04109208,inactive
1470,Cc1ccccc1OCCOc2c(cc(cc2OC)/C=C\3/C(=[NH2+])N4C(=[NH+]SC4=NC3=O)SC)OC,C20205517,inactive
1471,C[NH+](C)[C@@H](CNC(=O)CSc1nnc(s1)Nc2ccc(cc2)OC(F)(F)F)c3ccccc3,C09672620,inactive
1472,C[C@@H](Cc1cccs1)[NH+](Cc2ccc(cc2)Cl)CC(=O)Nc3cc(ccc3OC)NC(=O)C,C32836185,inactive
1473,CSc1c(c(nn1CNC(=O)Nc2cc(cc(c2)C(F)(F)F)C(F)(F)F)c3cccs3)C#N,C01037394,inactive
1474,COc1ccc(cc1OC)CC(=O)NC[C@@H](c2ccc3c(c2)OCO3)[NH+]4CCN(CC4)c5ccccc5F,C38620703,inactive
1475,c1ccc(c(c1)C(F)(F)F)NC(=O)NCC[NH+]2CCN(CC2)c3nc(ns3)Cc4ccc(cc4)F,C35768300,inactive
1476,c1ccc(cc1)CCN(CC(=O)N/N=C/c2ccccc2O)S(=O)(=O)c3ccc(cc3)Br,C16479043,inactive
1477,CSc1cc(C)[nH]c(=O)c1CNC(=O)c1c(C)n([C@@H](C)[C@H]2CC[C@@H](CC2)N2CC(C2)OC2CC2)c2ccccc12,50597874,active
1478,C[NH+]1CCC(CC1)(C(=O)Nc2ccc(cc2OC)OC)N(Cc3ccco3)C(=O)CN4C[C@H](NC4=S)c5ccccc5,C08748391,inactive
1479,C[C@@]1([C@@H]2C[C@@H](CC[C@@]([C@@H]2CC1=O)(CO)O)C(C)(C)O[C@@H]3[C@@H]([C@@H]([C@@H]([C@@H](O3)CO)O)O)O)O,C72320119,inactive
1480,C/[NH+]=C(/Nc1ccc(cc1)I)\S[C@H]2CC(=O)N(C2=O)CCc3ccccc3,C59446299,inactive
1481,c1ccc(cc1)C[C@H](C(=O)N2CCC3(CC2)c4c([nH+]c[nH]4)CC[NH2+]3)NC(=O)Cc5ccc(cc5)Cl,C08743819,inactive
1482,CCOC(=O)C1=C(OC(=C([C@H]1c2ccc(cc2)Cl)C#N)N)CSc3c(ccc([nH+]3)c4ccncc4)C#N,C08448662,inactive
1483,CCOc1ccc(cc1)/C=N/Nc2[nH+]c3c(n2Cc4cccc(c4)Br)c(=O)n(c(=O)n3C)C,C05921149,inactive
1484,Cc1c2c([nH]n1)OC(=C([C@H]2c3cc(c(c(c3)Br)OCc4ccccc4F)OC)C#N)[NH3+],C22742657,inactive
1485,C/C(=N/Nc1[nH]nc(n1)SCC(=O)Nc2ccccc2Br)/c3cc[nH+]cc3,C59023507,inactive
1486,Cc1ccc(cc1)C(=O)N/C(=C/c2ccc(o2)c3cccc(c3)[N+](=O)[O-])/C(=O)NCCCn4cc[nH+]c4,C01831547,inactive
1487,c1cc(ccc1C(=O)Nc2ccc(cc2)S(=O)(=O)Nc3ccc(cc3)F)Cl,C04523837,inactive
1488,C[C@H]1C[C@@H](CN(C1)S(=O)(=O)c2ccc(cc2)C(=O)O[C@@H](C)C(=O)Nc3ccc(cc3)C(=O)N)C,C12873141,inactive
1489,c1cc(ccc1CCNC(=O)CSc2ccc(c[nH+]2)S(=O)(=O)N3CCCCC3)S(=O)(=O)N,C08826460,inactive
1490,c1ccc2c(c1)[nH+]c(n2CC(=O)Nc3ccc(cc3)Cl)CCNC(=O)[C@@H]4CCCO4,C40299435,inactive
1491,c1cc(ccc1NC(=O)CSc2nc3c(c4c(s3)CCCC4)c(=O)n2Cc5cc[nH+]cc5)Br,C97946051,inactive
1492,COc1ccc(cc1)/C(=N\CCc2c[nH]c3c2cccc3)/C4C(=O)NC(=O)N(C4=O)c5ccc(cc5)Br,C08769390,inactive
1493,C[C@@H](c1nnc(n1c2ccc(cc2)F)S[C@H](C)C(=O)Nc3ccccc3C(C)C)[NH+]4CCCCC4,C24227983,inactive
1494,CCOc1cccc(c1O)[C@H]2CC(=N[C@@H]([NH2+]2)c3ccc(c(c3)Br)OC)c4cccc(c4)OC,C09542573,inactive
1495,c1cc(ccc1c2cc(nc(n2)c3ccc(cc3)NC(=O)C(F)(F)F)c4ccc(cc4)NC(=O)C(F)(F)F)NC(=O)C(F)(F)F,C98000406,inactive
1496,CCc1ccc(cc1)N2C(=O)[C@@](C(=O)NC2=O)(Cc3ccc4c(c3)OCO4)C[NH+]5C[C@H]6C[C@@H](C5)c7cccc(=O)n7C6,C70669776,inactive
1497,Cc1ccc2c(cccc2n1)c3nnc(n3C)SCCC[NH+]4CCc5ccc6c(c5CC4)nc(o6)C(F)(F)F,C29127259,inactive
1498,CC1=C([C@H]([C@H]2C(=N1)CC(CC2=O)(C)C)c3ccc(c(c3)COc4ccc(cc4)I)OC)C(=O)Nc5cccc[nH+]5,C08450341,inactive
1499,C[C@H]1CCC[C@@H]([C@@H]1C)[NH2+][C@@H]2CC(=O)N(C2=O)c3ccc(cc3)N4C(=O)C[C@@H](C4=O)[NH2+][C@@H]5CCC[C@@H]([C@@H]5C)C,C37089024,inactive
1500,CCN([C@H]1CC[C@H](CC1)C(=O)N1CCCC1)c1cc(Cl)cc(C(=O)NCc2c(C)cc(C)[nH]c2=O)c1C,190222,active
1501,COc1ccc(cc1)c2cc(c(c(n2)SCC(=O)Nc3ccc(c[nH+]3)Br)C#N)C(F)(F)F,C01010140,inactive
1502,CCc1cc(C)[nH]c(=O)c1CN1CCN(C)c2c(Cl)cc(-c3c(C)noc3C)c(Cl)c2C1=O,CHEMBL5071153,active
1503,Cc1noc(C)c1-c1cc(Cl)c2CCN(Cc3c(cc(C)n(C)c3=O)C(F)(F)F)C(=O)c2c1Cl,50586156,active
1504,c1ccc(cc1)OCCOc2ccc(cc2)NC(=S)NC(=O)c3ccccc3I,C14042443,inactive
1505,CCOc1ccc(cc1)C(=O)Oc2ccc(cc2/C=N/NC(=O)c3ccc(cc3)NS(=O)(=O)c4ccc(cc4)Cl)Br,C04232331,inactive
1506,c1cc2c(cc1C[NH+]3CCN(CC3)c4c(c([nH+]cn4)Nc5ccc(cn5)Br)N)OCO2,C40779937,inactive
1507,c1ccc2c(c1)C3=N[C@@H](C(=O)N3C(=N2)SCC(=O)Nc4cccc(c4)C(F)(F)F)CCC(=O)NCc5cccs5,C33356272,inactive
1508,Cc1cc(c(c(c1)C)NC(=O)CSc2c3c(nc(n2)c4ccccc4OC)Oc5c(ncc(c5C3)CO)C)C,C08589241,inactive
1509,CC(C)(C)OC(=O)N[C@H](Cc1ccccc1)C(=O)/N=C/2\N([C@@H]3CS(=O)(=O)C[C@@H]3S2)Cc4ccccc4,C36638609,inactive
1510,c1cc(cc(c1)I)C(=O)NC(=S)Nc2ccc(cc2)NC(=O)c3ccco3,C01169777,inactive
1511,C[NH+](C)CCNC(=O)C[NH+]1CC[NH+](CC1)[C@@H](c2c[nH]c3c2ccc(c3)Br)C(=O)[O-],C31815755,inactive
1512,CCc1nc2n(n1)c(c(s2)[C@@H](c3ccc(c(c3)F)F)N4CC[NH+](CC4)CCO)O,C22854631,inactive
1513,C[C@@H]1CC[C@@]2(CC[C@@]3(C(=CC[C@H]4[C@]3(CC[C@H]5[C@@]4(C[C@H]([C@@H]([C@]5(C)C(=O)[O-])O)O)C)C)[C@@H]2[C@]1(C)O)C)C(=O)O[C@H]6[C@@H]([C@H]([C@@H]([C@H](O6)CO)O)O)O,C67902732,inactive
1514,CCCC[NH+](CCCC)CCCN1[C@H](C(=C(C1=O)O)C(=O)c2ccc(cc2)[N+](=O)[O-])c3cccc(c3)O,C35164695,inactive
1515,Cn1c(cc(n1)c2ccc(cc2)F)[C@H]3C[NH+]4CC[C@@H]3C[C@@H]4COC(=O)Nc5cccc(c5)C(F)(F)F,C43525345,inactive
1516,c1ccc2c(c1)[C@@H](OC2=O)[C@H](C(=O)c3ccc(c(c3)Cl)Cl)/C(=N/N)/C(=O)Nc4ccc(cc4C#N)[N+](=O)[O-],C05809673,inactive
1517,CCN([C@H]1CC[C@@H](CC1)N(C)C)c1cc(Cl)cc(C(=O)NCc2c(C)cc(C)nc2=O)c1C,190185,active
1518,c1ccc(c(c1)NS(=O)(=O)c2cccc(c2)C(=O)Nc3ccc(cc3)c4cn5ccccc5[nH+]4)F,C10322590,inactive
1519,c1ccc(cc1)C(c2ccccc2)N3CCN(CC3)c4c(c(nc[nH+]4)N5CCc6c5cccc6)N,C40687301,inactive
1520,Cc1ccccc1n2c3c(c(=O)n(c(n3)SCC(=O)Nc4ccc(cc4)N(C)C)c5ccccc5F)sc2=S,C03026526,inactive
1521,CCCn1cc(c(n1)C)CN/C(=N\C(=O)c2ccc(cc2)Cl)/Nc3ccc(cc3)Br,C32972803,inactive
1522,CCCCCOc1ccc(cc1)[C@@H]2C(=C(C(=O)N2CCCn3cc[nH+]c3)O)C(=O)c4ccc5c(c4)C[C@@H](O5)C,C09292792,inactive
1523,CCc1ccc(cc1)NC(=O)c\2cc3ccc(cc3o/c2=[NH+]\c4ccc(cc4)S(=O)(=O)N)OC,C59170630,inactive
1524,CCCC[NH+](C)Cc1c(ccc2c1oc(c(c2=O)Oc3ccccc3Br)C(F)(F)F)O,C01782074,inactive
1525,COC(=O)c1c2c(sc1NC(=O)c3ccc(cc3)S(=O)(=O)N4CCCC4)CN(CC2)Cc5ccccc5,C97957490,inactive
1526,CCN(C(=O)C1CC1)c1cc(-c2ccc(NC(=O)CCN(C)C)cc2)cc(C(=O)NCc2c(C)cc(C)[nH]c2=O)c1C,CHEMBL4847202,active
1527,CCN(c1cc(Cl)cc(C(=O)NCc2c(C)cc(C)nc2OC)c1C)C1CCOCC1,CHEMBL3770929,inactive
1528,Cc1ccc[nH+]c1NC(=O)C2[C@H](C3C(=NC2=C)CCCC3=O)c4ccc(c(c4)COc5ccc(cc5)Cl)OC,C08440259,inactive
1529,CC1(CC(CC([NH2+]1)(C)C)Nc2c(c(ncn2)N(Cc3ccccc3)c4cccc[nH+]4)[N+](=O)[O-])C,C40645261,inactive
1530,COCC[NH+]1CCN(CC1)c2nc(c3c(n(nc3n2)c4ccc(cc4)Cl)N)c5cccc(c5F)F,C37360818,inactive
1531,CC(=O)Nc1ccc(cc1)S(=O)(=O)/N=C\2/[C@H]([NH+]=c3ccccc3=[NH+]2)Nc4ccc(cc4)C(=O)[O-],C39984371,inactive
1532,CC[NH+](CC)CCCN1[C@H](C(=C(C1=O)O)C(=O)c2ccc3c(c2)C[C@H](O3)C)c4ccc(cc4)C(C)(C)C,C20331400,inactive
1533,Cc1[nH]ncc1-c1cc(Cl)c2CCN(Cc3c(C)cc(C)[nH]c3=O)C(=O)c2c1Cl,50193656,active
1534,CS(=O)(=O)c1cccc(c1)C(=O)Nc2nc3ccc(cc3s2)F,C05223067,inactive
1535,Cc1c(c(c(c(c1c2c[nH]c[nH+]2)[N+](=O)[O-])S(=O)(=O)c3c(c(c(c(c3Cl)C)C)c4c[nH]cn4)[N+](=O)[O-])Cl)C,C98232201,inactive
1536,CNc1c(cc(cn1)Br)S(=O)(=O)Nc2cc(ccc2Cl)Br,C61693445,inactive
1537,COc1cc(C)[nH]c(=O)c1CNC(=O)c1c(C)n(C(C)C2CCN(C)C(C(F)(F)F)C2)c2ccccc12,CHEMBL5185344,active
1538,c1cc(ccc1NC(=O)COc2ccc(cc2Br)Br)S(=O)(=O)Nc3ccc(cc3)S(=O)(=O)N,C97940303,inactive
1539,c1cc(cc(c1)Br)Cn2cnc(n2)NC(=O)c3ccc4c(c3)COC4,C64457086,inactive
1540,CC(C)n1ncc2c(cc(nc12)-c1ccc(CNC2CCCCC2N)cc1)C(=O)NCc1c(C)cc(C)[nH]c1=O,325885,active
1541,C=CCn1c(nnc1SCC(=O)Nc2ccc(cc2)I)Cn3c4ccccc4nn3,C00997944,inactive
1542,CC(C)OCCCN1[C@H]([C@@]23C=C[C@@H](O2)[C@@H]([C@@H]3C1=O)C(=O)Nc4ccc(cc4)Cl)C(=O)NC5CCCCC5,C36066318,inactive
1543,C=CCNC(=S)N1CC[NH+](CC1)[C@@H]2c3cccc4c3c(ccc4)[C@H]2NS(=O)(=O)c5ccc(cc5)Cl,C09085917,inactive
1544,CC[C@H](C)[C@H](C(=O)Nc1nnc(s1)c2ccc(cc2)Br)NC(=O)Nc3cc(cc(c3)C(F)(F)F)C(F)(F)F,C98017265,inactive
1545,CC(C)c1cc(n[nH]1)NC(=O)[C@@H]2CCCN2C(=O)c3ccc(cc3)Br,C97544939,inactive
1546,Cc1nc2ccc(cc2s1)NC(=O)c3ccc(cc3)S(=O)(=O)N4CCCC4,C03430718,inactive
1547,[H]/N=C/1\C(=C\c2ccc(c(c2)OCC)OCCOc3ccc(c(c3)C)C)\C(=O)N=C4N1C(=CS4)c5ccccc5Cl,C08495788,inactive
1548,c1ccc(cc1)CCN2C(=O)N(C(=O)C23CC[NH+](CC3)C[C@H]4C=c5ccccc5=[NH+]4)Cc6ccccc6,C63985974,inactive
1549,Cc1cc(C)c(CNC(=O)c2cc(-c3ccc(CN4CCOCC4)cc3)cc3c2CCN3C2CCOCC2)c(=O)[nH]1,CHEMBL3915266,active
1550,C[C@H]1[C@H]2C[C@H]3[C@]45CCC[C@]([C@@H]4C[C@@H]([C@@]3(C2)[C@H]1O)OC(=O)c6ccccc6)(C[N+](=C5)CCOC(=O)c7ccccc7)C,C01902206,inactive
1551,COC(C1CN(C)C1)c1cc(Cl)c2CCN(Cc3c4cc[nH]c4c(C)[nH]c3=O)C(=O)c2c1Cl,378905,active
1552,Cc1c2c(n(n1)c3ccc(cc3)F)NC(=O)[C@H](S[C@@H]2c4ccc(c(c4)OC)O)C,C06679184,inactive
1553,CN1[C@@H]([C@H](CCCC1=O)C(=O)O)c2ccc(c(c2)Br)OC,C70276521,inactive
1554,CCOC(=O)c1ccccc1NC(=O)CSc2nc3c(c([nH]n3)C)c(=[NH2+])n2c4ccc(cc4)OC,C02927450,inactive
1555,C[NH+]1CCc2cc3c(c(c2[C@H]1C/[NH+]=C/C4C(=NC(=O)N(C4=O)c5ccccc5Cl)O)OC)OCO3,C08973432,inactive
1556,CCN(c1cc(/C=C/c2ccc3c(c2)NC(=O)CO3)cc(C(=O)NCc2c3c(c(C)[nH]c2=O)CCCC3)c1C)C1CCOCC1,CHEMBL4644018,active
1557,COC(=O)c1cc(cc(c1)NC(=O)CSc2nc3c(c(cs3)c4ccccc4)c(=O)n2c5ccccc5)C(=O)OC,C01896109,inactive
1558,CCOc1cccc2c1nc(s2)N3CCN(CC3)C(=O)c4ccccc4NS(=O)(=O)c5ccccc5,C20571914,inactive
1559,Cc1cc(C)c(CNC(=O)c2cc(-c3ccc(N4CCN(CCOCCC(=O)Nc5cccc6c5C(=O)N(C5CCC(=O)NC5=O)C6=O)CC4)nc3)c3c(cnn3C(C)C)c2)c(=O)[nH]1,CHEMBL5186430,active
1560,c1cc(cc(c1)NC(=O)c2c3c([nH]n2)-c4ccc[nH+]c4CC3)CC(=O)NCc5cccs5,C77971394,inactive
1561,Cc1c(sc(n1)N2[C@H](C(=C(C2=O)O)C(=O)c3ccc4c(c3)C[C@@H](O4)C)c5ccc(cc5)OC)C(=O)OCC=C,C97955767,inactive
1562,Cc1ccc(cc1)NC(=O)CN2C(=O)/C(=C\c3cc(cs3)Br)/NC2=O,C09260570,inactive
1563,C[C@@H]1CC[C@@]2(CC[C@@]3(C(=CC[C@H]4[C@]3(CC[C@H]5[C@@]4(CC[C@@H]([C@]5(C)C(=O)[O-])O)C)C)[C@@H]2[C@]1(C)O)C)C(=O)O[C@@H]6[C@@H]([C@@H]([C@@H]([C@@H](O6)CO)O)O)O,C67903309,inactive
1564,CCOc1ccc(cc1)NC(=O)N2CCN(CC2)c3c(c([nH+]c(n3)c4cccc(c4)C)C)Cc5ccccc5,C35890677,inactive
1565,COc1ccc2c(c1Cl)C(=O)N(Cc1c(C)cc(C)[nH]c1=O)CCC2,CHEMBL3984943,active
1566,[H]/[O+]=c\1/c(=N\C2CC2)/c(c1[O-])[NH+]3CCC(CC3)NC(=O)N4CCc5c4ccc(c5)c6ccccc6,C24976769,inactive
1567,CCOC(=O)c1c(c(sc1NC(=O)C[NH+]2CCC[C@@H]2C(=O)NC3CC3)Cl)c4ccccc4,C12871979,inactive
1568,COc1ccc(cc1)NC(=O)C(=O)NC[C@@H](c2ccc3c(c2)OCO3)[NH+]4CCN(CC4)c5ccccc5F,C38621109,inactive
1569,COc1cc(cc(c1OCc2ccc[nH+]c2)Br)C[NH2+]CCc3c[nH]c4c3cccc4,C22107396,inactive
1570,Cc1ccc2c(c1)CCCN2C(=O)c3cc(c[nH]3)S(=O)(=O)N4CCSCC4,C72040590,inactive
1571,C[C@H](C(=O)NC(=O)NC12CC3CC(C1)CC(C3)C2)Sc4ccc(c[nH+]4)S(=O)(=O)N5CCCC5,C12522116,inactive
1572,CCCCCOc1ccc(cc1OC)[C@@H]2C(=C(C(=O)N2c3cccc[nH+]3)O)C(=O)c4ccc5c(c4)C[C@H](O5)C,C38249415,inactive
1573,CCN(C1CCOCC1)c1cc(cc(C(=O)NCc2c(C)cc(C)[nH]c2=O)c1C)-c1ccc(OCCCNC(=O)C[C@@H]2N=C(c3c(C)c(C)sc3-n3c(C)nnc23)c2ccc(Cl)cc2)cc1,50605633,active
1574,c1ccc(cc1)C[NH+]2C[C@@H](C[C@H]2C(=O)NCCc3ccc4c(c3)OCO4)NCc5ccc(cc5)Cl,C32520428,inactive
1575,COc1ccc(cc1)NC(=O)[C@H]2[C@H]3C=C[C@@]4([C@H]2C(=O)N([C@@H]4C(=O)NC5CCCCC5)Cc6cccs6)O3,C97962331,inactive
1576,COCCN(C1CCOCC1)c1cc(cc(C(=O)NCc2c(C)cc(C)[nH]c2=O)c1C)-c1ccc(CN2CCOCC2)cc1,172136,active
1577,CC(=O)c1ccc(cc1)N2C(=O)[C@@H]3[C@@H]([NH2+][C@]4([C@@H]3C2=O)c5ccccc5NC4=O)CC6=c7ccccc7=[NH+]C6,C63480056,inactive
1578,COc1cc(cc(c1O)Br)/C=C/2\C(=O)NC(=S)N(C2=O)c3ccccc3F,C59135705,inactive
1579,CN([C@H]1CC[C@@H](CC1)NC(C)=O)c1cc(cc(C(=O)NCc2c(C)cc(C)nc2=O)c1C)-c1ccc(CN2CCOCC2)nc1,514193,active
1580,Cc1cccc(c1C)n2cc[nH+]c2SCC(=O)N[C@H](c3ccc(c(c3)F)F)C(=O)NC,C97045054,inactive
1581,Cc1cc(c(cc1S(=O)(=O)Nc2cc(c(cc2Cc3c4cc(c(cc4cc[nH+]3)OC)OC)OC)OC)C(C)C)OC,C06038855,inactive
1582,Cc1ccc[nH+]c1NC(=O)C2[C@H](C3C(=NC2=C)CCCC3=O)c4ccc(c(c4)COc5ccc(cc5)F)OC,C08400251,inactive
1583,CC(=O)N1CC(C1)=C(C)c1cc(Cl)c2CCN(Cc3c(C)cc(C)[nH]c3=O)C(=O)c2c1Cl,435566,active
1584,COc1ccc(cc1)CCOc2nc(n(n2)c3ccc(cc3)NC(=O)c4cccc(c4)[N+](=O)[O-])c5ccccc5F,C98009932,inactive
1585,CCN(c1cc(-c2ccc(CN3CC[C@@H](O)C3)cc2)cc(C(=O)NCc2c(C)cc(C)[nH]c2=O)c1C)C1CCOCC1,CHEMBL3697461,active
1586,Cc1ccc(cc1)c2c(sc([n+]2CC=C)Nc3c(n(n(c3=O)c4ccccc4)C)C)NC(=O)c5ccc(cc5)Cl,C97947073,inactive
1587,CCCCOC(=O)C1[C@H](C2C(=NC1=C)C[C@@H](CC2=O)c3ccc(c(c3)OC)OC)c4cc(c(c(c4)Br)O)OCC,C06149831,inactive
1588,C=CCN1C2=C([C@@H](NC1=O)c3cccc(c3)OCc4ccccc4)C(=O)N(C2)C5CC[NH+](CC5)Cc6ccccc6,C98020059,inactive
1589,c1cc[nH+]c(c1)CN\2C(=O)[C@H](S/C2=N\c3ccc(cc3)F)CC(=O)Nc4cccc(c4Cl)Cl,C15913197,inactive
1590,c1cc(ccc1c2cc(n3c(n2)c(cn3)C(=O)Nc4cc(cc(c4)Oc5ccc6c(c5)CCC6)[N+](=O)[O-])C(F)(F)F)Br,C08440585,inactive
1591,CC(N1CCN(C)CC1)c1cc(Cl)c2CCN(Cc3c(C)cc(C)[nH]c3=O)C(=O)c2c1Cl,435696,active
1592,CC(C)(C)c1cc(c(c(c1)/C=[NH+]/CC/N=C/c2cc(cc(c2[O-])C[NH+]3CCCCC3)C(C)(C)C)[O-])C[NH+]4CCCCC4,C60290870,inactive
1593,CNC(=O)C[NH+]1CCN(CC1)c2c3c4c(sc3nc(n2)CSc5ccc(cc5)Cl)CCC4,C32735918,inactive
1594,Cc1cc(c(c([nH+]1)CCc2ccccc2)[O-])CSc3[nH]c4ccccc4[nH+]3,C68572797,inactive
1595,CCNc1ccn(c(=O)n1)[C@H]2C[C@@H]([C@H](O2)COC(c3ccccc3)(c4ccc(cc4)OC)c5ccc(cc5)OC)O,C77273570,inactive
1596,CCOCCn\1c2ccc(cc2s/c1=N\C(=O)CCCS(=O)(=O)c3ccc(cc3)OC)NC(=O)C,C12630597,inactive
1597,COC(=O)c1c(c2cc(ccc2[nH]1)Cl)NC(=O)CC[NH+]3CCN(CC3)c4cccc(c4)C(F)(F)F,C09375461,inactive
1598,COc1ccc(cc1)[C@H]2C(=c3ccccc3=[NH+]2)SCCNC(=O)[C@H]4c5ccccc5O[C@@H]6[C@@H]4C=CC=C6,C63654903,inactive
1599,COC(=O)c1ccc(cc1)/C=C\2/C(=O)N(C(=S)S2)NC(=O)c3cccc(c3)O,C01834674,inactive
1600,c1ccc(cc1)Cn2c(c3c(nc(nc3n2)N4CC[NH+](CC4)Cc5ccccc5)c6cccc(c6)Cl)N,C37359587,inactive
1601,c1cc(cc(c1)F)c2nc(on2)c3cn(c[nH+]3)Cc4ccc(cc4)NC(=O)Nc5ccc(c(c5)Cl)F,C64859914,inactive
1602,CCOC(=O)[C@H](C)N[PH+](c1ccc(o1)c2c(sc(n2)N)CC(C)C)N[C@@H](C)C(=O)OCC,C79045526,inactive
1603,Cc1ccc(cc1)S(=O)(=O)N(Cc2ccccc2)c3ccccc3C(=O)Nc4cccc(c4)N(C)S(=O)(=O)C,C00628676,inactive
1604,CCN(C1CCOCC1)c1cc(cc(C(=O)NCc2c(C)c(F)c(C)[nH]c2=O)c1C)-c1ccc(CN2CCOCC2)cc1,172171,active
1605,CN1c2ccccc2[C@@]3(C1=O)C(=C(C(=O)N3CC[NH+](C)C)O)C(=O)c4cccc(c4)S(=O)(=O)N5CCCCC5,C98046771,inactive
1606,COc1cccc(c1O)/C=[NH+]/C(=N/S(=O)(=O)c2ccc(cc2)/N=C/c3cccc(c3O)OC)/N,C08648184,inactive
1607,C[NH+](CCc1ccccc1)CCNC(=O)CN2c3ccccc3S/C(=C\c4ccc(cc4)Cl)/C2=O,C20726427,inactive
1608,CC(=O)Nc1ccc(cc1)S(=O)(=O)/N=C\2/[C@@H]([NH+]=c3ccccc3=[NH+]2)Nc4ccc(cc4)SC#N,C39984121,inactive
1609,CC1([C@@H](C[C@@H]1[NH+](Cc2ccc(o2)CO)Cc3c(cco3)CO)Cc4cc(on4)C[NH+]5CCOCC5)C,C72320750,inactive
1610,[H]/N=C\1/C(=C/c2cn(c3c2cccc3)CCCOc4cc(ccc4C)C)/C(=O)N=C5N1N=C(S5)SCc6ccccc6,C97964349,inactive
1611,C[NH+](C)CCCN(c1nc2ccc(cc2s1)Br)C(=O)c3ccc(cc3)S(=O)(=O)N4CCCCCC4,C38139160,inactive
1612,c1ccc2c(c1)ccc(c2/C=[NH+]/Nc3c4c5c(sc4ncn3)CCCC5)O,C04754286,inactive
1613,c1ccc(cc1)C(=O)Nc2ccc(c(c2)C(F)(F)F)NC(=O)NCCn3cc[nH+]c3,C40121102,inactive
1614,CC(C)n1ncc2c(cc(nc12)-c1ccc(CN2CCN(C)CC2)cc1)C(=O)NCc1c(C)cc(C)[nH]c1=O,325812,active
1615,C[NH+](C)CCOc1ccc(cc1)c2[nH]c(c([nH+]2)c3ccc\4c(c3)CC/C4=N\OC)c5ccncc5,C91302000,inactive
1616,c1ccnc(c1)C(=O)Nc2nc3c(s2)C[NH+](CC3)CC(=O)Nc4ccc(cc4)Br,C77145285,inactive
1617,C[C@H](c1cc(cc(c1)C(F)(F)F)C(F)(F)F)O[C@@H]2[C@@H](N(CCO2)Cc3c(nn[nH]3)C[NH+](C)C)c4ccc(cc4)F,C27440858,inactive
1618,c1ccc(cc1)/N=N/c2ccc(cc2)NC(=S)N[C@@H](C(Cl)(Cl)Cl)NC(=O)c3cccc(c3)[N+](=O)[O-],C06142576,inactive
1619,CCc1nn(C(C)C)c2nc(cc(C(=O)NCc3c(C)cc(C)[nH]c3=O)c12)C1=CC(C)(C)NC(C)(C)C1,325932,active
1620,C[C@H](C(=O)NC1=c2ccccc2=[NH+][C@@H]1C(=O)OC)[NH+]3CCN(CC3)c4cccc(c4)C(F)(F)F,C38604291,inactive
1621,CCN(c1cc(-c2ccc(CN3CCOCC3)cc2)cc(C(=O)NCc2c(C)c(F)c(C)[nH]c2=O)c1C)C1CCOCC1,CHEMBL3701038,active
1622,C[NH+](C)[C@@H](CNC(=O)c1ccc(cc1)S(=O)(=O)Nc2ccccc2F)c3ccc(cc3)OC,C13009017,inactive
1623,COc1cc(cc(c1OCC(=O)N)Cl)C(=O)NCCSc2c(cc(cn2)C(F)(F)F)Cl,C14527936,inactive
1624,CCCN1CC=C2[C@@H](C1)[C@H](C(C(=C2C#N)N)(C#N)C#N)c3ccc(c(c3)OCC)OCC[NH+]4CCOCC4,C43766806,inactive
1625,Cn1c2c(c(=O)[nH]c1=O)n(c(n2)N/N=C/3\c4ccccc4NC3=O)C[C@@H](COc5ccc(cc5)Br)O,C97957775,inactive
1626,COc1ccc(cc1OC)CCNC(=O)Nc2c([nH+]n(c2N)Cc3ccccc3)c4ccc(cc4)Cl,C34785433,inactive
1627,c1ccc(cc1)/C=C\2/C(=O)N(c3ccccc3S2)CC(=O)NCCC[NH+]4CCN(CC4)c5ccccc5F,C20726651,inactive
1628,CC(C)n1ncc2c(cc(nc12)-c1ccc(cc1)C#N)C(=O)NCc1c(C)cc(C)nc1=O,325851,active
1629,CCOc1ccc(cc1)NCc2nnc(n2c3ccc(cc3)C)SCC(=O)Nc4cc(ccc4C)Cl,C06089990,inactive
1630,CC(C)NC(=O)Cn1c(c[nH+]c1SCC(=O)Nc2cc(ccc2OC)Cl)CO,C09827462,inactive
1631,CS(=O)(=O)C1=[NH+]SC2=NC(=O)/C(=C\c3ccc(cc3)OCc4ccc(cc4Cl)Cl)/C(=[NH2+])N12,C20205810,inactive
1632,C[NH+]1CCN(CC1)Cc2c(ccc3c2O/C(=C\c4ccccc4)/C3=O)[O-],C22575493,inactive
1633,c1cc(cc(c1)Br)[C@H]2C(=C(C(=O)N2CC[NH+]3CCCCC3)O)C(=O)c4ccc5c(c4)OCO5,C41544856,inactive
1634,CC1(OCCO1)CC(=O)N/N=C\c2cc(c(c(c2)I)O)OC,C96481741,inactive
1635,CC(=O)N1CCc2c1ccc(c2)NC(=O)CSc3[nH]cc([nH+]3)c4ccc(cc4)Br,C22265314,inactive
1636,C=CCc1ccccc1OCCn2c3ccccc3[nH+]c2CCCCCNC(=O)Cc4ccccc4Cl,C40221462,inactive
1637,CCN(C(=O)C1CC1)c1cc(-c2ccc(CN3CCOCC3)cc2)cc(C(=O)NCc2c(C)cc(C)[nH]c2=O)c1C,CHEMBL4856680,active
1638,CC[NH+](CC)CCOC(=O)c1ccc(cc1)NC(=O)CCN2C(=O)/C(=C\c3ccc(cc3)Cl)/SC2=O,C97961285,inactive
1639,Cc1c2c(n(n1)c3ccccc3)[NH+]=C4C(=Nc5ccccc5N4[C@@H]2c6ccccc6OC)Nc7cccc(c7)OC,C02319949,inactive
1640,CCCC[NH+](CCCC)CCCN1CC(=O)N2[C@H](C1=O)Cc3c4ccccc4[nH]c3[C@H]2c5ccccc5OC,C02120959,inactive
1641,CCN(c1cc(Br)cc(C(=O)NCc2c(C)cc(C)[nH]c2=O)c1C)C1CCOCC1,CHEMBL3770000,active
1642,C[C@H](C(=O)Nc1ccc(cc1)S(=O)(=O)N)OC(=O)COc2cccc(c2)Br,C20893518,inactive
1643,c1ccc(c(c1)OCCOc2ccc(cc2)/C=C/3\C(=O)NC(=O)N(C3=O)c4ccc(cc4)Br)Cl,C97958839,inactive
1644,c1ccc(cc1)CCN(CCC(=O)Nc2ccc(cc2)F)c3c4ccccc4nc([nH+]3)c5ccccc5Cl,C36008148,inactive
1645,CS(=O)(=O)c1ccc(cc1)NC(=O)[C@@H](CC2=c3ccccc3=[NH+]C2)NC(=O)c4cccs4,C64737241,inactive
1646,C[C@@H]1CCC[C@@H]([C@@H]1C)NC(=O)[C@@H]2[C@@]34C=C[C@@H](O3)[C@@H]([C@@H]4C(=O)N2C5CC5)C(=O)Nc6ccc(cc6)Cl,C04127928,inactive
1647,c1ccc2cc(ccc2c1)OC[C@@H](C[NH+]3CCN(CC3)C[C@@H](COc4cccc5c4cccc5)O)O,C22289089,inactive
1648,CCc1ccc(cc1)[n+]2c(c3c([nH]nc3nc2SCC(=O)Nc4ccccc4OCC)C)N,C33671983,inactive
1649,c1ccc(c(c1)Cn2cccc2/C=C\3/C(=O)NC(=O)N(C3=O)c4ccc(cc4)F)F,C02222842,inactive
1650,CCOC(=O)c1c(c(c([nH]1)C)/C(=C/2\[C@H](N(C(=O)C2=O)CCC[NH+](C)C)c3cccc(c3OC)OC)/O)C,C09271348,inactive
1651,COc1ccc(cc1)C(c2ccccc2)(c3ccc(cc3)OC)OC[C@@H]4[C@@H](C[C@@H](O4)n5ccc(nc5=O)N)O,C59601420,inactive
1652,CC(C)[C@@H](c1ccc(cc1)OC)NCC(=O)NCCNC(=O)CN[C@@H](c2ccc(cc2)OC)C(C)C,C95939045,inactive
1653,CC(c1ccccc1)n1c(C)c(C(=O)NCc2c(C)cc(C)[nH]c2=O)c2ccccc12,50110367,active
1654,COc1ccc(cc1)N2C(=O)[C@@H]3[C@H]([NH2+][C@]4([C@@H]3C2=O)c5cc(ccc5NC4=O)F)Cc6c[nH]c7c6cccc7,C16021703,inactive
1655,Cc1ccc(cc1)S(=O)(=O)CNC(=O)[C@@H](c2ccccc2O)N(Cc3ccc(o3)C)C(=O)CCl,C36599990,inactive
1656,c1cc(sc1)S(=O)(=O)N[C@@H]2C=C(C[C@H]([C@@H]2O)O)C(=O)NCC(=O)N,C04221776,inactive
1657,C[C@@H]1CN(CCCO1)S(=O)(=O)c2ccc(c(c2Cl)CO)Cl,C88899125,inactive
1658,CC(C)Cc1cc(nc(n1)N)C(=O)N2CCC3=c4ccccc4=[NH+][C@H]3[C@@H]2c5ccccc5F,C64015257,inactive
1659,c1ccc(c(c1)C(=O)NC(=S)Nc2ccc(c(c2)c3nc4c(o3)ccc[nH+]4)Cl)Cl,C09355052,inactive
1660,c1cc(c(cc1Cl)Cl)N/C=C/C(=O)C2=NO[C@@H](C2)CNc3c(cc(c[nH+]3)C(F)(F)F)Cl,C08855299,inactive
1661,Cc1ccc(cc1S(=O)(=O)Nc2ccc(cc2)Br)NC(=O)[C@@H](C(C)C)NC(=O)C,C15895816,inactive
1662,CC(=O)Oc1c(cc(cc1OC)/C=N/NC(=O)CSc2[nH+]c3ccccc3n2Cc4ccccc4Cl)OC,C05402967,inactive
1663,c1ccc(c(c1)CSc2ccccc2NC(=O)CSc3nnc(s3)NN)Cl,C59048522,inactive
1664,c1ccc(cc1)COc2ccccc2C3=C([C@]4(c5ccccc5NC4=O)ON3)C(=O)c6cccs6,C43732461,inactive
1665,CCOc1cc(ccc1O)[C@H]2C(=C(C(=O)N2CC[NH+](C)C)[O-])C(=O)c3ccc(cc3)OCc4ccccc4C,C35445422,inactive
1666,Cc1cccc(c1NC(=O)CSc2[nH]nc(n2)c3cc(ccc3Cl)Cl)C,C32957645,inactive
1667,CCOc1ccc(cc1-c1cc(C(=O)NCc2c(C)cc(C)[nH]c2=O)c2cnn(C3CCCC3)c2c1)S(=O)(=O)N1CCN(CC)CC1,326081,active
1668,Cc1ccccc1[NH+]2CCN(CC2)CC(=O)Nc3ccc(cc3)S(=O)(=O)/N=C/4\CCCCCN4,C13041086,inactive
1669,COc1cc(ccc1OC(=O)/C=C/c2ccccc2)/C=N/NC(=O)C(=O)Nc3c(c4c(s3)CCCC4)C#N,C02521134,inactive
1670,c1cc(ccc1[C@@H]2CC(=O)NC(=C2C#N)SCC(=O)Nc3ccc(cc3)Cl)F,C02311188,inactive
1671,CCc1ccc(cc1)S(=O)(=O)N2CC[NH+](CC2)[C@H](C)c3nc4ccccc4c(n3)Nc5ccccc5OC,C22052881,inactive
1672,CCOC(=O)N1CCc2c(sc3c2C(=[NH+][C@H](N3)c4ccc(c(c4)OC)OCc5ccccc5)O)C1,C08921407,inactive
1673,COc1ccc(cc1)n2c(nnc2SCC(=O)Nc3ccccc3OC)c4ccc(cc4)Br,C00917763,inactive
1674,CCN\1c2cc(ccc2S/C1=C/3\C(=O)N(/C(=[NH+]\c4ccc(cc4)OC)/S3)c5ccc(cc5)O)OC,C34258209,inactive
1675,c1ccc2c(c1)[C@@H]([C@H](N(C2=O)C3CCCC3)c4cccs4)C(=O)NCCCN5CCN(CC5)c6ccc(cc6)F,C33355696,inactive
1676,CCCOc1ccc(cc1OC)[C@H]2CN3C(=O)CN(C(=O)[C@@]3(c4c2c5ccccc5[nH]4)C)CCc6cccc(c6)F,C70701032,inactive
1677,C[C@@H](c1nc2cc(ccc2c(=O)n1C)Cl)N(CCCCCC[NH3+])C(=O)c3ccc(c(c3)Cl)Cl,C33537969,inactive
1678,CCOC(=O)C1=C(OC(=C([C@@H]1c2ccc(c(c2)OC)OC)C#N)N)SCc3c(c(cc([nH+]3)C)C)C#N,C09086421,inactive
1679,CCOC(=O)N1CCc2c(sc(c2C(=O)N)NC(=O)c3c([nH+]c4n3cccc4)C)C1,C38805768,inactive
1680,CC(=O)Nc1c2cc(c[nH+]c2n(c1C(=O)OC)CCc3ccc(cc3)OC)NCc4ccc(cc4)F,C14742052,inactive
1681,CCOC(=O)c1c2c(sc1NC(=O)CSc3nc4c(c5cc(ccc5[nH]4)F)nn3)CCCC2,C12487782,inactive
1682,CCOc1ccccc1NC(=O)CSc2nnc(n2c3cccc(c3)C(F)(F)F)Cn4c5ccccc5sc4=O,C11758379,inactive
1683,C=CCN1c2ccccc2[C@]3(C1=O)C(=C(N(C4=C3C(=O)CCC4)c5cccc(c5)F)N)C#N,C13567618,inactive
1684,C[NH+]1CCc2c(cc(c(n2)SCC3=C([C@H](C(=C(O3)N)C#N)c4ccc(cc4)F)C(=O)OC)C#N)C1,C08451219,inactive
1685,COc1ccc(cc1)NC(=O)CSc2[nH+]c3ccccc3n2CC(=O)Nc4ccc(cc4F)Cl,C33050665,inactive
1686,COc1ccc2cc([nH]c2c1)C(=O)N3CCC(CC3)CC(=O)NCCC[NH+]4CCc5ccccc5C4,C35562000,inactive
1687,CN(C)c1ccc(cc1Br)/C=N/NC(=O)CN(c2ccc(cc2)Cl)S(=O)(=O)c3ccc(cc3)OC,C06038843,inactive
1688,Cc1ccc2c(c1)[C@@]3([C@H]4[C@@H]([C@H](N3)CC5=c6ccccc6=[NH+]C5)C(=O)N(C4=O)c7ccc(cc7)OC)C(=O)N2,C63375963,inactive
1689,COc1cc(ccc1OC(=O)c2cccs2)[C@@H]3c4c(n[nH]c4OC(=C3C#N)[NH3+])c5cc(c(c(c5)OC)OC)OC,C33353574,inactive
1690,CCN(C1CCC(CC1)N1CC(C1)OC)c1c(CC)c(cc2n(C)ncc12)C(=O)OC,516873,active
1691,C[C@@H]1CCC[C@@H]([C@@H]1C)/[NH+]=C(/c2c[nH]c3ccc(cc3c2=O)S(=O)(=O)Nc4ccccc4F)\O,C09833847,inactive
1692,COc1cccc(c1)CC[NH2+][C@H]2CC(=O)N(C2=O)c3ccc(cc3)N4C(=O)C[C@@H](C4=O)NCCc5cccc(c5)OC,C18203546,inactive
1693,Cc1ccc(cc1)C2=NN([C@@H](C2)c3ccc(cc3)Cl)C(=[NH2+])S[C@@H]4CC(=O)N(C4=O)c5ccc(c(c5)Cl)Cl,C08440320,inactive
1694,C[C@@H](c1ccc(cc1)Cl)NC(=O)Nc2ccc(cc2)C(=O)N3CCCCCC3,C59357015,inactive
1695,CC[C@H]1CCCC[NH+]1CCCNC(=O)Cn2cnc3c(c2=O)c(c(s3)C)S(=O)(=O)N4C[C@@H](C[C@@H](C4)C)C,C38147248,inactive
1696,c1cc(ccc1C(=O)Oc2ccc(c(c2)OC(=O)c3ccc(cc3)Cl)/C=N/NC(=O)C(=O)Nc4ccc(cc4)Cl)Cl,C04354782,inactive
1697,CC(C)(C)OC(=O)N[C@@H](CC1=c2ccccc2=[NH+]C1)[C@H]3N=N[C@H](O3)SCc4ccc(cc4Cl)Cl,C63425581,inactive
1698,c1ccc2c(c1)c(=O)n(c(n2)SCc3[nH+]c(c4c5c(sc4n3)CCCCC5)N)C[C@@H]6CCCO6,C10532932,inactive
1699,[H]/N=C/1\C(=C/c2ccc(c(c2)OC)OCc3ccccc3Cl)\C(=O)N=C4N1C(=NS4)S(=O)(=O)CC,C96460354,inactive
1700,c1ccc(cc1)C(=O)C2=C(C(=O)N([C@@H]2c3cccc(c3)O)c4nc5ccc(cc5s4)F)O,C33555370,inactive
1701,Cc1cc(c(n1c2cc(ccc2OC)OC)C)/C=c/3\c(=[NH2+])n-4[nH]/c(=C/C(=O)N5CCCC5)/sc4nc3=O,C49672421,inactive
1702,CSc1cc(C)[nH]c(=O)c1CNC(=O)c1c(C)n([C@H](C)[C@H]2CCC(CC2)OC2COC2)c2ccccc12,575014,active
1703,C[NH+](C)[C@H](CNC(=O)CSc1nnc(s1)Nc2ccc(cc2)OC(F)(F)F)c3ccccc3,C09672621,inactive
1704,Cc1c2c(c(c[nH+]1)CO)Cc3c(nc(nc3SCC(=O)Nc4ccc(cc4)Cl)c5cccc(c5)OC)O2,C97986948,inactive
1705,CSc1ccc(cc1)C[C@@]2(CCC(=O)N2)CCC(=O)N[C@H](c3ccc[nH+]c3)C(F)(F)F,C15000598,inactive
1706,c1ccc2c(c1)cc(c(=O)o2)C(=O)N3CCC(=CC3)c4ccc(cc4)O,C57940045,inactive
1707,c1ccc(c(c1)OCC(=O)Nn2c(=O)c3c(ccs3)nc2SCc4ccc(cc4)[N+](=O)[O-])Br,C02932294,inactive
1708,c1ccc(cc1)c2[nH]c(c([nH+]2)S(=O)(=O)c3ccccc3)SCC(=O)NCCC4=CCCCC4,C12112468,inactive
1709,c1cc(ccc1OC(C(=O)NNC(=O)c2cc3cc(ccc3oc2=O)Br)Oc4ccc(cc4)Cl)Cl,C02092471,inactive
1710,CCOc1cc(ccc1OC(=O)c2ccco2)/C=C\3/C(=[NH2+])N4C(=[NH+]SC4=NC3=O)SCC(C)C,C20154866,inactive
1711,C[C@H](C(=O)c1ccc(cc1)NS(=O)(=O)C)S[C@H]2NN=C(N2C3CC3)C4=c5ccccc5=[NH+]C4,C39942414,inactive
1712,C[C@@H](c1[nH+]c2ccccc2n1CCOc3ccc(cc3OC)CC=C)NC(=O)Cc4ccc(c(c4)OC)OC,C40195065,inactive
1713,Cc1c(sc(n1)NC(=O)c2c(n(nn2)c3ccc(cc3)F)C)Cc4ccc(cc4)S(=O)(=O)N,C36640032,inactive
1714,c1cc(c(cc1Cl)Cl)[C@@H](OC(=O)N[C@H](C(Cl)(Cl)Cl)O)P(=O)(OCCCl)OCCCl,C08386634,inactive
1715,CCN([C@H]1CC[C@@H](CC1)N(C)C)c1cc(cc(C(=O)NCc2c(C)cc(C)[nH]c2=O)c1C)-c1ccc(nc1)N1CCC(O)CC1,601734,active
1716,COc1c(ccc(c1Cl)Cl)S(=O)(=O)NCC[NH+]2CCN(CC2)S(=O)(=O)c3ccc(c(c3OC)Cl)Cl,C59722852,inactive
1717,Cc1cc(ccc1/C(=C/2\[C@H](N(C(=O)C2=O)Cc3ccc[nH+]c3)c4ccc(c(c4)Cl)Cl)/O)OCC(C)C,C09019550,inactive
1718,CCCCOc1ccc(cc1Cl)c2c(cn(n2)c3ccccc3)/C=C(\C#N)/C(=O)NCCCn4cc[nH+]c4,C09461549,inactive
1719,Cc1cc(C)c(CNC(=O)c2cc3c(OCC33CCCC3)c(Br)c2)c(=O)[nH]1,359822,active
1720,C[C@@]1(C(=O)N(C(=O)N1)CC(=O)Nc2cccc(c2)C(F)(F)F)c3ccc4c(c3)CCC4,C14157938,inactive
1721,Cc1cc(C)c(CNC(=O)c2cc(-c3ccc(CN4CCOCC4)cc3)cc(N(C)C3CCCCC3)c2C)c(=O)[nH]1,CHEMBL3697410,active
1722,c1cc(cc(c1)N/N=C/c2ccc(cc2)n3cc[nH+]c3)C(=O)N/N=C/c4ccc(cc4)n5cc[nH+]c5,C19631571,inactive
1723,Cc1ccc(cc1N2CCN(CC2)/C(=N/S(=O)(=O)c3ccc4ccccc4c3)/N)Cl,C20857257,inactive
1724,CC\1=NN(C(=O)/C1=C\Nc2ccc(cc2)S(=O)(=O)Nc3c(nccn3)OC)c4ccc(cc4)C56CC7CC(C5)CC(C7)C6,C33353692,inactive
1725,c1ccc(cc1)NC(=O)C[NH+]2CCC(CC2)NC(=O)c3c4c(n(n3)c5ccc(cc5)F)CCCCC4,C11526798,inactive
1726,CCOC(=O)C1=C(N(C(=O)N[C@H]1c2ccccc2OC)C)C[NH+]3CCN([C@@H](C3)C)C(=O)c4cccc(c4)F,C35991909,inactive
1727,COc1ccc(cc1F)c2csc([n+]2CCc3ccc(cc3)S(=O)(=O)N)Nc4ccc(cc4)OC(F)(F)Cl,C97966139,inactive
1728,C[C@H]1CCc2c(sc3c2c(=O)n(c(n3)SCc4[nH+]c(c5ccccc5n4)N)C[C@H]6CCCO6)C1,C18327946,inactive
1729,COc1ccccc1NC(=O)C2CC[NH+](CC2)CC(=O)N[C@@H](c3ccc(cc3)F)c4cccs4,C29906581,inactive
1730,CCOC(=O)C1=C(OC(=C([C@@H]1c2ccc(cc2F)C)C#N)N)CSc3c(c(cc([nH+]3)C)Br)C#N,C00668099,inactive
1731,CCC1=C[C@H]2C[C@@](c3c(c4ccccc4[nH]3)C[NH+](C2)C1)(c5cc6c(cc5OC)N([C@@H]7[C@]68CCN9[C@H]8[C@@](C=CC9)([C@H]([C@@]7(C(=O)OC)O)O)CC)C)C(=O)OC,C48307365,inactive
1732,c1cc(cnc1)c2nnc(n2c3ccc(cc3)Cl)SCC(=O)Nc4ccc(cc4)S(=O)(=O)/N=c/5\[nH]ccs5,C97958457,inactive
1733,c1cc(ccc1C(=O)NCC[NH+]2CCCCC2)NC(=O)c3nnc(s3)COc4ccc(cc4)F,C33032301,inactive
1734,CCOC(=O)c1c(oc2c1c(c(c3c2cccc3)O)[C@H](c4cccc[nH+]4)[NH+]5CCN(CC5)C(=O)OCC)C,C33592164,inactive
1735,c1cc2cccc3c2c(c1)C(=O)N(C3=O)CCSc4[nH+]c(c5c6c(sc5n4)CCCC6)N,C16755273,inactive
1736,Cc1ccc2c(c1)sc(n2)NC(=O)CSc3[nH+]c(cn3Cc4ccc(cc4)Cl)CO,C36713988,inactive
1737,c1ccc(c(c1)[C@@H]2CC3=C([C@@H](N4C(=N3)[NH+]=CN4)c5ccccc5Cl)C(=O)C2)O,C17029151,inactive
1738,CN1CCN(CC1)c1ccc(cn1)-c1cc(C(=O)NCc2c(C)cc(C)[nH]c2=O)c2ccn(c2c1)S(=O)(=O)C1(CC=C)CC1,464571,active
1739,Cc1ccc(n1C)C(=O)Nc2ccc(c(c2)Cl)N3CCCC3=O,C22437926,inactive
1740,Cc1cc[nH+]c(c1)NC(=O)CCC(=O)N(CC(=O)NCCc2ccccc2)c3cc(cc(c3)C)C,C08995204,inactive
1741,CCOC(=O)[C@]1([C@@H]2[C@@H]([C@@H]([NH2+]1)c3ccc(cc3)O)C(=O)N(C2=O)c4ccccc4)Cc5ccc(cc5)O,C12497176,inactive
1742,Cc1ccc(cc1)S(=O)(=O)N[C@H](Cc2ccccc2)C(=O)N[C@@H](CC3=c4ccccc4=[NH+]C3)C(=O)OC,C63761413,inactive
1743,c1ccc(cc1)c2cc([nH+]c3c2cccc3)Nc4cccc(c4)S(=O)(=O)/N=C\5/CCCN5,C34889489,inactive
1744,Cc1ccc(cc1)NC(=O)CSc2[nH+]cc(n2c3cccc(c3)C(F)(F)F)c4cccc(c4)[N+](=O)[O-],C44087823,inactive
1745,CC(C)n1ncc2c(cc(nc12)C1=CCN(CC1)C(=O)C1CCCN(C)C1)C(=O)NCc1c(C)cc(C)[nH]c1=O,325938,active
1746,CN([C@@H]1CC[C@@H](CC1)NC(C)=O)c1cc(cc(C(=O)NCc2c(C)cc(C)[nH]c2=O)c1C)-c1cnn(C)c1,172018,active
1747,c1ccc2=[NH+]CC(=c2c1)CCNC(=O)c3ccc4c(c3)S[C@H](N4)NS(=O)(=O)c5ccc(cc5)F,C63279879,inactive
1748,c1ccc(cc1)C(=O)N/C(=C\[P+](c2ccccc2)(c3ccccc3)c4ccccc4)/C(=O)Nc5ccccc5,C98229545,inactive
1749,c1ccc(cc1)Cn2c(nnn2)SCC(=O)Nc3ccc4c(c3)sc(n4)SCC(=O)Nc5ccccc5,C02186185,inactive
1750,Cc1ccccc1Nc2nc(nc(n2)N)C[NH+](C)Cc3c(nn(c3C)[C@@H]4CCS(=O)(=O)C4)C,C24829991,inactive
1751,CN(C[C@H]([C@H]([C@H]([C@H](CO)O)O)O)O)c1ccnc2n1ncn2,C15777868,inactive
1752,CCCCOc1ccc(cc1OCC)[C@H]2C(=C(C(=O)N2c3nnc(s3)SCc4ccc(cc4)Cl)O)C(=O)c5ccc6c(c5)C[C@H](O6)C,C97967542,inactive
1753,CC/[NH+]=C(/Nc1ccc2c(c1)OCO2)\S[C@@H]3CC(=O)N(C3=O)c4ccc(cc4)I,C08425070,inactive
1754,CC(C)CC[C@]1(C(=O)N(C(=O)N1)CC[NH+](C)C)C2CC[NH+](CC2)Cc3ccccc3C(F)(F)F,C14978104,inactive
1755,Cc1ccc(cc1)C(=O)N2CCN(CC2)c3ccc(cc3)NC(=O)CSc4nnc(o4)c5ccncc5,C59212073,inactive
1756,CC(=O)O[C@@H]1[C@@H]([C@@H](O[C@@H]([C@@H]1O)O[C@@H](/C=N\C23CC4CC(C2)CC(C4)C3)[C@@H](CO)O[C@@H](/C=N/C56CC7CC(C5)CC(C7)C6)O)CO)O,C70670086,inactive
1757,CC(C)COc1ccc(cc1)C(=O)C2=C(C(=O)N([C@H]2c3cccc(c3)Oc4ccccc4)CCC[NH+](C)C)O,C39827047,inactive
1758,CC(C)(C)[NH2+]c1c([nH+]c2n1nc(s2)N3CCN(CC3)C(=O)c4cccc(c4)F)c5cccc(c5)F,C64450840,inactive
1759,CCN(C(=O)C1CC1)c1cc(-c2ccc(NC(=O)c3cccs3)cc2)cc(C(=O)NCc2c(C)cc(C)[nH]c2=O)c1C,CHEMBL4875650,active
1760,CSc1cc(C)[nH]c(=O)c1CNC(=O)c1c(C)n([C@H](C)[C@H]2OCC(CO2)NC2(C)COC2)c2ccccc12,574842,active
1761,COc1cc(cc(c1)OC)N/C(=N/C(=O)c2ccc(cc2)Cl)/NCCC3=c4ccccc4=[NH+]C3,C63589416,inactive
1762,CN(C)c1ccc(cc1)N2C(=[NH+]c3ccc(cc3)OC)/C(=N\c4ccc(cc4)OC)/N(C2=S)c5ccc(cc5)OC,C17919212,inactive
1763,Cc1ccc(c(c1)NC(=O)CNC(=O)C[NH+](Cc2ccc(cc2)OC)[C@@H](C)Cc3cccs3)OC,C14713143,inactive
1764,Cc1c(noc1NS(=O)(=O)c2ccc(cc2Br)F)C,C88246006,inactive
1765,CCN(c1cc(-c2ccc(CN3CCN(C)CC3)cc2)cc(C(=O)NCc2c3c(c(C)[nH]c2=O)CCCC3)c1C)C1CCOCC1,CHEMBL4637350,active
1766,Cc1cccc(c1)C(c2cccc(c2)C)(C(=O)NN(c3ccccc3)C(=O)c4ccc(o4)Br)O,C01067890,inactive
1767,c1cc(cc(c1)[N+](=O)[O-])c2ccc(o2)C(=O)NC(=S)Nc3ccc(cc3)N4CCN(CC4)C(=O)c5ccc(cc5)Cl,C59612571,inactive
1768,CCN(C1CCN(CC1)C(=O)OCc1ccccc1)c1c(C)c(cc2n(C)ncc12)C(=O)OC,516874,active
1769,CCCCOc1ccc(cc1)N2C(=O)C[C@@H](C2=O)S/C(=[NH+]/N=C(\C)/c3ccc(cc3)Cl)/N,C59491253,inactive
1770,CN(C)CCN(Cc1c(noc1N2CCc3ccccc3C2)c4ccccc4)C(=S)Nc5ccc(cc5)F,C36249074,inactive
1771,C[C@]1(CCS(=O)(=O)C1)NS(=O)(=O)c2ccc3c(c2)CCCC3,C07304341,inactive
1772,C[NH+]1CCc2cc3c(c(c2[C@H]1c4c(=O)[nH]c(=O)n(c4[O-])c5cccc(c5)C(F)(F)F)OC)OCO3,C20113164,inactive
1773,Cc1ccc([nH+]c1)n2c(=O)c3ccccc3[nH+]c2SCC(=O)N[C@@H](C)c4ccc(cc4)CC(C)C,C49656696,inactive
1774,COCC[NH+]1CCN(CC1)c2nc(c3c(n(nc3n2)c4ccc(cc4)F)N)c5ccccc5Cl,C35929750,inactive
1775,c1ccc2c(c1)C=C[NH+]3[C@H]2[C@]4(c5ccccc5NC4=O)[C@@H]([C@H]3C(=O)c6ccco6)C(=O)c7ccc(cc7)Cl,C16007121,inactive
1776,CC(C)n1ncc2c(cc(OC3CCN(C)CC3)nc12)C(=O)NCc1c(C)cc(C)[nH]c1=O,325912,active
1777,Cn1c(nnc1SCC(=O)Nc2ccc(cc2)Cl)CSCc3nc(cs3)c4ccc(cc4)Cl,C02142325,inactive
1778,CC(C)n1ncc2c(C(=O)NCc3c(C)cc(C)[nH]c3=O)c(Cl)c(cc12)-c1ccc2OCCOc2c1,325853,active
1779,C[C@@H]1C[C@@H](CN(C1)S(=O)(=O)c2ccc(cc2)NC(=O)CCN3C(=O)C4(CCCC4)NC3=O)C,C14077910,inactive
1780,CCOc1cc(ccc1C(=O)OCC)CC(=O)N[C@@H](CC(C)C)c2ccccc2[NH+]3CCC[C@@H](C3)OCOC,C65742924,inactive
1781,CC(=O)Oc1c(cc(cc1Br)[C@H]2c3c(n[nH]c3OC(=C2C#N)[NH3+])C(C)(C)C)OC,C16286503,inactive
1782,CCN(C(=O)C1CC1)c1cc(cc(C(=O)NCc2c(C)cc(C)[nH]c2=O)c1C)-c1ccc(N)cc1,50575212,active
1783,Cc1ccc(c(c1)C)OCC(=O)NC(=S)Nc2ccc(c[nH+]2)I,C16285007,inactive
1784,CCc1ccc(cc1)NC2=Nc3ccccc3N4C2=[NH+]c5c(c(nn5c6ccccc6)C)[C@@H]4c7cc(c(c(c7)OC)OC)OC,C01858858,inactive
1785,CCOC(=O)C1=C(OC(=C([C@H]1c2ccncc2)C#N)N)CSc3c(cc4c([nH+]3)CC[NH+](C4)C)C#N,C08451186,inactive
1786,c1[nH]nc(n1)/N=C(/[C@](C(F)(F)F)(OC([C@](C(F)(F)F)(OC(C(C(F)(F)F)(F)F)(F)F)F)(F)F)F)\O,C68574614,inactive
1787,Cc1ccc(c(c1)NC(=O)[C@H](c2ccccc2)Sc3ccc(c[nH+]3)S(=O)(=O)N4CCCC4)C,C09753027,inactive
1788,C[C@H]([C@@H]1c2cc(c(cc2CC[NH+]1Cc3ccccc3F)OC)OC)NS(=O)(=O)c4ccc(cc4)Cl,C36043333,inactive
1789,CCOC(=O)c1c2c(sc1NC(=O)c3ccc(cc3)S(=O)(=O)N4CCCC[C@H]4C)C[NH+](CC2)C(C)C,C09391465,inactive
1790,CCC[NH+](C[C@@H](COC(C)C)O)CC(=O)N1CCc2c(ccs2)[C@@H]1COc3ccc(cc3)C(C)C,C36309233,inactive
1791,Cc1cccn2c1nc(c(c2=O)/C=C\3/C(=O)N(C(=S)S3)CCc4ccccc4)N5CC[NH+](CC5)CCO,C98215692,inactive
1792,c1cc(ccc1NC(=O)CSc2c(c(sn2)SCC(=O)Nc3ccc(cc3)Br)C#N)Br,C01858125,inactive
1793,C/C=C(\C)/[C@@H]([C@@H](C)/C=C(\C)/C=C/C/C(=C/Cc1c(c(c(c([nH+]1)OC)OC)O[C@H]2[C@@H]([C@@H]([C@H]([C@@H](O2)C)O)O)O)C)/C)O,C77257365,inactive
1794,c1ccc2c(c1)C(=NS2(=O)=O)Nc3ccc(cc3)OC(=O)c4ccc(cc4)S(=O)(=O)N5CCCCC5,C98048241,inactive
1795,Cc1cc(c(s1)C)c2c3c([nH]n2)OC(=C([C@H]3c4ccc(c(c4)OC)OCc5ccc(cc5)F)C#N)[NH3+],C08410803,inactive
1796,CCN(C1CCOCC1)c1cc(cc(C(=O)NCc2c(C)cc(C)[nH]c2=O)c1C)C#CC1CCN(CC)CC1,601743,active
1797,Cc1ccc2=[NH+]C(=O)[C@H](C(=c2c1)c3ccccc3)C4=NN([C@H](C4)c5ccc(cc5)[NH+](C)C)C(=O)C,C63991199,inactive
1798,Cc1ccc(cc1S(=O)(=O)NC)NC(=O)CNC(=O)CN,C37628973,inactive
1799,c1ccc(cc1)c2c[nH+]c(n2CC(=O)Nc3ccccc3C(F)(F)F)SCC(=O)Nc4ccc(cc4)Cl,C00920504,inactive
1800,CC(C)c1c(c(n(n1)c2ccc(cc2)OC)O)C3=C(C(=O)N(C3=O)Cc4ccccc4)N5CC[NH+](CC5)C,C35960888,inactive
1801,CC[NH+](CC)CCN1[C@H](C(=C(C1=O)O)C(=O)c2ccc3c(c2)C[C@@H](O3)C)c4ccc(c(c4)OCC)OCc5ccccc5,C97970403,inactive
1802,CSc1cc(C)[nH]c(=O)c1CNC(=O)c1c(C)n([C@H](C)C23CC(C2)(C3)NC2COC2)c2ccccc12,574846,active
1803,CC(C)S(=O)(=O)c1ccc(cc1)CC(=O)Nc2c(c3c(s2)CCCCC3)C(=O)N,C12070183,inactive
1804,COc1ccc(cc1OC)C(=O)C2=C(C(=O)N([C@@H]2c3ccc(cc3)OCc4ccccc4)Cc5cc[nH+]cc5)O,C98047247,inactive
1805,COc1ccc(c(c1)NC(=S)Nc2c(cn(n2)Cc3c(cccc3Cl)F)Br)OC,C13754777,inactive
1806,C[C@]1(C(=O)N(C(=O)N1)NC(=O)C[NH+]2CCN(CC2)S(=O)(=O)c3ccccc3)CCc4ccccc4,C32753323,inactive
1807,CCN(c1cc(-c2ccc(CN3CCC(F)(F)CC3)cc2)cc(C(=O)NCc2c(C)cc(C)[nH]c2=O)c1C)C1CCOCC1,CHEMBL3697471,active
1808,CCOc1ccc(cc1)C[C@]2(C(=O)NC(=O)N(C2=O)c3ccccc3)C[NH+]4C[C@H]5C[C@@H](C4)c6cccc(=O)n6C5,C70669795,inactive
1809,CSCC[C@H](C(=O)N1CCC2(CC1)c3c([nH+]c[nH]3)CC[NH2+]2)NC(=O)c4ccccc4Br,C25108255,inactive
1810,c1ccc2c(c1)c(c[nH]2)C(=O)[C@H]([C@@H](c3ccc(cc3)Cl)N4CCN(CC4)c5cccc[nH+]5)O,C15017453,inactive
1811,CCN(C1CCOCC1)c1cc(Cl)cc(C(=O)NCc2ccc(C)[nH]c2=O)c1C,50149899,active
1812,c1cc(cc(c1)Br)N2C(=O)/C(=C/c3ccc(c(c3)Br)O)/C(=O)NC2=O,C09056471,inactive
1813,Cc1cnc(c(n1)c2ccc(c(c2)C[NH+]3CCC(CC3)(c4cccc(c4)C(F)(F)F)O)O)C,C20482341,inactive
1814,c1ccc2c(c1)c(c[nH]2)CC(=O)Nc3ccc4c(c3)CCN4C(=O)c5cccnc5,C70932033,inactive
1815,CCOc1ccc(cc1)NC(=O)c2cccc(c2)/N=C\3/N[C@H]4CS(=O)(=O)C[C@H]4S3,C09860304,inactive
1816,CN(C)c1ccc(cc1)[C@H](CNC(=O)C(=O)Nc2ccc(c(c2)F)F)N3CCN(CC3)c4ccc(cc4)F,C38666300,inactive
1817,CCN1C(=O)[C@@H](N(C1=S)Nc2c(c(c(c(c2F)F)F)F)F)CC(=O)Nc3ccc(cc3)OCC,C33686611,inactive
1818,CCOc1ccc(cc1)NC(=O)Cn2c3c(c4c(s3)CN(CC4)C(=O)OCC)c(=O)n(c2=O)c5ccccc5,C02687435,inactive
1819,CCc1ccccc1NC(=O)c\2cc3cccc(c3o/c2=[NH+]\NS(=O)(=O)c4ccc(cc4)C)OCC,C59170656,inactive
1820,CCCCC(=O)Nc1ccc(cc1)C(=O)NNC(=S)NC(=O)c2ccc(c(c2)I)OC,C59627249,inactive
1821,CCN(C1CCOCC1)c1cc(Cl)c2CCN(Cc3c4occc4c(C)[nH]c3=O)C(=O)c2c1Cl,378891,active
1822,CC[C@H](C)n1cc(C)c2c(cc(cc12)-c1ccc(nc1)N1CCN(CCCCCCCCCCOc2cccc3C(=O)N(C4CCC(=O)NC4=O)C(=O)c23)CC1)C(=O)NCc1c(C)cc(C)[nH]c1=O,50582383,active
1823,CC(C)n1ncc2c(cc(nc12)C1CCN(CC1)C1CCN(CC1)C(C)=O)C(=O)NCc1c(C)cc(C)[nH]c1=O,325974,active
1824,CCCCCCOc1ccc(cc1)[C@@H]2C(=C(C(=O)N2CCC[NH+](C)C)O)C(=O)c3c(n4cccc(c4n3)C)C,C35484088,inactive
1825,CCN(c1cc(Cl)cc(C(=O)NCc2c(C(F)(F)F)cc(C)[nH]c2=O)c1C)C1CCOCC1,CHEMBL3770820,active
1826,CCN(C(=O)C1CCCC1)c1cc(cc(C(=O)NCc2c(C)cc(C)[nH]c2=O)c1C)-c1ccc(CN2CCNCC2)cc1,441971,active
1827,c1ccc(cc1)CN(Cc2ccccc2)c3c(c([nH+]cn3)N4CCN(CC4)c5ccccc5F)N,C40709662,inactive
1828,CCOC(=O)C[NH2+][C@@H](c1ccccc1)c2cc(ccc2NC(=O)c3ccc(cc3)Cl)Br,C08682301,inactive
1829,Cc1nc2c(s1)C[C@H]3[C@]([C@@H]2CC(=O)NCc4ccc[nH+]c4)(CC[C@H]([C@@]3(C)CO)O)C,C03841633,inactive
1830,CCCCCOc1ccc(cc1OC)[C@@H]2C(=C(C(=O)N2CCCn3cc[nH+]c3)O)C(=O)c4ccc5c(c4)C[C@H](O5)C,C97970701,inactive
1831,c1ccc2=[NH+]CC(=c2c1)C[C@H](C(=O)NNC(=O)c3ccco3)NS(=O)(=O)c4ccc(cc4)Cl,C63850634,inactive
1832,Cc1cc(c(c(c1)C)NC(=O)N[C@@H]2CC(=O)N(C2)c3ccc(cc3)OC)C,C04479620,inactive
1833,c1cc(sc1)c2cc([nH]n2)NC(=O)C3CCN(CC3)S(=O)(=O)c4ccc5c(c4)CCC5,C59889228,inactive
1834,CCN(C1CCNCC1)c1cccc2c1C\C=C\CCc1cc(C)[nH]c(=O)c1CNC2=O,50061976,active
1835,Cc1ccc(cc1)C[NH2+]Cc2cc(c(c(c2)Br)OC[C@@H](c3ccc4c(c3)OCO4)O)OC,C20877088,inactive
1836,Cc1cc(nc2c1cc(cc2)NC(=S)NCCC[NH+]3CCCCCC3)N4CCN(CC4)C,C20153777,inactive
1837,c1cc(oc1)c2nc3n(n2)c(c(s3)[C@@H](c4ccc(cc4Cl)Cl)[NH+]5CCC(CC5)C(=O)N)O,C09808541,inactive
1838,CC(=O)Nc1ccn(c(=O)n1)[C@H]2[C@@H]([C@@H]([C@H](O2)COC(c3ccccc3)(c4ccc(cc4)OC)c5ccc(cc5)OC)O)OC,C98231130,inactive
1839,CCOc1ccc(cc1Br)C(=O)NC(=S)Nc2c(c3c(s2)CCC3)C(=O)OCC,C14770582,inactive
1840,CC(=O)N[C@@H]1[C@H]([C@@H]([C@H](O[C@H]1OC(=O)c2ccccc2)COC(=O)c3ccccc3)OC(=O)c4ccccc4)OC(=O)c5ccccc5,C98223091,inactive
1841,[H]/N=C\1/C(=C/c2cc(c(c(c2)Cl)OCCOc3ccc(cc3)C)OCC)/C(=O)N=C4N1N=C(S4)CCC,C09066394,inactive
1842,COC(C1CCN(C)CC1)c1cc(Cl)c2CCN(Cc3c(C)cc(C)[nH]c3=O)C(=O)c2c1Cl,50246940,active
1843,CN(C)[C@H]1CC[C@@H](CC1)[C@]1(C)Oc2c(O1)c(-c1ccc(C)o1)c1CCN(Cc3c(C)cc(C)[nH]c3=O)C(=O)c1c2C,588046,active
1844,Cc1c2c(c3c([nH]c(=S)[nH]c3=O)nc2n(n1)c4ccccc4)c5ccc(cc5)Br,C09546911,inactive
1845,C[C@@]1([C@@H]2C[C@@H](CC[C@@]([C@H]2CC1=O)(CO)O)C(C)(C)O[C@H]3[C@@H]([C@H]([C@@H]([C@H](O3)CO)O)O)O)O,C87493233,inactive
1846,Cc1cc(C)c(CN2CCc3c(Cl)cc(-c4c(C)n[nH]c4C)c(Cl)c3C2=O)c(=O)[nH]1,CHEMBL3919969,active
1847,CCOC(=O)N1CC=C2[C@H](C1)[C@H](C(C(=C2C#N)[NH3+])(C#N)C#N)c3ccccc3OCc4ccc(cc4)Cl,C08411425,inactive
1848,C[C@H](C(=O)Nc1ccc(cc1)S(=O)(=O)N2CCCCC2)[NH+]3CCC(CC3)C(=O)c4ccc(cc4)[O-],C25449290,inactive
1849,CCN(C1CCOCC1)c1cc(cc(C(=O)NCc2c(C)cc(C)[nH]c2=O)c1C)-c1ccc(CN2CCN(CCCCCCCCCCOc3cccc4C(=O)N(C5CCC(=O)NC5=O)C(=O)c34)CC2)cc1,50582392,active
1850,CCOC(=O)N1CCc2c(sc3c2C(=[NH+][C@@H](N3)c4ccc(cc4)OC(=O)c5ccc(cc5)Cl)O)C1,C08921652,inactive
1851,C[C@H](N)C(=O)N1CCC(=CC1)c1cc(C(=O)NCc2c(C)cc(C)[nH]c2=O)c2cnn(C(C)C)c2n1,325952,active
1852,CN1c2c(cc(cc2NC(=O)[C@H]3CCCO3)C(=O)N(C)CC4[NH+]=c5ccccc5=[NH+]4)N[C@@H]1C6CCC6,C64006279,inactive
1853,CC(C)[C@@H]1c2c(c(c(c(c2OC3=C1C(=O)C(C(=O)C3(C)C)(C)C)C(=O)C(C)C)O)[C@@H](C4C(=O)C(C(=O)C(C4=O)(C)C)(C)C)C(C)C)O,C67912867,inactive
1854,CCOC(=O)C1=c2n(c(=O)/c(=C/c3cccc(c3)OC)/s2)C(=C([C@@H]1c4cccc(c4)OC)C(=O)OCC)N,C02217782,inactive
1855,CCc1cc(C(=O)NCc2c(C)cc(C)[nH]c2=O)c2cnn(C3CCCC3)c2c1,326162,active
1856,c1cc([nH+]cc1S(=O)(=O)N2CCCCC2)SCCC(=O)Nc3c(c4c(s3)CCCC4)C#N,C09368016,inactive
1857,Cc1cc(C)c(CNC(=O)c2cn(C(C)c3ccccc3)c3ccccc23)c(=O)[nH]1,CHEMBL3605444,inactive
1858,COc1ccc(cc1)C2=N[C@H]([NH2+][C@@H](C2)c3cc(ccc3O)Cl)c4cc(ccc4OC)Br,C20764581,inactive
1859,Cc1ccc(cc1Cl)NC(=O)CSC2=NC(=C([C@@H]([C@H]2C#N)c3cc(c(c(c3)OC)OC)OC)C(=O)OC)[O-],C53319365,inactive
1860,CCOc1ccc(cc1)NC(=O)c2c3c(sc2NC(=O)C[NH+]4CCCCCC4)CCC3,C16192726,inactive
1861,CC[C@H](C)n1cc(C)c2c(C(=O)NCc3c(C)cc(C)[nH]c3=O)cc(-c3ccc(N4CCN(CCCCCCCCCCOc5cccc6c5C(=O)N(C5CCC(=O)NC5=O)C6=O)CC4)nc3)cc21,CHEMBL5070010,active
1862,Cc1cc(ncc1Br)N[C@H](c2cc[nH+]cc2)c3cc(c4cccnc4c3O)Cl,C54200471,inactive
1863,COc1cc(ccc1OC(=O)c2ccco2)/C=N\Nc3nc(nc(n3)Nc4ccccc4)Nc5ccccc5,C96562655,inactive
1864,CC(C)C[NH+]1C[C@@H](C[C@H]1C(=O)NCCc2ccccc2F)NCc3cccc(c3)Oc4ccccc4,C32513742,inactive
1865,c1ccc(cc1)Cc2cc(c(s2)NC(=O)c3cc(nc4c3cc(cc4)Cl)c5cc[nH+]cc5)C(=O)N,C22819813,inactive
1866,COc1ccc(cc1)n2c(=O)c(c(cn2)Oc3ccc(cc3)Cl)Nc4ccc(cc4)C(=O)NCc5cc[nH+]cc5,C98015393,inactive
1867,CC[C@@H](C(=O)Nc1ccc(cc1)F)Sc2c3c(nc(n2)c4cccc(c4)OC)Oc5c([nH+]cc(c5C3)CO)C,C97986986,inactive
1868,Cc1cc(nc(n1)NS(=O)(=O)c2ccc(cc2)NC(=O)CSc3c(cc4c(n3)CCCC4)C#N)C,C06088834,inactive
1869,Cc1ccc(c(c1)c2c3c([nH]n2)C(=O)N([C@@H]3c4ccc(c(c4)OC)OC)[C@H]5CCS(=O)(=O)C5)O,C40547855,inactive
1870,c1cc(cc(c1)O)/C=N/Nc2[nH]nc(n2)SCCC(=O)Nc3ccc(cc3)Br,C20906633,inactive
1871,Cc1ccc(c(c1)NC(=O)CS[C@@H]2N=N[C@@H](O2)[C@H](CC3=c4ccccc4=[NH+]C3)NC(=O)OC(C)(C)C)C,C63426749,inactive
1872,CCOC(=O)c1c2c(sc1NC(=O)c3ccc(cc3)S(=O)(=O)N(CC(C)C)CC(C)C)CN(CC2)C(=O)C,C97963504,inactive
1873,CC1(C)CC(NC(=O)c2ccc(S(=O)(=O)c3ccccc3)cc2)CC(C)(C)N1,CHEMBL3264754,inactive
1874,CCC(=O)Nc1ccc(c(c1)C(=O)N2CCCCC2)N3CCCN(CC3)C(=O)Nc4ccccc4F,C36019636,inactive
1875,C[C@H](C(=O)Nc1ccccc1Sc2ccccc2)N3CC[NH+](CC3)CC(=O)Nc4ccc(cc4)F,C22781104,inactive
1876,Cc1ccc(c(c1)NC(=O)Cc2nc(cs2)CSc3[nH]c4cc(ccc4[nH+]3)OC)C,C09126799,inactive
1877,COc1cccc(c1)c2cc(c3c([nH+]cnc3n2)N)c4ccc(cc4Cl)Cl,C09694623,inactive
1878,c1ccc2cc(ccc2c1)S(=O)(=O)Nc3ccc(cc3)CC(=O)Nc4ccc(c(c4)Cl)Cl,C02623642,inactive
1879,c1cc(ccc1S(=O)(=O)NC[C@H]2C[C@@H]3CCN2C[C@@H]3CN4CCN(CC4)S(=O)(=O)c5ccc(cc5)Cl)Cl,C67870931,inactive
1880,CC1=NN([C@H]2[C@H]1[C@@H](C(=C(O2)[NH3+])C#N)c3ccc(c(c3)OC)OCc4ccccc4Cl)c5ccccc5,C26608300,inactive
1881,CC(C)(C)c1ccc(cc1)C(=O)Nc2cc(c(cc2Cc3c4cc(c(cc4cc[nH+]3)OC)OC)OC)OC,C08964531,inactive
1882,CCN(c1cc(-c2ccc(NC(=O)CCCCCCNC(=O)C[C@@H]3N=C(c4ccc(Cl)cc4)c4c(sc(C)c4C)-n4c(C)nnc43)cc2)cc(C(=O)NCc2c(C)cc(C)[nH]c2=O)c1C)C1CCOCC1,CHEMBL5172007,active
1883,CC(=C)C1(C)Cc2cc(cc(c2O1)-c1ccc(nc1)N1CCNCC1)C(=O)NCc1c(C)cc(C)[nH]c1=O,359837,active
1884,CCN([C@H]1CC[C@@H](CC1)N(C)C)c1cc(cc(C(=O)NCc2c(C)cc(C)[nH]c2=O)c1C)-c1cnccn1,172166,active
1885,CC(=O)N1C/C(=C\c2ccc(cc2)SC)/C3=C(C1)[C@@H](C(=C(O3)[NH3+])C#N)c4ccc(cc4)SC,C39326692,inactive
1886,COc1cc(cc(c1O)Br)[C@@H]2C(=C(C(=O)N2CCCn3cc[nH+]c3)O)C(=O)c4ccncc4,C33777473,inactive
1887,CC(=O)c1cccc(c1)N2C(=O)[C@@H]3[C@H]([NH2+][C@@]([C@H]3C2=O)(c4ccccc4)C(=O)OC)c5ccc(cc5)N(C)C,C12498286,inactive
1888,CC(=O)Nc1cccc(c1)NC(=O)C2CCN(CC2)S(=O)(=O)c3ccc(cc3)Cl,C09575599,inactive
1889,c1ccc2=[NH+][C@H](C=c2c1)c3cccc(c3)NC(=O)Nc4cc(ccc4F)F,C63743613,inactive
1890,CC(c1cc(c(c(c1)/C=N\Nc2n[nH+]cc3c2cccc3)O)/C=N\Nc4n[nH+]cc5c4cccc5)(C)C,C98032937,inactive
1891,c1cc(ccc1[C@@H]2C(=C(C(=O)N2CCC[NH+]3CCOCC3)O)C(=O)c4ccc(cc4)Cl)Br,C09086307,inactive
1892,Cc1cc(nc(n1)N/C(=N/C(=O)Nc2ccc(cc2)Cl)/NCCSCc3c([nH+]c[nH]3)C)C,C14159280,inactive
1893,c1ccc2c(c1)cc(/c(=[NH+]/c3ccc(cc3)S(=O)(=O)N)/o2)C(=O)Nc4ccccc4Br,C59170581,inactive
1894,C[NH+](C)CCN1[C@H](C(=C(C1=O)[O-])C(=O)c2ccc(cc2)OCc3ccccc3)c4ccc(cc4Cl)Cl,C39827647,inactive
1895,CCN(c1cc(/C=C/c2cccc(CN3CCOCC3)c2)cc(C(=O)NCc2c(C)c3c([nH]c2=O)CCCC3)c1C)C1CCOCC1,CHEMBL4646692,active
1896,CCN(c1cc(-c2cnn(C)c2C)cc(C(=O)NCc2c(C)cc(C)[nH]c2=O)c1C)[C@H]1CC[C@H](N(C)C)CC1,CHEMBL3701019,active
1897,CCC[NH+]1CCc2c(sc(c2C(=O)OCC)NC(=O)[C@@H]3CCCCN3S(=O)(=O)c4cccs4)C1,C36648024,inactive
1898,c1c(cc(c(c1/C=[NH+]/Nc2nc([nH+]c(n2)N3CCCC3)N4CCCC4)[O-])Br)Br,C04113509,inactive
1899,Cc1cccc(c1)NC(=O)c2ccccc2NC(=O)C(=O)N/N=C/c3cn(nc3c4ccc(cc4)OCc5ccccc5)c6ccccc6,C04261338,inactive
1900,CCCCOc1ccc(cc1OCC)[C@H]2c3c(n[nH]c3C(=O)N2CCCOC(C)C)c4c(cc(cc4O)C)C,C38705912,inactive
1901,CSCC[C@@H](C(=O)N1CCC2(CC1)c3c(nc[nH]3)CC[NH2+]2)NC(=O)c4cccs4,C20573578,inactive
1902,c1ccc2=[NH+][C@@H](C=c2c1)C(=O)NNC(=O)CCCC(=O)N3CCN(CC3)c4ccccc4F,C63625928,inactive
1903,CCN([C@H]1CC[C@@H](CC1)N(C)C)c1cc(cc(C(=O)NCc2c(C)cc(C)[nH]c2=O)c1C)C#CCN1CC(O)C1,601746,active
1904,Cn1c(cc(n1)c2ccc(c(c2)OC)OC)[C@H]3C[NH+]4CC[C@@H]3C[C@@H]4CNC(=S)Nc5cccc(c5)C#N,C43526682,inactive
1905,CS(=O)(=O)CCNCc1ccc(o1)c2cc(cc(c2OCc3cccc(c3)F)Cl)Nc4c5ccccc5ncn4,C98230511,inactive
1906,COc1ccc(cc1)S[C@@H]2C[C@H]([NH+](C2)Cc3ccccc3O)C(=O)N4CCN(CC4)c5ccccc5F,C11912726,inactive
1907,c1ccc(cc1)CC[NH+]2CC3=C([NH+]=C(N(C3=NC2)c4ccccc4Cl)SCC(=O)Nc5ccc(cc5)F)[O-],C98042700,inactive
1908,CC1(CC(CC([NH2+]1)(C)C)N(Cc2ccc(cc2)N(C)C)C(=S)Nc3cccc(c3OC)OC)C,C05945281,inactive
1909,CCN(c1cc(Cl)cc(C(=O)NCc2c(C)cc(C)[nH]c2=O)c1C)C1CN(C)C1,CHEMBL3937573,active
1910,c1ccc(cc1)NC(=O)c2ccccc2NC(=O)CSc3nnc(n3N)COc4ccccc4F,C10420468,inactive
1911,CC(C)n1ncc2c(cc(nc12)-c1cccc(CN(C)CCCN(C)C)c1)C(=O)NCc1c(C)cc(C)[nH]c1=O,325820,active
1912,c1c(c[nH+]c(c1Cl)NCCN2C(=O)[C@H](C(=O)NC2=O)/C=N/Nc3c(cc(cn3)C(F)(F)F)Cl)C(F)(F)F,C12956000,inactive
1913,Cc1ccc(cc1)c2c3c([nH]n2)C(=O)N([C@@H]3c4ccc(c(c4)OC)OCc5ccccc5)Cc6cc[nH+]cc6,C40341815,inactive
1914,CCOC(=O)N1CCN(CC1)S(=O)(=O)c2ccc(cc2)C(=O)Nc3nc4c5ccccc5ccc4s3,C11852938,inactive
1915,C/C=C(/C)\C(=O)O[C@H]1[C@@H]([C@@H]([C@@H](O[C@@H]1OC(C)(C)[C@@H]2CC[C@@]3(CCCC(=C)[C@@H]3C2)C)C)O)O,C49601644,inactive
1916,Cc1ccc(cc1Cl)N(CC(=O)N/N=C(\C)/c2cccc(c2)NC(=O)C)S(=O)(=O)c3ccccc3,C59401514,inactive
1917,Cn1c2c(c(=O)[nH]c1=O)n(c(n2)N3CC[NH+](CC3)C(c4ccccc4)c5ccccc5)CCSc6nnnn6c7ccccc7,C97987809,inactive
1918,CCOC(=O)c1ccc(cc1)NC(=O)CSc2nnc(s2)NC(=O)c3cc(ccc3Cl)Br,C97961689,inactive
1919,CCN(c1cc(-c2cn(C)nc2C)cc(C(=O)NCc2c(C)cc(C)[nH]c2=O)c1C)[C@H]1CC[C@H](N(C)C)CC1,CHEMBL3701024,active
1920,CC(C)(CO)[NH2+]Cc1cc(c(c(c1)Br)OC[C@@H](c2ccc3c(c2)OCO3)O)OC,C20876978,inactive
1921,COc1cc2c(cc1OCc3ccccc3)[C@@H]([NH2+]CC2)Cc4ccc(c(c4)O)OCc5ccccc5,C22051220,inactive
1922,CCOc1ccc(cc1)[C@H](CCC(=O)N/N=C/c2cc(c(c(c2)I)OCC)OC)O,C58893046,inactive
1923,COc1ccc(cc1)c2cn3c4ccc(cc4sc3n2)C(=O)NCCC[NH+]5CCc6ccccc6C5,C09406444,inactive
1924,COc1cccc(c1)Cn2c(=O)c3ccc(cc3[nH]c2=O)[C@H]4[NH2+][C@H](NO4)c5ccc(cc5OC)OC,C64870362,inactive
1925,c1ccc2c(c1)OC[C@@H](O2)COC[C@@H](CN3CC[NH+](CC3)CCN4C(=O)c5cccc6c5c(ccc6)C4=O)O,C22914707,inactive
1926,COc1cc(ccc1OCC[NH2+]C[C@H](COc2cccc3c2c4ccccc4[nH]3)O)OCc5ccccc5,C22051168,inactive
1927,c1cc(sc1)[C@H]2C[C@H](n3c(c(c(n3)/C(=[NH+]/Cc4ccc(cc4)F)/O)Br)N2)C(F)(F)F,C00673870,inactive
1928,CCOc1cc(ccc1O)[C@@H]2[C@H](C(=O)C(=O)N2CC[NH+](C)C)C(=O)c3ccc(cc3)OCc4cccc(c4)C,C09507977,inactive
1929,c1cc(c(c(c1)Cl)Cc2nc3cc(c(cc3n2CCC(=O)NCc4cc[nH+]cc4)Cl)Cl)Cl,C96287118,inactive
1930,CCCCCOc1ccc(cc1)[C@@H]2C(=C(c3ccc4c(c3)C[C@H](O4)C)O)C(=O)C(=O)N2CCCn5cc[nH+]c5,C09292794,inactive
1931,CC(C)C[C@@H]1C(=O)N(C2([NH2+]1)CCN(CC2)S(=O)(=O)c3ccc(cc3)OC)Cc4ccc5c(c4)OCO5,C36029906,inactive
1932,Cc1cc2c(c(c(c(c2C(C)C)O)O)/C=N/C34C[NH+]5CN(C3)CN(C4)C5)c(c1c6c(cc7c(c6O)c(c(c(c7C(C)C)O)O)/C=N/C89CN1CN(C8)CN(C9)C1)C)O,C85867952,inactive
1933,CC(C)n1cc2C\C=C\CCc3cc(C)[nH]c(=O)c3CNC(=O)c3cc(cc1c23)-c1ccc(nc1)N1CCNCC1,50594121,active
1934,Cc1ccc(cc1)S(=O)(=O)N2CC[NH+](CC2)C[C@H](COc3ccc(cc3)C(=O)c4ccc(cc4)Cl)O,C06013497,inactive
1935,CCOC(=O)c1ccc(cc1)NC2=Nc3ccccc3N4C2=[NH+]c5c(c(nn5c6ccccc6)C)[C@@H]4c7ccccc7F,C01869885,inactive
1936,CC(=O)Nc1ccc(c(c1)NC(=O)[C@H]2CCCN(C2)S(=O)(=O)c3ccc(cc3)F)F,C23003485,inactive
1937,Cc1ccccc1NC(=O)CSc2nnc(n2N)N/N=C/c3cccc(c3Cl)Cl,C21316140,inactive
1938,CC(C)(C(=O)NCCc1cccc[nH+]1)N2CC3=C(C2=O)[C@@H](NC(=O)N3C)c4cccc(c4)Oc5ccccc5,C85422222,inactive
1939,C[C@]12CC[C@H]3[C@H]([C@@H]1CC[C@H]2O)CCC4=C/C(=N/OCC(=O)N[C@@H](Cc5c[nH]c[nH+]5)C(=O)OC)/CC[C@]34C,C70692347,inactive
1940,Cc1cc(nc(n1)C)NS(=O)(=O)c2ccc(cc2)NC(=O)/C=C/c3cc(ccc3OC)Br,C40948764,inactive
1941,CCC1(C)Cc2cc(cc(c2O1)-c1ccc(nc1)N1CCNCC1)C(=O)NCc1c(C)cc(C)[nH]c1=O,359801,active
1942,Cc1ccc(cc1S(=O)(=O)NCc2[nH]c3ccccc3n2)c4c5ccccc5c(n[nH+]4)Nc6cccc(c6)C(F)(F)F,C06161729,inactive
1943,CCN([C@H]1CC[C@@H](CC1)N(C)C)c1cc(cc(C(=O)NCc2c(C)cc(C)[nH]c2=O)c1C)-c1cnc(C)nc1,172156,active
1944,c1cc(c[nH+]c1)[C@@H]2CCCCN2CN3c4ccc(cc4/C(=N/NC(=O)c5ccc(cc5)Cl)/C3=O)Br,C97966610,inactive
1945,COc1cc(ccc1OC(=O)c2ccc(cc2Cl)Cl)/C=N/NC(=O)CNS(=O)(=O)c3ccccc3,C02530599,inactive
1946,Cc1cc(ccc1NC(=O)C[NH+](C)Cc2[nH]c(=O)c3c(csc3n2)c4ccco4)Br,C09050122,inactive
1947,c1ccc(cc1)/C=C\2/C(=O)N(C(=S)S2)CCC(=O)n3c4ccccc4nc3SCC(=O)Nc5ccc(cc5)F,C97946111,inactive
1948,Cc1cc(C)c(CNC(=O)c2cc(-c3ccc(CN4CCOCC4)cc3)cc(N(C)C3CCCC3)c2C)c(=O)[nH]1,CHEMBL3697398,active
1949,COC(=O)c1ccc(c(c1)NC(=O)c2ccc(c(c2)[N+](=O)[O-])N3CCCCC3)N4CCN(CC4)C(=O)c5ccccc5,C97995656,inactive
1950,COc1ccc(cc1S(=O)(=O)N2CCCC2)C(=O)OCC(=O)Nc3c(c4c(s3)CCCC4)C(=O)N,C15980005,inactive
1951,CCCC[N+]1=C(S/C(=C\2/N(c3cc(ccc3S2)OC)CC)/C1=O)Nc4ccc(cc4C)N(CC)CCO,C97964027,inactive
1952,CCN(c1cc(S(=O)(=O)CC)cc(C(=O)NCc2c(C)cc(C)[nH]c2=O)c1C)[C@H]1CC[C@H](N(C)C)CC1,CHEMBL3918450,active
1953,C[C@@H](C(=O)N1Cc2cc(c(cc2C[C@H]1C(=O)OCc3ccccc3)OC)OC)[NH2+][C@@H](CCc4ccccc4)C(=O)OC,C77311432,inactive
1954,COc1ccc(cc1)N2CC[NH+](CC2)Cc3nc(nc(n3)Nc4ccc5c(c4)OCCO5)N,C09434017,inactive
1955,Cc1cc(c(c(c1)C)NC(=O)CSc2nc3ccc(cc3s2)NC(=O)CSc4[nH+]ccn4C)C,C59417484,inactive
1956,COc1ccc(cc1)[C@@H]2NN[C@H](N2c3ccc(cc3)OC)SCC(=O)N/N=C/C4=c5ccccc5=[NH+]C4,C39575921,inactive
1957,c1ccc(cc1)[C@H]2CC(=NN2C(=[NH2+])S[C@@H]3CC(=O)N(C3=O)c4ccc(cc4)Br)c5ccccc5,C98045388,inactive
1958,CN(C)c1ccc(cc1)[C@H](CNC(=O)C[C@H](c2ccccc2F)NC(=O)N)C3=c4ccccc4=[NH+]C3,C63112130,inactive
1959,Cc1ccc(cc1)c2ccsc2C(=O)NNS(=O)(=O)c3cc(ccc3OC)NC(=O)C,C12998265,inactive
1960,c1cc2c(cc1C(=O)NCC(=O)N/N=C/c3cc(cc(c3OC(=O)c4ccc5c(c4)OCO5)Br)Br)OCO2,C04018595,inactive
1961,CC[NH+](CC)CCN(c1nc2c(cccc2s1)OCC)C(=O)c3ccc(cc3)S(=O)(=O)N(C)c4ccccc4,C60209958,inactive
1962,CC[C@H](C(=O)Nc1c(c(cs1)c2ccc(cc2)OC)C#N)n3c(nnc3SCc4ccccc4)N,C40173006,inactive
1963,c1ccc(cc1)[C@](CC#CC[NH+]2CCN(CC2)c3ccc(cc3)[N+](=O)[O-])(c4ccc(cc4)Br)O,C71260629,inactive
1964,CN([C@H]1CC[C@H](N)CC1)c1cc(cc(C(=O)NCc2c(C)cc(C)nc2=O)c1C)-c1cnn(C)c1,514184,active
1965,c1cc(c(cc1n2c(=O)c3cn[nH]c3nc2SCC(=O)Nc4cc(cc(c4)F)F)F)F,C51316805,inactive
1966,Cc1cc(ccc1NC(=O)CN(C)C(=O)[C@H](C)NS(=O)(=O)c2ccc(cc2)OC)Br,C17863385,inactive
1967,COc1cc(c(cc1OC)NC(=O)C23C[C@H]4C[C@@H](C2)CC(C4)(C3)Br)C(=O)N,C63603673,inactive
1968,c1ccc(cc1)c2c(cn(n2)CC(=O)N)[C@@H]3[C@H]4[C@@H]([NH+]=N[C@@H]4OC(=C3C#N)[NH3+])c5ccc6ccccc6c5,C39964303,inactive
1969,COc1ccc(cc1)[C@@H]2C[C@H](N3C(=[NH+]2)C(=CN3)c4n[nH]c(=S)n4Cc5ccccc5)C(F)(F)F,C02791911,inactive
1970,CCS(=O)(=O)N1CCC(CC1)[C@@H](C)n1c(C)c(C(=O)NCc2c(OC)cc(C)[nH]c2=O)c2ccccc12,50110355,active
1971,CC1(CC2=C([C@@H](C(=C(N2c3nnc(s3)SCc4ccccc4)[NH3+])C#N)c5ccccc5)C(=O)C1)C,C39425935,inactive
1972,CCC[NH+](Cc1[nH]c(=O)c2c(csc2n1)c3ccc(cc3)OC)C[C@H](COc4ccc(cc4)Cl)O,C40404961,inactive
1973,Cc1ccc(cc1)[C@@H](C(=O)NC(C)(C)C)N(c2ccccc2C)C(=O)CCC(=O)Nc3cccc[nH+]3,C08994890,inactive
1974,CCOc1cccc(c1O)[C@@H]2CC(=N[C@@H]([NH2+]2)c3ccc(c(c3)Br)F)c4cccc(c4)OC,C09542561,inactive
1975,C[C@H]1CCc2c(sc3c2C(=[NH+][C@H](N3)c4ccc(cc4)OC(=O)/C=C/c5ccc(cc5)OC)O)C1,C15947553,inactive
1976,COc1ccccc1NC(=O)C(=O)NC[C@H](c2ccc3c(c2)OCO3)[NH+]4CCN(CC4)c5ccccc5F,C38621119,inactive
1977,CC(C)n1ncc2c(cc(nc12)-c1ccc2OCCOc2c1)C(=O)NCc1c(C)cc(C)nc1=O,325835,active
1978,Cc1ccc(cc1N2C(=O)[C@H]3[C@@H]([NH2+][C@@]4([C@@H]3C2=O)c5ccccc5NC4=O)CCSC)[N+](=O)[O-],C09312501,inactive
1979,COc1ccccc1N[P+](Nc2ccccc2OC)(Nc3ccccc3OC)Nc4ccccc4OC,C25502247,inactive
1980,CC1CC=Cc2cc(ccc2O1)C(=O)NCc1c(C)cc(C)[nH]c1=O,359779,active
1981,c1cc(cc(c1)Br)/[NH+]=c\2/c(cc3cc(cc(c3o2)Cl)Cl)C(=O)N,C09425736,inactive
1982,CCOc1cc(ccc1OCCOc2c(cccc2C)C)/C=C/3\C(=O)NC(=O)N(C3=O)c4ccc(cc4)Br,C97959061,inactive
1983,CC[C@H]([C@H]1C(=NN(C1=O)c2nc3ccccc3s2)CSc4ccc(cc4)Cl)[NH2+]CCc5c[nH]cn5,C20573353,inactive
1984,Cc1cc(C)c(CN2CCc3c(Br)cc(-c4c(C)nnn4C)c(Cl)c3C2=O)c(=O)[nH]1,CHEMBL4740532,active
1985,CCN([C@H]1CC[C@@H](CC1)N(C)C)c1cc(cc(C(=O)NCc2c(C)cc(C)[nH]c2=O)c1C)-c1ccncc1,172148,active
1986,CCCc1cc(C)[nH]c(=O)c1CNC(=O)c1cc(cc2n(ncc12)C(C)C)-c1ccc(cn1)C(F)(F)F,50536599,active
1987,CCOc1ccc(cc1)[C@@H](CCC(=O)N/N=C\c2cc(c(c(c2)Br)OCC#N)Cl)O,C58893833,inactive
1988,CCOC(=O)C1=C(OC(=C([C@@H]1c2ccc[nH+]c2)C#N)N)CSc3c(c(cc([nH+]3)c4cccs4)c5ccc(cc5)Cl)C#N,C08448644,inactive
1989,c1ccc2c(c1)ccc(c2Br)OCC(=O)NC(=S)Nc3ccc(c(c3)[N+](=O)[O-])Cl,C12497058,inactive
1990,CC[C@@H](C)n1cc(C)c2c(C(=O)NCc3c(C)cc(C)[nH]c3=O)cc(-c3ccc(N4CCNCC4)nc3)cc21,CHEMBL5176169,active
1991,C[NH+]1CCc2c(c(c3c(c(sc3n2)C(=O)c4ccc(cc4)Cl)N)c5cc(c(c(c5)OC)OC)OC)C1,C40570121,inactive
1992,Cc1ccc(cc1F)C(=C2[C@H](N(C(=O)C2=O)CCCn3cc[nH+]c3)c4cccc(c4)O)O,C16732139,inactive
1993,Cc1ccc(c(c1)C)NC(=O)C[n+]2ccccc2c3nnc(n3N)SCC(=O)Nc4ccc(cc4C)C,C27752410,inactive
1994,CC(C)[C@H](C(=O)OCC(=O)Nc1c(c2c(s1)CCC2)C(=O)N)NS(=O)(=O)c3ccccc3,C09255120,inactive
1995,Cc1cc(C)c(CNC(=O)c2cc(cc3n(ncc23)C2CCCC2)N2CCN(CCO)CC2)c(=O)[nH]1,326123,active
1996,Cc1ccc(cc1)S(=O)(=O)Nc2cc(c(c3c2cccc3)NS(=O)(=O)c4ccc(cc4)C)[C@H]5CCC(=O)C5,C04647593,inactive
1997,Cc1cccc(c1)N2C(=O)[C@H]3[C@H](N[C@@]([C@@H]3C2=O)(CC4=c5ccccc5=[NH+]C4)C(=O)[O-])c6ccccc6O,C63478220,inactive
1998,CC(=O)Oc1ccc(cc1OC)[C@@H]2[C@@H]3CC=C[C@@H]3c4cc(ccc4N2)S(=O)(=O)NCc5ccccc5,C14468689,inactive
1999,COc1ccc(cc1)[C@H](C(=O)Nc2ccc(cc2)OC)N(Cc3ccco3)C(=O)CC4=c5ccccc5=[NH+]C4,C63617069,inactive
2000,COC1CN(C1)C1CCC(CC1)C1(C)Oc2c(O1)c(C)c(cc2Cl)C(=O)NCc1c(SC)cc(C)[nH]c1=O,542486,active
2001,c1cc(ccc1c2csc(n2)NC(=O)CSc3ccc(cc3)NC(=O)c4ccc(cc4)[N+](=O)[O-])F,C22832831,inactive
2002,CCc1ccc2c(c1)sc(n2)N(CC[NH+](C)C)C(=O)c3ccc(cc3)S(=O)(=O)N4CCN(CC4)C(=O)OCC,C38144546,inactive
2003,CCN([C@H]1CC[C@@H](CC1)N(C)C)c1cc(Cl)cc(C(=O)NCc2c(OC)n(C)[nH]c2=O)c1C,310800,active
2004,COc1cc(cc(c1OC)OC)C(=O)NCCn2c(c(c3c2nc4ccccc4n3)S(=O)(=O)c5ccccc5)N,C01896736,inactive
2005,Cc1ccc(c(c1)N[C@H](c2cccnc2)c3ccc4ccc([nH+]c4c3O)C)OC,C54621620,inactive
2006,CC[C@@H](C(=O)Nc1ccc2c(c1)sc(n2)SCC(=O)Nc3ccccc3F)Sc4[nH+]ccn4C,C59854136,inactive
2007,Cc1ccccc1n2c(n[nH]c2=S)c3cnn4c3N[C@@H](C[C@H]4C(F)F)c5ccccc5,C02791088,inactive
2008,CN(C)Cc1ccc(cn1)-c1cc(N(C)C2CCCCC2)c(C)c(c1)C(=O)NCc1c(C)cc(C)[nH]c1=O,172028,active
2009,Cc1[nH+]c2sc(c(c2c(c1)COC)N)/C(=N/N=C(/c3sc4[nH+]c(cc(c4c3N)COC)C)\C)/C,C12445332,inactive
2010,CN(C)S(=O)(=O)c1cccc(c1)[C@H]2C(=CN(N2)c3ccccc3)/C=C(/C#N)\C4[NH+]=c5ccccc5=[NH+]4,C39143182,inactive
2011,COc1ccc(cc1F)C(=O)C2=C(C(=O)N([C@@H]2c3ccc(c(c3)OC)OCc4ccccc4)c5nnc(s5)SCc6ccc(cc6)Cl)O,C98047259,inactive
2012,c1ccc(c(c1)/C=C/c2nc3ccc(cc3c(=O)n2CCO)I)O,C36618873,inactive
2013,CCn1c(c(c(n1)C)C(=O)Nc2c(c3c(s2)C[C@H](CC3)C)C(=O)NC4CC4)C,C02781708,inactive
2014,COc1cccc2c1OC[C@@H](C2)Nc3c4cc(c(cc4ncn3)F)F,C78804793,inactive
2015,COC(=O)[C@@H]1C[C@@H](C[NH+]1Cc2ccc(cc2)O)NC(=O)[C@H]3C(=c4cc(ccc4=[NH+]3)Cl)c5ccccc5,C64636392,inactive
2016,c1ccc(cc1)/C=C\2/C(=O)N(C(=O)S2)CC(=O)Nc3ccc(cc3)S(=O)(=O)Nc4ccccn4,C08819048,inactive
2017,CCOc1cc(cc(c1OCC(=O)Nc2ccc(cc2)F)I)/C=C/3\C(=O)N(C(=O)S3)CC#C,C00979977,inactive
2018,c1ccc(cc1)C[C@@]2\3C[NH+]4CCN(C2)C[C@H](C4)/C3=N\NC(=S)Nc5ccc(c(c5)Cl)F,C59926086,inactive
2019,Cc1cccc(c1)NC(=O)CSC2=C([C@H](C(=C(N2)C)C(=O)Nc3ccccc3OC)c4ccc(o4)C)C#N,C98048695,inactive
2020,c1ccc(cc1)C[C@@H](C(=O)N2CCN(CC2)Cc3ccccc3)NS(=O)(=O)c4ccc(s4)Br,C59503755,inactive
2021,C[C@H]1C(=O)N[C@H](C(=O)N1c2cc(ccc2OC)Br)C3CC3,C86382488,inactive
2022,CCCc1cc(C)[nH]c(=O)c1CNC(=O)c1cc2CC(C)(C)Oc2c(Br)c1,359754,active
2023,CCOC(=O)C1=C(NC(=O)N[C@@H]1c2cccc(c2)F)CN(Cc3ccc[nH+]c3)C(=O)c4ccc(cc4)OC,C12412621,inactive
2024,c1ccc2c(c1)C[C@@H](CO2)c3[nH+]c(c(c(n3)N)I)C4CC4,C97623710,inactive
2025,COc1ccc(cc1O)[C@@H]2CC(=Nc3c2ncn3c4cccc(c4)Br)O,C40266660,inactive
2026,CC[C@@H]1[C@]([C@@H]([C@@H](/C(=N\O)/[C@H](C[C@]([C@H]([C@@H]([C@H]([C@H](C(=O)O1)C)O[C@@H]2C[C@]([C@@H]([C@H](O2)C)O)(C)OC)C)O[C@@H]3[C@@H]([C@H](C[C@H](O3)C)N(C)C)O)(C)O)C)C)O)(C)O,C85893874,inactive
2027,COc1c(cc(cc1I)I)/C=N/Nc2[nH+]c(nc(n2)NCc3ccccc3)N4CCOCC4,C04017852,inactive
2028,Cc1cccc([nH+]1)NC(=O)[C@H](Cc2ccccc2)NS(=O)(=O)c3ccc4c(c3)c(=O)n(c(=O)n4C)C,C09611630,inactive
2029,CCOc1ccc(cc1OCC)CCNC(=O)Cc2ccc(cc2)NC3=[NH+][C@@H]4CS(=O)(=O)C[C@H]4S3,C09530038,inactive
2030,CC(=O)Oc1c(cc(cc1OC)/C=N/NC(=O)CSc2nnc(n2c3ccc(cc3)Cl)c4ccccc4)OC,C01772615,inactive
2031,COc1ccc(cc1OC)CCNS(=O)(=O)c2ccc(c(c2)C(=O)Nc3ccc(cc3)C(F)(F)F)F,C03024950,inactive
2032,CC(=O)Nc1cccc(c1)NC(=O)CSc2c(c(cc([nH+]2)c3cccs3)c4ccc(cc4)Cl)C#N,C00705852,inactive
2033,CCC[NH+]1CCc2c(sc(c2c3nc4ccccc4s3)NC(=O)c5ccccc5S(=O)(=O)CC)C1,C36694185,inactive
2034,C[C@@H]1CCc2c(sc(c2C#N)NC(=O)Cn3c4ccccc4[nH+]c3[C@@H](C)NC(=O)c5ccccc5)C1,C32957723,inactive
2035,COC(=O)C1=C(OC(=C([C@H]1c2ccccc2F)C#N)N)CSc3c(cc4c([nH+]3)CCCCC4)C#N,C00663601,inactive
2036,Cc1cccc(n1)C(=O)Nc2cc(ccc2O)S(=O)(=O)Nc3cccc(c3)Cl,C12849103,inactive
2037,CC(C)N1CCN(CC1)c1ccc(cn1)-c1cc(C(=O)NCc2c(cc(C)[nH]c2=O)C2CCCC2)c2cnn(C(C)C)c2c1,50536560,active
2038,COc1ccc(cc1)/C=N/OCC(=O)N/N=C/2\c3cc(ccc3N(C2=O)C[NH+]4CCCCCC4)Br,C97968826,inactive
2039,CC[C@H](C)[C@@H](C(=O)NCC(C)C)NC(=O)[C@@H]1CC2=c3ccccc3=[NH+][C@@H]2[C@@H]4N1C(=O)c5c4cccc5,C63383930,inactive
2040,c1cc[nH+]c(c1)c2ccc(cc2)CN3Cc4c([nH]c[nH+]4)C[C@H]3c5nc(no5)c6ccc(cc6)OC(F)(F)F,C15675592,inactive
2041,c1ccc(cc1)c2cn(c3c2c(nc[nH+]3)NC[C@@H](c4ccco4)[NH+]5CCOCC5)c6ccc(cc6)Cl,C41098021,inactive
2042,CN1CCN(Cc2cc(C)[nH]c(=O)c2CNC(=O)c2cc(Br)cc3n(ncc23)C2CCCC2)CC1,326165,active
2043,COC(=O)c1c(c2cc(ccc2[nH]1)Br)NC(=O)CN3CC[NH+](CC3)C/C=C/c4ccccc4,C22918545,inactive
2044,CCOC(=O)[C@@H]1CCCN(C1)[C@@H](c2cccc(c2)Br)c3c(n4c(s3)nc(n4)c5ccco5)O,C97992505,inactive
2045,Cc1cc(C)c(CNC(=O)c2cc3cccn3c(C(C)N3CCOCC3)c2C)c(=O)[nH]1,CHEMBL5186929,active
2046,COc1cc(c(c(c1)Br)NC(=S)N[C@@H](C(Cl)(Cl)Cl)NC(=O)c2cc(c(c(c2)OC)OC)OC)Br,C98225681,inactive
2047,CCCCn1c(nnc1SCC(=O)Nc2ccccc2Sc3ccc(cc3)Cl)[C@H](CC)[NH+](C)C,C12532674,inactive
2048,C[C@H]1CCC[C@H]([C@@H]1C)NC(=O)c2ccc(cc2)Cn3c4c[nH+]ccc4nc3SCc5ccc(cc5)F,C08911945,inactive
2049,CCOc1ccc(cc1C(=O)NC(=S)Nc2ccc(cc2)S(=O)(=O)N3CCCC3)Br,C14655357,inactive
2050,COc1ccc(c(c1)S(=O)(=O)Nc2cccc(c2)c3cc4cc(ccc4[nH]3)F)OC,C33106140,inactive
2051,c1cc(oc1)CNS(=O)(=O)c2ccc(cc2)/C=C\C(=O)Nc3ccc4c(c3)[nH]c([nH+]4)c5ccco5,C51211759,inactive
2052,C[C@H]1Cc2cc(ccc2O1)C(=O)C3=C(C(=O)N([C@@H]3c4cccc(c4)OCc5ccccc5)CCC[NH+]6CCOCC6)O,C97969561,inactive
2053,c1ccc(c(c1)/C=N\[NH+]=C(/Nc2cc(ccc2Cl)S(=O)(=O)N3CCOCC3)\[S-])OC(F)F,C97991757,inactive
2054,CC(C)(C)c1ccc(NC(=O)c2ncn(CC(=O)NCc3ccc4[nH]ncc4c3)n2)cc1,CHEMBL4740900,inactive
2055,CCN([C@H]1CC[C@@H](CC1)N(C)C1CCC1)c1cc(Cl)cc(C(=O)NCc2c(C)cc(C)[nH]c2=O)c1C,190189,active
2056,Cc1ccc2nc(c(c(=O)n2c1)/C=C/3\C(=O)N(C(=S)S3)Cc4ccco4)NC[C@H]5CCCO5,C33528855,inactive
2057,COc1ccc2c(c1)sc(n2)NC(=O)[C@@H](Cc3ccccc3)NS(=O)(=O)c4ccc(s4)Br,C59523823,inactive
2058,CC(C)(C)[NH2+]c1c(nc2n1nc(s2)N3CCN(CC3)CC(=O)Nc4nccs4)c5ccccc5,C21708663,inactive
2059,CC(C)[C@@H](C(=O)OCc1nc(nc(n1)Nc2ccc(cc2)Cl)N)NS(=O)(=O)c3ccccc3,C22019322,inactive
2060,Cc1cc(nc(n1)SCC(=O)N(Cc2ccc(cc2)OC)[C@@H](c3ccc(c(c3)OC)OC)C(=O)Nc4ccc(cc4)OC)C,C08712678,inactive
2061,Cc1ccc(cc1)S(=O)(=O)N(Cc2nnc(n2c3ccccc3)SCC(=O)Nc4ccc(cc4)OC)c5ccccc5,C00648139,inactive
2062,N[C@@H](CCSC[C@H]1O[C@H]([C@H](O)[C@@H]1O)n1cnc2c(N)ncnc12)C(=O)NCc1cc([nH]n1)-c1ccccc1,50063670,active
2063,CC(C)C[C@H]1c2c(cc(c(c2O)Oc3c4c(cc(c3OC(=O)C)OC)CCN([C@@H]4CC(C)C)C)OC)CC[NH+]1C,C68568478,inactive
2064,C[C@@H]1CCc2c(sc3c2c(nc([nH+]3)SCC(=O)c4ccc(cc4)Br)N)C1,C02303584,inactive
2065,CCN(c1cc(Cl)cc(C(=O)NCc2c(C)cc(C)[nH]c2=O)c1C)C1CCN(C(C)C)CC1,CHEMBL3925098,active
2066,CC(C)N1CCN(CC1)c1ccc(cn1)-c1cc(C(=O)NCc2c(O)cc(C)[nH]c2=O)c2cnn(C(C)C)c2c1,50536561,inactive
2067,CN1CCN(CC1)C2=NC(=O)/C(=C\c3cc(c(c(c3)Br)O)OC)/S2,C33337317,inactive
2068,C[C@H]1CC(=O)N=[NH+][C@H]1c2ccc(cc2)NCC(C)(C)[NH2+]C[C@@H](COc3cc(ccc3C#N)Cl)O,C95869719,inactive
2069,CCN(C1CCOCC1)c1cc(cc(C(=O)NCc2c(cc(C)[nH]c2=O)C(C)C)c1C)-c1ccc(nc1)N1CCNCC1,172177,active
2070,CC1(CC2=C([C@H](C(=C(N2c3ccccc3C(F)(F)F)N)C#N)c4ccc(c(c4)C[NH+]5CCCC5)OC)C(=O)C1)C,C04396961,inactive
2071,CC(=O)N1Cc2ccccc2C[C@@H]1C(=O)Nc3ccc4ccccc4n3,C71184875,inactive
2072,c1ccc(cc1)C2(C(=O)N(C(=O)N2)CC(=O)N[C@H](c3ccc(cc3)F)c4cccs4)c5ccccc5,C09461877,inactive
2073,C[C@H]1CCC2=C3C(=NC(=NC3=O)SCC(=O)Nc4c(c5c(s4)CCC5)C(=O)N)S[C@H]2C1,C39795551,inactive
2074,C[C@H]1Cc2cc(ccc2O1)C(=O)C3=C(C(=O)N([C@@H]3c4cc(c(c(c4)Br)O)OC)CCC[NH+](C)C)O,C97953914,inactive
2075,CC1CN(C2CCOCC2)c2cc(cc(C(=O)NCc3c(C)cc(C)[nH]c3=O)c12)-c1ccc(nc1)N1CCNCC1,50205626,active
2076,c1cc(c(cc1[N+](=O)[O-])N)S(=O)(=O)NCCS(=O)(=O)N,C50657180,inactive
2077,C[NH+](C)CCN1[C@H](C(=C(C1=O)O)C(=O)/C=C/c2ccccc2)c3ccc(c(c3)OC)OCc4ccccc4,C35443537,inactive
2078,C[C@@]12CC3C[C@@](C1)(CC(C3)(C2)[NH2+]Cc4cc(c(c(c4)Br)OCc5ccc6c(c5)OCO6)OC)C,C20876674,inactive
2079,[H]/N=C\1/C(=C/c2cccc(c2)OCCOc3ccc(c(c3)C)Cl)/C(=O)N=C4N1N=C(S4)c5ccc(cc5)C,C08494865,inactive
2080,Cc1ccc(cc1)S(=O)(=O)N2CC[NH+](CC2)CC(=O)NN=Cc3cc(ccc3O)Br,C09043907,inactive
2081,C/C(=N\OCC(=O)N/N=C\1/c2ccccc2N(C1=O)C[NH+]3C[C@]4(C[C@@H]3CC(C4)(C)C)C)/c5ccc(cc5)OC,C13514304,inactive
2082,CCC(OC)c1cc(Cl)c2CCN(Cc3c(OC)cc(C)[nH]c3=O)C(=O)c2c1Cl,435598,active
2083,c1ccc(cc1)c2c(c[nH]n2)C[NH+]3CCC(CC3)(Cc4ccccc4Cl)CO,C19720603,inactive
2084,COc1ccc(cc1OC)N(CC(=O)Nc2ccc(cc2)S(=O)(=O)N3CCCC3)S(=O)(=O)c4ccccc4,C59768647,inactive
2085,CN(C)Cc1ccc(cc1)-c1cc(cc(n1)N1CCCCC1)C(=O)NCc1c(C)cc(C)[nH]c1=O,172002,active
2086,CN1C[C@@H](c2c1cccc2)/C=C(/C(=O)NCCC3=c4ccccc4=[NH+]C3)\NC(=O)c5ccc(cc5)OC,C63098801,inactive
2087,c1ccn2cc([nH+]c2c1)c3ccc(cc3)NC(=O)c4cccc(c4)S(=O)(=O)NCC(F)(F)F,C24962174,inactive
2088,CC[NH+]1CCN(CC1)c2ccc(cc2)NC(=O)CN[C@@H](c3ccc(cc3)F)c4cccs4,C12556309,inactive
2089,Cc1ccc2=[NH+][C@@H]([NH+]=c2c1)SCC(=O)Nc3ncc(s3)S(=O)(=O)c4ccc(cc4)[N+](=O)[O-],C63515220,inactive
2090,C[C@@]1(CC[C@]2([C@@H](C1)C(C[C@@H]2[NH2+]Cc3ccccc3OC)(C)C)CCC(=O)NCc4ccc[nH+]c4)O,C12491050,inactive
2091,CCCCOc1cccc(c1)NC(=O)CSc2nc([nH]n2)N/N=C/c3cc(ccc3O)Br,C21080015,inactive
2092,Cc1ccc2c(c1)cc(c([nH+]2)N(C)Cc3cc[nH]n3)CN(C[C@H]4CCCO4)C(=O)c5ccc6c(c5)OCO6,C32561837,inactive
2093,COc1ccc2c(c1)sc(n2)NC(=O)CSc3nc([nH]n3)N/N=C/c4cccc(c4O)CC=C,C20832678,inactive
2094,Cc1cc(C)c(CNC(=O)c2cc(COCCO)cc3n(ncc23)C2CCCC2)c(=O)[nH]1,326170,active
2095,c1ccc2c(c1)CCC[C@@]23C(=O)N(C(=O)N3)CC(=O)Nc4ccc(cc4)S(=O)(=O)N5CCCC5,C09832189,inactive
2096,CC1(Cc2c(c([nH+]c3c2c4c(s3)c(nc(n4)SC)SCC(=O)Nc5ccc(cc5)OC)N6CCOCC6)CO1)C,C08767901,inactive
2097,COc1cccc(c1)n2c3c(c(=O)n(c(n3)SCC(=O)Nc4nccs4)c5ccc(cc5)F)sc2=S,C03019100,inactive
2098,CC(=O)Nc1ccc(cc1)N2C(=O)/C(=C/c3c[nH]c4c3ccc(c4)OC)/SC2=S,C54360808,inactive
2099,Cc1cc(no1)NC(=O)CSc2nc(=O)cc(n2c3ccccc3)N,C01138028,inactive
2100,c1ccc2c(c1)CC[C@H](C2)C[NH2+]CC3CCC(CC3)CNS(=O)(=O)c4ccccc4[N+](=O)[O-],C03952356,inactive
2101,CN([C@H]1CC[C@H](N)CC1)c1cc(cc(C(=O)NCc2c(C)cc(C)[nH]c2=O)c1C)-c1ccc(CN2CCOCC2)cc1,172037,active
2102,Cc1cc(C)c(CNC(=O)c2cc(Br)nc3n(ncc23)C2CCN(CC2)C(=O)OC(C)(C)C)c(=O)[nH]1,50149704,active
2103,CC(=O)Nc1ccc(cc1)NC=C2C(=O)N(C(=S)N(C2=O)c3ccccc3OC)c4ccccc4OC,C09355038,inactive
2104,CN([C@H]1CC[C@H](N)CC1)c1cc(cc(c1)-c1cnn(CCN2CCOCC2)c1)C(=O)NCc1c(C)cc(C)nc1=O,514190,active
2105,Cc1ccc(cc1)c2c3c4n(c2C(=S)NC)N/C(=C\Oc5ccc(cc5)OC)/[NH+]4CCCC3,C09737648,inactive
2106,COc1ccc(cc1OC)c2c([nH+]c([nH]2)c3ccc(cc3)F)SCC(=O)Nc4ccc5c(c4)OCO5,C09674202,inactive
2107,Cc1ccc(cc1)S(=O)(=O)/N=C(/C[NH+]2CCCC2)\N3CCN([C@@H]3c4ccc(cc4)OC)S(=O)(=O)c5ccc(cc5)C,C97961126,inactive
2108,C[C@H]1CCc2c(sc(c2C(=O)N[C@H]3CCS(=O)(=O)C3)NC(=O)Cc4cccc5c4cccc5)C1,C39836294,inactive
2109,c1cc(cc(c1)/[NH+]=c\2/c(cc3cc(ccc3o2)Br)C(=O)NC[C@@H]4CCCO4)C(F)(F)F,C67292471,inactive
2110,CCN(C1CCOCC1)c1cc2oc(cc2c(C(=O)NCc2c(C)cc(C)[nH]c2=O)c1CC)C1CCN(CC1)C(C)C,50287048,active
2111,c1ccc(cc1)n2cc(c(n2)c3ccc[nH+]c3)/C=C\C(=O)NC[C@H](c4ccco4)[NH+]5CCCCC5,C96402992,inactive
2112,c1ccc(cc1)C(=O)N/C(=C\[P+](c2ccccc2)(c3ccccc3)c4ccccc4)/C(=N/c5ccc(cc5Cl)[N+](=O)[O-])/[O-],C98229541,inactive
2113,C[NH+]1CCc2c(cc(c([nH+]2)SCC3=C([C@H](C(=C(O3)N)C#N)c4cccc(c4)OC)C(=O)OC)C#N)C1,C13401843,inactive
2114,CCOc1ccc(cc1)NC2=Nc3ccccc3N4C2=[NH+]c5c(c(nn5c6ccccc6)C)[C@@H]4c7cccs7,C97951625,inactive
2115,c1ccc(c(c1)/C=[NH+]/NC(=O)CN(c2ccc(cc2)F)S(=O)(=O)c3ccc4c(c3)OCCO4)O,C02648469,inactive
2116,c1ccc(cc1)c2ccccc2NC(=O)CS[C@H]3N=N[C@@H](N3[NH3+])[C@@H]4C=C(N=N4)c5ccc(cc5)Cl,C39593073,inactive
2117,c1ccc2=[NH+]CC(=c2c1)CCNC(=O)C(=O)NC[C@@H](c3ccco3)S(=O)(=O)c4ccc(cc4)F,C63698396,inactive
2118,C[C@@H](c1ccccc1F)[NH2+]CC(=O)Nc2ccc(cc2)S(=O)(=O)/N=C/3\CCCCCN3,C13031443,inactive
2119,CC(C)CC[C@H](c1c2c(sc1n3cccc3)CN(CC2)C)NC(=O)Nc4cc(c(c(c4)OC)OC)OC,C20386607,inactive
2120,Cc1cccc(c1)COc2ccc(cc2)C(=O)C3=C(C(=O)N([C@@H]3c4ccccc4F)CCCn5cc[nH+]c5)[O-],C09507090,inactive
2121,c1cc(ccc1[C@H]2CCC=C2)OC[C@@H](C[NH+]3CCN(CC3)C[C@@H](COc4ccc(cc4)[C@@H]5CCC=C5)O)O,C19359049,inactive
2122,C[C@H](C(=O)Nc1c2cc(ccc2[nH]c1C(=O)OC)Br)[NH+]3CCC(CC3)Cc4ccccc4,C02312250,inactive
2123,Cc1coc-2c1C(=O)C(=O)c1c-2ccc2c1CC[C@@H](O)[C@]2(C)O,50017292,active
2124,CC(C)CCOc1ccc(cc1OC)[C@H]2c3c([nH]nc3C(=O)N2CCCn4cc[nH+]c4)c5ccc(cc5)OC,C40345714,inactive
2125,Cc1cc(C)c(CNC(=O)c2ccccc2C)c(=O)[nH]1,CHEMBL3984466,inactive
2126,c1cc[nH+]c(c1)N2CCN(CC2)c3ncc(cn3)NC(=O)c4ccc(cc4)S(=O)(=O)N,C77196650,inactive
2127,Cc1ccc(c(c1)Br)NC(=O)CSc2[nH]c3cc(c([nH+]c3n2)C)Br,C09308574,inactive
2128,c1cc(ccc1OCc2ccc(o2)[C@@H]3C(=C(OC4=C3C(=O)CCC4)N)C#N)Br,C02768701,inactive
2129,c1ccc(cc1)c2ccc([nH]2)C(=O)N(Cc3cccs3)[C@@H](c4ccc(cc4)F)C(=O)NC[C@H]5CCCO5,C00885771,inactive
2130,COc1ccc(cc1COc2ccccc2)[C@@H]3C4C(=NC(=C)C3C(=O)Nc5ccc(c[nH+]5)Br)CCCC4=O,C08399978,inactive
2131,COc1cc(C)[nH]c(=O)c1CNC(=O)c1c(C)n([C@H](C)C2CCN(CC(F)(F)F)CC2)c2ccccc12,CHEMBL4297463,active
2132,Cn1cc[nH+]c1SCC(=O)Nc2ccc(cc2)C(=O)Nc3ccc(cc3)c4nccs4,C17590959,inactive
2133,COc1cc(cc(c1OC)OC)C(=O)c2cc(ccc2N/C=C(/C#N)\c3nc(cs3)c4cc5cc(ccc5oc4=O)Br)Cl,C97966540,inactive
2134,CN(C)C(=O)c1ccc(cc1)NC(=O)CSc2[nH]c(c([nH+]2)c3cccs3)c4cccs4,C09099373,inactive
2135,CC(C)[C@@H](C(=O)NC[C@H](c1cccc(c1)Cl)[NH+]2CCCC2)NC3=NS(=O)(=O)c4c3cccc4,C68743326,inactive
2136,CCS(=O)(=O)N1CCC([C@@H](C)n2c(C)c(C(=O)NCc3c(OC)cc(C)[nH]c3=O)c3ccccc32)CC1,CHEMBL3605457,active
2137,CCN(c1cc(Cl)cc(C(=O)NCc2c(C)cc(C)[nH]c2=O)c1C)[C@H]1CC[C@H](C(=O)O)CC1,CHEMBL3942740,active
2138,Cc1cc(ccc1NC(=O)c2cn[nH]c2c3ccc(cc3)OC)I,C97024439,inactive
2139,CCCN([C@@H](c1ccc(c(c1)OC)O)C(=O)NC(C)(C)C)C(=O)Cc2ccc(cc2)Br,C36567518,inactive
2140,COc1ccc(cc1OC)[C@H]2c3ccc(cc3OC(=C2C#N)N)OC(=O)C(c4ccccc4)c5ccccc5,C38658669,inactive
2141,C[C@@H](C(=O)Nc1ccc(cc1)S(=O)(=O)N)Sc2ccc(cc2)NC(=O)/C=C/c3ccccc3,C22718661,inactive
2142,c1ccc2=[NH+]CC(=c2c1)CCN/C(=N\C(=O)c3ccccc3Cl)/Nc4cccc(c4)Br,C63589488,inactive
2143,C[C@H]1C[C@@H](CN(C1)C(=O)CN2CC[NH+](CC2)CC(=O)N[C@@H](c3ccc(cc3)F)c4cccs4)C,C22790267,inactive
2144,c1cc(c(=O)n(c1)Cc2ccc(cc2)Cl)C(=O)Nc3ccc(cc3)S(=O)(=O)N,C10187759,inactive
2145,Cc1cccc(c1)COc2ccc(cc2)C(=O)C3=C(C(=O)N([C@@H]3c4ccc(cc4)OC)CCCn5cc[nH+]c5)O,C97952586,inactive
2146,COC(C1COC1)c1cc(C)c2CCN(Cc3c(OC)cc(C)[nH]c3=O)C(=O)c2c1Cl,435638,active
2147,c1cc(oc1)C(=O)NCCCC(=O)NC[C@H](c2ccc(cc2)Cl)[NH+]3CCc4c(ccs4)C3,C46794887,inactive
2148,CCCOc1ccc(cc1OCC)[C@H]2[C@@H]3C[C@H](CC=C3C(=C(C2(C#N)C#N)[NH3+])C#N)C(C)(C)C,C01827774,inactive
2149,CCN\1c2ccccc2S/C1=C/3\C(=O)N(C(=S)S3)NC(=O)C,C13152423,inactive
2150,CN(C)c1ccc(cc1)NC(=O)[C@@H](c2cccs2)N(Cc3ccc(cc3)F)C(=O)Cn4c5ccccc5nn4,C01412457,inactive
2151,Cc1cccc(n1)NC(=O)[C@@H]2CCC(=O)N([C@H]2c3ccc(cc3)F)C,C96181898,inactive
2152,c1ccc(cc1)c2nnc(s2)NC(=O)C(=O)N/N=C/c3cccc(c3)OCc4cccc(c4)Br,C04210856,inactive
2153,c1cc2c(ccc[nH+]2)c(c1)Nc3c(c(ncn3)NNC(=O)COc4ccc(cc4Cl)Cl)[N+](=O)[O-],C40659543,inactive
2154,CCOc1cc(ccc1O)[C@@H]2C(=C(C(=O)N2CCC[NH+](C)C)O)C(=O)c3ccc(cc3)OCc4cccc(c4)C,C97952465,inactive
2155,COc1ccc(c(c1)N(CC(=O)N/N=C/c2ccc(cc2)OC3CSC3)S(=O)(=O)c4ccccc4)OC,C02898024,inactive
2156,c1cc(cc(c1)NC(=S)N/N=C\2/CCS(=O)(=O)c3c2cc(cc3)F)C(F)(F)F,C35610747,inactive
2157,CC[NH+](CC)CCCN1[C@@H](C(=C(C1=O)O)C(=O)c2ccc3c(c2)C[C@H](O3)C)c4ccc(cc4)C(C)(C)C,C20331406,inactive
2158,CC[C@@H](Cc1c(nc2n1ccs2)n3cc(cn3)I)[NH3+],C96715197,inactive
2159,CCN(C1C[C@@H](C)N[C@H](C)C1)c1cc(F)cc(C(=O)NCc2c(cc(C)[nH]c2=O)C(C)C)c1C,601710,active
2160,C1CCC(C1)NC(=O)c2c3c(sc2NC(=O)[C@@H]4[C@H]5CC[C@@H]([C@@H]4C(=O)O)C=C5)CCC3,C35897630,inactive
2161,Cc1ccc(cc1NC(=O)c2ccc(cc2)NS(=O)(=O)c3ccc(c(c3)F)F)F,C09588397,inactive
2162,Cc1cc(C)c(CN2CCc3c(Cl)cc(C(CO)c4ccon4)c(Cl)c3C2=O)c(=O)[nH]1,CHEMBL4061411,active
2163,Cc1ccccc1n2c(cc(n2)c3c([nH+]c4n(c3=O)c(cs4)CC(=O)N[C@@H](C)CCc5ccccc5)C)C,C35911648,inactive
2164,CCOC(=O)[C@@H]1[C@@H](CC2=C(C1=O)[C@@H](C(=C(N2c3ccccc3F)N)C(=O)OCC)c4cccc(c4)[N+](=O)[O-])c5cccs5,C98007109,inactive
2165,COC1CC[NH+](CC1)c2ccc(cc2)NC(=O)c3ccc(cc3)NS(=O)(=O)c4cccc(c4)F,C96382082,inactive
2166,Cc1cc(C)c(CNC(=O)c2cc(cc3n(ncc23)C2CCCC2)C2=CCN(CCO)CC2)c(=O)[nH]1,326196,active
2167,c1ccc2c(c1)C(=O)N(C2=O)CC(=O)N(Cc3ccc[nH+]c3)[C@@H](c4csnn4)C(=O)NC56CC7CC(C5)CC(C7)C6,C08695982,inactive
2168,Cc1ccc2c(c1)[C@@H](CC3(O2)CC[NH+](CC3)C[C@@H](c4ccc5c(c4)CCCC5)O)O,C12330283,inactive
2169,COC(=O)[C@@H]1C[C@@H](CN1CC2CCCCC2)NC(=O)[C@@H]3C(=c4cc(ccc4=[NH+]3)Cl)c5ccccc5,C64636275,inactive
2170,COc1ccccc1[C@@H]2[C@@H]3[C@H](C(=O)N(C3=O)c4ccccc4)[C@]([NH2+]2)(Cc5ccc(cc5)O)C(=O)OC,C12497188,inactive
2171,c1ccc(cc1)c2c[nH+]c(n2C[C@@H]3CCCO3)SCC(=O)Nc4c(c5c(s4)CCCC5)C#N,C00892074,inactive
2172,CCN1C(=O)/C(=C/Nc2ccc(cc2)Br)/C(=C(C1=O)C#N)C,C39893371,inactive
2173,Cc1ccc(cc1)S(=O)(=O)Nc2ccc(cc2)C(=O)N/N=C/c3ccc(c(c3)OC)OC(=O)/C=C/c4ccccc4,C02521142,inactive
2174,CC(C)[C@H]1C(=O)N(C2([NH2+]1)CCN(CC2)C(=S)Nc3ccc(cc3)OC)Cc4ccccc4,C36024344,inactive
2175,c1ccc(cc1)COC[C@@H]2[C@H](C[C@@H]([C@H]2O)n3cnc4c3nc(nc4OCc5ccccc5)N)OCc6ccccc6,C98230444,inactive
2176,c1ccc(cc1)c2cn(c3c2c(nc[nH+]3)NCCc4ccc(cc4)S(=O)(=O)N)c5ccc(cc5)F,C01109349,inactive
2177,c1ccc(c(c1)C(F)(F)F)NC(=O)CSc2nnc(s2)NC(=O)c3ccc(cc3)S(=O)(=O)N4CCCCC4,C97961339,inactive
2178,Cc1c(c(no1)c2ccccc2Cl)C(=O)Nc3nnc(s3)SCC(=O)Nc4ccccc4C(F)(F)F,C97961458,inactive
2179,COc1ccc(cc1)CC[NH2+][C@@H](C(Cl)(Cl)Cl)NC(=O)c2cc3ccccc3oc2=O,C39916804,inactive
2180,Cc1ccc(cc1)S(=O)(=O)Nc2ccc(cc2)S[C@@H](C)C(=O)Nc3ccccc3C(=O)OC,C22742090,inactive
2181,CN([C@@H]1CC[C@H](N)CC1)c1cc(cc(C(=O)NCc2c(C)cc(C)[nH]c2=O)c1C)-c1ccc(CN2CCOCC2)cc1,172036,active
2182,CC[C@@H]1[C@]([C@@H]([C@H](C(=O)[C@@H](C[C@@]([C@@H]([C@H]([C@@H]([C@H](C(=O)O1)C)O[C@@H]2C[C@]([C@@H]([C@H](O2)C)O)(C)OC)C)O[C@@H]3[C@@H]([C@H](C[C@H](O3)C)N(C)C)O)(C)O)C)C)O)(C)O,C85902197,inactive
2183,CCCc1cc(C)[nH]c(=O)c1CNC(=O)c1cc(-c2ccc(N3CCN(C)CC3)nc2)cc(NC(C)C)c1C,CHEMBL5181108,active
2184,Cc1cc(ccc1c2ccc3[nH+]c(c(n3c2)CCC(=O)Nc4ccc(cc4)OC)c5ccc(cc5)OC)Cl,C96292094,inactive
2185,CC(OCc1ccsc1)c1c(C)c(cc2cccn12)C(=O)NCc1c(C)cc(C)[nH]c1=O,490141,active
2186,CCN(C1CCOCC1)c1cc(c(F)c(C(=O)NCc2c(C)cc(C)nc2=O)c1C)-c1ccc(CN2CCOCC2)cc1,172124,active
2187,CC(=O)c1ccc(cc1)NC(=O)CSc2nnc(s2)NC(=O)[C@H]3CC(=O)N(C3)c4ccccc4,C09517875,inactive
2188,CCCc1cc(C)[nH]c(=O)c1CNC(=O)c1cc(-c2ccc(N3CCN(C4CCN(C)CC4)CC3)nc2)cc(N(CC)C2CCOCC2)c1C,CHEMBL3701047,active
2189,CCN(c1cc(-c2ccc(CN)cc2)cc(C(=O)NCc2c(C)cc(C)[nH]c2=O)c1C)C1CCOCC1,CHEMBL3697478,active
2190,COc1cccc(c1)C(=O)N2CCN(CC2)[C@H]3c4cccc5c4c(ccc5)[C@@H]3NS(=O)(=O)c6ccccc6,C20029208,inactive
2191,Cc1ccc(cc1)C2=NN3C(=[NH2+])/C(=C/c4cc(c(c(c4)Br)OCc5cccc6c5cccc6)OC)/C(=O)N=C3S2,C97958158,inactive
2192,CCOc1cc(ccc1OCCC(C)C)[C@H]2C(=C(C(=O)N2CCCn3cc[nH+]c3)O)C(=O)c4ccc5c(c4)OCCO5,C97967502,inactive
2193,c1c(c(c(cc1Cl)Br)O)/C=[NH+]/CC/[NH+]=C/c2c(c(cc(c2)Cl)Br)O,C09262189,inactive
2194,CC1(CC2=C([C@H](C(=C(N2c3nnc(s3)SCc4ccccc4)[NH3+])C#N)c5ccccc5)C(=O)C1)C,C39425938,inactive
2195,Cc1cc(C)c(CNC(=O)c2cc(CN3CCC[C@@H]3C(N)=O)cc3n(ncc23)C2CCCC2)c(=O)[nH]1,326194,active
2196,c1ccc2c(c1)[C@H]([C@H](N2Cc3ccc(cc3Cl)F)C(=O)[O-])C[NH2+]CCC4=c5ccccc5=[NH+]C4,C65321891,inactive
2197,CC(C)CCN1c2ccccc2[C@@H]([C@H](C1=O)C(=O)N/N=C(/C)\[C@@H]3C(=c4ccccc4=[NH+]C3=O)O)O,C38574045,inactive
2198,Cc1cc(C)c(CNC(=O)c2cc(cc3n(ncc23)C2CCCC2)C2CC(C)(C)NC(C)(C)C2)c(=O)[nH]1,326105,active
2199,CC(=O)N1CCN(CC1)c1cc(C(=O)NCc2c(C)cc(C)[nH]c2=O)c2cnn(C3CCCC3)c2c1,326163,active
2200,Cc1cc(OC(F)F)c(CN2CCc3c(Cl)cc(C(CO)C4CCOCC4)c(Cl)c3C2=O)c(=O)[nH]1,435546,active
2201,CC(C)CCNC(=O)[C@H](CCSC)NC(=O)[C@@H]1CC2=c3ccccc3=[NH+][C@@H]2[C@@H]4N1C(=O)c5c4cccc5,C63384053,inactive
2202,CCn1c(nnc1SCC(=O)Nc2cc(ccc2Cl)Cl)CNc3cccc(c3)C(F)(F)F,C00917431,inactive
2203,CCN(C1CCOCC1)c1cc(cc(C(=O)NCc2c3CCCCc3c(C)[nH]c2=O)c1C)-c1ccc(cc1)N1CCN(C)CC1,50594155,active
2204,CC(C)CC[C@@H](c1c2c(sc1n3cccc3)CN(CC2)C)NC(=O)Nc4cc(c(c(c4)OC)OC)OC,C20386602,inactive
2205,CC[C@H]1CCCC[NH+]1CCCNC(=S)Nc2ccc3c(c2)c(cc(n3)N4CCN(CC4)CC)C,C20153593,inactive
2206,c1cc(cc(c1)S(=O)(=O)Nc2ccc(cc2)Cl)C(=O)NNC(=O)c3ccc4c(c3)sc([nH+]4)N,C13146141,inactive
2207,Cc1cc(C)c(CNC(=O)c2cc(cc3n(ncc23)C2CCCC2)-c2ccc(COCCN3CCOCC3)cc2)c(=O)[nH]1,326087,active
2208,COCCOC1CC[C@@H](CC1)[C@@H](C)n1c(C)c(C(=O)NCc2c(SC)cc(C)[nH]c2=O)c2ccccc12,574924,active
2209,C/[NH+]=C(/Nc1ccc2c(c1)OCO2)\S[C@@H]3CC(=O)N(C3=O)c4ccc(cc4)I,C08425120,inactive
2210,CCCCOc1ccc(cc1OCC)[C@H]2C(=C(C(=O)N2CC[NH+](CC)CC)O)C(=O)c3ccc4c(c3)C[C@H](O4)C,C97966823,inactive
2211,COc1ccc(cc1)C(=O)NCC(=O)N/N=C/c2ccccc2OCc3ccc(cc3)Br,C02532846,inactive
2212,COc1ccc(cc1CN2C(=O)c3ccccc3C2=O)/C=C\4/C(=O)NC(=O)N(C4=O)c5ccc(cc5)Br,C97967547,inactive
2213,CC(C)CN(CC(C)C)S(=O)(=O)c1ccc(cc1)C(=O)Nc2c(c3c(s2)C[NH+](CC3)Cc4ccccc4)c5nc6ccccc6s5,C97963487,inactive
2214,CC(C)[NH+](C[C@@H]1[C@H]([C@H]([C@@H](O1)n2cnc3c2ncnc3N)O)O)C4CC(C4)CCc5[nH]c6cc(ccc6n5)C(C)(C)C,C98043806,inactive
2215,c1ccc(cc1)/C=C/C=N/Nc2nnc(n2N)SCC(=O)Nc3cccc(c3)Br,C21317366,inactive
2216,c1ccc(cc1)Oc2c(cccn2)C(=O)O/N=C(/c3ccc(cc3)Oc4ccc(cc4[N+](=O)[O-])C(F)(F)F)\N,C08626671,inactive
2217,CCCC[C@@H](CC)C(=O)N([C@H](c1ccccc1O)C(=O)NCS(=O)(=O)c2ccc(cc2)C)C(C)(C)C,C36582568,inactive
2218,CC(C)c1ccc(cc1)C(=O)C[C@]2(c3cc(ccc3N(C2=O)Cc4ccc(c(c4)OC)OC)Br)O,C98045596,inactive
2219,c1cc(cc(c1)Cl)NC(=O)[C@@H]2[C@H]3C=C[C@@]4([C@@H]2C(=O)N([C@@H]4C(=O)NC5CCCCC5)CCC[NH+]6CCCCC6)O3,C38147164,inactive
2220,c1ccc2c(c1)[nH+]c(n2C[C@H](COC(c3ccc(cc3)F)c4ccc(cc4)F)O)CCCO,C40115599,inactive
2221,Cc1cc(c(cc1Br)Br)NC(=S)N[C@@H](C(Cl)(Cl)Cl)NC(=O)c2cc(c(c(c2)OC)OC)OC,C98225667,inactive
2222,COc1ccc(cc1N2C(=O)C[C@@H](C2=O)SC(=[NH2+])N/N=C\c3ccc(cc3)Cl)c4ccccc4,C34736416,inactive
2223,c1ccc(cc1)CN2C(=O)[C@](C(=O)NC2=O)(Cc3cccc4c3cccc4)C[NH+]5C[C@H]6C[C@@H](C5)c7cccc(=O)n7C6,C70670218,inactive
2224,Cc1ccc(cc1)C(=O)N/C(=C\c2ccc(o2)c3ccc(cc3)Br)/C(=O)NCCCn4cc[nH+]c4,C33358294,inactive
2225,CCN(c1cc(-c2ccc(C)cc2)cc(C(=O)NCc2c(C)cc(C)[nH]c2=O)c1C)[C@H]1CC[C@H](N(C)C)CC1,CHEMBL3701008,active
2226,Cc1ccc(c(c1)C)C(=O)NC(=S)Nc2ccc(c(c2)Cl)N3CCN(CC3)C(=O)c4ccco4,C22757447,inactive
2227,COc1cccc(c1OC)/C=N/NC(=O)CSc2nnc(n2c3ccccc3)c4ccc(cc4)Br,C01860280,inactive
2228,c1cc(ccc1OC[C@@H](C[NH+]2CCCCC2)O)S(=O)(=O)c3ccc(cc3)OC[C@H](C[NH+]4CCCCC4)O,C13549888,inactive
2229,COc1cc(cc(c1OCc2ccc(cc2)Cl)Br)C[NH2+]CCNc3ccc(cc3)[N+](=O)[O-],C16195446,inactive
2230,COc1ccc(cc1)S[C@@H]2C[C@H]([NH+](C2)C3C4CC5CC(C4)CC3C5)C(=O)N[C@H]6CCS(=O)(=O)C6,C12457392,inactive
2231,COC(=O)c1ccc(cc1)[C@@H]2c3c(n[nH]c3C(=O)N2[C@@H]4CCS(=O)(=O)C4)c5ccccc5O,C38701717,inactive
2232,COc1ccc(c(c1)[C@@H]2/C(=C/3\Nc4ccccc4S3)/C(=[NH+]C(=O)N2)c5ccccc5)OC,C13306260,inactive
2233,Cc1c([nH]c(c1C(=O)OC)C)/C=[NH+]/c2ccc(cc2)Oc3ccc(cc3)/N=C/c4c(c(c([nH]4)C)C(=O)OC)C,C02285870,inactive
2234,COC(=O)c1cc(cc(c1)NC(=O)c2ccc(c(c2)[N+](=O)[O-])N3C[C@H]4C[C@@H](C3)c5cccc(=O)n5C4)C(=O)OC,C59503789,inactive
2235,Cc1ccc(cc1)C2=NN([C@H](C2)c3ccc(cc3)Cl)C(=[NH2+])S[C@@H]4CC(=O)N(C4=O)c5ccccc5,C13590136,inactive
2236,C=CCOc1ccc(cc1)C(=O)NN2[C@H](Nc3ccc(cc3C2=O)I)c4cc(ccc4Br)OCC#C,C08431974,inactive
2237,Cc1ccc(cc1)CN2C(=O)/C(=C\c3c(nc4ccccn4c3=O)N5CC[NH+](CC5)CCO)/SC2=S,C33350049,inactive
2238,COc1cc(ccc1OCCOc2ccccc2)/C=C\3/C(=O)NC(=O)N(C3=O)c4ccc(cc4)Br,C97958102,inactive
2239,c1ccc(cc1)/C=C\2/C(=O)N(C(=S)S2)CCC(=O)n3c4ccccc4nc3SCC(=O)Nc5cccc(c5)C(F)(F)F,C97957637,inactive
2240,CN(c1ccccc1)S(=O)(=O)c2ccc(cc2)NC(=S)NC(=O)Cc3cccc4c3cccc4,C08442690,inactive
2241,CCn1cc(CNC(=O)[C@@H](N)CCSC[C@H]2O[C@@H](n3cnc4c(N)ncnc43)[C@H](O)[C@@H]2O)cn1,CHEMBL3397320,inactive
2242,Cc1ccc(cc1)S(=O)(=O)c2ccc(o2)C(=O)NC[C@@H](c3ccc(cc3)OC)[NH+]4CCCCCC4,C40322863,inactive
2243,COc1ccccc1OCCCCn2c3ccccc3[nH+]c2CCCCCNC(=O)Cc4ccccc4Cl,C40221551,inactive
2244,CN(C1CCCCC1)c1cc(cc(c1)-c1cnn(CCN2CCOCC2)c1)C(=O)NCc1c(C)cc(C)nc1=O,514156,active
2245,CCCc1cc(C)[nH]c(=O)c1CNC(=O)c1cc(-c2ccc(N3CCOCC3)nc2)c2ccn(C(C)C)c2c1C,CHEMBL5188827,active
2246,Cc1c([nH]c[nH+]1)CSCCN/C(=C\2/C(=NN(C2=O)c3ccc(cc3)OC)c4ccc(cc4)OC)/C,C08992836,inactive
2247,CC1CC[NH+](CC1)Cc2nc(c3c4c(sc3n2)CCC4)N[C@@H](C)c5ccc(cc5)NS(=O)(=O)C,C40149326,inactive
2248,CC(C)n1ncc2c(cc(nc12)-c1ccc(nc1)N1CCN(C)CC1)C(=O)NCc1c(C)cc(C)[nH]c1=O,325815,active
2249,c1ccc2c(c1)cc(c(=O)o2)C(=O)NNC(=O)c3cccc(c3)I,C01064033,inactive
2250,CCOc1ccc(cc1OCC)C(=O)/N=C(/NCCC2=c3ccccc3=[NH+]C2)\Nc4ccc(cc4C)C,C63588753,inactive
2251,CSc1cc(C)[nH]c(=O)c1CNC(=O)c1c(C)n([C@H](C)C2CCN(CC(F)(F)F)CC2)c2cccc(Br)c12,575004,active
2252,c1ccc2=[NH+]CC(=c2c1)C[C@@H](C(=O)NCc3cccnc3)NC(=O)c4ccc(cc4)C56CC7CC(C5)CC(C7)C6,C63437330,inactive
2253,CCOc1ccc(cc1)NC(=O)CSC2=Nc3ccccc3C4=N[C@@H](C(=O)N42)CCC(=O)NCc5ccco5,C08608474,inactive
2254,c1cc(ccc1CSCC(=O)Nc2ccc(cc2)S(=O)(=O)Nc3ccc(c(c3)C(F)(F)F)Cl)[N+](=O)[O-],C59652098,inactive
2255,CC(C)Cc1ccc(cc1)S(=O)(=O)N2CCC3(CC2)C(=[NH+]CCN3)NCc4ccc5c(c4)OCO5,C65074856,inactive
2256,C=CCOc1c(cc(cc1)Br)/C=N/NC(=O)CCC(=O)N/N=C/c2c(ccc(c2)Br)OCC=C,C04527592,inactive
2257,COc1cc2c(cc1OC)nc([nH+]c2N3CCC(CC3)(c4ccc(cc4)Br)O)c5ccccc5,C96602569,inactive
2258,COc1ccccc1/C=C\C=C/2\C(=O)c3ccc(c(c3O2)CN4CC[NH+](CC4)CCO)O,C33538419,inactive
2259,Cc1ccc(cc1Br)NS(=O)(=O)c2ccc(cc2)NC(=O)C(F)(F)F,C71975627,inactive
2260,CCCc1cc(C)[nH]c(=O)c1CNC(=O)c1cc(cc2n(ncc12)C(C)C)-c1ccc(nc1)N1CCN(CC1)C(C)C,50075071,active
2261,CCN(c1cc(-c2ccc(CN3CCOCC3)cc2)cc(C(=O)NCc2c3c(c(C)[nH]c2=O)CCCC3)c1C)C1CCOCC1,CHEMBL5181423,active
2262,CC[C@H]1[C@]2([C@@H]([C@H]([C@]3(O2)[C@@H](C[C@@](O3)([C@@H]([C@H]([C@@H]([C@H](C(=O)O1)C)O[C@H]4C[C@@]([C@H]([C@@H](O4)C)O)(C)OC)C)O[C@H]5[C@@H]([C@H](C[C@H](O5)C)[NH+](C)C)O)C)C)C)O)C,C94303125,inactive
2263,CCN(c1cc(-c2ccc(OCCCCCNC(=O)C[C@@H]3N=C(c4ccc(Cl)cc4)c4c(sc(C)c4C)-n4c(C)nnc43)cc2)cc(C(=O)NCc2c(C)cc(C)[nH]c2=O)c1C)C1CCOCC1,CHEMBL5189126,active
2264,Cc1c2c(c(c[nH+]1)CO)Cc3c(nc(nc3SCC(=O)Nc4ccc(cc4)OC)c5ccccc5Cl)O2,C97986832,inactive
2265,CCN([C@H]1CC[C@@H](CC1)N(C)C)c1cc(Cl)cc(C(=O)NCc2c(CC)[nH]n(C)c2=O)c1C,310753,active
2266,COc1ccc(cc1)Nc2c3cc(ccc3nc([n+]2c4ccc(cc4)OC)Nc5ccc(cc5)OC)OC,C67736580,inactive
2267,CCN(C1CCOCC1)c1cc(cc(C(=O)NCc2c(C)cc(C)n(C)c2=O)c1C)-c1ccc(CN2CCN(CCCCCCCOc3cccc4C(=O)N(C5CCC(=O)NC5=O)C(=O)c34)CC2)cc1,50582396,active
2268,C=CCN1c2ccccc2[C@@]3(C1=O)[C@H]4C(=NC(=NC4=O)SCc5ccccc5F)[N-]C(=C3C#N)[NH3+],C39217718,inactive
2269,CCN(C1CCOCC1)c1cc(cc(C(=O)NCc2c(C)cc(C)[nH]c2=O)c1C)-c1ccc(CN2CCOCC2)cc1,172038,active
2270,C/C=c/1\[nH]n-2c(=[NH2+])/c(=C/c3cc(ccc3OCCOc4ccc(cc4)C)Br)/c(=O)nc2s1,C01831830,inactive
2271,CC(C)C[C@H](C(=O)O[C@H]1[C@H](O[C@@H]2[C@H]1OC(O2)(C)C)[C@@H]3COC(O3)(C)C)NC(=O)[C@@H](Cc4ccccc4)NC(=O)OCc5ccccc5,C85867434,inactive
2272,c1ccc(cc1)C[NH+]2CCO[C@H](C2)CNC(=O)CSc3nnc(s3)Nc4ccccc4,C23647483,inactive
2273,Cc1ccc(c(c1)Cl)NC(=S)N/C(=N\c2nc(cc(n2)C)C)/N3CCN(CC3)c4cccc[nH+]4,C14159749,inactive
2274,COc1cc2ccnc(c2cc1OC)Cc3cc(c(cc3NS(=O)(=O)c4ccc5c(c4)sc(n5)SC)OC)OC,C01785529,inactive
2275,CC1([C@@H]2CC[C@]1([C@@H](C2)O)[C@@H]([C@@H]([C@]3(COC(O3)(C)C)[C@@H](C=C)OCc4ccc(cc4)OC)O)S(=O)(=O)c5ccccc5)C,C98225173,inactive
2276,CSc1cc(C)[nH]c(=O)c1CNC(=O)c1cc(Cl)c2OC(C)(Oc2c1C)C1CCC(CC1)N1CC(C1)OC1CC1,542476,active
2277,Cc1cc(c(cc1Cl)c2c3c([nH]n2)C(=O)N([C@@H]3c4cccc(c4)OCCC(C)C)Cc5ccc[nH+]c5)O,C16971895,inactive
2278,C[NH+]1CCN(CC1)[C@@H](CNC(=O)C(=O)Nc2ccc(c(c2)[N+](=O)[O-])F)c3ccc4c(c3)CCCN4C,C23859469,inactive
2279,CN(C1CCCC1)c1cc(cc(C(=O)NCc2c(C)cc(C)[nH]c2=O)c1C)C1=CC(C)(C)NC(C)(C)C1,190182,active
2280,c1cc(ccc1CC[n+]2c(csc2Nc3ccc(cc3)OC(F)(F)Cl)c4ccc(s4)Cl)S(=O)(=O)N,C35955874,inactive
2281,CC(C)n1ncc2c(cc(nc12)-c1ccc(CN(C)CCN(C)C)cc1)C(=O)NCc1c(C)cc(C)[nH]c1=O,325823,active
2282,C/C(=N\[NH+]=C(/N)\S[C@@H]1CC(=O)N(C1=O)c2ccc(c(c2)Cl)Cl)/C=C/c3ccc(cc3)N(C)C,C15162863,inactive
2283,c1ccc(cc1)CCC2=[NH+]C(c3c(=O)[nH]c(=O)n(c3N2)CCc4ccccc4)(C(F)(F)F)C(F)(F)F,C09455715,inactive
2284,CN1[C@@H]2[C@@H](C(=O)N(C1=O)C)N(C(=[NH+]2)NCCC3=c4ccccc4=[NH+]C3)Cc5ccc(c(c5)Cl)Cl,C63437817,inactive
2285,Cc1cc(C)c(CNC(=O)c2cnn(-c3ccccc3)c2)c(=O)[nH]1,CHEMBL5204519,inactive
2286,Cc1cc(C)c(CN2CCc3ccc(OC(C)C)c(C)c3C2=O)c(=O)[nH]1,CHEMBL3955994,active
2287,CC(=O)Nc1nc2cc(ccc2s1)NS(=O)(=O)c3ccc(cc3)Br,C15870087,inactive
2288,C=CC(=O)Nc1cc(-c2ccc(N3CCNCC3)nc2)cc(C(=O)NCc2c(CC)cc(C)[nH]c2=O)c1C,CHEMBL5196503,active
2289,Cc1cccc(c1NC(=O)CSC2=NC(=C([C@H](C2C#N)c3ccc(c(c3)OC)O)C(=O)OCC=C)C)C,C09015082,inactive
2290,Cc1cc(ccc1NC(=O)[C@H]2CCC(=O)N([C@H]2c3ccc(c(c3)OC)OC)c4ccc(cc4)OC)Br,C04756603,inactive
2291,Cc1cccn2c1nc(c(c2=O)/C=C\3/C(=O)N(C(=S)S3)[C@@H](C)c4ccccc4)NCC[NH+]5CCOCC5,C98228927,inactive
2292,c1cc(cc(c1)Br)C(=O)N2CC[NH+](CC2)CCNC(=O)C(=O)Nc3ccc(cc3)Br,C38144962,inactive
2293,c1ccc(cc1)COc2ccc(cc2OCc3ccccc3)/C=N\NC(=S)NCC[NH+]4CCOCC4,C33390230,inactive
2294,c1ccc2=[NH+]CC(=c2c1)CC[NH2+]Cc3cc4cc5c(cc4nc3N6CCC[C@H](C6)CO)OCO5,C64053307,inactive
2295,Cc1cc(C)c(CNC(=O)c2cc(Br)cc3n(ncc23)C2CCN(C2)C(=O)OC(C)(C)C)c(=O)[nH]1,326134,active
2296,Cc1cc(c(c(c1)C)NC(=O)CNC(=O)CN2c3cccc4c3c(ccc4)S2(=O)=O)C,C15535781,inactive
2297,Cn1cc[nH+]c1CCNS(=O)(=O)c2c(cc(cc2Br)Br)N,C40638614,inactive
2298,c1ccc2=[NH+]CC(=c2c1)C[C@H]3[C@@H]4[C@@H](C(=O)N(C4=O)C5CCCCC5)[C@@]6(N3)c7cc(ccc7NC6=O)Cl,C63472946,inactive
2299,C[C@]12CCC(=O)N1[C@H](CS2)C(=O)Nc3ccc(cc3)c4cn5ccsc5n4,C23682056,inactive
2300,COC(C1CCS(=O)(=O)C1)c1cc(Cl)c2CCN(Cc3c(C)cc(C)[nH]c3=O)C(=O)c2c1Cl,435642,active
2301,Cc1ccc(cc1)S(=O)(=O)CNC(=O)[C@H](c2ccc(c(c2)OC)OC)N(C=O)c3cccc(c3)Cl,C36484169,inactive
2302,Cc1ccc(s1)S(=O)(=O)Nc2ccc(c(c2)NC(=O)C3CCCCC3)F,C55593922,inactive
2303,Cc1ccc(cc1F)C(=O)/N=C(/NCc2cc[nH+]cc2)\Nc3cccc(c3)Br,C45940080,inactive
2304,CCOc1ccc(cc1)NC2=Nc3ccccc3N4C2=[NH+]c5c(c(nn5c6ccccc6)C)[C@H]4c7ccc(c(c7)OC)OC,C01825996,inactive
2305,C=C1C([C@H]([C@H](C(=N1)SCC(=O)Nc2ccc(cc2)F)C#N)c3cc[nH+]cc3)C(=O)Nc4ccccc4,C08411415,inactive
2306,Cc1ccc(cc1)[C@H](C(=O)Nc2ccc(cc2)C(C)C)N(Cc3ccco3)C(=O)CC4=c5ccccc5=[NH+]C4,C63437165,inactive
2307,C=CC[n+]1c(c(cc2c1nc3ccccn3c2=O)c4nc(c(s4)NC(=O)c5ccc(cc5)Cl)c6ccccc6)N,C98047296,inactive
2308,CC1(C)CC(NC(=O)c2ccc(Oc3cccc(-c4ccncc4)c3C#N)c(Cl)c2)CC(C)(C)N1,CHEMBL3264786,active
2309,CCN([C@H]1CC[C@@H](CC1)N1CCC1)c1cc(Cl)cc(C(=O)NCc2c(C)cc(C)[nH]c2=O)c1C,190190,active
2310,Cc1ccc(cc1F)NC(=O)C(=O)NC[C@@H](c2ccc3c(c2)OCO3)[NH+]4CCN(CC4)c5ccccc5F,C38621125,inactive
2311,CCN(C1CCOCC1)c1cc2oc(CN(C)C)cc2c(C(=O)NCc2c(OC)cc(C)[nH]c2=O)c1CC,458805,active
2312,c1ccc(cc1)C(=O)Oc2ccc(cc2/C=N/NC(=O)COc3c(cc(cc3Br)Br)Br)Br,C98001357,inactive
2313,Cc1cc(no1)C[NH2+]C2CCC(CC2)Nc3c4ccc(nc4c(cn3)c5ccsc5)C(F)(F)F,C24904285,inactive
2314,Cc1ccc(cc1)N2C(=O)/C(=C\Nc3cccc([nH+]3)N/C=C/4\C(=NN(C4=O)c5ccc(cc5)C)C)/C(=N2)C,C15134063,inactive
2315,CC(C)C[C@H](c1nnc(n1CC=C)SCC(=O)Nc2ccc(cc2)Br)NC(=O)c3ccccc3Cl,C59771910,inactive
2316,C[C@@H]1c2c(c3ccccc3[nH]2)[C@H](C[NH+]1[C@@H]4CC(=O)N(C4=O)c5cc(c(c(c5)OC)OC)OC)c6ccccc6,C72459850,inactive
2317,CC1CC[NH+](CC1)CCCN2[C@H](C(=O)N(C2=S)c3ccc(cc3)Cl)CC(=O)Nc4ccc(cc4)OC,C20115165,inactive
2318,Cc1c(sc2c1c(nc([nH+]2)COC(=O)c3cccc(c3)S(=O)(=O)NCc4ccccc4)N)C,C09869796,inactive
2319,CC1(C(=O)N(C(=O)N1)CCCC(=O)Nc2nc(cs2)c3ccc4ccccc4c3)C,C22065880,inactive
2320,[H]/N=C\1/C(=C/c2cc(c(c(c2)I)OCCOc3ccc(cc3)C(C)(C)C)OC)/C(=O)N=C4N1N=C(S4)C(C)C,C97959040,inactive
2321,C[NH+](Cc1ccccc1Br)CC(=O)Nc2ccc(cc2)S(=O)(=O)N3CCCCC3,C16562790,inactive
2322,COC(=O)COc1c(cc(cc1Br)/C=N/NC(=O)C(c2ccccc2)(c3ccccc3)O)Br,C97961017,inactive
2323,Cc1ccc(cc1)S(=O)(=O)NC(=O)NC2=[NH+]C(N(C(=[NH2+])N2)c3ccc(c(c3)Cl)Cl)(C)C,C08652520,inactive
2324,CN1CCN(c2cc(F)c(-c3ccc(C(=O)N(C)C)cc3)cc2Nc2ncnc(Cl)c2N)CC1,CHEMBL5094242,inactive
2325,CC[NH+]1CCc2c(sc(c2C(=O)OC)NC(=O)c3ccc(cc3)S(=O)(=O)N(C)c4ccccc4)C1,C08880878,inactive
2326,CCN([C@H]1CC[C@@H](CC1)N(C)C)c1cc(cc(C(=O)NCC2=C(C)C=C(C)NC2C)c1C)-c1cncnc1,514288,active
2327,CCN(C1CCOCC1)c1cc(Cl)cc(C(=O)NCc2c(CN(C)C)cc(C)[nH]c2=O)c1C,50149903,active
2328,c1cc(ccc1C(=O)N[C@H]2CCC[C@H]2NC(=O)c3ccc(s3)Cl)C4(CC4)C[NH+]5CCCC5,C28822898,inactive
2329,CCC(CC)n1ncc2c(C(=O)NCc3c(C)cc(C)[nH]c3=O)cc(C3CC3)nc21,CHEMBL5196056,active
2330,CC(C)NC(=O)Nc1ccc(c(c1)CN(Cc2ccc(cc2)F)C(=O)c3cccc(c3)F)[NH+](C)C,C40388997,inactive
2331,Cc1cccn2c1nc(c(c2=O)/C=C/3\C(=O)N(C(=S)S3)CCc4ccc(c(c4)OC)OC)NCCCn5cc[nH+]c5,C05402141,inactive
2332,CC(C)[C@H](C(=O)Nc1nc2c(s1)C[NH+](CC2)Cc3ccccc3)NC(=O)c4ccccc4F,C36648539,inactive
2333,CCN(C1CCOCC1)c1cc(cc(C(=O)NCc2c(C)[nH]n(C)c2=O)c1C)-c1ccc(nc1)N1CCNCC1,310762,active
2334,Cc1ccc2c(c1)[nH]c(n2)C[NH+](CCN(Cc3[nH]c4ccc(cc4[nH+]3)C)Cc5[nH]c6cc(ccc6n5)C)Cc7[nH]c8ccc(cc8n7)C,C77029766,inactive
2335,CC(C)n1ncc2c(cc(cc12)-c1cccc(CN(C)CCN2CCCC2)c1)C(=O)NCc1c(C)cc(C)[nH]c1=O,325847,active
2336,CC1CCCc2cc(cc(-c3ccc(nc3)N3CCNCC3)c2O1)C(=O)NCc1c(C)cc(C)[nH]c1=O,359790,active
2337,CC(C)C(=O)Nc1nc(cs1)CC(=O)NCc2ccccc2c3ccc(cc3)Cn4cc[nH+]c4,C78417306,inactive
2338,COC(=O)c1ccccc1NC(=S)N[C@@H](C(Cl)(Cl)Cl)NC(=O)c2ccc(cc2)Cl,C03142345,inactive
2339,[H]\N=C\1/C(=C/c2cc(c(c(c2)Cl)OCCOc3ccc(cc3)C)OCC)/C(=O)N=C4N1N=C(S4)c5ccc(cc5)C,C97966236,inactive
2340,c1ccc(cc1)CN2C(=O)[C@@H]3[C@@H](N[C@]4([C@@H]3C2=O)c5cccc(c5NC4=O)Cl)CC6=c7ccccc7=[NH+]C6,C63376037,inactive
2341,CCCc1cc(C)[nH]c(=O)c1CNC(=O)c1cc(-c2ccc(N3CCN(C(C)C)CC3)nc2)cc2c1cnn2C1CCCCCC1,CHEMBL4535050,active
2342,Cc1cc(C)c(CNC(=O)c2cc3CC(C)(C)Oc3c(Cl)c2)c(=O)[nH]1,359732,active
2343,CC[NH+](CC)CCCN1[C@H](C(=C(C1=O)[O-])C(=O)c2ccc3c(c2)C[C@H](O3)C)c4ccc(c(c4)OCC)OCC,C20325012,inactive
2344,CCCOc1c(cc(cc1I)/C=N/NC(=O)Cn2c3ccccc3c(=O)c4c2cccc4)OC,C04106492,inactive
2345,c1ccc(cc1)C2=c3cc(ccc3=[NH+]C(=O)[C@H]2SCC(=O)Nc4ccc(cc4)Cl)Cl,C39404483,inactive
2346,COc1ccc(c(c1)OC)[C@H]2C(=C(C(=O)N2CCc3ccc(c(c3)OC)OC)O)C(=O)/C=C/c4ccccc4,C35147280,inactive
2347,c1ccc(cc1)[C@@H]2c3ccsc3CCN2CC(=O)N4C[C@@H](Oc5c4cccc5)C(=O)N,C37201839,inactive
2348,CN([C@H]1CC[C@@H](CC1)NC(C)=O)c1cc(cc(C(=O)NCc2c(C)cc(C)[nH]c2=O)c1C)-c1cnn(CCN2CCOCC2)c1,172031,active
2349,C[C@H]1C[C@H]2[C@H]3CC[C@@]([C@]3(C[C@@H]([C@@H]2[C@@]4(C1=CC(=O)C=C4)C)O)C)(C(=O)COC(=O)C)O,C03882055,inactive
2350,CCOc1cc(ccc1OCCOc2ccc(cc2)OC)/C=C\3/C(=[NH2+])N4C(=[NH+]SC4=NC3=O)SC,C20154776,inactive
2351,COc1cc(ccc1OCC(=O)Nc2ccccc2Cl)/C=C(\C#N)/C(=O)Nc3ccccc3Cl,C20922247,inactive
2352,c1ccc(cc1)C[C@@H](C(=O)N2CCC3(CC2)c4c([nH]cn4)CCN3)NC(=O)c5cccs5,C19830329,inactive
2353,Cc1nc2n(n1)c(c(s2)[C@@H](c3cccc(c3)OC)[NH+]4CCN(CC4)C(c5ccccc5)c6ccccc6)O,C22784275,inactive
2354,Cc1cc(Cl)c(CNC(=O)c2cc(Cl)c3OC(C)(Oc3c2C)C2CCC(CC2)N2CC(C2)OC(F)F)c(=O)[nH]1,542481,active
2355,CCOc1cc(cc(c1O)/C=[NH+]\c2ccc(c(c2)O)c3nc4cc(ccc4o3)Cl)Br,C02056232,inactive
2356,CN(Cc1cc(cs1)Br)S(=O)(=O)c2ccc(c(c2)C[NH3+])F,C91286408,inactive
2357,COc1ccc2c(c1)[nH]c3c2CCN4[C@@H]3C[C@H]5[C@@H](C4)C[C@H]([C@@H]([C@H]5C(=O)OC)OC)OS(=O)(=O)c6ccc(cc6)Br,C77284770,inactive
2358,CC(=O)c1ccc(cc1)NC(=O)CSc2nc3ccc(cc3s2)NC(=O)CSc4ccccn4,C08438360,inactive
2359,Cc1c(sc([nH+]1)N)SCc2nnc(o2)c3ccc(s3)Br,C37036964,inactive
2360,c1c(csc1CNS(=O)(=O)c2cc(oc2Br)CO)Br,C91253002,inactive
2361,CC[C@H](C)[NH+](Cc1c(nn(c1Oc2cccc(c2)C)c3ccccc3)C)C[C@@H](C[NH+]4CCOCC4)O,C36345830,inactive
2362,CN1c2c(cc(cc2NC(=O)[C@H]3CCCO3)C(=O)N4CCC5=c6ccccc6=[NH+][C@@H]5C4)N[C@@H]1C7CCC7,C64015212,inactive
2363,CCOc1cc(cc(c1OC(=O)c2cccs2)[N+](=O)[O-])[C@H]3C(=C(OC4=C3C(=O)C[C@H](C4)c5ccco5)N)C#N,C03672539,inactive
2364,Cc1c(c(=O)n(n1C)c2ccccc2)NC(=O)CN(c3ccc(cc3)Cl)S(=O)(=O)c4ccc(cc4)OC,C59844997,inactive
2365,CCOC(=O)c1c2c(sc1NC(=O)[C@@H]3Cc4ccccc4CN3S(=O)(=O)c5cccs5)CCCC2,C03229065,inactive
2366,Cc1cc(ccc1S(=O)(=O)NC[C@H](c2ccc3c(c2)OCO3)[NH+]4CCN(CC4)c5ccccc5F)F,C38620883,inactive
2367,Cc1ccc(cc1)NC(=O)c2ccccc2NC(=O)C(=O)N/N=C/c3ccc(cc3)OC(=O)c4ccccc4Cl,C04258670,inactive
2368,COc1cc(ccc1OC(=O)c2c(c3ccccc3s2)Cl)/C=N/NC(=O)C(=O)Nc4ccccc4C(=O)Nc5ccccc5,C98228902,inactive
2369,CC(=O)[C@@H]1[C@H](C(=C(C[C@]1(C)O)Nc2ccc(cc2)Br)C(=O)C)c3ccc(c(c3)OC)OC,C01026800,inactive
2370,CCc1ccc(cc1)[C@@H]2C(=C(OC(=C2C(=O)OC)CSc3c(cc4c([nH+]3)CCC4)C#N)N)C#N,C08451229,inactive
2371,CC(C)Nc1cc2c([nH+]c1)N([C@@H]([C@@H]2NC(=O)CCOC)C(=O)OC)CCC3=c4ccccc4=[NH+]C3,C63993610,inactive
2372,CCOC(=O)c1ccc(cc1)/N=C\2/N(C(=O)[C@@H](S2)CC(=O)Nc3ccc(cc3)C(=O)OC)CCc4ccc(cc4)OC,C97960365,inactive
2373,C[C@@H]1CC[C@H]([C@@H](C1)OC[C@@H](C[NH+]2CCC(CC2)CN3C(=O)c4cccc5c4c(ccc5)C3=O)O)C(C)C,C08431523,inactive
2374,COc1ccc(cc1OC)[C@H]2C[C@H](n3c(c(cn3)C(=O)N4CCN(CC4)c5ccccc5Cl)N2)C(F)(F)F,C98023213,inactive
2375,CCN(C1C[C@@H](C)N[C@H](C)C1)c1cc(cc(C(=O)NCc2c(C)cc(C)[nH]c2=O)c1C)-c1ccc(CN2CCNCC2)nc1,601717,active
2376,CCc1ccccc1NC(=O)C(=O)NC[C@H](c2ccc3c(c2)OCO3)[NH+]4CCN(CC4)c5ccccc5F,C38621077,inactive
2377,C[NH+]1CCc2c(sc(c2C(=O)N)NC(=O)[C@H]3CCCN3S(=O)(=O)c4ccc(cc4)OC)C1,C08868986,inactive
2378,COc1ccc(cc1)C(=O)Nc2ccccc2C(=O)N[C@H](Cc3ccc(cc3)O)C(=O)Nc4ccc(cc4)OC,C06924840,inactive
2379,CCCc1cc(C)[nH]c(=O)c1CNC(=O)c1cn2ccc(cc2n1)-c1ccc(nc1)N1CCN(CC1)C(C)C,50536602,inactive
2380,CCCCCCOc1ccc(cc1)N2C(=O)C[C@@H](C2=O)SC(=[NH2+])N/N=C(\C)/c3ccc(cc3)O,C59489386,inactive
2381,c1ccc(cc1)C2=N[C@@H](S[C@H]2c3[nH]ccn3)NC(=O)/C=C/c4ccc5c(c4)OCCO5,C39930179,inactive
2382,[H]/N=C\1/C(=C\c2c(nc3n2ccs3)c4ccc(cc4)Cl)/C(=O)N=C5N1N=C(S5)S(=O)(=O)C,C09243536,inactive
2383,CC(=O)N1[C@@H](CS[C@H]1c2ccccc2O)C(=O)N3CCCCC3,C04699300,inactive
2384,Cc1cc(C)c(CNC(=O)c2cc3CC(C)(C)Oc3c(c2)-c2ccc(CN3CCOCC3)cc2)c(=O)[nH]1,359739,active
2385,C[C@H](C(=O)Nc1ccc(cc1)Br)[NH2+]Cc2nnc3n2cc(cc3Cl)C(F)(F)F,C09530670,inactive
2386,CN(C)c1ccc(cc1)[C@H](CNC(=O)C(=O)Nc2ccc(cc2)N(C)C)[NH+]3CCCC3,C05349681,inactive
2387,CCN(C1CCOCC1)c1cc(\C=C\c2ccc(CN3C[C@@H]4C[C@H]3CO4)c(F)c2)cc(C(=O)NCc2c(C)c3CCCCc3[nH]c2=O)c1C,50544767,active
2388,Cc1cc[nH+]c(c1)N[C@@H](c2ccccc2OC)c3c(c(sc3NC(=O)c4ccco4)C)C,C38547553,inactive
2389,[H]/N=C\1/C(=C/c2cc(c(c(c2)Br)OCCOc3ccccc3)OC)/C(=O)N=C4N1N=C(S4)c5ccc(cc5)C,C08494646,inactive
2390,CSc1cc(C)[nH]c(=O)c1CNC(=O)c1c(C)n([C@H](C)C2CCC(CC2)NC2(COC2)C(F)(F)F)c2ccccc12,575006,active
2391,CCN(c1cc(-c2ccc(CN3CCCC3)cc2)cc(C(=O)NCc2c(C)cc(C)[nH]c2=O)c1C)C1CCOCC1,CHEMBL3697459,active
2392,CCCCN1c2ccccc2[C@@]3(C1=O)C(=C(C(=O)N3CC[NH+](C)C)[O-])C(=O)c4cccc(c4)S(=O)(=O)N(C)C,C98046807,inactive
2393,Cc1cc(C)c(CN2CCc3ccc(OC(C)C)c(Cl)c3C2=O)c(=O)[nH]1,CHEMBL3928387,active
2394,CC[C@@H]1[C@@]([C@@H]([C@H](/N=C\2/[C@H](C[C@@](O2)([C@@H]([C@H]([C@@H]([C@H](C(=O)O1)C)O[C@@H]3C[C@]([C@@H]([C@H](O3)C)O)(C)OC)C)O[C@@H]4[C@@H]([C@H](C[C@H](O4)C)[NH+](C)C)O)C)C)C)O)(C)O,C85867008,inactive
2395,Cc1ccc(cc1)S(=O)(=O)N2CCN([C@@H]2c3ccc(cc3)OC)C(=O)CSc4[nH]c5cc(ccc5n4)[N+](=O)[O-],C98007985,inactive
2396,COCCN(CC(=O)N(CCc1c[nH]c2c1cccc2)Cc3ccc(cc3)C(F)(F)F)S(=O)(=O)c4cccc5c4nccc5,C98017859,inactive
2397,CCN(C1CCOCC1)c1scc(C(=O)NCc2c(C)[nH]c(C)cc2=O)c1C,227710,active
2398,Cc1ccc(c(c1)OCCCn2c3ccccc3[nH+]c2[C@H](C)NC(=O)Cc4ccc(c(c4)OC)OC)C(C)C,C40195110,inactive
2399,CCOc1cc(ccc1OCc2ccccc2)c3cc(nc(c3C#N)SCC(=O)Nc4ccc(cc4)C(=O)OCC)c5ccccc5,C08445963,inactive
2400,COC(=O)c1ccccc1NC(=O)CSc2nc3ccc(cc3s2)/[NH+]=C/c4ccccc4O,C59505816,inactive
2401,c1ccc(c(c1)C[NH2+][C@@H]2CC(=O)N(C2=O)c3ccc(cc3)N4C(=O)C[C@H](C4=O)NCc5ccccc5F)F,C17166613,inactive
2402,Cc1ccc(c2c1CCC2)Oc3c(ccc[nH+]3)NS(=O)(=O)c4ccc(c(c4)Cl)NC(=O)C,C01030099,inactive
2403,C[NH+]1CCN(CC1)S(=O)(=O)c2ccc(cc2)NC(=S)NC(=O)/C=C/c3cccc4c3cccc4,C08442676,inactive
2404,CSc1cc(C)[nH]c(=O)c1CNC(=O)c1c(C)n([C@H](C)C2CCC(CC2)NC2COC2)c2ncncc12,574919,active
2405,CCOc1ccc(cc1C[NH+]2C[C@H]3C[C@@H](C2)c4cccc(=O)n4C3)/C=N/NC(=O)c5c(cn(n5)C)I,C33355952,inactive
2406,c1ccc2=[NH+]CC(=c2c1)CCCC(=O)OCC(=O)N[C@H]3[C@@H](C4=C(S3)CCC4)C(=O)N,C63896802,inactive
2407,C[C@@H](C(=O)Nc1ccc(cc1)S(=O)(=O)Nc2ncccn2)Sc3[nH+]c(cn3N)c4ccccc4,C08725028,inactive
2408,COc1cc(ccc1OCc2ccccc2)[C@H]3C(=C(C(=O)N3CCCn4cc[nH+]c4)[O-])C(=O)c5cc6ccccc6o5,C08566444,inactive
2409,c1ccc(cc1)C[C@@H](C(=O)N2CCC3(CC2)c4c([nH]c[nH+]4)CC[NH2+]3)NC(=O)c5cccc(c5)F,C09130708,inactive
2410,Cc1cc(c(n1c2cc(ccc2Cl)Cl)C)/C=N\NC(=O)C(=O)NCCc3ccc(c(c3)OC)OC,C83316493,inactive
2411,Cc1cccc(c1)COc2ccc(cc2)C(=O)C3=C(C(=O)N([C@@H]3c4ccc(cc4)Br)CCCn5cc[nH+]c5)O,C98046683,inactive
2412,C/C(=C/1\C(=NN(C1=O)[C@H]2Nc3ccccc3S2)CSc4ccc(cc4)Cl)/NCCc5c[nH]c[nH+]5,C53631718,inactive
2413,Cc1ccc(cc1)/C(=N/NC(=O)CCCSc2nnc(n2N)c3ccc(cc3)Br)/C,C58991040,inactive
2414,CNC(=O)[C@H]1CCCCN1C(=O)c2csc(n2)c3ccccc3,C65434817,inactive
2415,COc1cccc(c1OCc2ccc(cc2Cl)Cl)C[NH2+]CCNc3ccc(cc3Cl)[N+](=O)[O-],C16228243,inactive
2416,C/C(=N\NC(=[NH2+])S[C@H]1CC(=O)N(C1=O)c2ccc(cc2)C(=O)OC)/c3ccc(cc3)c4ccccc4,C59489410,inactive
2417,Cc1ccc(cc1)S(=O)(=O)N[C@@H](Cc2ccc(cc2)OS(=O)(=O)c3ccc(cc3)C)C(=O)N/N=C\c4ccc(cc4)Br,C98001611,inactive
2418,Cc1ccccc1NC(=O)CSc2[nH+]cc(c(n2)N)S(=O)(=O)c3ccc(s3)Cl,C17135958,inactive
2419,CCCCC(=O)N(c1ccccc1Cl)[C@H](c2ccccc2O)C(=O)NCS(=O)(=O)c3ccc(cc3)C,C36550711,inactive
2420,CC(C)CC[C@@H](c1c2c(sc1n3cccc3)C[NH+](CC2)C)NC(=O)NC45CC6CC(C4)CC(C6)C5,C20532180,inactive
2421,c1ccc(c(c1)CNC(=O)CCCCCn2c(=O)c3c(ccs3)n(c2=O)Cc4cc(=O)n5ccccc5n4)Cl,C97986763,inactive
2422,Cc1ccc(cc1)S(=O)(=O)c2c(sc(n2)N[C@H]3CCS(=O)(=O)C3)Cl,C04160010,inactive
2423,CSc1cc(C)n(C)c(=O)c1CN1CCNc2c(Cl)cc(-c3c(C)noc3C)c(Cl)c2C1=O,CHEMBL5088474,active
2424,CCN1CCN(Cc2c(OC)cc(C)[nH]c2=O)C(=O)c2c(Cl)c(cc(Cl)c12)-c1c(C)noc1C,50586161,active
2425,COc1ccc(cc1)c2c3c4n(c(nn4c2C(=S)Nc5ccc(cc5)Br)CNc6ccc(cc6)Br)CCCC3,C97999414,inactive
2426,Cc1ccc(cc1)S(=O)(=O)N(CC(=O)N/[NH+]=C/c2c3ccccc3ccc2O)c4ccc(cc4C)Cl,C14166373,inactive
2427,CC(C)(C)n1c(nnn1)[C@@H](c2cc3cc(c(cc3[nH]c2=O)OC)OC)[NH+](Cc4ccc[nH+]c4)Cc5ccco5,C06014891,inactive
2428,COc1ccc(cn1)-c1cc(cc2CC(C)Oc12)C(=O)NCc1c(C)cc(C)[nH]c1=O,359762,active
2429,CC1(Cc2c(c(sc2C([NH2+]1)(C)C)NC(=O)CCCS(=O)(=O)c3ccc(cc3)Cl)C#N)C,C23944239,inactive
2430,Cc1nnc(s1)NC(=O)CSc2[nH+]cc(n2c3cccc(c3)Cl)c4ccc(c(c4)Cl)Cl,C44087405,inactive
2431,COC(c1cc(Cl)c2CCN(Cc3c(OC)cc(C)[nH]c3=O)C(=O)c2c1Cl)C1(C)COC1,50246921,active
2432,CCCN(c1cc(-c2ccc(CN3CCOCC3)cc2)cc(C(=O)NCc2c(C)cc(C)[nH]c2=O)c1C)C1CCOCC1,CHEMBL3697449,active
2433,C[C@@H]1C[C@@H]([C@@H]([C@@H](O1)O[C@@H]2[C@@H](C[C@@]3(CO3)C(=O)[C@@H]([C@@H]([C@@H]([C@@H](OC(=O)[C@@H]([C@@H]([C@@H]2C)O[C@@H]4C[C@@H]([C@@H]([C@@H](O4)C)O)OC)C)C)C)O)C)C)O)[NH+](C)C,C08101155,inactive
2434,CCOc1ccc(cc1OC)[C@@H]2c3c(n[nH]c3C(=O)N2[C@@H]4CCS(=O)(=O)C4)c5cc(cc(c5O)C)C,C38702102,inactive
2435,c1ccc2c(c1)/C(=C\Nc3ccc(cc3)S(=O)(=O)N4CCCCC4)/C(=O)N(C2=O)c5ccc(cn5)Cl,C06251824,inactive
2436,C[C@H]1CCCC[C@H]1[NH2+][C@@H]2CC(=O)N(C2=O)c3ccc(cc3)N4C(=O)C[C@H](C4=O)N[C@@H]5CCCC[C@@H]5C,C13388266,inactive
2437,CNC(=S)N1[C@H](CC(=N1)[C@H]2C(=c3cc(ccc3=[NH+]C2=O)Cl)c4ccccc4)c5ccc(cc5)OC,C39988962,inactive
2438,CC[C@@H](C)N1C(=O)/C(=C/c2c(nc3c(cccn3c2=O)C)N4CCNC(=O)[C@@H]4CC(=O)OCC)/SC1=S,C38151026,inactive
2439,CC(=O)N1[C@@H](CS[C@H]1[C@@H]([C@@H]([C@@H]([C@@H](CO)O)O)O)O)CO,C33797428,inactive
2440,c1ccc(cc1)Cc2nc(cs2)CC(=O)N[C@H](c3ccccc3)c4ccc5c(c4)[nH]c[nH+]5,C97256111,inactive
2441,c1ccc2c(c1)N(C[C@H](O2)C(=O)N)S(=O)(=O)c3cc(ccc3Cl)Cl,C07307228,inactive
2442,Cc1ccc(cc1)S(=O)(=O)Oc2ccc(cc2OC)/C=N/NC(=O)Cc3nnc(s3)NC(=O)c4ccccc4,C02604384,inactive
2443,Cn1cc[nH+]c1SCC(=O)Nc2ccc(cc2)C(=O)Nc3ccc(cc3)OCc4ccccc4,C09969079,inactive
2444,Cc1c(sc(c1C(=O)N)NC(=S)NC(=O)/C=C/c2ccc(c(c2)OC)OC)Cc3ccccc3,C12500670,inactive
2445,CC(C)[NH+](Cc1ccc(c(c1)OC)OC)C[C@H](C(=O)Nc2ccc(c(c2)OC)OC)Oc3ccc(cc3)F,C34697101,inactive
2446,COc1cc(C)[nH]c(=O)c1CNC(=O)c1c(C)c(cc2occc12)N(C)C1CCOCC1,458816,active
2447,C[C@H](CCc1ccco1)/[NH+]=C/[C@]23CC[C@@H](C[C@]2(CC[C@@H]4[C@@H]3CC[C@]5([C@@]4(CC[C@@H]5C6=CC(=O)OC6)O)C)O)O,C70698923,inactive
2448,Cn1cc[nH+]c1[C@H](c2ccccc2OC)Nc3cnn(c(=O)c3Cl)c4ccc(c[nH+]4)C(F)(F)F,C17591381,inactive
2449,C[C@H](c1[nH+]c2ccccc2c(n1)NC3CCCCC3)N4CCN(CC4)S(=O)(=O)c5ccc(cc5)C(F)(F)F,C98240323,inactive
2450,[H]/N=C/1\C(=C/c2ccc(c(c2)Cl)OCc3ccc(cc3)F)\C(=O)N=C4N1C(=NS4)S(=O)(=O)C,C96460053,inactive
2451,CCCc1cc(C)[nH]c(=O)c1CNC(=O)c1cc(-c2ccc(N3CCN(C(C)C)CC3)nc2)cc2c1cnn2CC1CCCCC1,CHEMBL4561884,active
2452,Cc1ccc(cc1NC(=O)c2ccc(c(c2)S(=O)(=O)Nc3ccc(cc3)OC)C)Cl,C15796542,inactive
2453,C[C@H](C(=O)Nc1ccc(cc1)OC)Sc2c3c(c4c5c(c([nH+]c4s3)N6CCOCC6)CCCC5)ncn2,C97954050,inactive
2454,CCOc1cccc(c1O)[C@@H]2CC(=N[C@H]([NH2+]2)c3ccc(cc3)C(=O)OC)c4ccc(cc4)Br,C09543139,inactive
2455,c1ccc(c(c1)NC(=O)N2CCC[C@H]2c3nnc(s3)C(=O)Nc4ccc(c(c4)F)F)F,C64930815,inactive
2456,CCCCOc1ccc(cc1)[C@@H]2/C(=C(/c3ccc4c(c3)C[C@@H](O4)C)\O)/C(=O)C(=O)N2CCC[NH+](CC)CC,C09354468,inactive
2457,Cc1ccc(cc1C(F)(F)F)S(=O)(=O)N2CCc3c2ccc(c3)S(=O)(=O)N,C60318258,inactive
2458,c1ccc(cc1)COc2ccc(cc2)C(=O)NC(=S)Nc3ccc(c[nH+]3)I,C09192321,inactive
2459,CCc1ccc(cc1)N2C(=O)[C@@](C(=O)NC2=O)(Cc3ccc(cc3)C(C)C)C[NH+]4C[C@H]5C[C@@H](C4)c6cccc(=O)n6C5,C70670067,inactive
2460,c1ccc2=[NH+]CC(=c2c1)CCNC(=O)CCCNC(=O)N3CC[C@@H]4[C@@H](C3)N=C5[C@@H]4C=C(C=C5)Cl,C63270967,inactive
2461,CCC[NH+]1CCc2c(sc(c2C(=O)N)NC(=O)c3ccc(cc3)S(=O)(=O)N(CC(C)C)CC(C)C)C1,C08881224,inactive
2462,CC[C@@H]1[C@@]([C@@H]([C@H]([NH2+]C[C@@H](C[C@@]([C@@H]([C@H]([C@@H]([C@H](C(=O)O1)C)O[C@H]2C[C@@]([C@H]([C@@H](O2)C)O)(C)OC)C)O[C@H]3[C@@H]([C@H](C[C@H](O3)C)N(C)C)O)(C)O)C)C)O)(C)O,C94303232,inactive
2463,COc1cc(c(c(c1)Br)O)/C=N/NC(=O)c2ccc(cc2)C(F)(F)F,C01403901,inactive
2464,Cn1c2c(c(n1)C(=O)N3CCc4ccccc4C3)C[C@H](CC2)[NH2+]CCc5nc(cs5)c6ccccc6,C14732324,inactive
2465,C[C@H]1CCCC[NH+]1CCCNC(=O)C[C@@H](c2cccc(c2)OCc3ccccc3)c4c[nH]c5c4cccc5,C40371851,inactive
2466,CCN(C1CCOCC1)c1cc(cc(C(=O)NCc2c(C)cc(C)[nH]c2=O)c1C)-c1ccc(CN2C[C@H]3C[C@@H]2CO3)cc1,172061,active
2467,c1ccc(cc1)C2=NN([C@@H](C2)c3ccc(cc3)F)C(=O)CN4CCC(CC4)C(=O)N,C36342933,inactive
2468,c1ccc(cc1)C(C#CC[NH+]2CCN(CC2)CC#CC(c3ccccc3)(c4ccccc4)O)(c5ccccc5)O,C20842367,inactive
2469,Cc1ccc(cc1)c2csc3c2c(=O)[nH]c(n3)C[NH+](CCCOC)C[C@H](COc4ccccc4)O,C36207650,inactive
2470,C[C@@H](c1[nH+]c2ccccc2c(n1)NCCc3ccccc3)N4CCN(CC4)S(=O)(=O)c5ccc(cc5)C(F)(F)F,C98240256,inactive
2471,c1ccc(cc1)n2c(nn(c2=O)CCNC(=O)NC34CC5CC(C3)CC(C5)C4)C6CC6,C96340137,inactive
2472,c1cc(c[nH+]c1)[C@H]2CCCCN2S(=O)(=O)c3ccc(cc3)NC(=O)C4(CCCC4)c5ccc(cc5)Cl,C22409096,inactive
2473,Cc1c2c(c(c[nH+]1)CO)Cc3c(nc(nc3SCC(=O)Nc4ccc(cc4)C(C)C)c5ccccc5OC)O2,C97987149,inactive
2474,C[C@@H]1Cc2cc(ccc2O1)C(=O)C3=C(C(=O)N([C@H]3c4ccc(cc4)C(=O)OC)c5nnc(s5)SCc6ccc(cc6)F)O,C97969935,inactive
2475,COc1ccc(cc1)[C@@H]2[C@H]3[C@H](N[C@H]([C@H](C3=O)[C@H]([NH2+]2)c4ccc(cc4)OC)c5ccc(cc5)OC)c6ccc(cc6)OC,C59641106,inactive
2476,CC(C)(C)NC(=O)[C@@H](c1cccc(c1)O)N(c2ccccc2)C(=O)/C(=C\c3ccccc3)/c4ccccc4,C36604036,inactive
2477,C[C@H](N1CCN(CC(F)(F)F)CC1)c1c(C)c(cc2c(ccn12)-c1ccc(N)nc1)C(=O)NCc1c(C)cc(C)[nH]c1=O,490281,active
2478,Cc1c2c(n(n1)C3[NH+]=c4ccccc4=[NH+]3)NC(=O)C[C@H]2c5ccc(cc5)OCc6ccccc6Cl,C39605586,inactive
2479,COc1cccc(C(=O)NCc2c(C)cc(C)[nH]c2=O)c1,CHEMBL3923075,inactive
2480,CCN(C1CCOCC1)c1cc(cc(C(=O)NCc2c(C)cc(C)[nH]c2=O)c1C)-c1ccc(nc1)N1CCN(C)CC1,172163,active
2481,COc1ccccc1[C@@H](CNC(=O)[C@@H](CCSC)NC(=O)c2ccccc2Cl)[NH+]3CCCC3,C23980726,inactive
2482,COc1ccc(c(c1)c2cc([nH]n2)C(=O)N3CC[NH+](CC3)CCn4cc[nH+]c4c5ccccc5)OC,C77158685,inactive
2483,Cc1cc(cc(c1)NC(=O)CS[C@@H]2Nc3c(nccn3)C(=O)N2CCC4=c5ccccc5=[NH+]C4)C,C63541328,inactive
2484,c1ccc2=[NH+][C@@H](C(=c2c1)CCC(=O)N3CCC(CC3)C(=O)Nc4ccccc4O)c5ccc(cc5)F,C63182445,inactive
2485,CCN(C1CCOCC1)c1cc(c(C)c(C(=O)NCc2c(C)cc(C)[nH]c2=O)c1C)-c1ccc(CN2CCN(C)CC2)cc1,50597873,active
2486,CCOC(=O)c1ccc(cc1)NC(=O)C[C@@H]2C(=O)N(C(=S)N2Cc3ccc(cc3)OC(F)(F)F)c4ccc(cc4)C(=O)OCC,C97995408,inactive
2487,Cc1c(c(nc([nH+]1)c2cc(c(c(c2)Br)O)OC)NC)Br,C97624447,inactive
2488,COc1ccc(c2c1cccc2)[C@H]3[C@@H]4C[NH+](CC=C4C(=C(C3(C#N)C#N)N)C#N)Cc5ccccc5,C01251986,inactive
2489,COc1ccc(cc1OC)c2[nH]c(c([nH+]2)SCC(=O)Nc3ccc4c(c3)OCO4)c5ccc(cc5)F,C08594692,inactive
2490,c1ccc2c(c1)ncn2CC(=O)N/N=C\3/CCSc4c3cc(cc4)F,C33042797,inactive
2491,c1cc(ccc1CSc2nnc(s2)NC(=O)CSc3nc([nH]n3)NN=C4CCCCCC4)Cl,C59311219,inactive
2492,c1ccc2=[NH+][C@H]3C(=c2c1)N=NC(=N3)SCC(=O)NCc4ccc(cc4)S(=O)(=O)N,C39355758,inactive
2493,Cc1cccc(c1C)NC(=O)NC(=O)CSc2n[nH+]c(n2CC=C)[C@@H]3CCS(=O)(=O)C3,C24509207,inactive
2494,CCOC(=O)c1c2c(sc1NC(=O)CSc3[nH+]cc(n3Cc4ccco4)c5ccccc5)CCCC2,C06195101,inactive
2495,c1ccc(cc1)Oc2ccc(cc2NC(=O)CN3C(=O)[C@H](NC3=O)CC4=c5ccccc5=[NH+]C4)Cl,C63874645,inactive
2496,c1ccc(c(c1)/C=C\2/C(=O)c3ccc(c(c3O2)C[NH+]4CCN(CC4)c5ccccc5F)O)Br,C41585444,inactive
2497,Cc1ccc(cc1S(=O)(=O)Nc2ccccc2OC)C(=O)N3CC[NH+](CC3)C/C=C/c4ccccc4,C12526324,inactive
2498,CC1CC[NH+](CC1)[C@@H](CNC(=O)N2CCC(CC2)NS(=O)(=O)c3ccccc3)c4cccs4,C32889556,inactive
2499,CCOC(=O)c1c(c2c3c(c([nH+]c2s1)C)COC(C3)(C)C)NC(=S)NC(=O)c4ccccc4,C08915122,inactive
2500,Cc1ccc(cc1)S(=O)(=O)[N-]c2ccc[n+](c2)c3c(nc4ccccc4n3)NS(=O)(=O)c5ccccc5,C02374253,inactive
2501,CCOc1cc(cc(c1OCc2ccc(cc2)F)Cl)C[NH2+]CCSc3nnnn3c4ccccc4,C22107917,inactive
2502,c1cc(cc(c1)Cl)S(=O)(=O)N(c2ccc(cc2)S(=O)(=O)N)S(=O)(=O)c3cccc(c3)Cl,C08636814,inactive
2503,CCN\1c2ccccc2S/C1=C/3\C(=O)N(/C(=N/c4ccc(cc4C)N(CC)CCNS(=O)(=O)C)/S3)CCc5ccccc5,C04782572,inactive
2504,CC(=O)O[C@H]1C[C@H]2[C@@]([C@@H]3[C@@]1([C@@]45[C@@H](O4)C(=O)[C@@H]([C@@]5(CC3)C)c6ccoc6)C)([C@H](C[C@H](C2(C)C)OC(=O)C)O)C,C67911116,inactive
2505,Cc1c([nH+]nc2c1[C@]3(CC[C@H]4[C@H]([C@@H]3C2)CC=C5[C@@]4(CC[C@@H](C5)OC(=O)C)C)C)CC[C@@H](C)CNC(=O)C,C35360933,inactive
2506,Cc1cc(C(C)(C)C)[nH]c(=O)c1CNC(=O)c1cc(-c2ccc(N3CCN(C(C)C)CC3)nc2)cc2c1cnn2C(C)C,CHEMBL4563038,inactive
2507,CCC(C)(C)NC(=O)[C@@H](c1ccc(cc1)OC)N(Cc2ccc[nH+]c2)C(=O)c3c(c(ns3)C(=O)N)N,C06077431,inactive
2508,C[C@@]1(COc2ccccc2O1)[C@@H](C[NH+]3CCN(CC3)c4nc5cc(c(cc5c(n4)N)OC)OC)O,C13888998,inactive
2509,CC(C)C[NH+](Cc1c(ccc2c1O/C(=C/c3cc(cc4c3OCOC4)Br)/C2=O)O)CC(C)C,C41513717,inactive
2510,Cc1cc(cc(c1)O[C@@H](C)C(=O)Nc2c(c3c(s2)C[C@@H](CC3)C)C(=O)N[C@@H]4CCS(=O)(=O)C4)C,C39836307,inactive
2511,Cc1ccc(cc1)[C@@H]([C@@H](C(=O)c2c[nH]c3c2cccc3)O)N4CCC(CC4)[NH+]5CCCCC5,C15017786,inactive
2512,c1ccc(cc1)C(=O)N2CC[NH+](CC2)C[C@@H](COc3ccc(cc3)OC[C@H](CN4CCN(CC4)C(=O)c5ccccc5)O)O,C98050595,inactive
2513,CCN(C1CCOCC1)c1cc(cc(C(=O)NCc2c3CCCCCCc3c(C)[nH]c2=O)c1C)-c1ccc(CN2CCOCC2)cc1,50594150,active
2514,C[C@@H](C(=O)Nc1c2c(cccc2OC)[nH]c1C(=O)OC)[NH+]3CCN(CC3)c4cccc(c4)C(F)(F)F,C09292433,inactive
2515,COc1ccc(cc1)NCc2nnc(n2c3ccccc3)SCCC(=O)Nc4ccccc4Cl,C59262078,inactive
2516,Cc1cccc(c1C)OC[C@@H](C[NH+](Cc2cccc(c2)Br)[C@@H]3CCS(=O)(=O)C3)O,C40315229,inactive
2517,C/C(=N/NC(=[NH2+])S[C@@H]1CC(=O)N(C1=O)c2ccc(cc2)F)/c3ccc(cc3)Br,C83254022,inactive
2518,COc1ccccc1[C@H]2C3=C(c4cc(ccc4O2)Cl)N=C5[NH+]=CNN5[C@H]3c6cccs6,C02917816,inactive
2519,c1ccc(cc1)N2[C@H](NN=C2SCC(=O)N/N=C/C3=c4ccccc4=[NH+]C3)c5ccc(cc5)Cl,C39584758,inactive
2520,c1cc(c(c(c1)Cl)Cl)/C=C\2/C(=O)N(C(=O)S2)CCNC(=O)c3ccc(cc3)OCC(=O)N,C17193946,inactive
2521,CC[C@]1(C[C@@H](c2c(cc3c(c2O)C(=O)c4c(cccc4O)C3=O)[C@H]1C(=O)OC)O[C@H]5C[C@H]([C@@H]([C@@H](O5)C)O)[NH+](C)C)O,C04293362,inactive
2522,CC[C@@]12C=CC[NH+]3[C@@H]1[C@@]4(CC3)c5cc(c(cc5N([C@H]4[C@]([C@@H]2OC(=O)C)(C(=O)OC)O)C)OC)[C@]6(C[C@@H]7C[C@@H](C[NH+](C7)Cc8c6[nH]c9c8cccc9)C(C)(F)F)C(=O)OC,C94313267,inactive
2523,CC(C)NC(=O)[C@H](c1ccc(cc1)Cl)N(c2ccc(cc2)F)C(=O)CCC(=O)Nc3cccc[nH+]3,C13501435,inactive
2524,C[C@@H]1CCC[C@@H]([C@@H]1C)NC(=O)[C@@H]2[C@@]34C=C[C@@H](O3)[C@@H]([C@@H]4C(=O)N2CCc5ccc(cc5)Cl)C(=O)Nc6ccc(cc6)Cl,C59523434,inactive
2525,CC(=O)c1cccc(c1)S(=O)(=O)NC[C@@H](c2ccc3c(c2)OCO3)[NH+]4CCN(CC4)c5ccccc5F,C38620943,inactive
2526,COc1ccc(cc1)NC(=S)Nc2ccc(cc2)S(=O)(=O)Nc3ccc(c(c3)Cl)Cl,C13936158,inactive
2527,c1ccc(c(c1)CNC(=O)CSc2nnc(s2)NC(=O)c3ccc(cc3)Br)Cl,C08822640,inactive
2528,COc1ccc(cc1)[C@@H](CNC(=O)Cn2cnc3c(c2=O)c(cs3)c4cccs4)[NH+]5CCCC5,C13114784,inactive
2529,Cc1ccc2nc(c(c(=O)n2c1)/C=C\3/C(=O)N(C(=S)S3)C[C@H]4CCCO4)NC5CC([NH2+]C(C5)(C)C)(C)C,C96022162,inactive
2530,c1cc(ccc1C2=C[C@@H]3C(=O)N=N[C@@H](N3N2)SCC(=O)Nc4ccc(cc4)Cl)F,C64700757,inactive
2531,CCN(c1ccccc1)S(=O)(=O)c2ccc(c(c2)NC(=O)CSc3[nH+]c(cc([nH+]3)N)N)Cl,C15279584,inactive
2532,Cc1cc(ccc1S(=O)(=O)NC[C@@H](c2ccc3c(c2)OCO3)[NH+]4CCN(CC4)c5ccccc5F)OC,C38621000,inactive
2533,CC(=O)N[C@]1([C@](O[C@](C([C@@]1(C)O)(C)C)(C(=O)[O-])O)(C)[C@@H]([C@H](C[NH3+])O)O)C,C09970243,inactive
2534,Cc1ccc(cc1Cl)N(CC(=O)N/N=C/c2ccc(c(c2)Br)N(C)C)S(=O)(=O)c3ccccc3,C03088327,inactive
2535,CC(C)(C)c1ccccc1OC[C@H](C[NH+]2CCN(CC2)CCN3C(=O)c4cccc5c4c(ccc5)C3=O)O,C22785507,inactive
2536,CCc1ccc(cc1)N2C(=O)[C@@](C(=O)NC2=O)(Cc3cc(c(c(c3)OC)OC)OC)C[NH+]4C[C@H]5C[C@@H](C4)c6cccc(=O)n6C5,C70671981,inactive
2537,Cc1cc(c(cc1Cl)OC)NC(=O)[C@@H](C)[NH+]2CCC(CC2)NS(=O)(=O)c3cccs3,C11720030,inactive
2538,c1ccc(cc1)COC(=O)N2CCC3(CC2)[C@@H]4CN(CC=C4C(=C(C3(C#N)C#N)N)C#N)C(=O)OCc5ccccc5,C02596739,inactive
2539,CCCc1cc(C)[nH]c(=O)c1CNC(=O)c1cc(-c2ccc(CN3CCOCC3)nc2)cc(N(CC)C2CCOCC2)c1C,CHEMBL3701049,active
2540,C[C@@H](C(=O)Nc1ccc(cc1)Br)Sc2nc3ccccc3c(=O)n2Cc4ccc[nH+]c4,C17743588,inactive
2541,CCOc1cc(cc(c1OC(=O)c2cccs2)[N+](=O)[O-])[C@@H]3C(=C(OC4=C3C(=O)C[C@H](C4)c5ccco5)[NH3+])C#N,C03672540,inactive
2542,c1cc(ccc1S(=O)(=O)Nc2ccc3c(c2)C[NH2+]CC3)I,C69052847,inactive
2543,c1ccc(c(c1)CN2c3ccccc3[C@](C2=O)(CC(=O)c4ccccc4O)O)Cl,C01128513,inactive
2544,Cc1cc2c(c(=O)[nH]1)CNC(=O)c1cc(-c3ccc(N4CCNCC4)nc3)cc3c1c(cn3C(C)C)C/C=C/CC2,CHEMBL5177538,active
2545,CC(c1ccccn1)n1c(C)c(C(=O)NCc2c(C)cc(C)[nH]c2=O)c2ccccc12,50110364,active
2546,COc1cc(C)[nH]c(=O)c1CN1CCN(C)c2c(Cl)cc(c(Cl)c2C1=O)-c1ccc(Cl)cc1F,50586169,active
2547,c1ccc(cc1)NC(=O)c2cccc3c2N[C@H]([C@H]4[C@H]3C=CC4)c5cc(ccc5Cl)[N+](=O)[O-],C20705788,inactive
2548,c1ccc2c(c1)c(c[nH]2)C[C@@H]3[C@H]4[C@@H](C(=O)N(C4=O)c5ccc(cc5)F)[C@@]6([NH2+]3)c7cc(ccc7NC6=O)F,C08995138,inactive
2549,CC(=O)O[C@@H]1CC[C@@]2([C@@H](C1)CC[C@@H]3[C@@H]2CC[C@@]4([C@@H]3CC[C@@]4(C(=O)CO[C@@H]5[C@H]([C@@H]([C@H]([C@@H](O5)C(=O)OC)OC(=O)C)OC(=O)C)OC(=O)C)O)C)C,C98222116,inactive
2550,Cc1c2c([nH]n1)OC(=C([C@H]2c3cc(c(c(c3)Br)OCc4cccc(c4)[N+](=O)[O-])OC)C#N)[NH3+],C01126959,inactive
2551,Cc1cc(C)c(CNC(=O)c2cc(C3=CCCCC3)nc(-c3ccc(CN(C)C)cc3)c2)c(=O)[nH]1,CHEMBL3697401,inactive
2552,CCC(C)c1cc(C)c(CNC(=O)c2cc(-c3ccc(N4CCN(C(C)C)CC4)nc3)cc3c2cnn3C(C)C)c(=O)[nH]1,CHEMBL4534613,active
2553,CC(C)C[C@H](C(=O)NCc1ccc[nH+]c1)N2CC3=C(C2=O)[C@H](NC(=O)N3C)c4ccccc4C(F)(F)F,C35966836,inactive
2554,CC(C)(c1ccccc1)c2ccc(cc2)OC[C@H](Cn3c4ccccc4[nH+]c3CCCO)O,C60043007,inactive
2555,c1ccc(cc1)C(=O)CS[C@H]2Nc3ccccc3C(=O)N2NC(=O)CCC4=c5ccccc5=[NH+]C4,C63667423,inactive
2556,COc1cc(ccc1O)[C@@H]2[C@H]3C(=NC(=C2C#N)SC)CCCC3=O,C09110096,inactive
2557,CSc1cc(C)[nH]c(=O)c1CNC(=O)c1c(C)n([C@H](C)C2CCN(CC2)C2CC(F)C2)c2ccccc12,574920,active
2558,C[C@H](C(=O)Nc1ccc(cc1)NC(=O)C)Sc2c(c(cc(n2)c3cccs3)C(F)(F)F)C#N,C18025936,inactive
2559,CCOc1cc(ccc1O)[C@@H]2C(=C(C(=O)N2CC[NH+](C)C)O)C(=O)c3ccc(cc3)OCc4ccccc4C,C35445420,inactive
2560,c1ccc(cc1)CN2C(=O)N[C@H]([C@@H]([C@@]2(C(F)(F)F)O)C(=O)c3cccs3)c4ccc(cc4)O,C33774503,inactive
2561,CC(=O)N[C@@H]1[C@@H](C[C@@](O[C@@H]1[C@H]([C@@H](C[NH3+])O)O)(C(=O)[O-])O)O,C71789794,inactive
2562,c1ccc(c(c1)CNC2=[NH+]CCNC23CCN(CC3)S(=O)(=O)c4ccc(cc4)F)F,C65074648,inactive
2563,CC(C)(C)[C@H]([C@@H](n1cncn1)Oc2ccc(cc2)Cl)n3c(nnn3)[C@@H](c4ccc(cc4Cl)Cl)[NH+]5CCCCC5,C98001511,inactive
2564,Cc1cc(C)c(CNC(=O)c2cc(C3=CC(C)(C)NC(C)(C)C3)nc3c2cnn3C)c(=O)[nH]1,CHEMBL3769561,inactive
2565,CCOC(=O)c1ccc(cc1)NC(=O)CN2c3ccccc3/C(=C/4\C(=O)N(C(=S)S4)Cc5ccc(cc5)C)/C2=O,C98218742,inactive
2566,C[C@@H]1C[C@@]([C@@H](C[NH+]1C)C)(CCNC(=O)CO/N=C/2\CC[C@@]3([C@@H]4CC[C@]5([C@@H]([C@@H]4CCC3=C2)CC[C@]5(C#C)O)C)C)c6ccccc6,C70672243,inactive
2567,CCN(C1CCOCC1)c1cc(cc(C(=O)NCc2c(C)cc(C)[nH]c2=O)c1C)-c1ccc(CN2CCN(CCCCCCCCOc3cccc4C(=O)N(C5CCC(=O)NC5=O)C(=O)c34)CC2)cc1,50582390,active
2568,Cc1cc(ccc1NC(=O)C[NH+](C)CC(=O)N[C@@H](C)c2ccc3c(c2)OCCO3)Br,C20686369,inactive
2569,CCc1ccc(cc1)S(=O)(=O)NC[C@H](c2ccc(cc2)N(C)C)[NH+]3CCN(CC3)c4ccc(cc4)F,C21755075,inactive
2570,c1ccc2c(c1)n(c(=O)s2)Cc3nnc(n3c4cccc(c4)C(F)(F)F)SCC(=O)Nc5ccc6c(c5)OCCO6,C97963935,inactive
2571,CCN([C@H]1CC[C@@H](CC1)N(C)C)c1cc(cc(C(=O)NCc2c(C)cc(C)[nH]c2=O)c1C)-c1cscn1,172158,active
2572,CC1(Cc2c(c(sc2C([NH2+]1)(C)C)NC(=O)c3ccc(cc3)S(=O)(=O)N4CCCC4)C(=O)OC)C,C09391498,inactive
2573,c1cc(ccc1NC(=O)CSc2cn[nH]n2)Sc3ccc(cc3)NC(=O)CSc4cn[nH]n4,C35148255,inactive
2574,Cc1ccc(c(c1)C)c2csc3c2c(nc(n3)C[NH+](C[C@@H](COc4ccc(cc4)OC)O)C5CC5)[O-],C36207968,inactive
2575,C[NH+]1CCc2c(sc3c2C(=O)N[C@@H](N3)c4ccc(c(c4)OC)OC(=O)c5ccc(cc5)OC)C1,C08874814,inactive
2576,CCN(CC)S(=O)(=O)c1cccc(c1)c2c(cn(n2)c3ccccc3)/C=C(\C#N)/C(=O)NCCCn4cc[nH+]c4,C97959812,inactive
2577,CCN(c1cc(-c2ccc(CN3CCOCC3)cc2)cc(C(=O)NCc2c(C)cc(C)[nH]c2=O)c1Cl)C1CCOCC1,CHEMBL3701037,active
2578,CN(C)[C@H]1CC[C@@H](CC1)Oc1cc(Cl)cc2c1C\C=C\CCCc1cc(C)[nH]c(=O)c1CNC2=O,50061979,active
2579,c1cc2c(cc1I)c3cc(ccc3n2C[C@@H](C[NH2+]C(CO)(CO)CO)O)I,C98048115,inactive
2580,COc1cc(cc(c1OC)OC)C2=NC(=CC3=c4ccccc4=[NH+][C@H]32)C(=O)NCCc5ccccc5F,C38563969,inactive
2581,Cc1cc(c(c(=O)o1)/C(=N\NS(=O)(=O)c2ccc(cc2)Br)/C)O,C06255167,inactive
2582,CCN(C1CN(C)C1)c1cc(Cl)cc(C(=O)NCc2c(C)cc(C)[nH]c2=O)c1C,190216,active
2583,C[NH+]1CCN(CC1)[C@H](CNS(=O)(=O)c2ccc(cc2)OC(F)(F)F)c3ccc4c(c3)CCCN4C,C38673163,inactive
2584,[H]/N=C\1/C(=C/c2ccc(c(c2)OCC)OS(=O)(=O)c3ccc(cc3)C)/C(=O)N=C4N1N=C(S4)c5ccc(cc5)C,C08494199,inactive
2585,c1ccc(cc1)Sc2ccccc2NC(=O)C[NH+]3CCN(CC3)CC(=O)Nc4ccc(cc4)F,C22792253,inactive
2586,CC(=O)Nc1cccc(c1)NC(=O)CSc2nc(cs2)CC(=O)NCc3ccccc3Cl,C08850008,inactive
2587,c1ccc(cc1)C\2=[NH+]C(=O)N[C@@H](/C2=C/3\Nc4ccccc4S3)c5ccc6c(c5)OCCO6,C09090321,inactive
2588,c1cc(ccc1NC(=O)CC[NH+]2CCN(CC2)S(=O)(=O)c3ccc(cc3)F)S(=O)(=O)N,C24896622,inactive
2589,CCOc1ccc(cc1)NCc2cccn2c3nnc(s3)N4CCC(CC4)C(=O)NCCC[NH+]5[C@@H](CCC[C@H]5C)C,C38139229,inactive
2590,Cc1c2c(n[nH]1)OC(=C([C@@H]2c3cc(ccc3OCc4ccc(cc4)Br)[N+](=O)[O-])C#N)[NH3+],C09380438,inactive
2591,c1ccc2c(c1)nc(n2C[C@H](CN3CCN(CC3)C[C@H](Cn4c5ccccc5nc4C(F)(F)F)O)O)C(F)(F)F,C98048154,inactive
2592,c1ccc(c(c1)C(=O)Nc2ccc3c(c2)OCCO3)NS(=O)(=O)c4ccccc4F,C16096398,inactive
2593,CCN(C1CCOCC1)c1cc2oc(CN3CCCCC3)cc2c(C(=O)NCc2c(OC)cc(C)[nH]c2=O)c1CC,50287053,active
2594,CCc1cc(C)c(CNC(=O)c2cc(Cl)cc(N(CC)C3CCOCC3)c2C)c(=O)[nH]1,CHEMBL3770184,active
2595,Cc1ccc(Oc2ccc(C(=O)NC3CC(C)(C)NC(C)(C)C3)cc2)cc1,CHEMBL3264764,inactive
2596,CCN(c1cc(/C=C/c2ccc(CN3CCOCC3)cc2)cc(C(=O)NCc2c3c(c(C)[nH]c2=O)CCCC3)c1C)C1CCOCC1,CHEMBL4646766,active
2597,CN(C)c1ccc(cc1)[C@H](CNS(=O)(=O)c2ccc3c(c2)CCC(=O)N3)C4=c5ccccc5=[NH+]C4,C63182710,inactive
2598,c1ccc(c(c1)[C@@H]2CC(=NN2c3ccc(cc3)S(=O)(=O)N)c4ccc(cc4)F)F,C08843559,inactive
2599,CCCc1cc(C)[nH]c(=O)c1CNC(=O)c1cc(Cl)cc(N(CC)[C@H]2CC[C@H](N(C)C)CC2)c1C,CHEMBL3971862,active
2600,CC[C@H](C)n1cc(C)c2c(cc(cc12)-c1ccc(nc1)N1CCN(CCCCCCCCCOc2cccc3C(=O)N(C4CCC(=O)NC4=O)C(=O)c23)CC1)C(=O)NCc1c(C)cc(C)[nH]c1=O,50582382,active
2601,Cc1ccc(cc1C)n2c3c(c(=O)n(c(n3)SCC(=O)Nc4ccc(cc4)N(C)C)c5ccccc5)sc2=S,C03026454,inactive
2602,c1ccc(cc1)c2cn(c3c2c(nc[nH+]3)NCCC[NH+]4CCOCC4)c5cccc(c5)C(F)(F)F,C23153889,inactive
2603,C[C@H]([C@H]1[C@@H](C[C@@]2([C@@]1(CC=C3[C@@H]2CC[C@@H]4C(=C3)CC[C@@H](C4(C)C)[NH2+]C)C)C)O)N(C)C(=O)C,C31161676,inactive
2604,Cc1ccc(cc1)c2c(cn(n2)c3ccccc3)[C@H]4CC(=NN4C(=O)C[NH2+]CCO)c5ccc(cc5)OC,C10435196,inactive
2605,C[C@@]1(CC[C@@]2([C@@H](C1)C(C[C@@H]2NC(=O)CC(C)(C)C)(C)C)CCC(=O)NCCOC)O,C43547975,inactive
2606,CC(=O)c1ccc(cc1)NC(=O)[C@@H]2CC=CC[C@@H]2C(=O)Nc3ccc(cc3)Cl,C39894684,inactive
2607,CC[C@H](C)[C@@H](C(=O)N[C@@H](CC1=c2ccccc2=[NH+]C1)C=O)NS(=O)(=O)c3cccc4c3cccc4,C95871273,inactive
2608,CCN(Cc1c2c(n(n1)c3ccccc3)CC[NH+](C2)Cc4cc(ccc4F)F)C(=O)NCC(=O)OCC,C34769006,inactive
2609,CCCN1C/C(=C\c2ccc(cc2OC)OC)/C3=C(C1)[C@@H](C(=C(O3)[NH3+])C#N)c4ccc(cc4OC)OC,C39326711,inactive
2610,CC(C)n1ncc2c(cc(nc12)-c1ccc(cc1)C(=O)NCCCN(C)C)C(=O)NCc1c(C)cc(C)[nH]c1=O,325829,active
2611,c1ccc(cc1)n2cc(c(n2)c3ccc(cc3)F)/C=N/NC(=O)C(=O)Nc4ccccc4C(=O)Nc5ccc(cc5)Br,C04260965,inactive
2612,COc1cccc(c1)C[NH+](Cc2ccco2)Cc3ccc(o3)C(c4ccc(cc4)F)(c5ccc(cc5)F)O,C36203317,inactive
2613,CC(=O)Oc1cc(c(cc1OC)[C@H](c2cc(c3cccnc3c2O)Cl)Nc4cccc[nH+]4)Br,C06196803,inactive
2614,CN([C@@H]1CC[C@@H](CC1)NC(C)=O)c1cc(cc(C(=O)NCc2c(C)cc(C)nc2=O)c1C)-c1ccc(CO)nc1,172050,active
2615,CCOC(=O)CCc1cc(c(c(c1)/N=C/c2cc(cc(c2O)Cl)Cl)O)/[NH+]=C/c3cc(cc(c3O)Cl)Cl,C02160740,inactive
2616,CCc1ccccc1NC(=O)N2CCN(CC2)c3c(c([nH+]c(n3)c4cccc(c4)F)C)Cc5ccccc5,C35891046,inactive
2617,CN(C)Cc1ccc(cn1)-c1cc(N(C)C2CCCC2)c(C)c(c1)C(=O)NCc1c(C)cc(C)nc1=O,514174,active
2618,CSc1cccc(c1)NC(=O)[C@H]2[C@H]3C=C[C@@]4([C@@H]2C(=O)N([C@@H]4C(=O)NC5CCCCC5)Cc6ccc[nH+]c6)O3,C59525716,inactive
2619,Cc1ccc2cccc(c2n1)S(=O)(=O)NC[C@@H](c3ccc4c(c3)CCCN4C)[NH+]5CCCCC5,C38671169,inactive
2620,COCc1c2c([nH]n1)OC(=C([C@@H]2c3ccc(c(c3)OC)OCc4ccccc4)C#N)[NH3+],C08973530,inactive
2621,c1cc(cc(c1)Cl)C[C@@H]2C(=O)N(/C(=C(\C#N)/C(=O)N)/S2)c3ccc(cc3)Cl,C01790293,inactive
2622,Cc1ccc(cc1)OCc2nnc(n2c3ccc(cc3)Cl)SCC(=O)Nc4ccc(cc4)S(=O)(=O)N,C02363088,inactive
2623,c1ccc2c(c1)CCC[C@H]2NC(=O)CSc3nnc(n3N)c4ccc(cc4)Cl,C03286542,inactive
2624,Cc1cc(c(c(c1C)S(=O)(=O)N[C@@H](C)C(=O)N[C@H](C)c2ccc(cc2)n3cc[nH+]c3)C)C,C23565029,inactive
2625,Cc1ccc(cc1)[C@H](C(=O)NC(C)C)N(c2ccc(cc2)OC)C(=O)CCC(=O)Nc3cccc[nH+]3,C13501416,inactive
2626,CC(C)n1ncc2c(cc(nc12)-c1cccc(CN2CCN(C)CC2)c1)C(=O)NCc1c(C)cc(C)[nH]c1=O,325852,active
2627,Cc1ccc(cc1)OC(=O)c2c(c3c(c4c([nH+]c3s2)CC[NH+](C4)C)c5ccccc5OC)N,C40570223,inactive
2628,COCCNC(=O)[C@@H]1C[C@@H](C[NH+]1Cc2ccccc2C(F)(F)F)Sc3[nH]c4ccccc4n3,C12241754,inactive
2629,C[NH+](CC(=O)Nc1ccc(cc1)OC(F)(F)F)CC(=O)Nc2ccc(c(c2)Cl)Cl,C03389960,inactive
2630,CC(C)n1ncc2c(cc(nc12)-c1cccc(CNC2CCCCC2N)c1)C(=O)NCc1c(C)cc(C)[nH]c1=O,325831,active
2631,CC(C)[NH+]1CCc2c(sc3c2C(=[NH+][C@H](N3)c4ccc(cc4)OC(=O)c5ccc(cc5Cl)Cl)O)C1,C15947050,inactive
2632,Cc1ccc2=[NH+]CC(=c2c1)CCNC(=O)CSC[C@@H]3N=N[C@@H](S3)C(=O)Nc4ccc(cc4)F,C64491460,inactive
2633,C[C@H]1C[C@@H](CN(C1)S(=O)(=O)c2ccc(cc2)C(=O)Nc3c(c4c(s3)C[NH+](CC4)C)C(=O)N(C)C)C,C36649601,inactive
2634,Cc1cc(ccc1NCN2C(=O)/C(=C/c3ccc(c(c3)OC)O)/SC2=O)I,C03658826,inactive
2635,Cc1[nH]c(=O)[nH]c(=O)c1CNC(=O)c1cc(-c2ccc(N3CCN(C(C)C)CC3)nc2)cc2c1cnn2C(C)C,CHEMBL4593180,inactive
2636,CN([C@H]1CC[C@@H](CC1)NC(C)=O)c1cc(cc(C(=O)NCc2c(C)cc(C)nc2=O)c1C)-c1cnn(C)c1,514164,active
2637,CCN(C1CCOCC1)c1cc(cc(C(=O)NCc2c(cc(C)[nH]c2=O)C(C)C)c1C)C#CC1CCN(C[C@H](C)O)CC1,601745,active
2638,COc1ccc2c(c1)c3c([nH]2)[C@H]([NH2+][C@@H](C3)C(=O)[O-])c4ccc(c(c4)CSc5nc6ccccc6s5)OC,C02118998,inactive
2639,CCOc1ccc(cc1)S(=O)(=O)N(CC(=O)N/N=C/c2cc3ccc(cc3nc2Cl)OC)c4ccc(cc4)C,C06601240,inactive
2640,CC[NH+]1CCc2c(sc(c2C(=O)OC)NC(=O)c3ccc(cc3)S(=O)(=O)N(CC)c4ccccc4)C1,C09383360,inactive
2641,c1ccnc(c1)c2nnc(n2N)SCC(=O)Nc3cc(ccc3Cl)C(F)(F)F,C02193564,inactive
2642,c1ccc(cc1)CSc2nc3ccc[nH+]c3n2Cc4ccc(cc4)C(=O)NCCC[NH+]5CCCCC5,C08912933,inactive
2643,CCc1c(cc2oc(cc2c1C(=O)NCc1c(OC)cc(C)[nH]c1=O)C1CC1)N(CC1CC1)C1CCOCC1,458821,active
2644,[H]/N=C\1/C(=C/c2cc(n(c2C)c3cccc(c3)C)C)/C(=O)N=C4N1N=C(S4)C(C)C,C33439036,inactive
2645,Cc1c(c(n(n1)C)C)NC(=O)[C@H](C)[NH2+]C[C@H](c2ccccc2)c3c4ccccc4[nH]c3c5ccccc5,C28804061,inactive
2646,CN(C)[C@H]1CC[C@@H](CC1)[C@]1(C)Oc2c(O1)c(-c1ccco1)c1CCN(Cc3c(C)cc(C)[nH]c3=O)C(=O)c1c2C,588043,active
2647,c1cc(cc(c1)NC(=S)N(CCC[NH+]2CCCC2)Cc3cccn3Cc4ccc(cc4)Cl)C(F)(F)F,C17376247,inactive
2648,COC(=O)[C@@H]1Cc2c3ccccc3[nH]c2[C@H]4N1[C@@H](C[C@H](C4)[NH2+]CCCn5ccnc5)c6ccc(c(c6)F)F,C67879365,inactive
2649,CC1CC(CC(C)(C)N1)NC(=O)c1ccc(Oc2cccc(-c3ccnnc3)c2C#N)c(Cl)c1,50010831,active
2650,CCN(C1CCOCC1)c1cc(cc(C(=O)NCc2c(C)cc(C)[nH]c2=O)c1C)-c1ccc(CN2CCC[C@H](O)C2)cc1,172070,active
2651,c1cc(c(c2c1c3c(s2)nc4n(c3=O)CCCCC4)OC[C@H](C[NH+]5CCCCC5)O)Br,C00787747,inactive
2652,CSc1cc(C)[nH]c(=O)c1CNC(=O)c1c(C)n([C@H](C)C2CCC(CC2)N2CC(F)C2)c2ncncc12,574926,active
2653,CC[NH+]1CCN(CC1)c2ccc(cc2)NC(=S)NC(=O)c3ccc(c(c3)[N+](=O)[O-])N4CCCCC4,C08898288,inactive
2654,c1cc(c(cc1Cl)Cl)C(=O)NNC(=O)CCCCCCCC(=O)NNC(=O)c2ccc(cc2Cl)Cl,C98232613,inactive
2655,CCN(c1cncc(C(=O)NCc2c(C)cc(C)[nH]c2=O)c1C)[C@H]1CC[C@H](N(C)C)CC1,CHEMBL3895049,active
2656,COc1ccccc1CNC2=[NH+]CC[NH2+]C23CCN(CC3)S(=O)(=O)c4ccc(s4)Cl,C65074782,inactive
2657,Cc1cccc(c1NS(=O)(=O)c2ccc(cc2)NC(=O)CN(c3ccc(cc3)OCc4ccccc4)S(=O)(=O)C)C,C03105321,inactive
2658,CC(C)[NH+](CCn1c(=O)c2ccccc2nc1SCc3[nH]c(=O)c4cc(ccc4n3)Cl)C(C)C,C22187473,inactive
2659,COc1cc(ccc1O)[C@@H]2C(=C(C(=O)N2c3nc4ccc(cc4s3)F)O)C(=O)c5ccc(cc5)F,C33556008,inactive
2660,Cc1c([nH+]c([nH]1)SCC(=O)Nc2cccc3c2C(=O)c4ccccc4C3=O)Cc5ccccc5,C09946844,inactive
2661,CCOc1ccc(cc1)NC(=O)[C@H](CCSC)N2C(=O)[C@@H]3[C@H](C2=O)C4c5ccccc5C3c6c4cccc6,C18056993,inactive
2662,CCN(C1CCC(CC1)N(C)CCOC)c1c(CC)c(cc2n(C)ncc12)C(=O)NCc1c(C)cc(C)[nH]c1=O,516849,active
2663,c1cc(cnc1)[C@@H](CN2[C@@H](CCC2=O)CC[NH2+]Cc3cc4c(cc3Cl)OCO4)[NH+]5CCCCC5,C14986644,inactive
2664,c1ccc2c(c1)cc(o2)C(=O)C3=C(C(=O)N([C@@H]3c4cccc(c4)O)c5nnc(s5)SCc6ccc(cc6)F)O,C08383374,inactive
2665,CCCCOc1ccc(cc1OC)[C@H]2C(=C(C(=O)N2CCCn3cc[nH+]c3)O)C(=O)c4ccc5c(c4)C[C@@H](O5)C,C97955706,inactive
2666,CCN(c1cc(-c2ccc(CN3CC[C@H](F)C3)cc2)cc(C(=O)NCc2c(C)cc(C)[nH]c2=O)c1C)C1CCOCC1,CHEMBL3697462,active
2667,Cc1c(sc2c1c([nH+]c(n2)CSc3nc(c(nn3)c4ccccc4)c5ccccc5)N)C,C10395420,inactive
2668,Cn1c(nnc1SCC(=O)Nc2c(c3c(s2)CCCC3)C(=O)N)[C@H]4COc5ccccc5O4,C21137098,inactive
2669,c1cc(ccc1C(=O)NCC(=O)Nc2ccc3c(c2)[nH+]c([nH]3)c4cc(ccc4F)F)N5CCCC5=O,C71998841,inactive
2670,c1cc(cc(c1)NS(=O)(=O)c2ccc3c(c2)CCC3)NC(=O)c4cccs4,C24103324,inactive
2671,CC(=O)N[C@@H]1[C@H]([C@@H]([C@H](O[C@H]1Oc2ccc(cc2)[N+](=O)[O-])COC(=O)c3ccccc3)O)OC(=O)c4ccccc4,C77311737,inactive
2672,Cc1cccn2c1nc(c(c2=O)/C=C\3/C(=O)N(C(=S)S3)CCCCCC(=O)O)NCC[NH+]4CCOCC4,C08872540,inactive
2673,COc1ccc(cc1OC)N/C(=N\C(=O)c2ccc(cc2)Cl)/NCCC3=c4ccccc4=[NH+]C3,C63588481,inactive
2674,COC(=O)C1=c2n(c(=O)/c(=C/c3c(cccc3Cl)F)/s2)C(=C([C@@H]1c4c(cccc4Cl)F)C(=O)OC)N,C01896996,inactive
2675,c1ccc2c(c1)cccc2C[C@@]3(CCC(=O)N3)CCC(=O)N4CCC(CC4)[C@H](c5ccc[nH+]c5)O,C11791254,inactive
2676,CCOC(=O)c1c(c(sc1N/C=C(/C#N)\c2nc(cs2)c3cc4cc(ccc4oc3=O)[N+](=O)[O-])C(=O)C)C,C01815397,inactive
2677,CC(C)COc1ccc(cc1)/C(=C/2\[C@H](N(C(=O)C2=O)CCC[NH+](C)C)c3ccc(cc3)O)/O,C09359507,inactive
2678,CC(C)N1CC(C)c2c1cc(cc2C(=O)NCc1c(C)cc(C)[nH]c1=O)C#N,50205628,active
2679,c1ccc(cc1)[C@H](C(=O)Nc2ccc(cc2Br)[N+](=O)[O-])NCCC3=c4ccccc4=[NH+]C3,C64691495,inactive
2680,CCOC(=O)C1=C(OC(=C([C@H]1c2cccs2)C#N)N)CSc3c(ccc([nH+]3)c4cccs4)C#N,C08443105,inactive
2681,Cc1cccc(c1)NC(=O)/C(=C\c2cc(n(c2C)c3ccc(cc3)S(=O)(=O)N)C)/C#N,C08558976,inactive
2682,CSc1cc(C)[nH]c(=O)c1CNC(=O)c1cc(Cl)c2OC(C)(Oc2c1C)C1CCC(CC1)N1CC(F)(F)C1,542473,active
2683,c1ccc2c(c1)nc(s2)SCc3ccc(cc3)C(=O)N4CCC(CC4)C(=O)N,C21873923,inactive
2684,C[C@H]1Cc2cc(ccc2O1)C(=O)C3=C(C(=O)N([C@H]3c4cc(c(c(c4)Br)O)OC)CCC[NH+](C)C)O,C97953916,inactive
2685,CCN(C1CCOCC1)c1cc(cc(C(=O)NCc2c(C)cc(C)[nH]c2=O)c1C)-c1ccc(CN2CC[C@@H](F)C2)cc1,172068,active
2686,c1cc(c(cc1F)Cl)C(=O)Nc2cc(ccc2O)S(=O)(=O)N3CCCC3,C14241570,inactive
2687,CCOc1ccccc1/C=C/2\C[NH+](CC3=C2OC(=C([C@@H]3c4ccccc4OCC)C#N)N)Cc5ccccc5,C39326822,inactive
2688,Cc1ccc(cc1)OC(=O)c2c(c3c(c4c([nH+]c3s2)CCN(C4)C)c5cccc(c5OC)OC)N,C40570160,inactive
2689,Cn1c(cc(=O)c(c1CN2CCN(CC2)Cc3ccccc3Cl)O)C[NH+]4C[C@H]5C[C@@H](C4)c6cccc(=O)n6C5,C85876299,inactive
2690,CC(=O)Nc1cccc(c1)N([C@H](c2cccs2)C(=O)NC3CCCCC3)C(=O)[C@H]4COc5ccccc5O4,C00930996,inactive
2691,c1ccc(c(c1)CN2C(=O)[C@](N=C2O)(C(F)(F)F)NC(=O)C3CCCCC3)Cl,C13654996,inactive
2692,COc1cccc(c1)NC(=O)c\2cc3ccc(cc3o/c2=[NH+]\c4ccc(cc4)S(=O)(=O)N)OC,C59170514,inactive
2693,c1cc(cc(c1)F)COc2ccc(cc2/C=N/NC(=O)c3c(nnn3c4c(non4)N)C[NH+]5CCCC5)Br,C98216000,inactive
2694,Cc1cc(C)c(CNC(=O)c2cc(Br)nc3c2cnn3C2CCOCC2)c(=O)[nH]1,CHEMBL3770626,active
2695,c1ccc(cc1)S(=O)(=O)Nc2cc(c(c(c2)Cl)NS(=O)(=O)c3ccccc3)Cl,C01083126,inactive
2696,c1cc(cc(c1)OC(C(F)F)(F)F)C(=O)NC(=O)NNc2c(cc(cn2)C(F)(F)F)Cl,C22078285,inactive
2697,CC1=C([C@@H](N2CCCSC2=[NH+]1)c3ccc(cc3)NC(=O)[C@@H](C)Cl)C(=O)Nc4ccc(cc4)OC,C35760388,inactive
2698,c1ccc(c(c1)C(=O)OCC(=O)Nc2ccc(cc2)S(=O)(=O)N)Br,C25391289,inactive
2699,COc1cc(cc(c1OC)OC)c2cc(nc(c2C#N)SCC(=O)Nc3ccc4c(c3)OCO4)c5ccccc5,C33358630,inactive
2700,CC(=O)Nc1ccc(cc1)S(=O)(=O)/N=C\2/[C@@H]([NH+]=c3ccccc3=[NH+]2)Nc4ccc(c(c4)OC)OC,C39978770,inactive
2701,CCOC(=O)c1c(c(sc1NC(=O)c2cc(ccc2NS(=O)(=O)c3ccc(cc3)Cl)Br)C(=O)OCC)C,C97999879,inactive
2702,c1cc(ccc1C(=O)OCC(=O)c2ccc(cc2)Br)NC(=O)C[C@@H]3C(=O)N4CCC[C@@H]4CO3,C22839667,inactive
2703,Cc1cc(C)c(CNC(=O)c2cc(cc3n(ncc23)C2CCCC2)-c2ccc(CNCCS(C)(=O)=O)o2)c(=O)[nH]1,326074,active
2704,CC(C)(C)c1ccc(cc1)OCCOc2c(cc(cc2I)/C=N/NC(=O)c3ccncc3)OC,C97958632,inactive
2705,CSc1cc(C)[nH]c(=O)c1CNC(=O)c1c(C)n([C@H](C)C2CCN(CC2)C(=O)CO)c2ccccc12,575012,active
2706,CCOc1ccc(cc1)[n+]2c(c3c(n[nH]c3nc2SCC(=O)Nc4ccccc4C(=O)OCC)C)N,C49539722,inactive
2707,c1cc2c(n[nH]c2c(c1)Cl)CC(=O)N3CCC[C@H]3C(=O)NCc4cccs4,C77894051,inactive
2708,Cc1cccc(c1NC(=O)C[NH+](CC(=O)Nc2ccccc2F)CC(=O)Nc3c(cccc3C)C)C,C21324935,inactive
2709,Cc1ccccc1NC(=O)C2=C(N=C(C([C@@H]2c3cccs3)C#N)SCC(=O)Nc4cccc(c4)F)C,C06444287,inactive
2710,COc1ccc(cn1)-c1cc(cc2CC(C)(Oc12)C(C)=C)C(=O)NCc1c(C)cc(C)[nH]c1=O,359834,active
2711,CC1(CC2=C([C@H](C(=C(N2c3ccc(cc3)OC)N)C#N)c4cc(cs4)Cn5c[nH+]c6c5cccc6)C(=O)C1)C,C98008004,inactive
2712,C[C@@H]1CCC=C2[C@@]1([C@@H]([C@H]3[C@@H](C2)OC(=O)[C@@H]3CN4CC[NH+](CC4)[C@@H](c5ccccc5)c6ccc(cc6)Cl)O)C,C20411425,inactive
2713,COc1ccc(cc1OC)NC(=O)Nc2cc(c(cc2Cc3c4cc(c(cc4cc[nH+]3)OC)OC)OC)OC,C70673609,inactive
2714,c1cc(ccc1[C@H]2CC[NH2+]C[C@H]2COc3cc4c(cc3Cc5cc6c(cc5OC[C@@H]7C[NH2+]CC[C@@H]7c8ccc(cc8)F)OCO6)OCO4)F,C67665289,inactive
2715,C[NH+]1CCc2cc(c(cc2[C@H]1Cc3ccc(cc3)OCOc4ccc(cc4)C[C@@H]5c6cc(c(cc6CC[NH+]5C)OC)OC)OC)OC,C70664884,inactive
2716,CCCc1c2c([nH]n1)OC(=C([C@@H]2c3ccc(c(c3)OC)OC(=O)c4cccc(c4C)[N+](=O)[O-])C#N)[NH3+],C16319985,inactive
2717,CCN(c1cc(-c2ccc(CN3CCOCC3)nc2)cc(C(=O)NCc2c(C(C)C)cc(C)[nH]c2=O)c1C)C1CCOCC1,CHEMBL3701048,active
2718,CC(=O)N[C@@H]1[C@H]([C@H]2[C@@H](CO[C@@H](O2)c3ccccc3)O[C@H]1Oc4ccccc4/C=C/C(=O)c5ccccc5)O,C70712167,inactive
2719,Cc1ccc(cc1)N[C@H]2[C@H](C3=C(COC(C3)(C)C)C4=NN[C@@H](N24)SCC5[NH+]=c6ccccc6=[NH+]5)C#N,C63472978,inactive
2720,CN(c1ccccc1)c1ccc(C(=O)NC2CC(C)(C)NC(C)(C)C2)cc1,CHEMBL3264758,inactive
2721,COc1cc(cc(c1OC)OC)c2n[nH]c(=S)n2/N=C/c3cc(cc(c3O)I)I,C98226851,inactive
2722,Cc1ccc(cc1)NS(=O)(=O)c2ccc(cc2)NC(=O)CSc3nnc(n3N)C(F)(F)F,C20841320,inactive
2723,Cc1nc2n(n1)c(c(s2)[C@@H](c3cc(c(c(c3)OC)OC)OC)[NH+]4CCN(CC4)C(c5ccccc5)c6ccccc6)[O-],C97963918,inactive
2724,CNc1c(cc(cn1)Br)S(=O)(=O)Nc2cc(ccc2Cl)Cl,C50632525,inactive
2725,C[C@@H]1CCc2c(sc3c2c([nH+]c(n3)CC[NH+]4CCN(CC4)S(=O)(=O)c5ccccc5)N)C1,C12609236,inactive
2726,CCc1c(sc(c1C(=O)OCC)NC(=O)COC(=O)C[C@H](c2ccc(cc2)Cl)NC(=O)N)C,C23642088,inactive
2727,CCCOc1ccc(cc1OCC)[C@@H]2C(=C(C(=O)N2CC[NH+]3CCOCC3)O)C(=O)c4ccc5c(c4)C[C@H](O5)C,C97967200,inactive
2728,CN(C)Cc1cc(C)[nH]c(=O)c1CNC(=O)c1cc(cc2n(ncc12)C1CCCC1)-c1ccc(CN2CCOCC2)cc1,326093,active
2729,CC[NH+](CC)CCN1[C@H](C(=C(C1=O)O)C(=O)c2ccc(cc2)OCC)c3ccc(c(c3)OC)OCCC(C)C,C34918369,inactive
2730,CCCc1cc(C)[nH]c(=O)c1CNC(=O)c1cc(-c2ccc(F)cn2)cc2c1cnn2C(C)C,CHEMBL4593352,active
2731,CSc1cc(C)[nH]c(=O)c1CNC(=O)c1c(C)n([C@H](C)[C@H]2CCC(CC2)NC2(COC2)C(F)(F)F)c2ncncc12,575059,active
2732,Cc1ccc(o1)CN([C@H](c2ccc(c(c2)OC)O)C(=O)NC(C)(C)CC(C)(C)C)C(=O)c3ccc(cc3)OC,C36595702,inactive
2733,c1ccc(cc1)c2c(c[nH]n2)[C@@H]3c4c(nn(c4OC(=C3C#N)[NH3+])c5ccccc5)c6ccco6,C13959784,inactive
2734,c1ccc(cc1)c2cc(n[nH]2)N3CCN(CC3)C(=O)c4ccc5cc[nH]c5c4,C96398094,inactive
2735,COC(C1CCN(CC1)C1COC1)c1cc(Cl)c2CCN(Cc3c(C)cc(C)[nH]c3=O)C(=O)c2c1Cl,50246937,active
2736,CCOc1cc(ccc1OC(=O)c2cccs2)[C@@H]3c4c(n[nH]c4OC(=C3C#N)[NH3+])c5ccc(cc5)OC,C08569253,inactive
2737,c1cc(ccc1c2ccc(o2)/C=C/3\C(=O)N(C(=S)S3)C4CCCC4)S(=O)(=O)N,C34982809,inactive
2738,Cn1ccnc1[C@H](c2ccc(cc2)Cl)[NH2+]C[C@H](COC(c3ccc(cc3)F)c4ccc(cc4)F)O,C28656083,inactive
2739,CCCOc1ccc(cc1)NC(=O)C[C@@H]2C(=O)N(C(=S)N2Cc3ccc[nH+]c3)c4ccc(cc4)Cl,C08855096,inactive
2740,COc1ccc(cc1)c2csc(n2)NC(=O)c3ccc(c(c3)NC(=O)c4cccs4)Cl,C13138056,inactive
2741,COc1cc(cc(c1OC)OC)/C(=[NH+]/CCC(=O)N2CCC3(CC2)c4c([nH]cn4)CC[NH2+]3)/O,C20573659,inactive
2742,COc1ccc(cc1NC(=S)N[C@@H](C(Cl)(Cl)Cl)NC(=O)c2ccc(cc2)I)[N+](=O)[O-],C98221436,inactive
2743,CNCCN1CCC(CC1)c1cc(C(=O)NCc2c(C)cc(C)[nH]c2=O)c2cnn(C3CCCC3)c2c1,326153,active
2744,CCOC(=O)c1c2c(sc1NC(=O)CSc3nnc(n3C)[C@@H](C)Oc4ccc(cc4F)F)C[C@H](CC2)C,C97948054,inactive
2745,Cc1cc(nc([nH+]1)c2ccccc2[O-])N3CCC(CC3)(c4cccnc4)O,C91757019,inactive
2746,CC[NH+]1CCc2c(sc(n2)NC(=O)CCNS(=O)(=O)c3ccccc3Cl)C1,C97053152,inactive
2747,CC(C)n1ncc2c(cc(nc12)C1CCN(CC1)C(=O)C1CNC1)C(=O)NCc1c(C)cc(C)[nH]c1=O,325986,active
2748,CSc1cc(C)[nH]c(=O)c1CNC(=O)c1c(C)n([C@H](C)[C@H]2CCC(CC2)N2CC(F)C2)c2ncc(F)cc12,574947,active
2749,COc1cccc(c1)[C@H]2[C@H]3[C@@H](N(C(=O)[C@@H]3N=[NH+]2)CCC4=c5cc(ccc5=[NH+]C4)OC)c6ccc(cc6)O,C63295627,inactive
2750,Cc1ccc(cc1S(=O)(=O)NC)NC(=O)CSc2[nH+]ccn2c3cccc(c3C)Cl,C12823421,inactive
2751,CCN(C(=O)C1CCCC1)c1cc(cc(C(=O)NCc2c(C)cc(C)[nH]c2=O)c1C)-c1ccc(nc1)N1CCOCC1,441962,active
2752,COc1ccc(c(c1)CCNC(=O)Cc2ccc(cc2)NC3=[NH+][C@@H]4CS(=O)(=O)C[C@H]4S3)OC,C02693577,inactive
2753,COc1cccc(c1OC)C[NH2+]Cc2cccn2c3nnc(s3)N4CC[NH+](CC4)C5CCCCC5,C09265762,inactive
2754,C=CCN1c2ccccc2[C@]3(C1=O)/C(=C(\c4cc5ccccc5o4)/O)/C(=O)C(=O)N3CCC[NH+]6CCOCC6,C16742284,inactive
2755,COc1cc2ccnc(c2cc1OC)Cc3cc(c(cc3NS(=O)(=O)c4ccc(s4)Br)OC)OC,C01080623,inactive
2756,CCCCOc1ccc(cc1Br)C(=O)NC(=S)Nc2ccc(cc2)NC(=O)CCC,C14839284,inactive
2757,c1ccc2cc(ccc2c1)S(=O)(=O)NCCC(=O)N3CCc4c(c5ccccc5[nH]4)C3,C11981012,inactive
2758,c1cc(sc1)c2cc(c(c([nH+]2)SCC(=O)Nc3c(cc(cn3)Cl)Cl)C#N)C(F)(F)F,C18026075,inactive
2759,[H]/N=C/1\C(=C/c2cc(c(c(c2)OC)OCCOc3ccc(c(c3)C)C)OC)\C(=O)N=C4N1N=C(S4)c5cccc(c5)C,C97957744,inactive
2760,C[C@H](C(=O)Nc1nc2ccc(cc2s1)Cl)NC(=O)c3ccc(cc3)Cl,C02665017,inactive
2761,Cc1cc(C)c(CNC(=O)c2cc(Br)cc3n(ncc23)C2CCCC2)c(=O)[nH]1,326103,active
2762,c1cc2c(c(sc2[nH+]c1)c3nnc(n3Cc4ccco4)SCC(=O)NC5CCCC5)N,C64370106,inactive
2763,COc1ccc(cc1)CN2C(=O)/C(=C\c3c(nc4ccccn4c3=O)NCCC[NH+]5CCOCC5)/SC2=S,C98227019,inactive
2764,c1ccc(c(c1)C(=O)NCCc2nnc(s2)NS(=O)(=O)c3ccc(cc3)Br)Cl,C09263126,inactive
2765,COC1CC[C@@H](CC1)[C@@H](C)n1c(C)c(C(=O)NCc2c(SC)cc(C)[nH]c2=O)c2cncnc12,574891,active
2766,c1cc(cc(c1)[N+](=O)[O-])C(=O)NC(=S)Nc2ccc(cc2)I,C12495757,inactive
2767,CCOC(=O)c1ccc(cc1)NC(=O)C[C@H]2C(=O)[N+](=C(S2)Nc3ccc(cc3)OC)CCc4ccc(cc4)Cl,C97960306,inactive
2768,CC(=O)N[C@@H]1[C@H]([C@@H]([C@@H](O[C@@H]1OC[C@@H]2[C@@H]3[C@@H]([C@@H]4[C@@H](O2)OC5(O4)CCCCC5)OC6(O3)CCCCC6)COC(=O)C)OC(=O)C)OC(=O)C,C97986415,inactive
2769,Cc1ccc2cc(c(=O)[nH]c2c1)[C@H](c3nnnn3CCOC)[NH+](Cc4ccccc4)Cc5ccccc5Cl,C06410026,inactive
2770,CCN(CC)S(=O)(=O)c1cccc(c1)[C@@H]2C(=CN(N2)c3ccccc3)/C=C(\C#N)/C4[NH+]=c5ccccc5=[NH+]4,C38664311,inactive
2771,C[C@H](C(=O)Nc1cccc(c1)S(=O)(=O)Nc2ccccc2)Oc3ccc(cc3Cl)Cl,C12380878,inactive
2772,CCCOc1ccc(cc1)N2C(=O)C[C@H](C2=O)S/C(=[NH+]\Cc3ccccc3)/Nc4ccc(cc4)F,C08854670,inactive
2773,CCN(c1cc(-c2cnc(C)cn2)cc(C(=O)NCc2c(C)cc(C)[nH]c2=O)c1C)[C@H]1CC[C@H](N(C)C)CC1,CHEMBL3701034,active
2774,C[C@@H](O)C([C@H](C)O)c1cc(Cl)c2CCN(Cc3c(C)cc(C)[nH]c3=O)C(=O)c2c1Cl,435530,active
2775,CN1[C@@H]2[C@H](C(=O)N(C1=O)C)N(C(=[NH+]2)NCCc3c[nH]c4c3cccc4)Cc5ccc(c(c5)Cl)Cl,C38685113,inactive
2776,CC(C)c1ccc(cc1)NC(=O)[C@H]2[C@H]3C=C[C@@]4([C@@H]2C(=O)N([C@@H]4C(=O)NC5CCCCC5)CCC[NH+](C)C)O3,C20106835,inactive
2777,COC(C1CCOC1)c1cc(Cl)c2CCN(Cc3c(C)cc(C)[nH]c3=O)C(=O)c2c1Cl,50246942,active
2778,CCOc1ccc(cc1)n2c(nnc2SCC(=O)Nc3ccc(cc3)Br)COc4ccccc4,C02235687,inactive
2779,c1ccc2c(c1)nc(s2)N3C(=O)/C(=C/NCCCn4cc[nH+]c4)/C(=N3)CSc5ccc(cc5)Cl,C08694935,inactive
2780,Cc1ccc(cc1)C(=O)N/C(=C\c2ccc(cc2)Br)/C(=O)NCCC3=c4ccccc4=[NH+]C3,C63398553,inactive
2781,CCN(c1cc(-c2ccc(CCNC(=O)C[C@@H]3N=C(c4ccc(Cl)cc4)c4c(sc(C)c4C)-n4c(C)nnc43)cc2)cc(C(=O)NCc2c(C)cc(C)[nH]c2=O)c1C)C1CCOCC1,CHEMBL5174124,inactive
2782,COc1ccc(cc1OC[C@H](C[NH+]2CCCCCCC2)O)CN3CCc4c(cn[nH]4)C3,C15073895,inactive
2783,Cc1cc(nc(n1)/N=C(/NCCc2c[nH]c3c2cc(cc3)Cl)\NC(=S)Nc4ccccc4)C,C14729897,inactive
2784,c1ccc(c(c1)[C@@H]2[NH2+][C@H](CS2)CC(=O)N[C@@H](CC3=c4ccccc4=[NH+]C3)C(=O)[O-])Cl,C63782256,inactive
2785,CCOc1ccc(cc1)CC(=O)N[C@H](CCSC)C(=O)N2CCC3(CC2)c4c([nH+]c[nH]4)CCN3,C13570619,inactive
2786,c1cc(cc(c1)Cl)NC(=O)[C@H]2[C@H]3C=C[C@@]4([C@@H]2C(=O)N([C@@H]4C(=O)NC5CCCCC5)CCC[NH+]6CCCCC6)O3,C38147165,inactive
2787,c1cc(ccc1C(=O)NCC(=O)N/N=C\c2ccc(cc2Cl)Cl)S(=O)(=O)N3CCCCC3,C33784335,inactive
2788,Cc1cccc(c1C)N2CC[NH+](CC2)[C@@H](C)C(=O)Nc3c4cc(ccc4[nH]c3C(=O)OC)Br,C02310405,inactive
2789,COc1ccc(cc1O)/C=[NH+]\c2ccc(c(c2)/N=C\c3ccc(c(c3)O)OC)OC(C(F)F)(F)F,C03242673,inactive
2790,c1cc(cc(c1)OCc2c(cccc2Cl)F)c3nc(cs3)C(=O)NCC[NH+]4CCOCC4,C34712973,inactive
2791,CCOC(=O)[C@H]1[C@@H](C(=C(NC1=O)SCC(=O)Nc2ccc(cc2)Br)C#N)c3ccccc3OC,C02312525,inactive
2792,COc1ccccc1[C@H]2C[NH+](Cc3ccccc3O2)CC(=O)N[C@@H](CCn4cc[nH+]c4)c5ccccc5,C15067333,inactive
2793,C[NH+](Cc1cccc(c1OC)OC)CC(=O)Nc2ccccc2C(=O)Nc3ccc(cc3)F,C15451711,inactive
2794,c1cc(ccc1NS(=O)(=O)c2ccc(cc2Cl)Cl)N3CCN(CC3)c4c(cc(c[nH+]4)C(F)(F)F)Cl,C03104289,inactive
2795,Cc1noc(C)c1-c1cc(Cl)c2CCN(Cc3c4cc[nH]c4c(C)[nH]c3=O)C(=O)c2c1Cl,378907,active
2796,CCOc1ccc(cc1)NC(=O)CSc2[nH+]cc(c(n2)N)S(=O)(=O)c3cccs3,C16842159,inactive
2797,Cc1cc(C)c(CN2CCc3c(Cl)cc(CC4CCN(CC4)C(=O)CO)c(Cl)c3C2=O)c(=O)[nH]1,435512,active
2798,CCN(C1CCOCC1)c1cc(cc(C(=O)NCc2c(C)cc(C)[nH]c2=O)c1C)-c1ccc(nc1)N1CCC(CC1)N(C)C,172184,active
2799,CCc1cc2c(c(c(=[NH2+])oc2c(c1O)[C@@H](c3ccccc3)N4CCOCC4)c5nc(cs5)C)O,C20412176,inactive
2800,CSc1cc(C)[nH]c(=O)c1CNC(=O)c1c(C)n([C@H](C)[C@H]2CC[C@@H](CC2)N2CC(C2)OC(F)F)c2ccccc12,50541909,active
2801,CC(C)C[C@@H]1[C@H]2[C@H](C(=O)N(C2=O)CCc3ccc(c(c3)OC)OC)[C@]4([NH2+]1)c5cc(ccc5NC4=O)F,C20565920,inactive
2802,c1cc([nH+]cc1Br)NC(=O)C(OC(C(OC(C(OC(F)(F)F)(F)F)(F)F)(F)F)(F)F)(F)F,C08426948,inactive
2803,CC1=NC(=C([C@@H](C1C(=O)C)c2ccc[nH+]c2)C#N)SCC(=O)Nc3nc4ccc(cc4s3)Br,C08439227,inactive
2804,C[NH+](C)CCCN1[C@@H](C(=C(C1=O)O)C(=O)/C=C/c2ccccc2)c3cc(c(c(c3)Br)O)OC,C35443027,inactive
2805,Cc1cccc(c1)COc2ccc(cc2)C(=O)C3=C(C(=O)N([C@H]3c4ccc(cc4)O)c5nc(c(s5)C(=O)C)C)O,C98048015,inactive
2806,CC1([C@@H]2CC[C@]1(C(=O)C2)CS(=O)(=O)NNc3ccnc4c3ccc(c4)Cl)C,C03340829,inactive
2807,Cc1ccc2nc(c(c(=O)n2c1)/C=C/3\C(=O)N(C(=S)S3)CCOC)NC4CC([NH2+]C(C4)(C)C)(C)C,C02672078,inactive
2808,Cn1cc(c2c1cccc2)/C=C(/C(=O)NCCc3c[nH]c4c3cc(cc4)OC)\NC(=O)c5ccc(c(c5)OC)OC,C08757812,inactive
2809,COc1ccc(cc1)C(=O)N/C(=C\c2cc(ccc2OC)OC)/C(=O)N3C[C@H]4C[C@@H](C3)c5cccc(=O)n5C4,C20663156,inactive
2810,C[C@H]1Cc2cc(ccc2O1)C(=O)C3=C(C(=O)N([C@@H]3c4ccc(cc4)C(=O)OC)c5nnc(s5)SCc6ccccc6Cl)O,C97969237,inactive
2811,C=CCOc1ccc(cc1)C(=O)[C@H]2[C@H]3CCCN3[C@@]4([C@@]25c6ccccc6NC5=O)c7ccccc7NC4=O,C61958018,inactive
2812,CCN(C1CCC(CC1)N(C)CCN(C)C)c1c(C)c(cc2n(C)ncc12)C(=O)NCc1c(C)cc(C)[nH]c1=O,516863,active
2813,CCN(C1CCOCC1)c1c(C)c(cc2n(C)ncc12)C(=O)NCc1c(OC)cc(C)[nH]c1=O,516830,active
2814,CSc1cc(C)[nH]c(=O)c1CNC(=O)c1c(C)n([C@H](C)C2CCC(CC2)N2CC(C2)C(F)F)c2ncccc12,574964,active
2815,c1ccc2c(c1)C(=O)N(C2=O)CC(=O)N(Cc3ccc[nH+]c3)[C@H](c4csnn4)C(=O)NC56CC7CC(C5)CC(C7)C6,C08695983,inactive
2816,CCOC(=O)[C@@H]1C(=c2cc(ccc2=[NH+]1)OC)NC(=O)CN3CCN(CC3)C4c5ccccc5-c6c4cccc6,C38573970,inactive
2817,Cc1c([nH+]nc2c1[C@@]3(CC[C@H]4[C@@H]([C@@H]3C2)CC=C5[C@]4(CC[C@@H](C5)OC(=O)C)C)C)CC[C@@H](C)CNC(=O)C,C43735644,inactive
2818,C[C@H]1Cc2cc(ccc2O1)C(=O)C3=C(C(=O)N([C@@H]3c4ccc(c(c4)OC)OCCC(C)C)CCCn5cc[nH+]c5)O,C97967389,inactive
2819,Cn1c2ccc(cc2[nH+]c1CCC(=O)Nc3cc(n[nH]3)c4cccs4)S(=O)(=O)N5CCCCC5,C68744149,inactive
2820,c1ccc(c(c1)/C=N\NC(=O)C[NH+]2CCN(CC2)S(=O)(=O)c3ccc(cc3)Br)Cl,C19850517,inactive
2821,Cc1ccc(cc1)[C@@H]2C(=C(C(=O)N2CCCn3cc[nH+]c3)O)C(=O)c4ccc(cc4)OCc5ccccc5C,C35445270,inactive
2822,CCCc1cc(C)[nH]c(=O)c1CNC(=O)c1cc(-c2ccc(N3CCN(C(=O)CCOCCOCCOCCOCCOCCOCCOCCOCCOCCOCCOCCOCCNC(=O)CCCC[C@@H]4SC[C@@H]5NC(=O)N[C@@H]54)CC3)nc2)cc2c1cnn2C(C)C,CHEMBL3414629,active
2823,Cc1c(c(c(nc1C)SCC(=O)OCC(=O)N[C@@H](C)c2ccc(cc2)Br)C(=O)N)C,C23298159,inactive
2824,COc1ccccc1C[NH2+]C2CCN(CC2)c3ccc(cc3)NS(=O)(=O)c4ccccc4,C12151591,inactive
2825,c1cc(ccc1Cn2c(c[nH+]c2SCC(=O)Nc3cc(ccc3Cl)C(F)(F)F)CO)Cl,C10019874,inactive
2826,C[C@@H]1CCC[C@H]([C@@H]1C)NC(=O)[C@@H]2[C@@]34C=C[C@@H](O3)[C@@H]([C@@H]4C(=O)N2C[C@@H]5COc6ccccc6O5)C(=O)Nc7ccc(cc7)OC,C59504270,inactive
2827,c1cc(cc(c1)Cl)NC(=O)C2=C(C3=[NH+][C@H](C[C@H](N3N2)C(F)(F)F)c4cccs4)Cl,C00865872,inactive
2828,CCN(C1CCOCC1)c1cc(cc(C(=O)NCc2c(CO)cc(C)nc2=O)c1C)-c1ccc(CN2CCOCC2)cc1,172112,active
2829,CN1CCN(CC1)C(=O)c1ccc(cc1)-c1cc(cc2CC(C)(C)Oc12)C(=O)NCc1c(C)cc(C)[nH]c1=O,359745,active
2830,c1c(c(cc(c1I)F)OCC2(CCCCC2)N)[N+](=O)[O-],C97401451,inactive
2831,Cc1cc(C)c(CNC(=O)c2cc(Br)cc(NC3CCOCC3)c2C)c(=O)[nH]1,CHEMBL3770619,active
2832,Cc1nc2n(n1)c(c(s2)[C@H](c3ccc(cc3)OC)N4CCN(CC4)C(c5ccccc5)c6ccccc6)O,C22852780,inactive
2833,c1cc(ccc1N2[C@@H](NN=C2SCC(=O)NC3=C[C@H]4C(=CN=N4)C=C3)c5cc[nH+]cc5)Br,C63786531,inactive
2834,COc1ccc2c(c1OC)C(=O)O[C@H]2N3[C@@H](CCC3=O)C(=O)N[C@@H](CC4=c5ccccc5=[NH+]C4)C(=O)OC,C63351229,inactive
2835,CSc1cc(C)[nH]c(=O)c1CNC(=O)c1cc(Cl)c2c(c1C)O[C@@](C)([C@H]1CC[C@H](N(C)C)CC1)O2,CHEMBL5178022,active
2836,Cc1cc2cc(c(nc2cc1C)O)[C@@H](c3nnnn3C4CCCC4)[NH+](Cc5ccc[nH+]c5)Cc6ccco6,C08670971,inactive
2837,CN(c1ccccc1)C(=O)Cc2ccc(cc2)NC(=O)NC[C@H](c3ccccc3OC)[NH+]4CCCC4,C71943879,inactive
2838,CCN(C1CCC(F)(F)CC1)c1cc(O[C@H]2C[C@@H](C2)N2CCCCC2)cc(C(=O)NCc2c(OC)cc(C)[nH]c2=O)c1C,50594148,active
2839,CCOc1ccc(cc1)C2=N[C@H]([NH2+][C@H](C2)c3cc(ccc3O)Br)c4ccc(cc4C)C,C09542309,inactive
2840,c1ccc2c(c1)cc3ccccc3c2/C=C\4/C(=O)N(C(=O)S4)CC(=O)Nc5ccc(cc5)S(=O)(=O)N,C15050063,inactive
2841,c1cc(sc1)/C=C\2/CCC[C@H]3C2=NN([C@@H]3c4cccs4)C(=O)C[NH+]5CCC(CC5)C(=O)N,C96775254,inactive
2842,CCc1ccccc1NC(=O)CN2C(=O)[C@](NC2=O)(C)c3cccc(c3)Br,C08635025,inactive
2843,COc1cc(cc(c1OC)OC)c2c3c(c4c(c(sc4[nH+]2)C(=O)Nc5ccc(cc5)Br)N)CCCC3,C02691320,inactive
2844,C[C@H](c1ccc(cc1F)F)NC(=O)COC(=O)c2ccccc2NC(=O)CSc3[nH+]ccn3C,C23510941,inactive
2845,CCCc1cc(C)[nH]c(=O)c1CNC(=O)c1cc(cc2n(ncc12)C1CCCCC1)-c1ccc(nc1)N1CCN(CC1)C(C)C,50536574,active
2846,CC(C)C(=O)Nc1ccc(cc1)S(=O)(=O)NC[C@H](c2ccc3c(c2)CCN3C)[NH+]4CCCCC4,C08801669,inactive
2847,CC(=O)Nc1ccc(cc1)c2nnc(n2C)SCC(=O)Nc3ccc(cc3F)Br,C13880492,inactive
2848,CSc1cc(C)[nH]c(=O)c1CNC(=O)c1c(C)n([C@H](C)C2CCN(CC(F)(F)F)CC2)c2cccc(C#N)c12,574965,active
2849,CCCOc1ccc(cc1OC)[C@H]2[C@H]3CN(CC=C3C(=C(C2(C#N)C#N)[NH3+])C#N)C(=O)OC(C)(C)C,C01818749,inactive
2850,CC1(Cc2c(c(sc2C([NH2+]1)(C)C)NC(=O)CCCSc3ccc(cc3)OC)C(=O)OC)C,C09473039,inactive
2851,CCCc1cc(C)[nH]c(=O)c1CNC(=O)c1cc(cc2c(ncn12)[C@H](C)CC)-c1ccc(nc1)N1CCNCC1,50594136,active
2852,CC(C)n1ncc2c(cc(nc12)C1CCN(CC1)C1CCNCC1)C(=O)NCc1c(C)cc(C)[nH]c1=O,325935,active
2853,CCCCOc1ccc(cc1OCC)[C@@H]2C(=C(C(=O)N2CCCn3cc[nH+]c3)O)C(=O)c4ccc5c(c4)C[C@@H](O5)C,C97969641,inactive
2854,c1cc(sc1)C(=O)N[C@@H]2C=C(C[C@H]([C@@H]2O)O)C(=O)NCC(=O)N,C06243155,inactive
2855,C[NH+](C)CCCN1[C@@H](C(=C(C1=O)O)C(=O)c2ccc(cc2)OCc3ccccc3)c4cccc(c4OC)OC,C39826970,inactive
2856,CC1(Cc2c(sc3c2c(=O)n(c(n3)SCC(=O)NCCc4ccccc4)c5ccc(cc5)OC)CO1)C,C02245686,inactive
2857,c1cc(c(cc1CNC(=O)CSc2c(c(c3c([nH+]2)CCCC3)C(F)(F)F)C#N)Cl)Cl,C06456746,inactive
2858,CSc1cccc(c1)NC(=O)NC[C@H]2C[C@@H]3CC[NH+]2C[C@@H]3CN4C[C@@H]5C[C@H](C4)c6cccc(=O)n6C5,C67870836,inactive
2859,CSc1cc(C)[nH]c(=O)c1CNC(=O)c1c(C)n([C@H](C)[C@H]2CCC(CC2)N2CC22COC2)c2ncccc12,575019,active
2860,CCOc1cc(ccc1OCCC(C)C)[C@H]2C(=C(C(=O)N2CCC[NH+](C)C)O)C(=O)c3ccc4c(c3)C[C@H](O4)C,C97967763,inactive
2861,c1ccc(cc1)C(c2ccccc2)[NH+]3CCN(CC3)C(=S)Nc4ccc(cc4)S(=O)(=O)N5CCOCC5,C97945773,inactive
2862,C[C@H](C(=O)N1CC(=O)Nc2c1cccc2)NC[C@H](c3cccc(c3OC)OC)C4=c5ccccc5=[NH+]C4,C64697157,inactive
2863,c1cc(ccc1S(=O)(=O)c2c[nH]c(nc2=O)SCC(=O)Nc3ccc(c(c3)Cl)F)Br,C97999334,inactive
2864,c1ccc(cc1)c2c(cn(n2)c3ccccc3)C(=O)NNC(=O)c4ccc(=O)n(n4)c5ccccc5,C24556863,inactive
2865,c1ccc(cc1)Sc2ccccc2NC(=O)CN3CC[NH+](CC3)CC(=O)Nc4cccc(c4)F,C22792753,inactive
2866,Cc1cc(nc(n1)N/C(=N/C(=S)Nc2ccc(cc2)C(F)(F)F)/NCCSCc3c([nH]cn3)C)C,C14159264,inactive
2867,Cc1c(n2cc(ccc2[nH+]1)Cl)C(=O)N/N=C/c3ccc(cc3)OCC(=O)N[C@H](C)c4ccccc4,C58872795,inactive
2868,c1ccc(cc1)C(=O)N/C(=C/c2cn(nc2c3ccc[nH+]c3)c4ccccc4)/C(=O)NC[C@H]5CCCO5,C27987087,inactive
2869,c1ccc(cc1)/C=C/C(=O)Oc2ccc(cc2)/C=N/NC(=O)CNC(=O)c3ccccc3I,C02543002,inactive
2870,Cc1cccc2c1NC(=O)[C@@]23[C@H]4[C@@H]([C@@H]([NH2+]3)Cc5c[nH]c6c5cccc6)C(=O)N(C4=O)c7cccc(c7)OC,C08996016,inactive
2871,c1ccc2=[NH+]CC(=c2c1)CCN3[C@@H](C(=C(C3=O)O)C(=O)c4ccc(cc4)Cl)c5ccc(cc5)F,C63526675,inactive
2872,Cc1noc(C)c1-c1ccc2CCN(Cc3c(C)cc(C)[nH]c3=O)C(=O)c2c1Cl,50193663,active
2873,Cc1ccccc1C(=O)Nc2nnc(s2)CC(=O)N/N=C/c3ccc(cc3)OCCOc4ccccc4C,C97970949,inactive
2874,Cc1ccc(cc1N2CC[NH+](CC2)CCNS(=O)(=O)c3cc(sc3C)c4cc([nH]n4)C)Cl,C95841777,inactive
2875,Cc1ccc(cc1S(=O)(=O)N)NC(=O)COc2ccc(cc2Br)F,C23244787,inactive
2876,CC[NH+](CC)c1ccc(cc1)[C@H]2N(CCCN2S(=O)(=O)c3ccc(cc3)C)S(=O)(=O)c4ccccc4,C59074299,inactive
2877,CC(C)C1Cc2cc(cc(c2O1)-c1ccc(nc1)N1CCNCC1)C(=O)NCc1c(C)cc(C)[nH]c1=O,359831,active
2878,c1ccc(cc1)CCNC(=O)CSc2nc3c(cn[nH]3)c(=O)n2c4ccccc4Br,C96286860,inactive
2879,CC1=C([C@H](C2=C(N1)C[C@@H](CC2=O)c3cccs3)c4cc(ccc4OC)OC)C(=O)OCCOc5ccccc5,C02788673,inactive
2880,c1cc(c(cc1Cl)Cl)c2c(cnc(n2)NCCNc3ccc(c(n3)N)[N+](=O)[O-])n4ccnc4,C42856088,inactive
2881,CCOc1cc(ccc1OCC=C)[C@@H]2C(=C(c3ccc4c(c3)C[C@H](O4)C)O)C(=O)C(=O)N2Cc5cc[nH+]cc5,C09292830,inactive
2882,Cc1ccc(o1)CN([C@@H](c2ccc(cc2)O)C(=O)NC(C)(C)CC(C)(C)C)C(=O)c3c(cccc3O)O,C36597444,inactive
2883,CCOc1ccc2c(c1)sc(n2)NC(=O)CCNS(=O)(=O)c3ccc(cc3)Br,C09342902,inactive
2884,COc1cc2c(cc1OC)[nH]c3c2ncnc3N4CC[NH+](CC4)[C@@H](c5ccccc5)c6ccc(cc6)Cl,C02400067,inactive
2885,CCN(C1CCOCC1)c1cc(cc(C(=O)NCc2c(C)cc(C)[nH]c2=O)c1C)-c1ccc(CN2CCC(F)(F)CC2)cc1,172075,active
2886,CN(C)c1ccc(cc1)/C=N\NC(=[NH2+])S[C@@H]2CC(=O)N(C2=O)c3cc(ccc3Cl)Cl,C33906684,inactive
2887,C[C@@H]1C(=O)N(C2([NH2+]1)CCN(CC2)C(=S)Nc3ccc(cc3)OC)Cc4cccc(c4)C(F)(F)F,C36026827,inactive
2888,c1cc(c(cc1Br)/C=[NH+]\CCOCCOCC[NH+]=Cc2cc(ccc2[O-])Br)O,C15776614,inactive
2889,c1ccc(cc1)OCC[NH+]2CCN(CC2)c3nnc4n3-c5c(cc(s5)Br)C(=[NH+]C4)c6ccccc6Cl,C95870368,inactive
2890,Cc1cccc(c1C)n2c3c(c(n2)C(C)(C)C)[C@@H](SCC(=O)N3CC(=O)NCc4ccc[nH+]c4)c5cccc(c5)Cl,C98010894,inactive
2891,CSc1cc(C)[nH]c(=O)c1CNC(=O)c1c(C)n([C@H](C)C2CCC(CC2)N2CC(C)(F)C2)c2ncccc12,574943,active
2892,C[C@@]1(CCC[NH2+]1)C(=O)Nc2c(cc(cc2Br)Br)C(=O)OC,C96686590,inactive
2893,c1c(c[nH]c1C(=O)N2CCC[C@H](C2)S(=O)(=O)NC3CCCC3)Cl,C96005216,inactive
2894,CCN([C@H]1CC[C@@H](CC1)N(C)Cc1ccc(OC)cc1)c1cc(Cl)cc(C(=O)NCc2c(C)n(CC)[nH]c2=O)c1C,310785,active
2895,CCOc1ccc2c(c1)sc(n2)N3[C@@H](C(=C(C3=O)O)C(=O)c4ccc5c(c4)C[C@H](O5)C)c6cc(c(c(c6)OC)OC)OC,C97969790,inactive
2896,CC(C)(C)N1C[C@H](CC1=O)C(=O)Nc2ccc(cc2)S(=O)(=O)NC3CCCCC3,C08219458,inactive
2897,C[C@@H]1CC=C2[C@H](C1)[C@@]3(c4ccccc4N(C3=O)CCc5ccccc5)C(C(=C2C#N)N)(C#N)C#N,C08442109,inactive
2898,CC(=O)N[C@H]1c2cc(c[nH+]c2N([C@@H]1C(=O)OC)CCC3=c4ccccc4=[NH+]C3)NCC(C)(C)C,C63993700,inactive
2899,CC1(Cc2c(sc3c2c([n+](c(=O)n3CC(=O)Nc4cccc5c4cccc5)Cc6ccco6)N)CO1)C,C02209437,inactive
2900,CCN([C@H]1CC[C@@H](CC1)N(C)Cc1cccc(OC)c1)c1cc(Cl)cc(C(=O)NCc2c(C)n(C)[nH]c2=O)c1C,310772,active
2901,CCSc1nnc(s1)NC(=O)C2CCN(CC2)C(=O)Nc3cccs3,C49429671,inactive
2902,Cc1ccc(cc1)C(=O)C2=C(C(=O)N([C@@H]2c3ccc(cc3OC)OC)CCc4c[nH]c5c4cc(cc5)OC)O,C35165032,inactive
2903,C[C@@]1(C(=O)N(C(=O)N1)CC(=O)Nc2ccc(cc2)S(=O)(=O)N(C)C)c3ccc(cc3)Cl,C14137478,inactive
2904,Cc1ccc(cc1)c2[nH]c(c([nH+]2)S(=O)(=O)c3ccccc3)SCC(=O)Nc4ccc5c(c4)OCO5,C12252290,inactive
2905,CN(C)c1ccc(cc1)/C=C/2\C(=O)N(C(=N2)SCC(=O)Nc3c(cc(cc3Br)F)F)c4ccccc4,C08416783,inactive
2906,CC1(CC(CC([NH2+]1)(C)C)N(Cc2ccccc2OC)C(=S)Nc3ccc(cc3OC)Cl)C,C20568220,inactive
2907,Cc1cc(C)c(CN2CCc3c(Cl)cc(C(CO)N4CC[C@@H](F)C4)c(Cl)c3C2=O)c(=O)[nH]1,435494,active
2908,C=C(c1cc[nH+]cc1)NNC(=O)CSc2nnc(s2)SCc3cccc4c3cccc4,C01833267,inactive
2909,CC(=O)Nc1ccc(cc1)N2C(=O)C[C@@H](C2=O)Sc3nc(c(nn3)c4ccc(cc4)OC)c5ccc(cc5)OC,C00691753,inactive
2910,CC(C)Oc1cc(Cl)c2CCN(Cc3c4oc(C)cc4c(C)[nH]c3=O)C(=O)c2c1Cl,378901,active
2911,CC[NH+]1CCc2c(sc3c2C(=N[C@@H](N3)c4ccc(c(c4)OC)OC(=O)c5ccccc5Cl)O)C1,C08928005,inactive
2912,CCOC(=O)[C@](C(F)(F)F)(Nc1ccc(cc1)S(=O)(=O)Nc2nc(cc(n2)C)C)NC(=O)OCC,C05729452,inactive
2913,c1ccc(c(c1)N2CCN(CC2)C(=O)c3ccc(c(c3)S(=O)(=O)NC4CC4)Cl)O,C09614101,inactive
2914,CC[NH+]1CCc2c(sc(c2c3nc4ccccc4s3)NC(=O)c5ccc(cc5)S(=O)(=O)N6CCCCC6)C1,C97963408,inactive
2915,CCN([C@H]1CC[C@@H](CC1)N(C)C)c1cc(cc(C(=O)NCc2c(C)cc(C)[nH]c2=O)c1C)-c1ccc(nc1)N1CCN(C)CC1,172162,active
2916,CN1[C@H]([C@@H](c2cc(c(cc2C1=O)OC)OC)C(=O)Nc3cc(c(cc3OC)OC)Cl)c4ccc(c(c4)OC)OC,C03621468,inactive
2917,CCN(Cc1ccccc1)S(=O)(=O)c2ccc(cc2)C(=O)Nc3nnc(o3)[C@@H]4COc5ccccc5O4,C11634906,inactive
2918,CCN([C@H]1CC[C@@H](CC1)N(C)C)c1cc(Cl)cc(C(=O)NCc2c(N3CCCCC3)n(C)[nH]c2=O)c1C,310807,active
2919,Cc1cccc(n1)Nc2c(c(nc[nH+]2)N3CCN(CC3)C(c4ccccc4)c5ccccc5)N,C40685361,inactive
2920,Cc1cc[nH+]c(c1)N[C@@H](c2cccc(c2OC)OC)c3c(c(sc3NC(=O)c4ccccc4)C)C,C38547526,inactive
2921,CCOc1cc(ccc1OCCC(C)C)[C@H]2C(=C(C(=O)N2Cc3cc[nH+]cc3)O)C(=O)c4ccc5c(c4)C[C@@H](O5)C,C97970731,inactive
2922,c1ccc2c(c1)C3=N[C@H](C(=O)N3C(=N2)SCC(=O)Nc4cccc(c4)Cl)CCC(=O)NCc5ccco5,C08594831,inactive
2923,CC(C)(C)c1ccc(c(c1)Br)OCC(=O)N/N=C\c2cc(ccc2O)Br,C95938403,inactive
2924,CCOc1cc(cc(c1OC(=O)c2cccs2)[N+](=O)[O-])[C@H]3C(=C(OC4=C3C(=O)C[C@@H](C4)c5ccco5)[NH3+])C#N,C03672541,inactive
2925,CC[NH+](CC)CCN1[C@@H](C(=C(c2ccc(cc2)OCC=C)O)C(=O)C1=O)c3ccc(cc3)Br,C16732580,inactive
2926,Cc1cc(nc(n1)SCc2nnc(n2c3ccccc3)SCC(=O)Nc4ccc(cc4)Br)C,C00925094,inactive
2927,Cc1c(sc(n1)C)C(=O)N2CCC[C@]2(C)C(=O)NC3CCCC3,C19746801,inactive
2928,CC1(C)CC(CC(C)(C)N1)NC(=O)c1ccc(Oc2cccc(-c3ccnnc3)c2C#N)c(Cl)c1,50010823,active
2929,c1ccc2c(c1)nc(n2C(=O)CCN3C(=O)/C(=C/c4ccc(cc4)F)/SC3=S)SCC(=O)Nc5ccc(cc5)Cl,C97946110,inactive
2930,Cc1cc(cc(c1)NS(=O)(=O)c2ccc(cc2)NC(=S)NC(=O)c3ccc(cc3)OCC(C)C)C,C14030428,inactive
2931,CCCc1cc(C)[nH]c(=O)c1CNC(=O)c1cc(-c2ccc(N3CCN(C)CC3)nc2)cc(N(CC)C2CCOCC2)c1C,CHEMBL3701042,active
2932,C[C@H]1CCC[C@H]([C@H]1C)[NH2+][C@H]2CC(=O)N(C2=O)c3ccc(cc3)N4C(=O)C[C@H](C4=O)N[C@H]5CCC[C@H]([C@H]5C)C,C37089022,inactive
2933,c1cc(ccc1C(c2ccc(cc2)F)[NH+]3CCN(CC3)CC(=O)Nc4c(c5c(s4)CCCC5)C(=O)N)F,C22921522,inactive
2934,CC1(CC2=NC(=C)C([C@H]([C@H]2C(=O)C1)c3ccc(o3)COc4cccc(c4)C(F)(F)F)C(=O)Nc5cccc[nH+]5)C,C08440157,inactive
2935,C[C@H]1CCCC(=O)CCC/C=C/c2cc(cc(c2C(=O)O1)OC)OC[C@H](C[NH+]3C[C@@H]4C[C@H](C3)c5cccc(=O)n5C4)O,C70672722,inactive
2936,C[C@@H](C(=O)Nc1c(c2c(s1)CCC2)C(=O)N)N(C)Cc3nc4ccccc4s3,C14197881,inactive
2937,CCOC(=O)NC(=O)c1c2c(sc1NC(=O)c3c(cccc3F)F)CN(CC2)C(=O)OC,C09325614,inactive
2938,c1ccc(cc1)C2=Nc3c(c(=O)[nH]c(=S)n3Cc4ccc[nH+]c4)C(N2)(C(F)(F)F)C(F)(F)F,C20547498,inactive
2939,CCOc1ccccc1NC2=Nc3ccccc3N4C2=[NH+]c5c(c(nn5c6ccccc6)C)[C@@H]4c7ccccc7OC,C01876361,inactive
2940,CCCc1cc(C)[nH]c(=O)c1CNC(=O)c1cc(N2CCCNCC2)cc2c1cnn2C(C)C,CHEMBL4533229,active
2941,CCCCCOc1ccc(cc1)[C@@H]2C(=C(C(=O)N2CCC[NH+](CC)CC)O)C(=O)c3c(nc(s3)C)C,C35568274,inactive
2942,CC(C)(C)[NH2+]c1c([nH+]c2n1nc(s2)N3CCN(CC3)C(=O)c4ccncc4)c5cccc(c5)F,C64450828,inactive
2943,c1cc(cc(c1)Cl)N2CCN(CC2)c3c(cc4cc5c(cc4n3)OCO5)C[NH2+]CCCO,C20601708,inactive
2944,CN(C)C12CCC(CC1)(CC2)C1(C)Oc2c(O1)c(C)c1C(=O)N(Cc3c(C)cc(C)[nH]c3=O)CCc1c2C,588042,active
2945,c1ccc(cc1)CCN([C@@H](c2cc[nH+]cc2)C(=O)NC3CCCCC3)C(=O)CNC(=O)c4ccco4,C04092935,inactive
2946,CC(=O)c1ccc(cc1)NC(=S)NCC[NH+]2CCN(CC2)C(=S)Nc3ccc(cc3)C(=O)C,C59114979,inactive
2947,CCN([C@H]1CC[C@@H](CC1)N(C)C)c1cc(Cl)cc(C(=O)NCc2c(C)cc3nc(C)[nH]n3c2=O)c1C,310742,inactive
2948,c1ccc2=[NH+]CC(=c2c1)/C=N/NC(=O)c3ccc(cc3)[N-]S(=O)(=O)c4ccc(cc4)Br,C65321228,inactive
2949,C[C@]12CCC(=O)C=C1CC[C@@H]3[C@@H]2CC[C@]4([C@H]3CC[C@@]4(C(=O)COC(=O)CCC(=O)NCCc5c[nH]c[nH+]5)O)C,C70691984,inactive
2950,COc1cc(cc(c1OC[C@H](c2ccc3c(c2)OCO3)O)Br)C[NH2+]C45CC6CC(C4)CC(C6)C5,C20876965,inactive
2951,Cc1ccc(cc1)[C@@H](c2cccs2)NC(=O)C[NH+](C)CC(=O)Nc3ccccc3Br,C15449987,inactive
2952,CC(C)[C@H](C(=O)NC[C@@H](c1cccc(c1)OC)[NH+]2CCCC2)NC(=O)c3ccc(cc3)F,C12781632,inactive
2953,CN(C1CCC(CC1)NC(F)(F)F)c1cc(C(=O)NCc2c(C)cc(C)[nH]c2=O)c(C)c2n(C)ncc12,516879,inactive
2954,c1cc(sc1)CN(Cc2cc3cc4c(cc3nc2O)OCCO4)C(=S)NCCC[NH+]5CCOCC5,C06445927,inactive
2955,Cc1noc(C)c1-c1cc(Cl)c2CCN(Cc3c(C)cc(C)[nH]c3=O)C(=O)c2c1Cl,50193709,active
2956,CC(C)NC(=O)N1CCN([C@@H](C1)C(=O)N[C@H](Cc2ccc[nH+]c2)C(=O)OC)S(=O)(=O)c3ccccc3,C15709529,inactive
2957,CN([C@H]1CC[C@H](N)CC1)c1cc(cc(C(=O)NCc2c(C)cc(C)nc2=O)c1C)-c1ccc(CN2CCOCC2)cc1,514182,active
2958,CCCOc1ccc(cc1OCC)[C@H]2c3c(n[nH]c3C(=O)N2Cc4cc[nH+]cc4)c5ccccc5O,C08606664,inactive
2959,c1ccc(cc1)C(c2ccccc2)[NH+]3CCN(CC3)c4c(c(ncn4)NCCN5CCOCC5)N,C40730061,inactive
2960,COc1ccc(cc1F)C(=C2[C@@H](N(C(=O)C2=O)CCCn3cc[nH+]c3)c4ccc(cc4)OCc5ccccc5)O,C08440624,inactive
2961,CC(=O)Nc1ccc(cc1)NC(=O)/C(=C/c2ccc(s2)c3ccc(cc3)F)/C#N,C14179359,inactive
2962,CCOC(=O)c1ccc(cc1)NC(=O)c2c3c(nc4ccccc4[nH+]3)n(c2N)CCc5ccc(c(c5)OC)OC,C02368691,inactive
2963,Cc1ccccc1COc2ccc(cc2)C(=O)C3=C(C(=O)N([C@@H]3c4cccc(c4)OC)Cc5cc[nH+]cc5)O,C35520812,inactive
2964,c1cc(ccc1C(=O)NNC(=O)[C@@H]2CCCN2S(=O)(=O)c3ccc(s3)Br)Cl,C25527329,inactive
2965,Cc1ccc(cc1Nc2nccc(n2)c3ccc[nH+]c3)NC(=O)/C=C/c4ccc(cc4)OC(=O)/C=C\c5ccccc5,C98240088,inactive
2966,CN(C)c1ccc(cc1)[C@H](CNC(=O)c2ccc(cc2)S(=O)(=O)N(C)C)[NH+]3CCc4ccccc4C3,C38666887,inactive
2967,c1ccc(cc1)[C@@H]2COc3ccccc3N2C(=O)CNc4ccccc4C(=O)NC5CC5,C25070408,inactive
2968,COc1cc(cc(c1)OC)COc2cc(c(cc2C(=O)CCC3CC[NH+](CC3)CCNS(=O)(=O)C)Cl)N,C03929879,inactive
2969,C[C@@H]1CCCCN1S(=O)(=O)c2ccc(cc2)C(=O)Nc3c(c4c(s3)C([NH2+]C(C4)(C)C)(C)C)C(=O)OC,C09391500,inactive
2970,CCCc1cc(C)[nH]c(=O)c1CNC(=O)c1c(C)n([C@H](C)C2CCN(CC2)S(=O)(=O)CC)c2ccccc12,50110354,active
2971,CC(C)C(=O)N1CCC(CC1)n1ncc2c(cc(Br)cc12)C(=O)NCc1c(C)cc(C)[nH]c1=O,326144,active
2972,Cc1cc(C)c(CNC(=O)c2cc(nc3n(ncc23)C2CCN(Cc3ccccc3)CC2)C2=CC(C)(C)NC(C)(C)C2)c(=O)[nH]1,325907,active
2973,c1cc(cc(c1)Cl)NC(=O)[C@@H]2[C@H]3C=C[C@@]4([C@@H]2C(=O)N([C@@H]4C(=O)NC5CCCCC5)Cc6cccs6)O3,C20106420,inactive
2974,CCCCC(=O)N(c1ccccc1Cl)[C@@H](c2cccc(c2)O)C(=O)NCS(=O)(=O)c3ccc(cc3)C,C36550636,inactive
2975,CC(c1ccccc1)n1cc(C(=O)NCc2c(C)cc(C)[nH]c2=O)c(C)n1,50110369,active
2976,C[NH+](C)[C@H](CNC(=O)c1cccc(c1)NS(=O)(=O)c2ccc(cc2)Br)c3ccco3,C12604700,inactive
2977,Cc1cc(ccc1/C(=C/2\[C@@H](N(C(=O)C2=O)Cc3ccc[nH+]c3)c4ccc(c(c4)OC)O)/O)OCC(C)C,C09380700,inactive
2978,Cc1ccc(cc1I)C(=O)NC(=S)Nc2cc(ccc2F)[N+](=O)[O-],C12500537,inactive
2979,c1ccc(c(c1)NC(=O)CSc2nnc(s2)NC(=O)c3c(cccc3Cl)F)F,C08791398,inactive
2980,Cc1cccc(c1)COc2ccc(cc2)/C(=C/3\[C@H](N(C(=O)C3=O)CC[NH+](C)C)c4ccc(cc4)O)/O,C13569227,inactive
2981,Cc1ccc2c(c1)sc(n2)N3CCN(CC3)C(=O)c4cccc(c4)NS(=O)(=O)c5ccc(cc5)OC,C20571968,inactive
2982,Cc1cccc(c1)NC(=O)c2ccccc2NC(=O)C(=O)N/N=C/c3ccc(cc3)OC(=O)c4ccc(cc4)Br,C02520429,inactive
2983,Cc1ccc(cc1)NC(=O)CSc2[nH+]ccn2c3ccc(cc3)C(=O)NCc4ccccc4F,C95544339,inactive
2984,CCOc1cc(c(cc1OCC#N)Br)[C@@H]2[C@H]3C[C@@H](CC=C3[C@@H](C(=[NH2+])C2(C#N)C#N)C#N)C(C)(C)C,C05920860,inactive
2985,C[C@H]([C@H](c1cccs1)[NH+]2CCN(CC2)c3ccc(cc3)OC)NS(=O)(=O)c4ccc(cc4)Cl,C09382678,inactive
2986,c1cc[nH+]c(c1)CCNC(=O)c2ccc(cc2)Nc3c(cnn(c3=O)c4ccc(c(c4)Cl)Cl)Oc5ccc6c(c5)OCO6,C98015702,inactive
2987,COC(=O)c1c2c(sc1NC(=S)Nc3ncn(n3)Cc4ccc(c(c4)Cl)Cl)CCC2,C13773626,inactive
2988,COc1cc(C)[nH]c(=O)c1CN1CCc2c(C)cc(C(C)C3CN(C3)S(C)(=O)=O)c(Cl)c2C1=O,435685,active
2989,C[C@@H]1C[C@@H](n2c(cc(n2)[C@H]3CCCN3C(=O)C(C)C)N1)C(F)(F)F,C19574636,inactive
2990,Cc1cc[nH+]c(c1)N[C@@H](c2ccc3c(c2)OCO3)c4c(c(sc4NC(=O)c5ccccc5)C)C,C35476904,inactive
2991,CC[NH+](CC)CCNC(=O)c1ccc(cc1)NC(=S)NC(=O)c2ccc(cc2)OCCc3ccccc3,C13622097,inactive
2992,COc1ccc(c(c1)OC)[C@@H]2C(=C(C(=O)N2CCC3=c4ccccc4=[NH+]C3)O)C(=O)c5ccc(cc5)Cl,C63526693,inactive
2993,CCOc1ccccc1NC(=O)Cn2c(c(c([nH+]2)NC)c3nc(no3)c4ccc(cc4)Cl)N,C23125511,inactive
2994,C/C(=C/Cn1c2c(=O)[nH]c(=O)n(c2[nH+]c1N/N=C/3\c4ccccc4N(C3=O)CC=C)C)/Cl,C08934123,inactive
2995,CCCCCCc1cc2c(=O)c(c(oc2c(c1O)C[NH+]3C[C@@H](O[C@H](C3)C)C)C(F)(F)F)Oc4cc(cc(c4)C)C,C95663427,inactive
2996,Cc1cccc([nH+]1)N[C@H](c2ccc(c(c2)OC)OC)c3cc(sc3NC(=O)c4ccccc4)C,C38551030,inactive
2997,Cc1ccc2cccc(c2[nH+]1)Nc3c(c(ncn3)NNC(=O)c4ccccc4Br)[N+](=O)[O-],C40626772,inactive
2998,C[NH+]1CCc2cc(c3cc2[C@@H]1Cc4ccc(cc4)Oc5cc(ccc5OC)C[C@@H]6c7c(c(c(c(c7O3)OC)OC)OC)CCN6C)OC,C40163546,inactive
2999,CCOC(=O)c1ccc(cc1)N2C(=O)[C@H](N(C2=S)NC(=O)c3ccc(cc3)OC)CC(=O)Nc4ccc(cc4)F,C00720824,inactive
3000,C[C@@H]1CCc2c(sc(c2C#N)NC(=O)CCSCCC(=O)Nc3c(c4c(s3)C[C@H](CC4)C)C#N)C1,C20572185,inactive
3001,C[NH+]1CCN(CC1)c2ccc(cc2)NC(=S)NC(=O)c3cccc(c3)Br,C04122565,inactive
3002,Cc1ccc(cc1Cl)NC(=O)CSc2nnc(n2N)c3cc([nH]n3)c4ccc(cc4)F,C09449063,inactive
3003,[2H]C([2H])([2H])Sc1cc(C)[nH]c(=O)c1CNC(=O)c1c(C)n([C@H](C)C2CCC(OC)CC2)c2ccc(-c3cnn(C)c3)cc12,CHEMBL5191375,active
3004,CC(C)(C)[C@H]1CC=C2[C@H](C1)[C@@H](C(C(=C2C#N)[NH3+])(C#N)C#N)c3cccs3,C04115184,inactive
3005,COc1ccc(cc1)[C@@H](CNC(=O)C[NH+]2Cc3ccccc3C[C@H]2C(=O)N)C4=c5ccccc5=[NH+]C4,C64697771,inactive
3006,CCS(=O)(=O)C1=[NH+]SC2=NC(=O)/C(=C\c3ccc(cc3)OCc4ccccc4[N+](=O)[O-])/C(=[NH2+])N12,C20206855,inactive
3007,CCN(C1CCOCC1)c1cc(\C=C\c2ccc(CN3CCN(C)CC3)cc2)cc(C(=O)NCc2c3CCCCc3c(C)[nH]c2=O)c1C,50544764,active
3008,Cc1ccc(cc1)c2[nH]c(c([nH+]2)S(=O)(=O)c3ccccc3)SCC(=O)Nc4nccs4,C11695913,inactive
3009,Cc1cccc(c1)c2cnc(nc2C3CC[NH+](CC3)[C@@H](C)Cc4ccc(c(c4)OC)O)c5ccncc5,C20598665,inactive
3010,Cc1cc2c(c(=O)[nH]1)CNC(=O)c1cc(Cl)cc(O[C@H]3CC[C@H](N)CC3)c1C/C=C/CC2,CHEMBL3394229,active
3011,Cc1cc(C)c(CNC(=O)c2cc(cc3N(CCc23)C2CCCC2)C#N)c(=O)[nH]1,50205640,active
3012,CCOC(=O)CN1c2ccccc2[C@]3(C1=O)[C@H]4[C@@H]([C@@H](N3)Cc5ccccc5)C(=O)N(C4=O)c6cccc7c6cccc7,C98006114,inactive
3013,Cc1ccc(cc1C)C(=O)Nc2nnc(s2)SCC(=O)Nc3ccc(cc3F)F,C08823339,inactive
3014,Cl.Nc1cccc2c(cccc12)S(=O)(=O)NCc1ccccc1,50572749,inactive
3015,COc1cc(cc(c1OCCOc2ccc(cc2)Br)Br)/C=N/NC(=O)c3ccncc3,C97957815,inactive
3016,CC(C)C[NH+](Cc1[nH]c(=O)c2c(csc2n1)c3ccccc3OC)C[C@@H](COc4ccccc4)O,C36207116,inactive
3017,C[C@@]1(C(=O)N(C(=O)N1)CC(=O)NC(c2ccccc2)c3ccccc3)c4ccccc4Br,C03594502,inactive
3018,C[NH+]1CCc2cc(c(c(c2[C@H]1Cc3ccccc3)c4c5c(cc(c4O)OC)CCN([C@H]5Cc6ccccc6)C)O)OC,C68568499,inactive
3019,CCN(C1CCOCC1)c1cc(Cl)cc(C(=O)NCc2c(CC)cc(C)[nH]c2=O)c1C,50149902,active
3020,C[C@@H]1Cc2cc(ccc2O1)C(=O)C3=C(C(=O)N([C@@H]3c4ccc(cc4)OCC=C)CCC[NH+]5CCOCC5)O,C08383753,inactive
3021,c1cc(cc(c1)Br)[C@@H]2c3c([nH]nc3C(=O)N2CCCn4cc[nH+]c4)c5ccc(cc5)Cl,C40343029,inactive
3022,[H]/N=C\1/C(=C/c2cc(c(c(c2)Cl)OCCOc3ccc(cc3)C)OC)/C(=O)N=C4N1N=C(S4)C(C)C,C09300606,inactive
3023,CC[NH+]1CCN(CC1)c2[nH+]c3c(n2C[C@@H](COc4ccc(cc4)Cl)O)c(=O)n(c(=O)n3C)C,C10385988,inactive
3024,Cc1nc2ccccc2n1CCc3nc4c5cc(c(cc5nc(n4n3)SCC(=O)Nc6ccc(cc6)F)OC)OC,C08595866,inactive
3025,c1ccc(cc1)C(=O)c2ccccc2NC(=O)CN3CC[NH+](CC3)CC(=O)Nc4ccc(cc4)F,C23248918,inactive
3026,CCOC(=O)c1c(n(c2c1c(c(c(c2)Br)O)C[NH+](C)C)C)CS(=O)(=O)c3ccccc3,C06164969,inactive
3027,CCCC[NH+](C)CCN1[C@H]([C@@]23C=C[C@@H](O2)[C@@H]([C@@H]3C1=O)C(=O)Nc4ccc(cc4)Cl)C(=O)NC5CCCCC5,C38147207,inactive
3028,CCOC(=O)c1c2c(sc1NC(=O)C(=O)N/N=C/c3cn(nc3c4ccc(cc4)F)c5ccccc5)CCCC2,C98228080,inactive
3029,c1ccc2=[NH+]CC(=c2c1)CCNC(=O)CCCCCN3C(=O)[C@H]4C=C(C=CC4=NC3=S)Br,C63708612,inactive
3030,c1cc(ccc1C2=C[C@@H](N=N2)[C@H]3N=N[C@@H](N3[NH3+])SCC(=O)Nc4ccc(cc4F)Br)F,C39592677,inactive
3031,Cc1c2c([nH]n1)OC(=C([C@@H]2c3cc(ccc3OCc4c(cccc4Cl)Cl)[N+](=O)[O-])C#N)[NH3+],C18276826,inactive
3032,CCN(c1cc(-c2ccc(CN3CCOCC3)nc2)cc(C(=O)NCc2c(C)cc(C)[nH]c2=O)c1C)C1CCOCC1,CHEMBL3697454,active
3033,C[C@@H]1Cc2cc(ccc2O1)C(=O)C3=C(C(=O)N([C@@H]3c4cccc(c4)Br)CCCn5cc[nH+]c5)O,C09312782,inactive
3034,CCN(c1cc(-c2ccccc2)cc(C(=O)NCc2c(C)cc(C)[nH]c2=O)c1C)[C@H]1CC[C@H](N(C)C)CC1,CHEMBL3701007,active
3035,CN([C@@H]1CC[C@H](N)CC1)c1cc(cc(C(=O)NCc2c(C)cc(C)nc2=O)c1C)-c1ccc(CN2CCOCC2)nc1,514188,active
3036,C=C1C([C@@H]([C@H]2C(=N1)CCCC2=O)c3cccc(c3)Oc4ccccc4)C(=O)Nc5ccc(c[nH+]5)Br,C08413592,inactive
3037,Cc1ccc(cc1)c2nc(on2)c3cn(c[nH+]3)Cc4ccc(cc4)NS(=O)(=O)c5ccc(cc5F)F,C32974764,inactive
3038,COC(=O)c1c(c2ccc(nc2s1)C[NH+]3CCC[C@H](C3)O)NC(=O)c4ccccc4,C15004092,inactive
3039,CCN(CC)C(=S)SCC(=O)Nc1ccc2c(c1)sc(n2)SCc3[nH]c4ccccc4[nH+]3,C59855229,inactive
3040,COC(C1CCS(=O)(=O)CC1)c1cc(C)c2CCN(Cc3c(C)cc(C)[nH]c3=O)C(=O)c2c1Cl,435625,active
3041,CCN(C1CCOCC1)c1cc2oc(cc2c(C(=O)NCc2c(C)cc(C)[nH]c2=O)c1CC)C1CCCC1,458806,active
3042,CC(C)(C)c1c(=O)n(c(nn1)N/N=C\c2cc(ccc2OC(=O)c3ccccc3OC)Br)[NH3+],C33366416,inactive
3043,CCc1ccc(s1)S(=O)(=O)NC[C@@H](c2ccc(cc2)N(C)C)[NH+]3CCN(CC3)c4ccc(cc4)F,C21755143,inactive
3044,C[C@@H]1Cc2cc(ccc2O1)/C(=C/3\[C@H](N(C(=O)C3=O)CCC[NH+](C)C)c4cccc(c4)OCc5ccccc5)/O,C09312952,inactive
3045,CC(C)C[NH+](Cc1[nH]c(=O)c2c(csc2n1)c3ccc(cc3)OC)C[C@@H](Cc4ccccc4)O,C36206270,inactive
3046,Cn1c(c(c(n1)c2ccccc2)C[NH+](CC3CC3)C[C@H](COCc4ccccc4)O)Oc5ccc(cc5)Cl,C36305203,inactive
3047,C[C@@H](Cc1ccc(c(c1)OC)O)[NH+]2CCN(CC2)c3cccc4c3C(=O)N(C4=O)Cc5ccccc5Cl,C15000200,inactive
3048,Cc1ccccc1CN2C(=O)c3cc4ccc(cc4n3C[C@]2(C)C(=O)NCCC[NH+]5C[C@H](C[C@@H](C5)C)C)OC,C37006604,inactive
3049,CC[C@H]1CCCCN1S(=O)(=O)c2ccc(cc2)NC(=O)[C@@H]3CC(=O)N(C3)c4ccc(cc4)NC(=O)C,C11099916,inactive
3050,CC[NH+](CC)CCN1[C@H](C(=C(c2ccc(cc2)OCC=C)O)C(=O)C1=O)c3ccc(cc3)Br,C16732577,inactive
3051,CCCCc1c2c(c3c(c(sc3[nH+]1)C(=O)OCC)NC(=S)NC(=O)c4ccccc4)CCC2,C08997627,inactive
3052,c1ccc2=[NH+]CC(=c2c1)CCNCc3cc4cc5c(cc4n(c3=O)CC[NH+]6CCCCC6)OCO5,C64120789,inactive
3053,CCOc1ccccc1OCC[NH2+]CCC[C@@](C#N)(c2ccc(c(c2)S(=O)(=O)N)OC)C(C)C,C13890830,inactive
3054,C[C@@H](CCc1ccccc1)NC(=O)[C@H](C(C)C)NC(=O)[C@@H]2C(S[C@H]3N2C(=O)c4c3cccc4)(C)C,C09058869,inactive
3055,CC[C@H](C)n1cc(C)c2c(C(=O)NCc3c(C)cc(C)[nH]c3=O)cc(-c3ccc(N4CCN(CCCCCCCCCCCOc5cccc6c5C(=O)N(C5CCC(=O)NC5=O)C6=O)CC4)nc3)cc21,CHEMBL5090331,active
3056,CCCCCCOc1ccc(cc1OC)[C@@H]2c3c(n[nH]c3C(=O)N2CCO)c4cc(cc(c4O)C)C,C39911534,inactive
3057,C[C@H](c1[nH+]c2ccccc2c(n1)NCc3ccccc3)[NH+]4CCN(CC4)S(=O)(=O)c5ccc(cc5)Cl,C22052624,inactive
3058,c1ccc(cc1)n2cc(c(n2)c3cccs3)/C=N\NC(=S)Nc4cc(ccc4Cl)C(F)(F)F,C33412717,inactive
3059,COc1ccc(c(c1)OC)[C@H]2C3C(=NC(=C)C2C(=O)Nc4ccc(c[nH+]4)Br)C[C@H](CC3=O)c5ccccc5,C08440316,inactive
3060,c1ccc(cc1)S(=O)(=O)N2CCCO[C@H]2CNC(=O)C(=O)NCCC3=c4ccccc4=[NH+]C3,C63679624,inactive
3061,C[C@H]1CCc2c(sc3c2C(=[NH+][C@@H](N3)c4cccc(c4)OC(=O)c5cc(c(c(c5)OC)OC)OC)O)C1,C15947535,inactive
3062,Cc1cc(C)c(CNC(=O)c2cc(cc3n(ncc23)C2CCN(CC2)C(=O)C(C)(C)C)C(F)(F)F)c(=O)[nH]1,326125,active
3063,Cc1ccc(cc1S(=O)(=O)Nc2ccc(cc2)F)NS(=O)(=O)c3ccc(cc3)Cl,C28914442,inactive
3064,CCN([C@H]1CC[C@@H](CC1)N(C)C)c1scc(C(=O)NCc2c(C)[nH]c(C)cc2=O)c1C,227711,active
3065,CCN(c1cc(C#CC(C)(C)O)cc(C(=O)NCc2c(C)cc(C)[nH]c2=O)c1C)[C@H]1CC[C@H](N(C)C)CC1,CHEMBL3956266,active
3066,Cc1ccc(cc1)NCC(=O)N/N=C\c2cc(c(c(c2Br)Br)O)OC,C32603871,inactive
3067,Cc1ccc(cc1)OCc2nnc(n2c3ccc(cc3)OC)SCC(=O)Nc4ccccc4Br,C02443367,inactive
3068,CC(OCc1ccc(F)cc1)c1c(C)c(cc2cccn12)C(=O)NCc1c(C)cc(C)[nH]c1=O,490132,active
3069,CCOc1ccc(cc1)CC(=O)N[C@@H](CCSC)C(=O)N2CCC3(CC2)c4c(nc[nH]4)CCN3,C13570618,inactive
3070,C[C@H]1C(=c2ccccc2=[NH+]1)CCN(Cc3cc(c(c(c3)OC)OC)OC)C(=S)Nc4ccc(cc4)F,C63655013,inactive
3071,CCOc1cccc(c1)N2C(=O)C[C@@H](C2=O)SC(=[NH2+])N/N=C(\C)/c3ccc(cc3)Br,C59489424,inactive
3072,C[C@@H]1C[C@H](C[NH+](C1)Cc2ccccc2CNC(=O)CCNS(=O)(=O)c3ccc(cc3)F)C,C71961381,inactive
3073,c1cc(cc(c1)Br)c2ccc(s2)/C=C\C(=O)NNc3ncccn3,C98054706,inactive
3074,C=CCNC(=O)c1ccccc1N2C(=O)[C@@H]3CC4=c5ccccc5=[NH+][C@H]4[C@H](N3C2=O)c6cccc(c6)Cl,C63375933,inactive
3075,CSCC[C@@H](C(=O)N1CCC2(CC1)c3c(nc[nH]3)CC[NH2+]2)NC(=O)Cc4ccc(cc4)F,C13569430,inactive
3076,c1ccc(cc1)C2=CN=[NH+][C@H]2c3ccc(cc3O)OCC[NH+]4CCN(CC4)c5ccc(cc5)F,C38782634,inactive
3077,CCC(C)(C)n1c(nnn1)[C@@H](c2cc3ccc(cc3nc2O)C)[NH+](Cc4ccc[nH+]c4)Cc5ccco5,C08582949,inactive
3078,CC1=C[C@@H](N=N1)NC(=O)CS[C@@H]2Nc3ccsc3C(=O)N2Cc4ccccc4F,C63709747,inactive
3079,CCN([C@H]1CC[C@@H](CC1)N(C)C)c1cc(cc(C(=O)NCc2c(C)cc(C)[nH]c2=O)c1C)-c1ccc(COC)nc1,601733,active
3080,c1cc(cc(c1)Cl)NC(=O)CSc2nnc(s2)NC(=O)c3c(cccc3F)F,C08822714,inactive
3081,c1ccc2c(c1)c3c(c(=O)o2)[C@@]4(c5cc(ccc5N(C4=O)CC[NH+]6CCOCC6)F)C(=C(O3)[NH3+])C#N,C13625823,inactive
3082,CC#CCN1C(=O)[C@](NC1=O)(CCc2ccccc2)C3CC[NH+](CC3)C[C@H]4C=c5ccccc5=[NH+]C4=O,C39355571,inactive
3083,Cc1cc(C)c(CNC(=O)c2cc3CC(C)(C)Oc3c(Cc3ccccc3)c2)c(=O)[nH]1,359751,active
3084,C[NH+](C)CCN[C@@H]1C[C@H](N2[C@@H](Cc3c4ccccc4[nH]c3[C@@H]2C1)C(=O)OC)c5ccc(cc5)C(F)(F)F,C67879354,inactive
3085,c1ccc(cc1)Cn2c(nnc2SCc3ccc[nH+]c3)C4CC[NH+](CC4)Cc5ccc(c(c5)F)F,C14982704,inactive
3086,COc1ccc(cc1)S[C@@H]2C[C@H]([NH+](C2)Cc3ccccc3OCC=C)C(=O)NCc4cn5ccccc5n4,C12246534,inactive
3087,C/C(=[NH+]\[C@@H](C(Cl)Cl)NC(=O)c1ccccc1)/N[C@H](C(Cl)Cl)NC(=O)c2ccccc2,C97946902,inactive
3088,CCN([C@H]1CC[C@H](N)CC1)c1cc(cc(C(=O)NCc2c(C)cc(C)nc2=O)c1C)-c1ccc(CN2CCOCC2)cc1,172122,active
3089,CN([C@H]1CC[C@@H](CC1)NC(C)=O)c1cc(cc(C(=O)NCc2c(C)cc(C)nc2=O)c1C)-c1ccc(CN2CCOCC2)cc1,514162,active
3090,c1ccc(cc1)C(=O)N/C(=C\[P+](c2ccccc2)(c3ccccc3)c4ccccc4)/C(=O)Nc5ccccc5N,C98216756,inactive
3091,c1ccc(cc1)C[C@H](C(=O)N2CCC3(CC2)c4c(nc[nH]4)CC[NH2+]3)NC(=O)Cc5ccccc5,C08739375,inactive
3092,c1cc(cc(c1)NS(=O)(=O)c2ccc3c(c2)NC(=O)CO3)C4SCCCS4,C24261692,inactive
3093,CCN(C(=O)C1CC1)c1cc(cc(C(=O)NCc2c(C)cc(C)[nH]c2=O)c1C)-c1ccc(NC(=O)C2CCOCC2)cc1,50575215,active
3094,C[C@H]1CCc2c(sc(c2C(=O)N[C@@H]3CCS(=O)(=O)C3)NC(=O)c4ccccc4)C1,C39836160,inactive
3095,C[C@@H](C(=O)Nc1ccc(cc1)S(=O)(=O)N2CCCC2)[NH+]3CCC(CC3)C(=O)c4ccc(cc4)O,C25250689,inactive
3096,Cc1c(cccc1Cl)NC(=O)C(=O)N/N=C/c2ccc(cc2OC(=O)c3ccc(cc3)Cl)OC(=O)c4ccc(cc4)Cl,C04347117,inactive
3097,CCCc1cc(C)[nH]c(=O)c1CNC(=O)c1cc(cc2n(ncc12)C(C)C)-c1ccc(nc1)N1CCN(C)CC1,50400781,active
3098,Cc1cc(c(n1c2ccc(cc2)S(=O)(=O)N)C)C(=O)CSc3[nH+]c4ccccc4n3CC=C,C11650549,inactive
3099,CCN(c1cc(-c2ccc(N3CCN(C)CC3)nc2)cc(C(=O)NCc2c(C(C)C)cc(C)[nH]c2=O)c1C)C1CCOCC1,CHEMBL3701045,active
3100,C[C@@H]1Cc2cc(ccc2O1)/C(=C/3\[C@@H](N(C(=O)C3=O)CCCn4cc[nH+]c4)c5cccc(c5)Br)/O,C09312780,inactive
3101,c1ccc(cc1)NC(=O)N2CCC[C@H](C2)C(=O)Nc3ccccc3N4CCCC4=O,C09605666,inactive
3102,CCC[NH+](Cc1c(nn(c1Oc2cccc(c2)C)c3ccccc3)C)C[C@@H](COCc4ccccc4)O,C36304851,inactive
3103,CCCCCOc1ccc(cc1)[C@H]2C(=C(c3ccc(c(c3)OC)OC)O)C(=O)C(=O)N2Cc4ccc[nH+]c4,C16730896,inactive
3104,C[C@@H](c1ccc(cc1)n2cc[nH+]c2)NC(=O)[C@H](Cc3ccccc3)NS(=O)(=O)c4ccccc4F,C33026630,inactive
3105,Cc1ccc(c(c1)C)n2c(=O)c3ccccc3nc2SCc4nc5ccccc5c(=O)n4CC(=O)N,C16210193,inactive
3106,COc1cc(ccc1O)[C@@H]2[C@@H]3[C@@H](C(=O)N(C3=O)c4ccccc4F)[C@@]([NH2+]2)(c5ccccc5)C(=O)OC,C19550030,inactive
3107,Cn1c(=O)c(c([nH]1)c2ccccc2)C(c3cc(c(cc3Br)O)OC)c4c([nH]n(c4=O)C)c5ccccc5,C08397204,inactive
3108,Cc1cccc(c1)COc2ccc(cc2)C(=O)C3=C(C(=O)N([C@@H]3c4ccc(cc4)Cl)CCCn5cc[nH+]c5)O,C97952219,inactive
3109,CC1CC[NH+](CC1)[C@@H](CNC(=O)c2ccc(cc2)S(=O)(=O)NCc3ccco3)c4cccs4,C13164930,inactive
3110,C[C@@H](C(=O)Nc1ccc(cc1)S(=O)(=O)Nc2ccc(c(c2)C(F)(F)F)Cl)N(c3ccc(cc3)OC)S(=O)(=O)C,C59646546,inactive
3111,CCOc1ccc(cc1)NC(=O)c2ccccc2NC(=O)C(=O)N/N=C/c3ccc(cc3)OC(=O)c4cccc5c4cccc5,C04282272,inactive
3112,c1ccc2c(c1)CCN2S(=O)(=O)c3ccc(cc3)NC(=S)NC(=O)/C=C/c4ccc(cc4)Cl,C14833760,inactive
3113,Cc1cc(C)c(CNC(=O)c2cc(Br)c3OC\C=C/COc3c2)c(=O)[nH]1,359841,active
3114,COc1ccc(cc1)NS(=O)(=O)c2cc(ccc2OC)NC(=O)CCSc3ccc(cc3)F,C09130253,inactive
3115,Cc1cccc(c1NC(=O)C[NH+](CC(=O)Nc2c(cccc2C)C)[C@@H](C)C(=O)Nc3ccccc3C#N)C,C13134527,inactive
3116,COc1ccc-2c(c1)NC3(CC[NH+](CC3)C[C@@H](Cc4ccc(cc4)Br)O)c5n2ccc5,C72336302,inactive
3117,c1cc[nH]/c(=N\S(=O)(=O)c2ccc(cc2)/N=N/c3cc(c(c(c3)/N=N/c4ccc(cc4)S(=O)(=O)[N-]c5ccccn5)O)C(=O)[O-])/c1,C77273649,inactive
3118,CCCCCOc1ccc(cc1OC)[C@@H]2C(=C(C(=O)N2CCCn3cc[nH+]c3)O)C(=O)c4cccc(c4)OC,C33460073,inactive
3119,Cc1cccc(c1)Oc2coc3cc(ccc3c2=O)OC[C@@H](CN4CC[NH+](CC4)c5cccc(c5C)C)O,C84213100,inactive
3120,CCCCCCOc1ccc(cc1)[C@@H]2C(=C(C(=O)N2CC[NH+](C)C)O)C(=O)c3cc4cccc(c4o3)OC,C33522977,inactive
3121,CCOC(=O)c1c2c(sc1NC(=O)CSc3[nH]c4cc(ccc4[nH+]3)C)C([NH2+]C(C2)(C)C)(C)C,C12519926,inactive
3122,COc1ccc(cc1)N/C(=[NH+]/CCc2ccccc2)/S[C@H]3CC(=O)N(C3=O)c4ccccc4Cl,C59446228,inactive
3123,Cc1cc([nH]c1C(=O)N2CCC(CC2)[C@]3(C(=O)N(C(=O)N3)CCc4cccs4)c5ccc[nH+]c5)C,C14969563,inactive
3124,c1cc(c(cc1Cl)NC(=O)c2cc(c[nH]2)Br)n3cncn3,C37494825,inactive
3125,COc1cccc(c1)CN2C[C@@H](C[C@H]2C(=O)OC)NC(=O)[C@H]3C(=c4cc(ccc4=[NH+]3)Cl)c5ccccc5,C64110515,inactive
3126,CCN(C1CCOCC1)c1cc(cc(C(=O)NCc2c(C)cc(C)[nH]c2=O)c1C)-c1ccc(CN2CCN(CCCCCCCCCCCOc3cccc4C(=O)N(C5CCC(=O)NC5=O)C(=O)c34)CC2)cc1,50582393,active
3127,Cc1ccc(cc1)C[NH2+]Cc2cc(c(c(c2)Br)OC[C@H](c3ccc4c(c3)OCO4)O)OC,C20877085,inactive
3128,CC[NH+](CC)c1ccc(cc1)/C=C\2/C(=O)c3cc4c(c(c3O2)C)OC[NH+](C4)[C@@H](C)c5ccccc5,C62977248,inactive
3129,Cn1cc[nH+]c1[C@@H](c2ccc(cc2)F)NC(=O)c3ccc(cc3)NS(=O)(=O)c4cccs4,C14405923,inactive
3130,c1ccn(c1)c2nc(cs2)CC(=O)N3CC[C@]4(CCCC[C@H]4C3)O,C72403785,inactive
3131,c1ccc(c(c1)/C=N/Nc2[nH]nc(n2)SCC(=O)NC3CCCCC3)OCc4ccc(cc4)Cl,C20836762,inactive
3132,CCCCN1c2ccccc2[C@]3(C1=O)C(=C(C(=O)N3CC[NH+](C)C)O)C(=O)c4cccc(c4)S(=O)(=O)N(C)C,C98046808,inactive
3133,C[C@H](c1cc(cc(c1)C(F)(F)F)C(F)(F)F)O[C@@H]2[C@@H](N(CCO2)Cc3[nH]c(=O)[nH]n3)c4ccc(cc4)F,C27428713,inactive
3134,Cc1ccccc1C(=O)N[C@](C(=O)OC)(C(F)(F)F)Nc2c(cc(c[nH+]2)Cl)C(F)(F)F,C08856084,inactive
3135,Cc1ccc(cc1)/[NH+]=c\2/c(cc3cc(ccc3o2)Br)C(=O)N,C02471408,inactive
3136,COC(=O)Nc1cccc(c1)C(=O)NC[C@@H](c2ccc(cc2)Cl)[NH+]3CCc4c(ccs4)C3,C97547286,inactive
3137,CCCCOc1ccc(cc1)C(=O)C2=C(C(=O)N([C@H]2c3ccc(cc3)Br)CC[NH+](CC)CC)O,C39827957,inactive
3138,c1ccc(cc1)C(c2ccccc2)N3CCN(CC3)Cc4[nH+]c(nc(n4)N5CCCc6c5cccc6)N,C19891133,inactive
3139,CCOc1ccc(cc1)[C@H]2C(C(=NC3=C2C(=O)CCC3)SCC(=O)Nc4ccc(cc4)NC(=O)C)C#N,C09331222,inactive
3140,c1cc2c([nH+]c1)C(=C3CCN(CC3)C(=O)NCC(=O)[O-])c4ccc(cc4CC2)Cl,C09422106,inactive
3141,CCN(C1C[C@@H](C)N[C@H](C)C1)c1cc(cc(C(=O)NCc2c(C)cc(C)[nH]c2=O)c1C)-c1ccc(CN2CCN(C)CC2)nc1,601719,active
3142,CCCCCOc1ccc(cc1)NC(=O)C(=O)NCCN2CCN(CC2)C(=O)c3ccc(cc3)Br,C97947899,inactive
3143,COc1cccc(c1)[C@@H]2C(=C(OC(=C2S(=O)(=O)c3ccccc3)c4ccccc4)N)C#N,C00643497,inactive
3144,COc1ccc(cc1O)/C=N/NC(=O)c2ccc(c(c2)I)OC,C12573791,inactive
3145,CC[NH+]1CCc2c(sc(c2c3nc4ccccc4s3)NC(=O)c5ccc(cc5)S(=O)(=O)N6CCc7ccccc7C6)C1,C97963415,inactive
3146,CCN(c1cc(-c2ccc(N3CCNCC3)nc2)cc(C(=O)NCc2c(C(C)C)cc(C)[nH]c2=O)c1C)C1CCOCC1,CHEMBL3701044,active
3147,CC1CN(CC2CC2)c2cc(cc(C(=O)NCc3c(C)cc(C)[nH]c3=O)c12)-c1ccc(CN2CCOCC2)cc1,50205637,inactive
3148,Cc1ccc(c(c1)C)NC(=O)C2=C([NH+]=C3C(=CNN3[C@H]2c4ccccc4[N+](=O)[O-])C(=O)Nc5ccccc5)C,C08595169,inactive
3149,CC(C)c1cc(c(s1)NC(=O)/C(=C/c2ccc(c(c2)COc3cccc4c3[nH+]ccc4)OC)/C#N)C(=O)OC,C97965795,inactive
3150,Cc1ccccc1C(=O)Nc2ccc[n+](c2)c3c(nc4ccccc4n3)[N-]S(=O)(=O)c5ccccc5,C15978894,inactive
3151,Cc1cc(ccc1OCC(C)C)/C(=C/2\[C@@H](N(C(=O)C2=O)CC[NH+](C)C)c3cc(c(c(c3)OC)OC)OC)/O,C09068268,inactive
3152,CCN(C1CCC(CC1)C(C)C)c1cc(Cl)cc(C(=O)NCc2c(C)cc(C)[nH]c2=O)c1C,190215,active
3153,COC(=O)[C@@H]1Cc2c3ccccc3[nH]c2[C@@H]4[NH+]1[C@@H](C[C@@H](C4)NCCc5c[nH]cn5)c6cccc(c6)Cl,C20504049,inactive
3154,c1ccc(cc1)S(=O)(=O)/C(=C\c2ccc(o2)c3ccc(c(c3)Cl)Cl)/C(=O)NCc4ccc[nH+]c4,C17180803,inactive
3155,CCOc1cc(ccc1OCCC(C)C)[C@H]2C(=C(C(=O)N2CC[NH+](C)C)O)C(=O)c3ccc4c(c3)C[C@H](O4)C,C09124230,inactive
3156,C[C@H]1CCCC[NH+]1CCCN2C(=O)c3cc4c(n3C[C@]2(C)C(=O)NC5CCC(CC5)C)ccs4,C21808715,inactive
3157,CCOc1ccc(cc1)NS(=O)(=O)c2ccc(cc2)C(=O)NC[C@@H](c3ccc(cc3)OC)[NH+]4CCCC4,C12526227,inactive
3158,c1cc(oc1)[C@@H]2C[C@H](n3c(c(c(n3)C(=O)Nc4ccc(cc4)OC(F)(F)F)Cl)N2)C(F)(F)F,C02088232,inactive
3159,c1ccn2cc(nc2c1)COc3ccc(cc3)[C@H]4NC(=[NH+]c5n4c6cc7c(cc6n5)OCCCO7)N,C12506421,inactive
3160,c1cnn(c1)c2ccc(cc2)NC(=S)NC[C@H]3C[C@@H]4CC[NH+]3C[C@@H]4C[NH+]5CCN(CC5)C(=S)Nc6ccc(cc6)n7cccn7,C67870932,inactive
3161,C[C@@H]1C/C=C/C=C/[C@@H]([C@@H](C[C@@H]([C@@H]([C@H]([C@@H](CC(=O)O1)O)OC)O[C@H]2[C@@H]([C@H]([C@@H]([C@H](O2)C)O)[NH+](C)C)O)CC=O)C)O[C@H]3CC[C@@H]([C@H](O3)C)[NH+](C)C,C94313166,inactive
3162,CC1(CC2=NC(=C)C([C@@H]([C@@H]2C(=O)C1)c3cccc(c3OC)OC)C(=O)Nc4ccc(c[nH+]4)Br)C,C08413151,inactive
3163,c1ccc(c(c1)S(=O)(=O)NCCC(=O)NC[C@H](c2cccc(c2)Cl)[NH+]3CCCC3)Cl,C58775447,inactive
3164,Cc1cc(c(n1c2ccc(cc2)Br)C)/C=N\NC(=O)c3ccc(cc3)O,C33667132,inactive
3165,CCOc1ccc(cc1)NC(=O)[C@@H](C)SCc2nc(nc(n2)Nc3ccc(cc3)Cl)N,C13014173,inactive
3166,CCOc1cccc(c1O)[C@@H]2CC(=N[C@H]([NH2+]2)c3ccc(c(c3)Br)F)c4ccc(cc4)OC,C20764264,inactive
3167,c1ccc(cc1)C(=O)Nc2ccc(cc2)C(=O)NNC(=S)NC(=O)/C=C/c3ccc(cc3)[N+](=O)[O-],C09229868,inactive
3168,C=CCNS(=O)(=O)c1ccc(cc1)NC(=O)CCCC(=O)Nc2ccc(cc2)S(=O)(=O)NCC=C,C13991487,inactive
3169,Cc1c2c(n(n1)c3ccccc3)[NH+]=C4C(=Nc5ccccc5N4[C@H]2c6ccc(c(c6)OC)OC)Nc7ccccc7,C02223423,inactive
3170,Cc1ccc(c(c1)NC(=O)CN2c3ccccc3/C(=C/4\C(=O)N(C(=S)S4)CCc5ccc(cc5)OC)/C2=O)C,C97946547,inactive
3171,C=C(Cn1c2ccccc2[nH+]c1CCCCCNC(=O)c3ccc(cc3)Br)Br,C40214342,inactive
3172,C#CCOc1c(cc(cc1I)/C=N/NC(=O)C[NH+]2CCOCC2)Br,C59246585,inactive
3173,COCCCN1C(=O)[C@@H]2[C@H]([NH2+][C@]3([C@@H]2C1=O)c4ccccc4NC3=O)CC5=c6ccccc6=[NH+]C5,C63270482,inactive
3174,CSc1cc(C)[nH]c(=O)c1CNC(=O)c1c(C)n([C@H](C)[C@H]2CCC(CC2)OC(F)F)c2ccccc12,574914,active
3175,CCN(CC)Cc1ccc(cc1)-c1cc(N(CC)C2CCOCC2)c(C)c(c1)C(=O)NCc1c(C)cc(C)[nH]c1=O,172088,active
3176,CCOc1cc(ccc1O)[C@H]2[C@H](C(=O)C(=O)N2c3nnc(s3)SCc4ccccc4)C(=O)c5cc6ccccc6o5,C08441230,inactive
3177,c1cc(c(c(c1)F)F)c2c3c(n(nc3nc(n2)NCC[NH+]4CCCC4)c5ccc(cc5)F)N,C37361451,inactive
3178,COc1ccc(c(c1)[C@H]2c3c(nn(c3N(C(=O)CS2)CC(=O)NC4CC4)c5ccc(cc5)F)c6ccccc6)OC,C98011209,inactive
3179,Cc1ccc(cc1)S(=O)(=O)N[C@@H](C)[C@@H](c2cccs2)[NH+]3CCN(CC3)c4ccc(cc4)F,C09382655,inactive
3180,COc1ccc(cc1)[C@H]2C[C@@H](n3c(c(c(n3)C(=O)Nc4cc(cc(c4)Oc5ccc(cc5)Br)[N+](=O)[O-])Cl)N2)C(F)(F)F,C97949204,inactive
3181,C[C@H]1CCCC[C@H]1[NH2+][C@H]2CC(=O)N(C2=O)c3ccc(cc3)N4C(=O)C[C@H](C4=O)N[C@@H]5CCCC[C@H]5C,C13388264,inactive
3182,c1cc(ccc1NC(=O)N2CCc3c(sc(n3)NC(=O)c4ccsc4)C2)Cl,C96334259,inactive
3183,c1cc(sc1)/C=C/C(=O)NNC(=O)COc2ccc3cc(ccc3c2Br)Br,C13979349,inactive
3184,C[C@H](C(=O)Nc1ccc(cc1Br)Br)[NH+]2CCN(CC2)c3ccc(cc3)O,C09633998,inactive
3185,CC1(CC(CC([NH2+]1)(C)C)NC(=O)CSc2nnc(n2c3ccccc3)c4cccc(c4)Br)C,C20829189,inactive
3186,CCN(C1CCC(C)(CC1)NC(=O)OCc1ccccc1)c1c(C)c(cc2n(C)ncc12)C(=O)OC,516872,active
3187,Cc1ccc(cc1)C(=O)/C=C/c2cn(c3c2cccc3)C[C@@H](C[NH2+]CCc4c[nH]c5c4cc(cc5)F)O,C16957677,inactive
3188,Cc1cc(C)c(CNC(=O)c2cc3CC(C)(C)Oc3c(c2)-c2ccc(cc2)N2CCNCC2)c(=O)[nH]1,359747,active
3189,COc1ccc(cc1OC)NC(=O)CSc2nc([nH]n2)N/N=C/c3cc(ccc3O)Br,C59016962,inactive
3190,c1ccc(cc1)CC2CC[NH+](CC2)CCNC(=O)CN3c4ccccc4S/C(=C\c5ccccc5F)/C3=O,C20728021,inactive
3191,CC[C@@H](C)Oc1ccccc1[C@@H]2C3=C(C[C@@H](CC3=O)c4cccc(c4)OC)Nc5ccccc5N2,C20883917,inactive
3192,CCSc1ccsc1[C@H]2C(=C(N(C3=C2C(=O)C[C@@H](C3)c4ccccc4)c5ccc[nH+]c5)N)C#N,C09981731,inactive
3193,c1ccc(cc1)CS(=O)(=O)c2c(c3c(cc([nH+]c3s2)c4ccccc4)c5ccccc5)N,C15659475,inactive
3194,CC1(C)CC(CC(C)(C)N1)OC(=O)c1ccc(Oc2cccc(-c3ccnnc3)c2C#N)c(Cl)c1,50010835,active
3195,c1ccc(cc1)COC[C@@H](C[NH+](Cc2ccccc2F)C[C@@H]3CC(=NO3)c4ccc(c(c4)Cl)Cl)O,C40404051,inactive
3196,CC(C)n1ncc2c(cc(nc12)C1=CCN(CC1)C(=O)CO)C(=O)NCc1c(C)cc(C)[nH]c1=O,325991,active
3197,CCOc1ccc(cc1)[C@H]2CC(=NN2C(=O)C[NH+]3CCC(CC3)C(=O)N)c4ccccc4Cl,C36342559,inactive
3198,Cc1cc(c(c(c1)C)NC(=O)CSc2c3c(nc(n2)c4ccccc4Cl)Oc5c([nH+]cc(c5C3)CO)C)C,C97958200,inactive
3199,CC/C(=C\1/C(=NN(C1=O)c2nc3ccccc3s2)CSc4ccc(cc4)C)/NCCc5c[nH]c[nH+]5,C09972288,inactive
3200,c1ccc2=[NH+]CC(=c2c1)CCCC(=O)Nc3ccccc3NS(=O)(=O)c4cccs4,C63913149,inactive
3201,c1ccc2c(c1)c(c[nH]2)/C=N/Nc3[nH]nc(n3)SCCC(=O)Nc4ccccc4Br,C21076730,inactive
3202,c1cc(c(c(c1)Cl)S(=O)(=O)N2CCC(CC2)C(=O)NC3CCC(CC3)O)Cl,C09986702,inactive
3203,CN(C1CCNCC1)c1cc(cc(C(=O)NCc2c(C)cc(C)nc2=O)c1C)-c1ccc(CN2CCOCC2)nc1,514165,active
3204,C=C1C([C@H](C(C(=N1)SCC(=O)NC2CCCCC2)C#N)c3ccco3)C(=O)Nc4nc5ccccc5s4,C08683387,inactive
3205,c1ccc2c(c1)C(=O)c3cccc(c3C2=O)NC(=S)N[C@@H]4CCS(=O)(=O)C4,C05673153,inactive
3206,c1ccc(c(c1)C/[NH+]=C(/c2cc(nc3c2cc(cc3)S(=O)(=O)N4CCOCC4)c5ccccn5)\O)Cl,C06302487,inactive
3207,CCOc1ccc(cc1)NC(=O)c2ccccc2NC(=O)C(=O)N/N=C/c3cc(ccc3OC(=O)c4ccc(cc4)C)Br,C04259445,inactive
3208,c1ccc2c(c1)cccc2OC[C@H](C[NH+]3CCN(CC3)C[C@@H](COc4cccc5c4cccc5)O)O,C19904800,inactive
3209,CC(C)n1ncc2c(cc(nc12)C1=CCN(CC1)C(=O)CN)C(=O)NCc1c(C)cc(C)[nH]c1=O,325969,active
3210,CCn1c2ccc(cc2oc1=O)[C@H](c3ccccc3I)[NH3+],C51363203,inactive
3211,C[C@@H](c1ccccc1)N2C(=O)[C@@H]([NH2+]C23CCN(CC3)C(=S)Nc4ccc(cc4)F)C(C)C,C36024378,inactive
3212,c1cc(ccc1C(=O)NNC(=O)CSc2ccc(cc2[N+](=O)[O-])C(F)(F)F)Br,C25386048,inactive
3213,CC1(C[NH+]=C(S1)N2CCN(CC2)C[C@@H](COc3ccc(cc3)OC[C@H](CN4CCN(CC4)C5=[NH+]CC(S5)(C)C)O)O)C,C49771565,inactive
3214,Cc1cc(ccc1Br)NC(=O)N[C@@H](CCC(C)C)c2c3c(sc2n4cccc4)C[NH+](CC3)C,C20386620,inactive
3215,c1cc(cc(c1)Cl)NC(=O)[C@H]2[C@@H]3C=C[C@]4([C@@H]2C(=O)N([C@@H]4C(=O)NC5CCCCC5)C6CCCCC6)O3,C97962339,inactive
3216,COCC(=O)Nc1cc(c2c(c1)ncn2CCc3ccccc3)C(=O)NCCC4=c5ccccc5=[NH+]C4,C64622397,inactive
3217,CCOc1ccc(cc1OCC)CCNC(=S)N(Cc2ccc(cc2)C(C)C)Cc3ccc[nH+]c3,C59074440,inactive
3218,CS(=O)(=O)c1ccccc1NC(=O)[C@@H]2CCOc3c2cccc3,C76774548,inactive
3219,CCN(c1cc(/C=C/c2cccc(CN(C)C)c2)cc(C(=O)NCc2c3c(c(C)[nH]c2=O)CCCC3)c1C)C1CCOCC1,CHEMBL4645357,active
3220,Cc1c(sc(n1)C)C(=O)C2=C(C(=O)N([C@H]2c3ccc(c(c3)OC)OCc4ccccc4)CC[NH+](C)C)O,C35567054,inactive
3221,CCOc1ccc(c(c1)C2=C([NH+](c3ccccc3[N+]2=O)OCc4ccc(cc4)I)[O-])OCC,C59608445,inactive
3222,CCOC(=O)c1c2c(sc1NC(=O)CCCS(=O)(=O)c3ccc(cc3)F)C([NH2+]C(C2)(C)C)(C)C,C09914361,inactive
3223,CC(C)C(=O)Nc1cccc(c1)C(=O)Nc2nc3ccc(cc3s2)S(=O)(=O)C,C00795364,inactive
3224,c1cc(cc(c1)Br)C(=O)NC(=S)Nc2cc(ccc2Cl)c3nc4c(o3)ccc[nH+]4,C01169952,inactive
3225,CC(C)Cn1c(c(c2c1[nH+]cc(c2)NCc3c(cccc3F)F)NC(=O)Cc4ccccc4)C(=O)OC,C14537944,inactive
3226,c1cc(ccc1C(=O)Nc2nc3c(s2)CCC[C@@H]3C(=O)NCCc4cc[nH+]cc4)Cl,C44441645,inactive
3227,c1ccn2cc([nH+]c2c1)c3ccc(cc3)NC(=O)CSCc4[nH]c(=O)c5c6c(sc5n4)CCC6,C10321765,inactive
3228,CN(C)Cc1ccc(cc1)-c1cc(N(C)[C@H]2CC[C@@H](CC2)NC(C)=O)c(C)c(c1)C(=O)NCc1c(C)cc(C)nc1=O,172033,active
3229,c1ccc(c(c1)C(F)(F)F)NC(=O)C[NH+]2CCc3c(sc(n3)NC(=O)NC4CCCC4)C2,C77145808,inactive
3230,CSc1cc(C)[nH]c(=O)c1CNC(=O)c1c(C)n([C@H](C)C23CC(C2)(C3)N(C)C2COC2)c2ccccc12,574847,active
3231,CCN(c1cc(-c2ccc(CN3CCN(C)CC3)nc2)cc2c(NCc3c(C)cc(C)[nH]c3=O)nccc12)[C@H]1CC[C@H](N(C)C)CC1,CHEMBL5193217,active
3232,c1ccc(cc1)/C=C\2/C(=O)N(C(=O)S2)CCNC(=O)c3ccc(cc3)n4cnc5ccccc5c4=O,C21896847,inactive
3233,COc1cc(C)[nH]c(=O)c1CNC(=O)c1cc(cc2n(cc(C)c12)S(=O)(=O)C1(CC=C)CC1)-c1ccc(nc1)N1CCN(C)CC1,464542,active
3234,Cc1ccc(cc1)S(=O)(=O)c2c([nH]c([nH+]2)c3ccccc3)SCC(=O)NC[C@H]4CCCO4,C11695904,inactive
3235,CCN(C1CCOCC1)c1cc(cc(C(=O)NCc2c3CCCCc3c(C)[nH]c2=O)c1C)-c1ccc(CN2CCN(C)CC2)cc1,50544756,active
3236,COC(C1CCN(CC1)C(=O)CO)c1cc(Cl)c2CCN(Cc3c(C)cc(C)[nH]c3=O)C(=O)c2c1Cl,50246933,active
3237,Cc1cccc2c1nc(s2)NC(=O)C(=O)NC[C@@H](c3cccc4c3cccc4)[NH+](C)C,C10085684,inactive
3238,C[C@H]1[C@@H]2[C@@H](C(=O)N(C2=O)c3cccc(c3)Cl)[C@@]4([NH2+]1)c5ccccc5N(C4=O)C/C=C\c6ccccc6,C15276262,inactive
3239,COC(C1CCS(=O)(=O)CC1)c1cc(Cl)c2CCN(Cc3c(C)cc(C)[nH]c3=O)C(=O)c2c1Cl,50246931,active
3240,C[C@@H](c1ccc(cc1)OC)NC(=O)c2ccc(cc2)c3c4c(n[nH]3)-c5ccc(cc5CC4)OC,C23461870,inactive
3241,c1ccc2c(c1)nc(n2C[C@H](CN3CCN(CC3)C[C@@H](Cn4c5ccccc5nc4C(F)(F)F)O)O)C(F)(F)F,C98048155,inactive
3242,CCc1cccc(c1NC(=O)C2=C(N=C(C([C@@H]2c3ccco3)C#N)SCC(=O)NCc4ccccc4)C)C,C12250145,inactive
3243,Cc1ccccc1OCCOc2c(cc(cc2Cl)/C=C\3/C(=[NH2+])N4C(=NC3=O)SC(=N4)c5ccccc5Cl)Cl,C97966238,inactive
3244,CCN(C1CCOCC1)c1cc(\C=C\c2ccc(CN3C[C@H](C)O[C@H](C)C3)cc2)cc(C(=O)NCc2c(C)c3CCCCc3[nH]c2=O)c1C,50544777,active
3245,COc1ccc2c(c1)[nH]c([nH+]2)SCC(=O)Nc3ccccc3NC(=O)CSc4[nH]c5cc(ccc5n4)OC,C06459022,inactive
3246,COc1ccccc1N2C(=O)C[C@H](C2=O)N(CCc3ccccc3)C(=S)Nc4ccc(c(c4)Cl)Cl,C98045898,inactive
3247,C[C@@H](C(=O)Nc1ccc(c(c1)F)F)[NH+]2CCN(CC2)[C@@H](c3ccc(cc3)Cl)C(=O)N,C95466707,inactive
3248,c1ccc2=[NH+]CC(=c2c1)CCC(=O)NN3[C@H](Nc4ccccc4C3=O)SCC(=O)c5ccc(cc5)F,C63708520,inactive
3249,Cc1cc(C)c(CNC(=O)c2cc(-c3ccc(CN4CCOCC4)nc3)cc(N(C)C3CCCCC3)c2C)c(=O)[nH]1,CHEMBL3697426,active
3250,CC(C)n1ncc2c(cc(nc12)C1=CCN(C)CC1)C(=O)NCc1c(C)cc(C)[nH]c1=O,325984,active
3251,Cc1cc(C)c(CNC(=O)c2cc(C#N)cc3c2CCN3C2CCOCC2)c(=O)[nH]1,CHEMBL3929353,inactive
3252,c1ccc(cc1)CNC(=O)CC[C@@H]2CNC(=O)[C@H]3[NH+]2C[C@H](C3)NS(=O)(=O)c4cccs4,C15707795,inactive
3253,Cc1ccc(cc1C)N([C@@H](c2ccc(cc2)F)C(=O)NC(C)C)C(=O)CCC(=O)Nc3cccc[nH+]3,C08994806,inactive
3254,COc1cc(ccc1Cl)S(=O)(=O)N2c3ccccc3N[C@]2(c4ccc(cc4)C(F)(F)F)OS(=O)(=O)c5ccc(c(c5)OC)Cl,C98005063,inactive
3255,c1ccc(cc1)CCN2C(=O)[C@@H]3[C@@H](N[C@]4([C@@H]3C2=O)c5ccccc5NC4=O)CC6=c7ccccc7=[NH+]C6,C63376020,inactive
3256,COc1ccc(cc1)CNC(=O)CSc2[nH+]ccn2c3ccc(cc3)C(=O)NCc4ccccc4,C44166212,inactive
3257,COc1ccc2c(c1)[nH]c(n2)SCC(=O)Nc3cc(c(cc3Br)Br)OC,C33517525,inactive
3258,CSc1cc(C)[nH]c(=O)c1CNC(=O)c1c(C)n([C@H](C)C2COC2)c2ccccc12,574852,active
3259,CCOc1cc2c(cc1C/[NH+]=C(/c3cc(c(cc3Cl)Cl)S(=O)(=O)N)\O)O[C@@H](C2)C,C12997056,inactive
3260,CN1CCN(CC1)c2nc3ccc(cc3s2)NC(=O)C4CCN(CC4)S(=O)(=O)c5ccc(cc5)OC,C38511478,inactive
3261,c1cc(cc(c1)Br)[C@@H](CC(=O)N2CCN(CC2)c3[nH+]ccs3)NC(=O)N,C27133686,inactive
3262,COc1ccc(cc1)[C@H](CNC(=O)[C@@H](CCSC)NC(=O)c2ccccc2Cl)[NH+]3CCCC3,C23485794,inactive
3263,Cc1cc(C)c(CNC(=O)c2cc3CC(C)(C)Oc3c(c2)-c2cnc3ccccc3c2)c(=O)[nH]1,359742,active
3264,CC[C@H](C)n1cc(C)c2c(C(=O)NCc3c(C)cc(C)[nH]c3=O)cc(-c3ccc(N4CCNCC4)nc3)cc21,CHEMBL3287735,active
3265,C[C@H]1CCCC(=O)CCC/C=C/c2cc3c(c(c2C(=O)O1)O)[C@@H](CC(=O)O3)c4ccc(cc4)OCCc5ccc(cc5)OC,C85879519,inactive
3266,Cc1cc(nc(n1)N/C(=N/C(=S)Nc2ccccc2OC)/NCCSCc3c([nH]c[nH+]3)C)C,C14159225,inactive
3267,CC1(C)CC(NC(=O)c2ccc(Nc3ccccc3)cc2)CC(C)(C)N1,CHEMBL3264757,inactive
3268,CC[C@@H]1CCc2c(sc3c2C(=[NH+][C@H](N3)c4ccc(cc4)OC(=O)/C=C/c5ccco5)O)C1,C15945389,inactive
3269,Cc1cc(cc(c1OCc2ccc[nH+]c2)C)C(=O)NCCc3ccc(cc3)S(=O)(=O)N,C32488061,inactive
3270,c1ccc(c(c1)c2ccc(o2)[C@H]3[C@H]([C@@]([NH+]=C(N3)O)(C(F)(F)F)O)C(=O)c4ccc(cc4)Cl)[N+](=O)[O-],C09312515,inactive
3271,COc1cc(ccc1OC[C@@H](C[NH+]2CCC(CC2)O)O)C[NH2+]Cc3cccc4c3cccc4,C12112069,inactive
3272,CC[NH+]1CCc2c(sc(c2c3nc4ccccc4s3)NC(=O)/C=C/c5ccc6c(c5)OCO6)C1,C36628642,inactive
3273,[H]/N=C\1/C(=C/c2ccc(c(c2)OCC)OS(=O)(=O)c3ccc(cc3)C)/C(=O)N=C4N1N=C(S4)COc5ccccc5,C08494436,inactive
3274,C[NH+]1CCc2c(sc3c2C(=O)N[C@@H](N3)c4ccc(cc4)OC(=O)c5cc(c(c(c5)OC)OC)OC)C1,C19816751,inactive
3275,CC(C)C[NH+](Cc1cccc(c1OC)OC)Cc2ccc(o2)C(c3cccc(c3)F)(c4cccc(c4)F)O,C36202342,inactive
3276,CN1CCc2c1ccc(c2)[C@H](CNC(=O)C(=O)NCCC3=CCCCC3)[NH+]4CCCCC4,C13007978,inactive
3277,Cc1c(c(c([nH]1)C)S(=O)(=O)Nc2cc(ccc2F)Cl)c3nnc(o3)C4CC4,C96379673,inactive
3278,C[NH+]1CCc2c(sc(c2c3nc4ccccc4s3)NC(=O)c5ccc(cc5)S(=O)(=O)N(CC=C)CC=C)C1,C97963383,inactive
3279,c1cc(ccc1NC(=O)COc2ccc(cc2/C=C\3/C(=O)NC(=S)S3)Br)[N+](=O)[O-],C39794024,inactive
3280,c1cc(c[nH+]c1)CNc2c(nc(o2)c3ccc(cc3)Br)S(=O)(=O)c4ccc(cc4)Cl,C39845076,inactive
3281,CC(=O)Nc1ccc(cc1)S(=O)(=O)NC[C@H]2C[C@@H]3CC[NH+]2C[C@@H]3c4cc(nn4C)C5CCCCC5,C12602053,inactive
3282,C[NH+](CC(=O)Nc1ccccc1Br)CC(=O)N2CCN(CC2)C(=O)Nc3ccccc3,C15144357,inactive
3283,CCCc1cc(C)[nH]c(=O)c1CNC(=O)c1cc(-c2ccccn2)cc2c1cnn2C(C)C,CHEMBL4542135,active
3284,Cc1cc[nH+]c(c1)N[C@@H](c2cccc[nH+]2)c3c([nH]c4c3cc(cc4)NC(=O)c5ccc(cc5)F)C,C21805779,inactive
3285,c1ccc(cc1)SCc2cc(no2)C[C@H]3C[NH2+]CC[C@H]3CC(=O)N4CCN(CC4)c5ccc(cc5)F,C12482021,inactive
3286,Cc1cc(C)c(CN2CCc3c(Cl)cc([C@H](CO)[C@H]4CCOC4)c(Cl)c3C2=O)c(=O)[nH]1,CHEMBL4080043,active
3287,Cc1c2c(n(n1)c3ccccc3)[NH+]=C4C(=Nc5ccccc5N4[C@@H]2c6ccc(cc6)C(=O)OC)Nc7ccc(cc7OC)OC,C01861727,inactive
3288,CCCc1cc(C)[nH]c(=O)c1CNC(=O)c1cc(cc(N(CC)C2CCOCC2)c1C)-c1ccc(nc1)N1CCN(C)CC1,172175,active
3289,COc1cc(cc(c1OC[C@@H](c2ccc3c(c2)OCO3)O)Br)C[NH2+]Cc4cccs4,C20877025,inactive
3290,CN(C)S(=O)(=O)c1ccc2c(c1)[C@@H]3C=CC[C@H]3[C@H](N2)c4cccc(c4O)OC,C20694110,inactive
3291,Cc1ccc(cc1)S(=O)(=O)NCC(=O)N/N=C/c2ccccc2OC(=O)c3c(c4ccccc4s3)Cl,C04229897,inactive
3292,COc1ccccc1[C@H]2[C@@H]3CCCC[C@@]3(CCN2CC(=O)N[C@H](CC4=c5ccccc5=[NH+]C4)C(=O)OC)O,C63351342,inactive
3293,CCOc1cc(cc(c1OCC(=O)Nc2ccc(cc2)C)Br)[C@@H]3c4c(nn(c4OC(=C3C#N)N)c5ccccc5)C,C97959903,inactive
3294,CCCNC(=O)[C@H](CC1=c2ccccc2=[NH+]C1)NC(=O)C3CCN(CC3)C(=O)CNC(=O)OC(C)(C)C,C63362190,inactive
3295,Cc1c2c(c(c[nH+]1)CO)Cc3c(nc(nc3SCC(=O)Nc4cccc(c4)Cl)c5cccc(c5)OC)O2,C97986945,inactive
3296,c1ccc(cc1)CCN2C(=O)C[C@H](C2=O)S/C(=[NH+]\Cc3ccc(cc3)Cl)/Nc4ccc(cc4)Cl,C59446218,inactive
3297,COc1cccc2c(NC3CCN(C)CC3)cc(nc12)N1CCCN(C)CC1,50594162,inactive
3298,c1cc(ccc1N2C(=O)/C(=C/3\c4cc(ccc4NC3=O)Br)/SC2=S)O,C00970616,inactive
3299,CC(C)OCCCN1[C@@H](c2c(n[nH]c2C1=O)c3cc(ccc3O)Cl)c4cccc(c4)Cl,C39899319,inactive
3300,CC(=O)N[C@H]1CC[C@@H](N(C)c2cc(-c3ccc(CN4CCOCC4)nc3)cc(C(=O)NCc3c(C)cc(C)[nH]c3=O)c2C)CC1,CHEMBL3697448,active
3301,CC(C)(C)c1nnc(n1CC=C)SCC(=O)Nc2ccc(cc2)S(=O)(=O)Nc3cccc(c3)Cl,C20839561,inactive
3302,CN1C(=O)[C@H](N(C1=S)NC(=O)c2ccc(cc2)Cl)CC(=O)Nc3ccccc3,C58939738,inactive
3303,c1ccc(c(c1)c2c[nH]c(n2)[C@H]3CCCN3C(=O)c4cscn4)F,C71916582,inactive
3304,CC(=O)N[C@H]1[C@@H]([C@@H]2[C@@H](CO[C@@H](O2)c3ccccc3)O[C@@H]1Oc4ccc(cc4)/C=C/C(=O)c5ccccc5)O,C35056649,inactive
3305,COc1ccc(cc1)CN(Cc2ccc[nH+]c2)[C@H](c3cc4cc(ccc4[nH]c3=O)OC)c5nnnn5CCc6ccccc6,C01382205,inactive
3306,c1ccc(cc1)C[C@@H](C(=O)NCCc2ccc(cc2)S(=O)(=O)N)NC(=O)OCc3ccccc3,C22616211,inactive
3307,CC(=O)C12c3ccccc3C(c4c1cccc4)[C@H]5[C@H]2C(=O)N(C5=O)C[C@@H](CN6CCN(CC6)c7ccccc7OC)O,C68606188,inactive
3308,CCN([C@H]1CC[C@@H](CC1)N(C)CCOC)c1cc(Cl)cc(C(=O)NCc2c(C)n(CC)[nH]c2=O)c1C,310779,active
3309,Cc1c2c(c(c[nH+]1)CO)Cc3c(nc(nc3SCc4ccc(cc4)Br)c5ccc(cc5)OC)O2,C08589167,inactive
3310,c1ccc2c(c1)cccc2/C=N/Nc3nnc(n3N)SCC(=O)NCc4cccc(c4)C(F)(F)F,C20912258,inactive
3311,CCN(c1cc(Br)c(C)c(C(=O)NCc2c(C)cc(C)[nH]c2=O)c1C)[C@H]1CC[C@H](N(C)C)CC1,CHEMBL3933289,active
3312,c1cc(cc(c1)Br)[C@H]2C(=C(C(=O)N2CCCn3cc[nH+]c3)O)C(=O)c4ccc(cc4)Br,C01481288,inactive
3313,c1ccc(c(c1)N2CC[NH+](CC2)[C@@H](CNC(=O)C(=O)NCCC3=CCCCC3)c4ccc5c(c4)OCO5)F,C38621129,inactive
3314,CCN(C1CCN(CC(F)(F)F)CC1)c1c(C)c(cc2nn(C)cc12)C(=O)NCc1c(OC)cc(C)[nH]c1=O,516840,active
3315,C[C@H]1[C@@H]([C@@H](C[C@@H](O1)O[C@H]2CC[C@@]3([C@H]4CC[C@@]5([C@H](CC[C@@]5([C@@H]4CC[C@@]3(C2)O)O)C6=CC(=O)OC6)C)/C=[NH+]/CCc7ccc(cc7)F)O)O,C79204527,inactive
3316,Cc1ccc2c(cc(c(c2[nH+]1)OCC(=O)O[C@@H](C)C(=O)Nc3c(ccs3)C(=O)N)Cl)Cl,C16832823,inactive
3317,c1ccc(c(c1)N2CC[NH+](CC2)[C@H](CNS(=O)(=O)c3ccccc3Cl)c4ccc5c(c4)OCO5)F,C38620909,inactive
3318,CCN(C1CCOCC1)c1cc(cc(C(=O)NCC2C(=O)NC(C)c3cccc(F)c23)c1C)-c1ccc(CN2CCOCC2)cc1,335709,active
3319,C[C@H]1[C@@H]2[C@@H](C(=O)[C@]3([C@H]([C@]2(C=CC1=O)C)CC[C@@H]\4[C@@]3(C[C@@H](/C4=C(\CCC=C(C)C)/C(=O)O)OC(=O)C)C)C)O,C67903219,inactive
3320,Cc1cn2c(c(nc2s1)C)/C=C\C(=O)N3Cc4ccccc4C[C@@H]3C(=O)N,C96927198,inactive
3321,CN(C)Cc1cc(C)[nH]c(=O)c1CNC(=O)c1cc(Br)cc2n(ncc12)C1CCCC1,326119,active
3322,c1ccc2=[NH+]CC(=c2c1)[C@@H](CNC(=O)C3=CS[C@H](C3)S(=O)(=O)N)c4ccccc4Cl,C63150024,inactive
3323,C[NH+](CCCNC(=O)[C@@H]1c2ccccc2C(=O)N([C@@H]1c3cccs3)C4CCCC4)Cc5ccccc5,C09433506,inactive
3324,C=C1C([C@H]([C@@H]2C(=N1)C[C@@H](CC2=O)c3ccco3)c4ccccc4Cl)C(=O)Nc5cccc[nH+]5,C06077298,inactive
3325,CNCCCOc1ccc(cc1)-c1cc(C(=O)NCc2c(C)cc(C)[nH]c2=O)c2cnn(C3CCCC3)c2c1,326079,active
3326,c1cc(sc1)NC(=O)N2CCC(CC2)CNC(=O)[C@H]3CC(=O)N(C3)c4ccc(cc4)F,C44004445,inactive
3327,CC(C)n1ncc2c(cc(nc12)-c1cccc(CNCCN(C)C)c1)C(=O)NCc1c(C)cc(C)[nH]c1=O,325834,active
3328,Cc1cccc([nH+]1)NC(=O)[C@H]2c3ccccc3C(=O)N([C@H]2c4ccc(cc4)OC)Cc5ccc(cc5)F,C09780842,inactive
3329,Cc1csc(n1)NC(=O)[C@H](C(C)C)NC(=O)[C@H]2CCCN(C2)S(=O)(=O)c3ccc(cc3)F,C13551594,inactive
3330,c1cc(sc1)C(=O)N[C@]2(C(=O)N(C(=O)N2)c3ccc(c(c3)Cl)F)C(F)(F)F,C02372170,inactive
3331,c1ccc(c(c1)C(=O)Nc2ccc3c(c2)[nH]c(n3)c4cc(ccc4F)F)SCc5cscn5,C71938777,inactive
3332,CC(C)[C@H](C(=O)NC(=O)N)Sc1nc2cc(ccc2o1)S(=O)(=O)Nc3ccccc3OC,C15221369,inactive
3333,COc1ccccc1/[NH+]=C(\c2cc(c(c(c2)OC)OC)OC)/N(c3ccc(cc3)O)c4ccc(cc4)O,C33490253,inactive
3334,COc1ccccc1/[NH+]=C\2/N(C(=O)/C(=C/c3cc(ccc3O)Br)/S2)c4ccccc4OC,C59220982,inactive
3335,CCN(C1CCOCC1)c1cc(cc(C(=O)NCc2c(C)cc(C)[nH]c2=O)c1C)-c1ccc(CN2CC(O)C2)cc1,172077,active
3336,Cc1cccc(c1)C2=NN3C(=[NH2+])/C(=C\c4cc(c(c(c4)OC)OCCOc5ccc(c(c5)C)C)OC)/C(=O)N=C3S2,C97957744,inactive
3337,COc1ccc(cc1OC)NC(=O)Cn2c3cc(c(cc3[nH+]c2Cc4ccccc4Cl)Cl)Cl,C85421595,inactive
3338,COc1cc(ccc1OCC(=O)N/N=C/c2cc(cc(c2OC)Br)Br)Br,C01434439,inactive
3339,c1ccc(c(c1)CN2[C@@H](c3c(=O)c4cc(ccc4oc3C2=O)Cl)c5ccc(cc5)OCC(=O)N)Cl,C39825410,inactive
3340,Cc1cccc(c1NC(=O)CS[C@H]2[NH+]=c3ccccc3=C4N2NC(=[NH+]4)CCC5=C(N=N[C@@H]5C)C)C,C63708301,inactive
3341,c1ccc(cc1)c2[nH]c(c([nH+]2)S(=O)(=O)c3ccccc3)SCC(=O)N[C@H]4CCS(=O)(=O)C4,C11695895,inactive
3342,CCN(c1cccc2c1CCCCCCc1cc(C)[nH]c(=O)c1CNC2=O)C1CCOCC1,CHEMBL3394231,active
3343,Cc1cc(nc([nH+]1)N[C@@H](c2cccc(c2)Br)c3cc(sc3NC(=O)c4ccco4)C)C,C46020765,inactive
3344,CC(C)n1ncc2c(cc(nc12)C1=CCN(CC1)C(=O)CC(N)CO)C(=O)NCc1c(C)cc(C)[nH]c1=O,325951,active
3345,Cc1ccc(cc1)S(=O)(=O)c2c3c(nc4ccccc4[nH+]3)n(c2N)NC(=O)c5ccco5,C02394101,inactive
3346,c1cc(c(c(c1)F)NC(=O)C[NH+](CCC2=CCCCC2)CC(=O)Nc3c(cccc3F)F)F,C03357606,inactive
3347,CC[C@@]1(Cc2c(sc3c2c(nc([nH+]3)SCC(=O)Nc4ccc(cc4)C(=O)C)N)CO1)C,C01789191,inactive
3348,Cc1ccc(cc1)N(CC(=O)N/N=C/c2ccc(cc2)OCC(=O)NC[C@H]3CCCO3)S(=O)(=O)c4ccc(cc4)F,C59646728,inactive
3349,C[C@H]([C@H](c1ccc(cc1)O)O)[NH+]2C[C@@H](O[C@@H](C2)COCc3ccccc3OC)COCc4ccccc4OC,C40556052,inactive
3350,Cc1ccccc1NC(=O)[C@@H]2[C@H]3C=C[C@@]4([C@@H]2C(=O)N([C@@H]4C(=O)NC(C)(C)C)c5ccc6c(c5)CCC6)O3,C12642449,inactive
3351,CCN(C(=O)C1CC1)c1cc(cc(C(=O)NCc2c(C)cc(C)[nH]c2=O)c1C)-c1ccc(nc1C)N1CCN(CC2CC2)CC1,50575222,active
3352,c1ccc(cc1)c2ccc(cc2)C(=O)COC(=O)[C@H](CC3=c4ccccc4=[NH+]C3)NC(=O)Oc5ccccc5,C63503234,inactive
3353,CCOc1cc(ccc1OC(=O)c2ccc(cc2)F)[C@@H]3Nc4c(c5c(s4)C[NH+](CC5)C)C(=[NH+]3)O,C36093617,inactive
3354,CCN(c1cc(/C=C/c2ccc(CN3CCN(C)CC3)cc2)cc(C(=O)NCc2c(C)c3c([nH]c2=O)CCCC3)c1C)C1CCOCC1,CHEMBL4643350,active
3355,CCOc1ccc(cc1)[C@H](CCC(=O)N/N=C\c2cc(c(c(c2)Br)O)Br)O,C83300325,inactive
3356,Cc1c(ccc(c1)c2cc(c(cc2)/N=N/c3c(c4c(c(c3)S(=O)(=O)[O-])cccc4)N)C)/N=N/c5c(c6c(c(c5)S(=O)(=O)[O-])cccc6)N,C72112791,inactive
3357,CO[C@H]([C@@H]1CCOC1)c1cc(C)c2CCN(Cc3c(OC)cc(C)[nH]c3=O)C(=O)c2c1Cl,435573,active
3358,CC[C@H]([C@@H]1c2cc(c(cc2CC[NH+]1Cc3ccccc3F)OC)OC)NC(=S)NC(C)C,C36048544,inactive
3359,CCOC(=O)C1=C(Oc2cc(n(c(=O)c2[C@@]13c4ccccc4N(C3=O)C(C)C)Cc5cc[nH+]cc5)C)N,C39919060,inactive
3360,C[NH+](C)Cc1c(nnn1c2c(non2)N)C(=O)N/N=C/c3cn(nc3c4ccccc4)c5ccccc5,C02193360,inactive
3361,COc1ccc(c(c1)Br)OCC(=O)N/N=C/c2ccc(c(c2)Br)OC(=O)c3ccc(cc3)[N+](=O)[O-],C98001657,inactive
3362,c1cc(c(=O)n(c1)CC(=O)NNC(=O)c2ccc(cc2)COc3ccc(cc3)Cl)C(F)(F)F,C25061472,inactive
3363,COC(=O)C1=c2n(c(=O)/c(=C/c3ccccc3)/s2)C(=C([C@H]1c4ccccc4)c5nc6ccccc6s5)N,C08448517,inactive
3364,CC(=O)N[C@H](CC1=c2ccccc2=[NH+]C1)C(=O)NNC(=O)CSc3nc4ccccc4s3,C63806711,inactive
3365,c1cc[nH+]c(c1)CCNC(=O)c2cc3cc(ccc3n2Cc4cccc(c4)F)NC(=O)Cc5ccc(cc5)F,C96276544,inactive
3366,COCC[NH2+][C@H]1C[C@H](N2[C@@H](Cc3c4ccccc4[nH]c3[C@H]2C1)C(=O)OC)c5ccc(cc5)C(F)(F)F,C20504073,inactive
3367,COc1ccccc1NS(=O)(=O)c2cc(ccc2N3CCCC3)NC(=O)/C=C\c4cccs4,C33616948,inactive
3368,CCN([C@H]1CC[C@@H](CC1)N(C)C)c1cc(cc(C(=O)NCc2c(C)n(C)[nH]c2=O)c1C)-c1ccc(CN2CCOCC2)cc1,310769,active
3369,Cc1cccc(c1)COc2ccc(cc2)C(=O)C3=C(C(=O)N([C@@H]3c4cccc(c4)[N+](=O)[O-])CCCn5cc[nH+]c5)O,C97969354,inactive
3370,COc1ccc(cc1S(=O)(=O)Nc2ccc(cc2)Cl)NC(=O)CSc3cc[nH+]cc3,C09631435,inactive
3371,C[C@@H]1CCc2c(sc3c2C(=[NH+][C@H](N3)c4ccc(cc4)OC(=O)/C=C/c5ccc(cc5)OC)O)C1,C15947557,inactive
3372,c1ccc(cc1)[C@H](C(=O)Nc2ccc(cn2)Cl)Sc3ccc(cc3)NC(=O)C4CCCCC4,C22716752,inactive
3373,C[NH+](C)[C@@H](CNC(=O)c1cccc(c1)NS(=O)(=O)c2ccc(cc2)Br)c3ccco3,C12604699,inactive
3374,CN(C)C(=O)c1cccc2c1N[C@@H]([C@H]3[C@@H]2C=CC3)c4cc(ccc4Cl)[N+](=O)[O-],C14473097,inactive
3375,COc1ccc2c(c1)c3c([nH]2)[C@H]4C[C@@H]5[C@@H](C[C@@H]([C@@H]([C@@H]5C(=O)OC)OC)OC(=O)c6cc(c(c(c6)OC)OC)OC)CN4CC3,C05062976,inactive
3376,Cc1ccc(cc1C)NS(=O)(=O)c2ccc(cc2)NC(=O)COc3ccc(cc3)Cl,C01147509,inactive
3377,c1ccc2c(c1)[nH]c([nH+]2)CCNC(=O)CS(=O)(=O)Cc3cccc(c3)Br,C72022739,inactive
3378,CSc1cc(C)[nH]c(=O)c1CNC(=O)c1c(C)n([C@@H](C)C2CN(CC(F)(F)F)C2)c2ccccc12,574909,active
3379,Cc1nc2ccc(cc2s1)NC(=O)c3ccc(c(c3)NC(=O)c4cccs4)Cl,C03336438,inactive
3380,COc1cccc(c1O)[C@H]2CC(=N[C@H]([NH2+]2)c3ccc(c(c3)Br)OC)c4ccc(cc4)Cl,C09542385,inactive
3381,CC1=C2C(=[NH2+])N([C@H](N=C2N=N1)SCC(=O)Nc3ccc(cc3)Br)c4ccc(cc4)OC,C63731909,inactive
3382,C[C@H](C(=O)Nc1ccc(c(c1F)F)F)Sc2nnc(n2c3ccc(cc3)F)C[NH+]4CCCCC4,C09881545,inactive
3383,c1ccc(cc1)C[C@@H]2C(=O)N(C3([NH2+]2)CCN(CC3)C(=O)Nc4ccc(cc4)C(F)(F)F)C5CC5,C96210979,inactive
3384,C[C@@H]1C=C2[C@H]([C@@H](C(=C(O2)N)C#N)c3cc(c(c(c3)Br)OC)OC)C(=O)N1CCc4c[nH]c[nH+]4,C53631893,inactive
3385,Cc1c2c(n(n1)c3ccccc3)[NH+]=C4C(=Nc5ccccc5N4[C@@H]2c6ccccc6F)Nc7ccc(c(c7)OC)OC,C01868686,inactive
3386,CC(C)(C)OC(=O)N1C[C@@H](C[C@H]1C(=O)Nc2ccc(cc2)I)O,C00705219,inactive
3387,CC1=NC(=C([C@H](C1C(=O)C)c2ccc[nH+]c2)C#N)SCC(=O)Nc3nc4ccc(cc4s3)Br,C08439221,inactive
3388,CCc1cc(c(s1)NC(=S)Nc2ccn(n2)Cc3c(c(c(c(c3F)F)F)F)F)C(=O)OC,C13753883,inactive
3389,c1ccc(cc1)C[C@@H](c2[nH]c3ccccc3n2)NC(=O)CN4C(=O)[C@@H]5CC=CC[C@H]5C4=O,C95351751,inactive
3390,C[NH+](C)CCCN1[C@H](C(=C(C1=O)O)C(=O)c2ccc(c(c2)F)OC)c3cc(c(c(c3)Br)O)OC,C98046423,inactive
3391,c1ccc2c(c1)CCO[C@H]2CNC(=O)c3cc(cc(c3)S(=O)(=O)NC4CCCCC4)[C@@H]5C=CN=[NH+]5,C39344904,inactive
3392,Cn1cc[nH+]c1[C@H](c2ccc(cc2)NC(=O)CCc3ccc(cc3)S(=O)(=O)N4CCCCCC4)O,C12547821,inactive
3393,c1cc(c(c(c1)Cl)COc2ccc(cc2)[C@@H]3C(=C(OC4=C3C(=O)C[C@H](C4)c5ccco5)[NH3+])C#N)F,C01089500,inactive
3394,c1ccc(cc1)CNC(=O)CC[C@H]2C(=O)N3C(=N2)c4ccccc4N=C3SCC(=O)Nc5ccccc5F,C08594887,inactive
3395,CC1CCCc2cc(cc(-c3ccc(CN4CCOCC4)cc3)c2O1)C(=O)NCc1c(C)cc(C)[nH]c1=O,359785,active
3396,CCOc1cc(cc(c1OCc2ccc(cc2Cl)Cl)Cl)C[NH2+]CC[NH2+]C[C@@H](C)O,C23471941,inactive
3397,C[NH+]1CCc2c(sc3c2c(=O)n(c(n3)SCC(=O)NCCc4ccccc4)c5ccc(cc5)Cl)C1,C02360990,inactive
3398,c1ccc(cc1)N[C@H]2C(=O)N(C(=O)S2)Cc3ccc(cc3)CN4C(=O)[C@H](SC4=O)Nc5ccccc5,C13016605,inactive
3399,CN(C)Cc1ccc(cc1)-c1cc(N(C)C2CCOCC2)c(C)c(c1)C(=O)NCc1c(C)cc(C)[nH]c1=O,172009,active
3400,c1ccc(c(c1)NC(=O)CCN2C(=O)/C(=C\3/C(=O)N(C(=S)S3)CCC(=O)Nc4ccccc4Cl)/SC2=S)Cl,C98216073,inactive
3401,c1ccc2c(c1)n(c(=[NH2+])n2C[C@H](COc3ccc(cc3Cl)Cl)O)CC[NH+]4CCCCC4,C08589980,inactive
3402,Cc1ccc(cc1)S(=O)(=O)Nc2ccccc2c3nnc(o3)c4ccc(cc4)C[N+]5(CCc6c(c7ccccc7[nH]6)C5)C,C01896795,inactive
3403,c1cc[nH+]c(c1)N2CCN(CC2)c3c(c(ncn3)NNC(=O)c4ccc(cc4)Br)[N+](=O)[O-],C40657904,inactive
3404,CCOc1ccc(cc1)n2c(=[NH2+])c3c(n[nH]c3nc2SCC(=O)Nc4ccccc4OCC)C,C02927273,inactive
3405,Cc1ccc(cc1)S(=O)(=O)N(CC(=O)N/N=C/c2ccc(cc2)OCC(=O)NCc3ccco3)c4ccccc4OC,C08384338,inactive
3406,COc1ccc(cc1)C(=O)OCc2c3c(c(c4c2OCO4)OC)[C@@H]([NH2+]CC3)[C@@H]5c6ccc(c(c6C(=O)O5)OC)OC,C44459643,inactive
3407,COc1ccc(cc1)NC2=[N+](C(=O)[C@@H](S2)CC(=O)Nc3ccc(cc3)Cl)Cc4ccc(c(c4)OC)OC,C97960393,inactive
3408,C[C@H]([C@H](c1ccc(cc1)O)O)N2C[C@@H](O[C@@H](C2)COCc3ccccc3OC)COCc4ccccc4OC,C40556052,inactive
3409,CC(C)CCOc1ccc(cc1OC)[C@@H]2C(=C(C(=O)N2CCCn3cc[nH+]c3)[O-])C(=O)/C=C/c4ccccc4,C35444487,inactive
3410,CC(C)n1ncc2c(cc(nc12)-c1cccc(CNCCN)c1)C(=O)NCc1c(C)cc(C)[nH]c1=O,325832,active
3411,CCOC(=O)c1ccc(cc1)NC2=Nc3ccccc3N4C2=[NH+]c5c(c(nn5c6ccccc6)C)[C@H]4c7cccc(c7)OC,C01875729,inactive
3412,c1ccc(cc1)[C@H](C(=O)Nc2ccc(c(c2)C(F)(F)F)Cl)[NH+]3CCN(CC3)c4ccc(cc4)O,C03293812,inactive
3413,CCOc1ccc(cc1)[C@H]2C(=C(C(=O)N2c3nnc(s3)SCc4cccc5c4cccc5)O)C(=O)c6ccc(c(c6)F)OC,C98047704,inactive
3414,C[NH+]1CCc2cc(c(cc2[C@H]1Cc3ccc(cc3)Oc4cc(ccc4O)C[C@@H]5c6cc(c(cc6CCN5C)O)OC)OC)OC,C85492190,inactive
3415,c1cc2cccc(c2c(c1)SCC(=O)Nc3ccc4c(c3)OCC(=O)N4)Cl,C97699790,inactive
3416,COc1ccc(cc1)NC(=O)[C@H]2N=N[C@@H](S2)CSCC(=O)NCCC3=c4ccccc4=[NH+]C3,C64491453,inactive
3417,CCn1c(cc2c(c1=O)[C@@]3(c4ccccc4N(C3=O)Cc5cccc(c5)F)C(=C(O2)N)C#N)C,C39918984,inactive
3418,c1ccc2c(c1)cccc2C[NH+]3CCN(CC3)C(=O)CSc4nnc(n4N)c5ccc(cc5)F,C25510941,inactive
3419,C[NH+]1CCN(CC1)c2ccc(cc2)NC(=O)CCNS(=O)(=O)c3ccc(c(c3)F)F,C98071366,inactive
3420,COc1ccc2c(c1)[nH]c([nH+]2)SCC(=O)NNC(=O)c3ccc(cc3)NC(=O)CSc4[nH]c5cc(ccc5n4)OC,C98023080,inactive
3421,Cc1ccc2ccc(N[C@H]3CC[C@H](CNc4ncc(cn4)C(C#N)C(=O)NC4COC4)CC3)nc2c1Cl,50597033,active
3422,CCN(c1cc(-c2ccc(CNC(=O)C[C@@H]3N=C(c4ccc(Cl)cc4)c4c(sc(C)c4C)-n4c(C)nnc43)cc2)cc(C(=O)NCc2c(C)cc(C)[nH]c2=O)c1C)C1CCOCC1,CHEMBL5195563,inactive
3423,c1cc(ccc1C(=O)NNC(=O)CSc2ccc(cc2)Br)S(=O)(=O)N3CCCC3,C15948138,inactive
3424,CCCN1c2ccccc2[C@]3(C1=O)C(=C(C(=O)N3CC[NH+](C)C)O)C(=O)c4cccc(c4)S(=O)(=O)N5CCCCC5,C98046796,inactive
3425,CC1=C([C@@H](C(=C(N1)SCC(=O)c2ccc(cc2)Br)C#N)c3cccs3)C(=O)Nc4ccccc4OC,C06015260,inactive
3426,CCN([C@H]1CC[C@@H](CC1)N(C)C)c1cc(cc(C(=O)NCc2c(C)cc(C)[nH]c2=O)c1C)-c1ccco1,172145,active
3427,c1ccc2c(c1)c(nc([nH+]2)c3ccccc3Cl)N(CCC(=O)NCc4cccc(c4)C(F)(F)F)Cc5ccco5,C98009861,inactive
3428,CCN(C1CCOCC1)c1cc(cc(C(=O)NCc2c(C)cc(C)[nH]c2=O)c1C)-c1ccc(CN2CC3(COC3)C2)cc1,172099,active
3429,c1cc(ccc1n2c(c[nH+]c2SCC(=O)N)c3ccc(c(c3)Cl)Cl)OC(F)F,C44088247,inactive
3430,CC[C@H](C)n1cc(C)c2c(cc(cc12)-c1ccc(nc1)N1CCN(CCCCOc2cccc3C(=O)N(C4CCC(=O)NC4=O)C(=O)c23)CC1)C(=O)NCc1c(C)cc(C)[nH]c1=O,50582377,active
3431,CCCc1cc(C)[nH]c(=O)c1CNC(=O)c1cc(N2CCNCC2)cc2c1cnn2C(C)C,CHEMBL4575460,active
3432,CCN(c1cc(-c2ccc(CN3CCCN(C)CC3)cc2)cc(C(=O)NCc2c(C)cc(C)[nH]c2=O)c1C)[C@H]1CC[C@H](N(C)C)CC1,CHEMBL3701006,active
3433,COc1ccc(cc1S(=O)(=O)Nc2ccc(cc2)Cl)NC(=O)Cc3ccc(cc3)C(F)(F)F,C45605436,inactive
3434,CCOC(=O)c1c(c(c(s1)N)C#N)CSc2nnc(n2c3ccccc3)[C@H](C)[NH+]4CCCCC4,C15355648,inactive
3435,CC1CCCc2cc(cc(Br)c2O1)C(=O)NCc1c(C)cc(C)[nH]c1=O,359784,active
3436,Cc1ccc2c(coc2c1C)CC(=O)N/N=C/3\CCCc4c3c(c(o4)C(=O)NCCCn5cc[nH+]c5)C,C40826601,inactive
3437,COc1ccccc1NS(=O)(=O)c2ccc(cc2)C(=O)NCCc3ccc(s3)Br,C10500142,inactive
3438,Cc1ccccc1COc2ccc(cc2Cl)/C=c\3/c(=[NH2+])n-4[nH]/c(=C/C(=O)N5CCCC5)/sc4nc3=O,C49668510,inactive
3439,c1ccc2c(c1)c([nH+]c(n2)c3ccccc3Cl)N(CCC(=O)N4CCN(CC4)c5ccccc5F)Cc6ccco6,C98009857,inactive
3440,Cc1ccc2c(c1)[nH]c(n2)C[NH+](CCN(Cc3[nH]c4cc(ccc4n3)C)Cc5[nH]c6cc(ccc6n5)C)Cc7[nH]c8ccc(cc8n7)C,C77029766,inactive
3441,CCN(C1CCOCC1)c1cc(Cl)cc(c1)C(=O)NCc1c(C)cc(C)[nH]c1=O,50149894,inactive
3442,C[C@H]1Cc2cc(ccc2O1)C(=O)C3=C(C(=O)N([C@H]3c4ccc(c(c4)OC)OCc5ccccc5)CCCn6cc[nH+]c6)O,C97970686,inactive
3443,c1ccc(cc1)C\2=c3cc(ccc3=[NH+]C(=O)/C2=C/4\C[C@@H](N(N4)C(=O)CCC(=O)[O-])c5ccc[nH+]c5)Cl,C19074328,inactive
3444,Cc1cccc(c1)Nc2cc3c4c5c2C(=O)[N+](=C(c5cc(c4C(=O)N(C3=O)c6cccc(c6)C)Nc7cccc(c7)C)O)c8cccc(c8)C,C97976823,inactive
3445,COc1cc(cc(c1OC)OC)[C@@H]2Nc3ccc(cc3[C@H]([NH+]2CC(=O)OC)c4ccccc4Cl)Br,C98050661,inactive
3446,Cc1cc(ccc1Br)NC(=O)N[C@H](CCC(C)C)c2c3c(sc2n4cccc4)C[NH+](CC3)C,C20386614,inactive
3447,CCCOc1ccc(cc1OCC)[C@H]2[C@@H]3CN(CC=C3C(=C(C2(C#N)C#N)N)C#N)Cc4ccccc4,C27224950,inactive
3448,Cc1cccc(c1)Nc2cc3c4c5c2C(=O)N(C(=O)c5cc(c4C(=O)N(C3=O)c6cccc(c6)C)Nc7cccc(c7)C)c8cccc(c8)C,C97976823,inactive
3449,COC(=O)c1ccc(cc1)/C=C\2/C(=O)N(C(=S)S2)CCCC(=O)NNC(=O)c3cccc(c3)O,C08819582,inactive
3450,Cn1c(c(c(=O)n(c1=O)C)C(=O)CSc2nc3cc(sc3c(=O)n2CC=C)c4ccccc4)N,C21494380,inactive
3451,CSc1cc(C)[nH]c(=O)c1CNC(=O)c1c(C)n([C@H](C)[C@@H]2CCN(CC2(F)F)C2CC2)c2ncccc12,574929,active
3452,CC[NH+](CC)CCN(c1nc2ccc(cc2s1)F)C(=O)c3ccc(cc3)S(=O)(=O)N(C)Cc4ccccc4,C60209758,inactive
3453,c1ccc2c(c1)nc(n2C(=O)CCN3C(=O)/C(=C\c4cccs4)/SC3=S)SCC(=O)Nc5cccc(c5)C(F)(F)F,C97946374,inactive
3454,c1cc(ccc1NC(=O)c2c3c(n(n2)c4ccc(cc4)F)CCC3)S(=O)(=O)NCC(F)(F)F,C12735523,inactive
3455,Cc1cc(C)c(CNC(=O)c2cc(cc(N(CC(F)(F)F)C3CCOCC3)c2C)-c2ccc(CN3CCOCC3)cc2)c(=O)n1,172132,active
3456,Cc1ccc(cc1)[N-]S(=O)(=O)c2ccc(cc2)C(=O)NC[C@H](c3ccccc3OC)[NH+]4CCCC4,C12604972,inactive
3457,Cc1cc(C)c(CNC(=O)c2cc(cc3n(ncc23)C2CCCC2)-c2cccc(C[N+](C)(C)CCO)c2)c(=O)[nH]1,326086,active
3458,COc1ccc(cc1)N2C(=O)[C@H]3[C@@H]([NH2+][C@@]4([C@@H]3C2=O)c5ccccc5N(C4=O)Cc6ccccc6F)CCSC,C08439451,inactive
3459,c1ccc(c(c1)COc2ccc(cc2I)/C=N/NC(=O)CCCCCO)C#N,C59158471,inactive
3460,CC(C)[NH+]1CCc2c(sc(c2c3nc4ccccc4s3)NC(=O)C(C)(C)Oc5ccc(cc5)Cl)C1,C36628743,inactive
3461,COc1ccc2c(c1)c(c[nH]2)CCN3[C@@H](C(=C(C3=O)O)C(=O)c4cccs4)c5ccc(cc5)Cl,C35164178,inactive
3462,Cn1cc[nH+]c1[C@H](c2ccc(cc2)F)NC(=O)CCNS(=O)(=O)c3ccccc3Br,C14404867,inactive
3463,CC[C@@H](C)NS(=O)(=O)c1ccc2c(c1)[C@@H]3C=CC[C@@H]3[C@@H](N2)c4ccccc4OCc5ccccc5,C14476746,inactive
3464,c1ccc2c(c1)cccc2OC[C@@H]([NH+]3CCN(CC3)C[C@@H](O)Oc4cccc5c4cccc5)O,C19367059,inactive
3465,CC[NH+](CC(=O)Nc1ccccc1C(F)(F)F)CC(=O)Nc2c(c3c(s2)CCCC3)C(=O)OC,C16588674,inactive
3466,CNC(=O)c1cc(cc[nH+]1)Oc2ccc3c(c2)c(=O)n(c(=O)[nH]3)c4ccc(c(c4)C(F)(F)F)Cl,C85393849,inactive
3467,CC(C)CCOc1ccc(cc1)[C@H]2c3c(n[nH]c3C(=O)N2CC[NH+]4CCOCC4)c5ccc(cc5)Cl,C40343640,inactive
3468,c1cc(cc(c1)Cl)N2CCN(CC2)C[C@@H](COc3ccc(cc3)OC[C@H](CN4CCN(CC4)c5cccc(c5)Cl)O)O,C98044607,inactive
3469,COC(=O)[C@@]1([C@@H]2[C@@H]([C@H]([NH2+]1)c3cccs3)C(=O)N(C2=O)c4ccc5c(c4)OCCO5)Cc6ccc(cc6)O,C12498032,inactive
3470,COC(C1CCN(C1)C(=O)CO)c1cc(Cl)c2CCN(Cc3c(C)cc(C)[nH]c3=O)C(=O)c2c1Cl,435604,active
3471,c1ccc2c(c1)-c3ccccc3C2N4CCN(CC4)C[C@H](COc5ccc(cc5)OC[C@H](CN6CCN(CC6)C7c8ccccc8-c9c7cccc9)O)O,C49763202,inactive
3472,c1ccc(cc1)C[NH+]2CCc3c(sc(n3)NC(=O)/C(=C/c4ccc(o4)c5ccc(cc5Cl)Cl)/C#N)C2,C02350174,inactive
3473,CC(C)(C)c1ccc(cc1Br)C(=O)NNC(=O)c2ccc(cc2)OC,C05904588,inactive
3474,CCOc1cc(ccc1OCc2ccccc2)[C@H]3C(=C(C(=O)N3CCCn4cc[nH+]c4)[O-])C(=O)c5ccc6c(c5)C[C@H](O6)C,C97967472,inactive
3475,CC[C@@H](C)[C@@H](C(=O)N1CC[NH+](CC1)C/C=C/c2ccccc2)NC(=O)Nc3ccccc3F,C34969889,inactive
3476,CC(CNC(=O)Nc1ccc(C(C)(C)C)cc1)CN(C)C[C@H]1O[C@@H](n2cnc3c(N)ncnc32)[C@H](O)[C@@H]1O,CHEMBL4460191,inactive
3477,CCN(C1CCOCC1)c1cc(Cl)cc(C(=O)NCc2c(cc(C)[nH]c2=O)C(F)(F)F)c1C,50149901,active
3478,Cn1cc[nH+]c1[C@H](c2ccc(cc2)Cl)NC(=O)c3ccc(c(c3)NC(=O)c4cccs4)Cl,C16261874,inactive
3479,CCCCN(C)S(=O)(=O)c1ccc(cc1)C(=O)Nc2c(c3c(s2)C[NH+](CC3)CC)C(=O)NC,C08920474,inactive
3480,Cc1ccc(cc1)C2=NN([C@H](C2)c3ccc(cc3)Cl)C(=[NH2+])S[C@@H]4CC(=O)N(C4=O)c5ccc(cc5)Cl,C59706163,inactive
3481,c1ccc(cc1)OCC(=O)Nc2ccc(cc2)N3CCC(CC3)[NH2+]C4Cc5ccccc5C4,C14985189,inactive
3482,COc1ccc(cc1)CC/[NH+]=C(/Nc2ccc(cc2)F)\S[C@H]3CC(=O)N(C3=O)c4cccc(c4)Cl,C59491179,inactive
3483,c1ccc(cc1)C[C@H](C(=O)NCc2ccc(c(c2)F)n3cc[nH+]c3)NC(=O)c4ccc(cc4)Cl,C68774375,inactive
3484,COC(=O)[C@@H]1C[C@@H](CN1Cc2ccccc2F)NC(=O)[C@H]3C(=c4cc(ccc4=[NH+]3)Cl)c5ccccc5,C64143681,inactive
3485,COc1ccc(cc1)c2cc3ccccc3n2C[C@H](C[NH+](Cc4ccccc4)[C@@H]5CCCC[C@@H]5O)O,C28296601,inactive
3486,c1c2c(cc(c1Cl)Cl)n(c-3nc(=O)[nH]c(=O)c3n2)C[C@@H]([C@@H]([C@@H]([C@@H](CO)O)O)O)O,C04430765,inactive
3487,CS(=O)(=O)c1ccc(cc1)NS(=O)(=O)c2ccc(c(c2)C(=O)NCCc3ccc[nH+]c3)Cl,C25597994,inactive
3488,c1ccc(cc1)C(=O)N/C(=C/[P+](c2ccccc2)(c3ccccc3)c4ccccc4)/C(=O)Nc5ccccc5N,C98216757,inactive
3489,CCN([C@H]1CC[C@@H](CC1)N(C)Cc1cccc(OCCOC)c1)c1cc(Cl)cc(C(=O)NCc2c(C)n(C)[nH]c2=O)c1C,310783,active
3490,CC(C)OC(=O)c1c2c(sc1NC(=O)c3cc4n(n3)[C@H](C[C@H](N4)c5ccc(cc5)Cl)C(F)(F)F)CCCC2,C03011472,inactive
3491,CCN(C1CCC(CC1)N1CCOCC1)c1c(CC)c(cc2n(C)ncc12)C(=O)NCc1c(C)cc(C)[nH]c1=O,516853,active
3492,C[C@H]1c2cc(c(cc2CC[NH+]1Cc3cc(ccc3OC)/C=N/NC(=O)c4cc([nH]n4)C(C)(C)C)OC)OC,C02946107,inactive
3493,Cc1cc(=O)n2c3ccccc3n(c2c1C#N)C[C@@H](CN4CC[NH+](CC4)C(c5ccccc5)c6ccccc6)O,C20481408,inactive
3494,COc1ccc(cc1)[C@@H](CNC(=O)c2cccc(c2)S(=O)(=O)Nc3ccc(cc3)OC)[NH+]4CCCCC4,C33025988,inactive
3495,CCN([C@H]1CC[C@@H](CC1)N(C)C)c1cc(cc(C(=O)NCc2c(C)[nH][nH]c2=O)c1C)-c1ccc(OCCOC)cc1,310743,active
3496,c1cc(ccc1NC(=O)CNc2cc(ccc2[NH+]3CCCCCC3)S(=O)(=O)N4CCOCC4)F,C62481397,inactive
3497,C[C@@H](C(=O)NNC(=O)c1ccccc1)Sc2nc3c(c4c(s3)CCCC4)c(=O)n2C5CCCC5,C09125952,inactive
3498,CC[C@H]1C/C(=C\c2ccc(c(c2)OC)OC)/C3=C(C1)[C@H](C(=C(O3)[NH3+])C#N)c4ccc(c(c4)OC)OC,C39324428,inactive
3499,c1ccc(c(c1)NS(=O)(=O)c2cccc(c2)C(=O)Nc3ccc(cc3F)F)F,C15564116,inactive
3500,COc1cc(cc(c1O)/C=N/NC(=O)c2cccc(c2)I)Cl,C83316579,inactive
3501,CCCC\1=NN(C(=O)/C1=C(\C)/NNC(=O)C(c2ccccc2)c3ccccc3)c4ccc(cc4)OC,C20286933,inactive
3502,c1cc(ccc1[C@@H]2C[C@H](n3c(c(c(n3)C(=O)N4CC[NH+]5CCC[C@@H]5C4)Cl)N2)C(F)(F)F)Br,C08444783,inactive
3503,Cc1cccc2c1[nH+]c(nc2NCc3ccccc3F)CNS(=O)(=O)c4ccc(s4)C,C20539351,inactive
3504,c1cc(ccc1C(F)(F)F)NC(=O)N2CCC(CC2)NC(=O)C3CCCCC3,C62373274,inactive
3505,Cc1c(c(=O)n(n1C)c2ccccc2)/[NH+]=C\c3ccc(cc3)O[C@H](C(Cl)(Cl)Cl)NC(=O)C,C01202832,inactive
3506,c1ccc2=[NH+]CC(=c2c1)[C@H](CNC[C@@H](COCc3ccc4c(c3)OCO4)O)c5ccccc5Cl,C63234697,inactive
3507,CC(C)C[C@@H](C(=O)N[C@@H](Cc1ccccc1)C(=O)OCc2ccccc2)NC(=O)[C@H](CCSC)NC=O,C25763016,inactive
3508,c1ccc(cc1)/N=N/c2ccc(cc2)NC(=S)N[C@@H](C(Cl)(Cl)Cl)NC(=O)c3cccc(c3)Cl,C06142570,inactive
3509,Cc1cc(C)c(CNC(=O)c2cc(cc3n(ncc23)C2CCCC2)C2=CCNCC2)c(=O)[nH]1,326143,active
3510,Cc1ccc(cc1)n2c(nnc2SCC(=O)N/N=C/c3cc(c(c(c3)OC)O)OC)c4ccc(cc4)Cl,C00863902,inactive
3511,Cc1ccc(o1)CN(CCc2ccc(c(c2)OC)OC)C(=O)CN(CC[NH+]3CCCCC3)C(=O)c4ccc(c(c4)Cl)Cl,C98019702,inactive
3512,c1cc(c(c(c1)Cl)Cl)OCC(=O)N/N=C/c2ccc(cc2OC(=O)c3ccc(cc3)Cl)OC(=O)c4ccc(cc4)Cl,C04302885,inactive
3513,CN(C)Cc1ccc(cc1)-c1cc(N(C)C2CCNCC2)c(C)c(c1)C(=O)NCc1c(C)cc(C)[nH]c1=O,172023,active
3514,CCCc1c(c(nc([nH+]1)c2cc(c(o2)Br)Br)N)I,C97624994,inactive
3515,CC(C)n1ncc2c(cc(nc12)-c1ccc(nc1)N1CCN(CC1)C(=O)OC(C)(C)C)C(=O)NCc1c(C)cc(C)[nH]c1=O,325850,active
3516,CCCC[C@@H](CC)CN1C(=O)/C(=C/2\c3ccccc3N(C2=O)CC(=O)NCCc4ccccc4)/SC1=S,C98216983,inactive
3517,CCOC(=O)c1c(c2cc(ccc2[nH]1)F)NC(=O)C[NH+]3CCc4ccccc4[C@@H]3CN5C(=O)c6ccccc6C5=O,C01292347,inactive
3518,CC(C)c1cccc(c1)N/C(=N/C(=O)c2ccc(cc2)C(F)(F)F)/NCc3cc[nH+]cc3,C45940528,inactive
3519,Cc1ccc([nH+]c1)NC(=O)C2[C@H](C3C(=NC2=C)C[C@H](CC3=O)c4ccccc4)c5ccc(c(c5)COc6ccccc6C(=O)N)OC,C08440528,inactive
3520,c1ccc(cc1)c2csc3c2c([nH+]c(n3)SCC(=O)c4ccccc4)N,C12324155,inactive
3521,c1ccc2c(c1)c(c(s2)C(=O)Oc3ccc(cc3)/C=N/NC(=O)C(=O)Nc4ccccc4C(=O)Nc5ccc(cc5)Cl)Cl,C04259524,inactive
3522,CCOc1cccc(c1O)[C@H]2[C@@H]3[C@H](C(=O)N(C3=O)Cc4ccccc4)[C@@]([NH2+]2)(Cc5c[nH+]c[nH]5)C(=O)[O-],C15240810,inactive
3523,C[C@H]1C[C@@H]([C@@H]([C@@H](O1)O[C@@H]2[C@@H](COCCC(=O)[C@@H]([C@@H]([C@@H]([C@@H](OC(=O)[C@@H]([C@@H]([C@@H]2C)O[C@@H]3C[C@@H]([C@@H]([C@@H](O3)C)O)OC)C)C)C)O)C)C)O)[NH+](C)C,C98003608,inactive
3524,CCOC(=O)c1ccc(cc1)N2C(=O)[C@@H](N(C2=S)NC(=O)c3ccc(cc3)OC)CC(=O)Nc4ccc(cc4)F,C00720825,inactive
3525,CCN(C1CCOCC1)c1cc(\C=C\c2ccc3OCC(=O)Nc3c2)cc(C(=O)NCc2c3CCCCc3c(C)[nH]c2=O)c1C,50544781,active
3526,c1cc(ccc1S(=O)(=O)NC2CCCC2)S(=O)(=O)N3CCC(CC3)c4[nH]c5ccc(cc5n4)Cl,C12876948,inactive
3527,c1cc[nH+]c(c1)C[NH+]2CCC(CC2)c3nnc(n3C[C@H]4CCCO4)SCC5CCCCC5,C12247922,inactive
3528,Cn1c2ccccc2[nH+]c1SCC(=O)N/N=C/c3cc(c(c(c3)Br)O)Br,C58990255,inactive
3529,CCOc1ccc(cc1)c2c3c([nH]n2)OC(=C([C@H]3c4ccc(c(c4)OC)OCc5ccc(cc5)F)C#N)[NH3+],C08569313,inactive
3530,Cc1cc(n([nH+]1)[C@@H](C)C(=O)Nc2ccc(cc2Cl)NC(=O)c3ccc[nH+]c3N4CCCCC4)C,C72038664,inactive
3531,CC(C)C[NH+](Cc1c(nn(c1Oc2ccccc2F)C)c3ccccc3)C[C@@H](COCc4ccccc4)O,C36306625,inactive
3532,c1cc(c([nH+]c1)N)c2cncn2c3cc(ccc3Br)Br,C97020606,inactive
3533,Cc1ccc(cc1)C2=NN([C@@H](C2)c3ccc(cc3)Cl)C(=[NH2+])S[C@@H]4CC(=O)N(C4=O)c5ccc(cc5)F,C08440307,inactive
3534,COc1ccc(c(c1)OC)NC(=O)CSc2c(nc(o2)c3ccc(cc3)F)S(=O)(=O)c4ccc(cc4)F,C01056816,inactive
3535,COc1ccc(cc1/C=N/NC(=O)[C@H](CCCCNC(=O)c2ccccc2)[NH+]3CCCCC3)Br,C33959563,inactive
3536,CN1CCc2cc(c(cc2[C@H]1Cc3ccc(c(c3Oc4cc5c(cc4OC)-c6c7c(cc(c6O)OC)CN(C[C@@H]7C5)C)OC)OC)OC)OC,C98003565,inactive
3537,CC1(O[C@H]2[C@@H](O[C@H]([C@H]2O1)n3cnc4c3ncnc4N)COC(c5ccccc5)(c6ccccc6)c7ccccc7)C,C98216605,inactive
3538,CCOc1ccc(cc1OCC)[C@@H]2C(=C(C(=O)N2CC[NH+](C)C)O)C(=O)c3ccc(cc3)Br,C20219486,inactive
3539,C1CN(CCN1CCCNC(=O)CC23CC4CC(C2)CC(C4)C3)CCCNC(=O)CC56CC7CC(C5)CC(C7)C6,C19840599,inactive
3540,CN(Cc1ccc(o1)Br)C(=O)c2ccc3c(c2)nc[nH]3,C37501811,inactive
3541,C[C@H](C(=O)Nc1ccc(cc1)C(=O)C)[NH+]2CCC(=CC2)c3c[nH]c4c3cccc4,C32753099,inactive
3542,c1cc([nH]c1[C@H]2CC[C@H](N2C(=O)C(Cl)(Cl)Cl)c3ccc([nH]3)C(=O)C(Cl)(Cl)Cl)C(=O)C(Cl)(Cl)Cl,C98228333,inactive
3543,Cc1ccccc1S(=O)(=O)N2CC[C@@]3(C2)C(=Nc4c(cccn4)N3)NCc5ccccc5,C96309997,inactive
3544,c1ccc2c(c1)n(c(=[NH2+])n2C[C@H](COc3ccc(cc3Cl)Cl)O)CC[NH+]4CCOCC4,C08837740,inactive
3545,C[C@H](C(=O)N[C@@H]1CCCc2c1cccc2)Sc3c4c(nc(n3)C(C)(C)C)n(c(=O)n(c4=O)C)C,C12779550,inactive
3546,CCOC(=O)c1ccc(cc1)/N=C\2/N(C(=O)C[C@H](S2)C(=O)Nc3ccc(cc3)F)CCc4ccc(c(c4)OC)OC,C97959688,inactive
3547,CC(C)n1ncc2c(cc(nc12)-c1ccc(CN(C)CCN2CCCC2)cc1)C(=O)NCc1c(C)cc(C)[nH]c1=O,325825,active
3548,Cc1ccc(cc1)S(=O)(=O)/N=C(\C[NH+]2CCCC2)/N3CCN([C@@H]3c4ccc(cc4)OC)S(=O)(=O)c5ccccc5,C33354037,inactive
3549,COc1ccc(cc1)c2csc([n+]2/N=C/c3ccc(c(c3)O)O)Nc4ccccc4C(F)(F)F,C95950973,inactive
3550,CCOC(=O)[C@H]1CC[C@]2([C@@]1(C[C@H]([C@@H]3[C@@H]2CC[C@@]4([C@@]3([C@@H](C[C@@H](C4)OC(=O)C)O)COC(=O)C)O)OC(=O)C)C)O,C98222351,inactive
3551,Cc1c(sc(n1)c2ccccc2)C(=O)NNC(=O)[C@H]3CCCN3S(=O)(=O)c4ccc(cc4)F,C16177095,inactive
3552,CCOC(=O)c1c(csc1NC(=O)C[NH2+]C[C@H]2CCCO2)c3ccc(cc3)c4ccccc4,C12413711,inactive
3553,Cc1cc(C)c(CNC(=O)c2cc(-c3cnn(C)c3)cc(N(C)C3CCCCC3)c2C)c(=O)[nH]1,CHEMBL3697406,active
3554,CC(C)n1ncc2c(cc(cc12)-c1ccc(nc1)N1CCN(CCNC(=O)CC23CC4CC(CC(C4)C2)C3)CC1)C(=O)NCc1c(C)cc(C)[nH]c1=O,50562609,active
3555,C/C=C/c1ccc(c(c1)OC)OCCCCn2c3ccccc3[nH+]c2[C@@H](C)NC(=O)Cc4ccc(cc4)OC,C40194856,inactive
3556,Cc1cccc(c1)OCCCn2cc(c3c2cccc3)/C=C\4/C(=[NH2+])N5C(=[NH+]SC5=NC4=O)S(=O)(=O)C,C20206036,inactive
3557,Cc1cc(C)c(CN2CCc3c(C)cc(C(CO)C4CCOCC4)c(Cl)c3C2=O)c(=O)[nH]1,435591,active
3558,CC[NH+](CC)CCOC(=O)c1ccc(cc1)N/C=C(/C#N)\c2nc(cs2)c3ccc(cc3)C4CCCCC4,C09009867,inactive
3559,C[C@@H](c1[nH+]c2ccccc2c(n1)NCc3ccccc3OC)N4CCN(CC4)S(=O)(=O)c5ccc(cc5)F,C98230940,inactive
3560,COc1ccccc1C[C@]2(C(=O)NC(=O)N(C2=O)Cc3ccccc3)C[NH+]4C[C@H]5C[C@@H](C4)c6cccc(=O)n6C5,C70669803,inactive
3561,C[C@H]1[C@@H]2[C@@H]([NH2+]C[C@@]2([C@@H]([C@@H](C1=C)O)/C=C/C[C@@H](C)CCC[C@@H](CCCO)O)O)Cc3ccccc3,C96332113,inactive
3562,Cc1ccc(cc1)NS(=O)(=O)c2ccc(cc2)NC(=O)/C(=C/c3ccc(c(c3)OS(=O)(=O)c4ccc(cc4)NC(=O)C)OC)/C#N,C03991858,inactive
3563,COC(=O)[C@@H]1Cc2c3ccccc3[nH]c2[C@@H]4[NH+]1[C@@H](C[C@H](C4)NCCc5c[nH]cn5)c6ccccc6F,C20504090,inactive
3564,COc1ccc(c(c1)OC)Cn2c(nnc2[C@H](CC3=c4ccccc4=[NH+]C3)NC(=O)c5ccccn5)CCc6ccccc6,C64859441,inactive
3565,C[C@H]1Cc2cc(ccc2O1)C(=O)C3=C(C(=O)N([C@H]3c4ccc(cc4)Br)CCCn5cc[nH+]c5)O,C15934763,inactive
3566,Cc1ccc[nH+]c1NC(=O)[C@@H](Cc2ccccc2)NS(=O)(=O)c3ccc4c(c3)C[C@H](N4C(=O)C)C,C09118177,inactive
3567,c1cc[nH+]c(c1)CCNC(=O)c2cccc(c2)Nc3c(cnn(c3=O)c4cccc(c4)Cl)Oc5ccc(cc5)Cl,C98015458,inactive
3568,COc1ccc2c(c1OC)C(=O)O[C@H]2N3[C@@H](CCC3=O)C(=O)Nc4ccc(cc4Br)Br,C70680805,inactive
3569,COc1ccc(cc1)c2nnc(n2c3ccc(cc3)OC)SCC(=O)N/N=C/c4ccc(c(c4)OC)OCc5ccccc5,C98219002,inactive
3570,CC1=C2[C@H]([C@@H]([C@@]3([C@@H](C[C@@H]([C@]4([C@H]3[C@@H]([C@](C2(C)C)(C[C@@H]1OC(=O)C)O)OC(=O)C)CO4)OC(=O)C)OC(=O)C)C)OC(=O)C)OC(=O)C,C95100855,inactive
3571,c1cc(cc(c1)C(F)(F)F)COc2ccsc2C(=O)N/[NH+]=C(/COc3ccc(cc3)Cl)\N,C20405178,inactive
3572,CCc1ccc(cc1)N2C(=O)[C@](C(=O)NC2=O)(Cc3ccc(cc3)C(C)C)C[NH+]4C[C@H]5C[C@@H](C4)c6cccc(=O)n6C5,C70670068,inactive
3573,CCCOc1cccc(c1)[C@H]2C(=C(C(=O)N2c3nc(c(s3)C(=O)OCC=C)C)O)C(=O)c4ccc5c(c4)C[C@H](O5)C,C97969168,inactive
3574,COC(=O)c1ccc(cc1)[C@H]2[NH2+][C@H](CC(=N2)c3cccc(c3)Br)c4cc(ccc4O)Cl,C09542800,inactive
3575,Cc1ccccc1COc2ccc(cc2)/C(=C/3\[C@H](N(C(=O)C3=O)CCC[NH+]4CCOCC4)c5ccc[nH+]c5)/O,C09244228,inactive
3576,Cc1cccc([nH+]1)N[C@H](c2cccc(c2)Cl)c3c(c(sc3NC(=O)c4ccco4)C)C,C38547564,inactive
3577,COc1ccc(cc1)c2csc3c2c(=O)n(c(n3)SCC(=O)Nc4nc(ns4)c5ccccc5)CC=C,C02890689,inactive
3578,Cc1c(sc(c1C(=O)NC(=O)OC)NC(=O)c2ccc(s2)Br)C,C16689830,inactive
3579,Cc1ccc2c(c1C)NC(=O)[C@@]23[C@@H]4[C@H]([C@H]([NH2+]3)CCSC)C(=O)N(C4=O)CCc5ccccc5,C15967871,inactive
3580,C[C@]12CC[C@@H]([C@@]([C@@H]1CC[C@]3([C@H]2CC=C4[C@@]3(CC[C@@]5([C@H]4[C@@H](C(CC5)(C)C)O)C(=O)O[C@@H]6[C@@H]([C@@H]([C@@H]([C@@H](O6)CO)O)O)O)C)C)(C)C(=O)[O-])O,C67912215,inactive
3581,CCOC(=O)c1c([nH]c(c1S(=O)(=O)N2CCC[C@@H](C2)C(=O)N3CCN(CC3)c4ccc(cc4)Cl)C)C,C08608005,inactive
3582,c1ccc(c(c1)C(=O)NCC(=O)N/N=C/c2ccc(cc2)OC(=O)c3cccc(c3)F)Br,C15134387,inactive
3583,CN(C)C(=O)N1CCC(CC1)n1ncc2c(cc(Br)nc12)C(=O)NCc1c(C)cc(C)[nH]c1=O,50149706,active
3584,CC(C)(C)[C@H]1CC=C2[C@@H](C1)[C@H](C(C(=C2C#N)[NH3+])(C#N)C#N)c3ccc(c(c3)F)F,C16037126,inactive
3585,CC(C)C[C@H]1C(=O)N(C2([NH2+]1)CCN(CC2)S(=O)(=O)c3ccc(cc3)F)Cc4cccc(c4)C(F)(F)F,C36032824,inactive
3586,Cc1cccc(c1)N2C(=O)[C@@H]3[C@@H]([NH2+][C@]4([C@@H]3C2=O)c5cc(ccc5NC4=O)F)Cc6ccc(cc6)O,C16009989,inactive
3587,CC(C)(C)c1c2c(n(n1)c3ccc(cc3)F)N(C(=O)CS[C@H]2c4cccs4)CC(=O)NCC[NH+](C)C,C37425955,inactive
3588,Cc1cc(ccc1S(=O)(=O)NC[C@H](c2ccc3c(c2)OCO3)[NH+]4CCN(CC4)c5ccccc5F)OC,C38621003,inactive
3589,CSc1cc(C)[nH]c(=O)c1CNC(=O)c1c(C)n([C@H](C)C2CCN(CC(F)(F)F)CC2)c2cc(Br)ccc12,575003,active
3590,Cc1c(nc(s1)NC(=O)[C@@H](C)Sc2ccc(cc2)NS(=O)(=O)c3ccccc3)c4ccccc4,C22834108,inactive
3591,Cc1ccc(cc1)NC(=O)CSc2ccccc2C(=O)NC[C@@H](c3cccs3)[NH+]4CCCC4,C09766885,inactive
3592,Cc1cc(nc2c1cc(cc2)NC(=S)NCCCN3CCN(CC3)c4ccc(cc4)F)N5CCN(CC5)C,C20153847,inactive
3593,COc1ccc2cc(ccc2c1)C(=O)C3=C(C(=O)N([C@H]3c4ccc(cc4)C(=O)OC)CCCn5cc[nH+]c5)O,C39847826,inactive
3594,COC(=O)[C@@H]1C(=c2cc(ccc2=[NH+]1)Br)NC(=O)CN3CCN(CC3)c4ccc(cc4)Cl,C38583289,inactive
3595,c1ccc(c(c1)c2nc(c(o2)NCC[NH+]3CCOCC3)S(=O)(=O)c4ccc(cc4)Br)F,C39845848,inactive
3596,COc1cc(cc(c1OC)OC)c2nnc(n2c3ccc(cc3)F)SCC(=O)Nc4ccc(cc4)Br,C01283058,inactive
3597,Cc1ccccc1CN2c3ccccc3-c4c(cnc(n4)SCC(=O)Nc5ccccc5OC)S2(=O)=O,C08619426,inactive
3598,C[C@@H](c1nncn1C)N[C@H]2CCOc3c2cc(cc3Cl)Cl,C37293858,inactive
3599,CC[C@H](C(=O)Nc1ccc2c(c1)sc(n2)SCC(=O)NCc3ccco3)Sc4[nH+]ccn4C,C59853972,inactive
3600,Cc1cccn2c1nc(c(c2=O)/C=C\3/C(=O)N(C(=S)S3)CCc4ccccc4)NCc5ccc6c(c5)OCO6,C02390582,inactive
3601,CC(C)n1ncc2c(cc(nc12)-c1cccc(c1)C(=O)NCCCN(C)C)C(=O)NCc1c(C)cc(C)[nH]c1=O,325817,active
3602,Cc1cc2c(c(=O)[nH]1)CNC(=O)c1cc(Cl)cc(O[C@H]3CC[C@H](N(C)C)CC3)c1C/C=C/CCC2,CHEMBL3394230,active
3603,CSCC[C@H](C(=O)Nc1c(c(c(n1Cc2ccco2)c3ccccc3)c4ccccc4)C#N)N5C(=O)c6ccccc6C5=O,C97999838,inactive
3604,Cc1ccc(cc1)C2=NN([C@H](C2)c3ccc(cc3)Br)C(=[NH2+])S[C@@H]4CC(=O)N(C4=O)c5ccc(cc5)OC,C08425595,inactive
3605,CC[C@@H]([C@H]1C(=NN(C1=O)c2nc3ccccc3s2)CSc4ccc(cc4)Cl)[NH2+]CCc5c[nH]cn5,C20573354,inactive
3606,c1ccc(cc1)[C@H](CC(=O)Nc2ccc(cc2)c3cn4c([nH+]3)CCCC4)NC(=O)c5ccccc5Cl,C68729075,inactive
3607,CN(Cc1ccccc1Br)C(=O)CSc2nnc(n2N)c3ccccc3,C97569380,inactive
3608,[H]/N=C\1/C(=C/c2cc(c(c(c2)Br)OCCOc3ccccc3C)OC)/C(=O)N=C4N1N=C(S4)CCC,C08452987,inactive
3609,Cc1cc(ccc1NC(=O)C[NH+](C)CC(=O)Nc2cc(nn2c3ccccc3)C)Br,C12992552,inactive
3610,c1ccc(cc1)CC2CC[NH+](CC2)[C@H](c3cccc(c3)Br)c4c(n5c(s4)nc(n5)c6ccco6)O,C97992510,inactive
3611,CN(C)Cc1ccc(cn1)-c1cc(N(C)[C@@H]2CC[C@H](N)CC2)c(C)c(c1)C(=O)NCc1c(C)cc(C)[nH]c1=O,172046,active
3612,CC(=O)NCCc1ccc(cc1)S(=O)(=O)Nc2ccccc2C(=O)Nc3cccc(c3)Cl,C01441125,inactive
3613,C1CC[NH+](CC1)Cc2nc(c3c4c(sc3n2)CCCC4)NCCCC[NH+]5CCC(CC5)C(=O)N,C32916223,inactive
3614,Cc1c2c(n(n1)c3ccccc3)[NH+]=C4C(=Nc5ccccc5N4[C@H]2c6ccc(cc6)C(=O)OC)Nc7ccc(cc7OC)OC,C01861726,inactive
3615,CCN([C@H]1CC[C@@H](CC1)N(C)C)c1cc(cc(C(=O)NCc2c(C)cc(C)[nH]c2=O)c1C)-c1nccs1,172160,active
3616,Cc1c(c(=O)n(n1C)c2ccccc2)NC(=O)CN(c3cccc(c3)Br)S(=O)(=O)c4ccccc4,C00656737,inactive
3617,CCN(c1cc(-c2ccc(CN(CCO)CCO)cc2)cc(C(=O)NCc2c(C)cc(C)[nH]c2=O)c1C)C1CCOCC1,CHEMBL3697489,active
3618,CC(C1CNC1)c1cc(Cl)c2CCN(Cc3c(C)cc(C)[nH]c3=O)C(=O)c2c1Cl,435683,active
3619,C[C@@H]1CCC[C@H]([C@@H]1C)NC(=O)[C@@H]2[C@@]34C=C[C@@H](O3)[C@@H]([C@@H]4C(=O)N2CC[NH+]5CCCC[C@@H]5C)C(=O)Nc6ccc(cc6)OC,C38147077,inactive
3620,CCOCCOc1cccc(c1)C(=O)NC(=S)Nc2ccc(cc2)S(=O)(=O)NCCc3ccccc3,C10121546,inactive
3621,CC1(C)CC(NC(=O)c2cc(F)c(Oc3ccccc3C#N)c(Br)c2)CC(C)(C)N1,CHEMBL3264781,active
3622,c1cc(ccc1C(=O)Nc2nc3ccc(cc3s2)F)N4CCCC4=O,C12847667,inactive
3623,CCc1cccc2c1NC(=O)[C@@]23[C@@H]4[C@H]([C@H]([NH2+]3)CCSC)C(=O)N(C4=O)CCc5ccccc5,C15959286,inactive
3624,CC(C)C[NH+](Cc1ccc(o1)C(=O)OC)CC(=O)N(CCc2c[nH]c3c2cccc3)Cc4ccc(c(c4)Cl)Cl,C98020066,inactive
3625,c1ccc(cc1)C[C@H]2C(=O)N(C3([NH2+]2)CCN(CC3)S(=O)(=O)c4cccc5c4nccc5)C[C@H]6CCCO6,C36027365,inactive
3626,c1ccc(cc1)C(c2ccccc2)[NH+]3CCN(CC3)C(=S)Nc4ccc(cc4)S(=O)(=O)Nc5ncccn5,C59771676,inactive
3627,Cc1ccc(c(c1)C)n2c(=O)c3ccccc3nc2SCC(=O)c4c(n(c(=O)n(c4=O)C)C)N,C03333229,inactive
3628,Cc1ccc(cc1)NC2=Nc3ccccc3N4C2=[NH+]c5c(c(nn5c6ccccc6)C)[C@@H]4c7cccc(c7OC)OC,C02596314,inactive
3629,CCN(C1CCOCC1)c1cc(\C=C\c2ccc(CN3C[C@H](C)O[C@H](C)C3)c(F)c2)cc(C(=O)NCc2c3CCCCc3c(C)[nH]c2=O)c1C,50544770,active
3630,CC[NH+](CC)CCNC(=O)/C(=C/c1cn(c2c1cccc2)S(=O)(=O)N(C)C)/NC(=O)c3ccc(cc3)OC,C08766793,inactive
3631,COC(=O)c1c(c2ccc(nc2s1)C[NH+]3CCCC[C@H]3CCO)NC(=O)/C=C/c4ccc(cc4)F,C11785696,inactive
3632,Cc1ccc(cc1)c2nnc(n2c3ccc(cc3)C)SCC(=O)N/[NH+]=C/c4cccc(c4O)CC=C,C02358540,inactive
3633,CCOC(=O)c1c(c(c(s1)NC(=O)CSc2c(c(c3c([nH+]2)CCCC3)c4ccc(cc4)OC)C#N)C#N)C,C08451113,inactive
3634,C[C@@H](C(=O)NC(=O)NC1CCCCC1)N2CCN(CC2)S(=O)(=O)c3ccc(cc3)C(F)(F)F,C12698029,inactive
3635,CC(=O)Nc1ccc(cc1)N([C@H](c2ccc(cc2)F)C(=O)NC3CCCCC3)C(=O)[C@@H]4COc5ccccc5O4,C00930836,inactive
3636,c1ccc(c(c1)/C=N/NC(=O)CNC(=O)c2ccc(cc2)Cl)OCc3ccc(cc3)Br,C04230316,inactive
3637,CCOc1ccc(cc1)[C@@H]2c3c(nn(c3[NH+]=C4N2c5ccccc5N=C4Nc6cccc(c6)F)c7ccccc7)C,C02324305,inactive
3638,CNC(=O)c1c2c(sc1NC(=O)c3cn4ccsc4n3)CCCC2,C63844723,inactive
3639,Cc1ccc(cc1)C2=NN([C@H](C2)c3ccc(cc3)Cl)C(=[NH2+])S[C@@H]4CC(=O)N(C4=O)c5cc(cc(c5)Cl)Cl,C08440314,inactive
3640,Cc1ccc(cc1C)S(=O)(=O)Nc2ccc(c(c2)S(=O)(=O)Nc3ccc(cc3)OC)N4CCCCC4,C25396162,inactive
3641,CC1(Cc2c(c(sc2C([NH2+]1)(C)C)NC(=O)CCCS(=O)(=O)c3ccc(cc3)F)C(=O)OC)C,C09914357,inactive
3642,C[C@H]1[C@@H]([C@H]([C@H]([C@@H](O1)Oc2c(=O)c3c(cc(c(c3oc2c4ccc(cc4)OC)CC=C(C)C)O[C@@H]5[C@H]([C@@H]([C@H]([C@@H](O5)CO)O)O)O)O)O)O)O,C08382399,inactive
3643,Cc1cccc(c1)c2c(cn(n2)c3ccccc3)[C@H]4CC(=NN4C(=O)C[NH2+]CCO)c5cccs5,C95116579,inactive
3644,CCOc1ccc(cc1OCC)NC(=O)C[NH+](C)[C@@H](C)C(=O)Nc2c(c3c(s2)CCCCC3)C#N,C21671147,inactive
3645,COc1ccc(cc1OC)c2cc(nc(n2)S(=O)(=O)CCCC(=O)Nc3ccccc3SC)C(F)(F)F,C03655088,inactive
3646,CC1=NC(=C([C@H](C1C(=O)Nc2ccccc2)c3cc[nH+]cc3)C#N)SCC(=O)Nc4cccc(c4)C(F)(F)F,C08411353,inactive
3647,CNC(=O)CSc1nc(c(s1)NC(=O)[C@@H]2CC(=O)N(C2)c3ccc(cc3)Cl)c4ccccc4,C12892667,inactive
3648,c1cc(ccc1NC(=O)[C@H]2[C@H]3C=C[C@@]4([C@H]2C(=O)N([C@@H]4C(=O)NC5CCCCC5)C6CCCCC6)O3)Cl,C97962347,inactive
3649,CCN([C@H]1CC[C@@H](CC1)N(C)C)c1cc(cc(C(=O)NCc2c(C)cc(C)[nH]c2=O)c1C)-c1cnn(C)c1C,172152,active
3650,Cc1cc(ccc1NC(=O)COC(=O)c2cc(sc2)S(=O)(=O)N)Br,C18388267,inactive
3651,c1cc(ccc1c2nnc(o2)CSc3nnc(n3N)C(F)(F)F)Br,C08877952,inactive
3652,Cc1cc(C)c(CNC(=O)c2cc(-c3ccc(CN(C)C)cc3)nc(N3CCCCC3)c2)c(=O)[nH]1,CHEMBL3697402,active
3653,CC(C)n1ncc2c(cc(nc12)-c1ccc2OCCOc2c1)C(=O)NCc1c(C)cc(C)[nH]c1=O,50075053,active
3654,Cc1ccc(cc1)/[NH+]=c\2/c(cc3c(cnc(c3o2)C)CO)C(=O)Nc4ccc(cc4)Br,C02955709,inactive
3655,C[C@H]([C@@H](c1cccs1)[NH+]2CCN(CC2)c3ccccc3F)NC(=S)Nc4cccc(c4)OC,C39700282,inactive
3656,CCOC(=O)c1c(c(c(s1)NC(=O)CSc2c(c(cc(n2)c3ccccc3)C(F)(F)F)C#N)C#N)C,C08451107,inactive
3657,c1ccc2c(c1)OC[C@H](O2)C(=O)N/N=C/c3ccc(c(c3)I)O,C01226603,inactive
3658,c1cc(ccc1COc2ccc(cc2)/C=N/NC(=O)CSc3nnc(s3)N)Br,C40947241,inactive
3659,c1ccc(cc1)c2ccc(cc2)C(=O)CCC(=O)Nc3ccc(cc3)S(=O)(=O)Nc4nccs4,C09367416,inactive
3660,CC(C)Cc1c2c(c3c4c(c(=O)n(c(n4)NCCO)c5cccc(c5)Cl)sc3[nH+]1)CCC2,C13541754,inactive
3661,C[C@@H]1[C@@H]([C@@H](C[C@@H](O1)O[C@H]2CC[C@@]3([C@H]4CC[C@@]5([C@H](CC[C@@]5([C@@H]4CC[C@@]3(C2)O)O)C6=CC(=O)OC6)C)/C=[NH+]/Cc7ccco7)O)O,C70673485,inactive
3662,C/C=C(\C)/CNc1cc2c(c(n(c2[nH+]c1)CCc3c[nH]c4c3cccc4)C(=O)OC)NC(=O)COC,C14753868,inactive
3663,c1ccc2c(c1)c(c[nH]2)CCN3[C@H](c4c(n[nH]c4C3=O)c5ccc(cc5)Br)c6cccnc6,C36619665,inactive
3664,C[C@@H]1C[C@@]2(CC(C1)(C)C)C(=O)N(C(=O)N2)CC(=O)Nc3cccc(c3)S(=O)(=O)/N=C\4/CCCN4,C12675732,inactive
3665,C[C@@H]1C[C@H]2[C@@H]([NH+]=C([NH+]=C2/C(=C/c3cc(c(c(c3)OC)OC)OC)/C1)[S-])c4cc(c(c(c4)OC)OC)OC,C34853713,inactive
3666,C=CCn1c(nnc1SCC(=O)Nc2c(cc(cc2Br)F)F)[C@H](CO)NC(=O)c3ccccc3,C01076081,inactive
3667,CC1=C([C@@H]([C@@H](C(=N1)SCC(=O)c2ccc(cc2)Br)C#N)c3ccccc3Cl)C(=O)Nc4ccccc4OC,C08400434,inactive
3668,c1ccc(cc1)C[NH+]2CCc3c(sc(c3c4nc5ccccc5s4)NC(=O)c6ccc(cc6)S(=O)(=O)N7CCCCC7)C2,C97963489,inactive
3669,CCc1ccc(cc1)NC(=O)CSc2ncc(c(n2)N)S(=O)(=O)c3ccc(s3)Cl,C45925032,inactive
3670,CCOc1ccccc1NC(=O)C(=O)NC[C@@H](c2ccc3c(c2)CCCN3C)[NH+](C)C,C09135440,inactive
3671,CCOc1cccc2c1nc(s2)n3c(cc(n3)C)NC(=O)[C@@H]4CCCN4S(=O)(=O)c5ccc(cc5)C,C21686467,inactive
3672,CC(C)OC(=O)C1=c2n(c(=O)/c(=C\c3ccc(cc3)C(=O)OC)/s2)C(=C([C@@H]1c4ccc(cc4)C(=O)OC)C#N)N,C97968570,inactive
3673,CC(C)(C)CC(C)(C)[NH2+]Cc1cc(c(c(c1)Br)OC[C@@H](c2ccc3c(c2)OCO3)O)OC,C20877074,inactive
3674,CCCC[NH+](C)CCN1[C@@H]([C@@]23C=C[C@@H](O2)[C@@H]([C@@H]3C1=O)C(=O)Nc4ccc(cc4)OC)C(=O)NC5CCCCC5,C36066299,inactive
3675,CC(C)n1ncc2c(cc(nc12)C1=CCN(CC1)C1CCN(C)CC1)C(=O)NCc1c(C)cc(C)[nH]c1=O,325958,active
3676,COC(=O)c1ccc(cc1)NC(=O)CSc2[nH]cc(c(=O)n2)S(=O)(=O)c3ccc(cc3)Br,C97999343,inactive
3677,CCc1cccc(c1NC(=O)C2[C@@H](C(C(=NC2=C)SCC(=O)NCc3ccccc3)C#N)c4ccco4)C,C12250146,inactive
3678,c1ccc(c(c1)C(=O)NC(=S)Nc2ccc3c(c2)ccc(=O)o3)I,C20494689,inactive
3679,CC1(C[C@H](CCO1)n2c3c(c(n2)O)[C@@H](SCC(=O)N3)c4ccc(c(c4F)F)F)C,C96118399,inactive
3680,Cc1cc(C)c(CNC(=O)c2cc(-c3ccc(N4CCN(c5ncc(C(=O)NO)cn5)CC4)nc3)cc3c2cnn3C(C)C)c(=O)[nH]1,CHEMBL5189365,active
3681,C[C@@H](C(=O)NC(=O)NC1CCCC1)Sc2nccn2c3ccc(cc3)Br,C18600920,inactive
3682,Cc1c2c(n(n1)c3ccccc3)[NH+]=C4C(=Nc5ccccc5N4[C@H]2c6ccccc6OC)Nc7ccc(c(c7)Cl)OC,C01874024,inactive
3683,CCN(C1CCOCC1)c1cc(cc(C(=O)NCc2c(C)cc(C)nc2=O)c1C)-c1ccc(C)cc1,172106,active
3684,COc1ccc(cc1CSc2c(c(cc([nH+]2)C(F)(F)F)c3ccccc3)C#N)/C=N/NC(=O)[C@@H]4C[C@@H]4c5ccccc5,C08456183,inactive
3685,c1ccc(cc1)/C=C(/C=N/NC(=O)CSc2[nH+]c3ccccc3n2Cc4ccc(cc4)Cl)\Br,C50861396,inactive
3686,c1cc(ccc1NC(=O)COc2ccc(cc2Br)Cl)S(=O)(=O)NC[C@@H]3CCCO3,C09268320,inactive
3687,c1cc(ccc1N2CCN(CC2)C(=O)c3coc(n3)C[NH+]4CCN(CC4)C[C@@H](C[NH+]5CCOCC5)O)F,C34677712,inactive
3688,Cc1ccccc1C(=O)CN2c3ccccc3C(=[NH+][C@H](C2=O)NC(=O)Nc4ccccc4F)c5ccccc5,C95929407,inactive
3689,CCN(c1cc(-c2ccc(CNC(C)C)cc2)cc(C(=O)NCc2c(C)cc(C)[nH]c2=O)c1C)C1CCOCC1,CHEMBL3697481,active
3690,CCN(c1cc(-c2ccc(N3CCC(N(C)C)CC3)nc2)cc(C(=O)NCc2c(C(C)C)cc(C)[nH]c2=O)c1C)C1CCOCC1,CHEMBL3701051,active
3691,c1cc(ccc1NC(=S)N(CCC[NH+]2CCOCC2)Cc3cc4cc5c(cc4nc3O)OCO5)F,C06445568,inactive
3692,Cn1c([nH+]c2c1cccc2)N/N=C\c3c(c(cc(c3)Br)/C=N\Nc4n(c5c([nH+]4)cccc5)C)O,C97359977,inactive
3693,COCCCN(CC(=O)N(Cc1ccc(cc1)F)Cc2cccs2)C(=O)Nc3c(cccc3Cl)Cl,C98016970,inactive
3694,CCSc1c(ccs1)[C@@H]2C(=C(N(C3=C2C(=O)C[C@H](C3)c4ccccc4)c5ccc[nH+]c5)N)C#N,C09981715,inactive
3695,CC(C)OCCCNC(=O)c1ccc(cc1)CSc2[nH+]c3cc[nH+]cc3n2Cc4ccccc4F,C08911824,inactive
3696,c1ccc(cc1)CN(Cc2ccccc2)c3c(c(nc[nH+]3)N4CCN(CC4)c5ccccc5F)N,C40709662,inactive
3697,CC(C)n1nc(C)c2c(cc(nc12)C1=CC(C)(C)NC(C)(C)C1)C(=O)NCc1c(C)cc(C)[nH]c1=O,325919,active
3698,COc1cccc(c1)NC(=O)C(=O)NC[C@@H](c2cccs2)S(=O)(=O)c3ccc(cc3)Cl,C38771128,inactive
3699,CCN(C1CCOCC1)c1cc(cc(C(=O)NCc2c(C)cc(C)[nH]c2=O)c1C)-c1ccc(C[N]2(O)CCOCC2)cc1,172131,active
3700,CCOc1ccc(cc1)C2=N[C@H]([NH2+][C@H](C2)c3cccc(c3O)OCC)c4ccc(c(c4)Br)OC,C09542613,inactive
3701,CNC(=O)[C@H]1CCN(C1)C(=O)Nc2cc(ccc2Cl)NC(=O)COC,C97815102,inactive
3702,C[C@@H]1Cc2cc(ccc2N1S(=O)(=O)c3ccc(c(c3)C(F)(F)F)F)S(=O)(=O)N,C72030532,inactive
3703,c1ccc(cc1)C/[NH+]=C(/c2c(c3n(n2)[C@H](C[C@H](N3)c4cccs4)C(F)(F)F)Br)\O,C00865761,inactive
3704,Cc1cccc(c1C)[NH+]2CCN(CC2)CCNC(=O)[C@H](C(C)C)NS(=O)(=O)c3cccs3,C63671315,inactive
3705,CC1(C[C@@H](C[C@@](C1)(C)C/N=C/C2C(=O)NC(=O)N(C2=O)Cc3ccccc3)O)C,C03832934,inactive
3706,CCC[C@H](C)N\1C(=O)[C@@H](S/C1=N/c2c(n(n(c2=O)c3ccccc3)C)C)CC(=O)Nc4ccccc4F,C13134632,inactive
3707,CCc1ccc(cc1)S(=O)(=O)N2CC[NH+](CC2)[C@@H](C)c3nc4ccccc4c(n3)Nc5cccc(c5)OC,C22052865,inactive
3708,c1cc2cccc3c2c(c1)[C@H]([C@H]3N4CC[NH+](CC4)CCO)NS(=O)(=O)c5ccc(cc5)Cl,C19811175,inactive
3709,c1ccc(c(c1)C(F)(F)F)NC(=O)CSc2[nH+]c(c(cn2)S(=O)(=O)c3cccs3)N,C16842167,inactive
3710,C=CCc1cccc(c1O)/C=N/NC(=O)CSc2nnc(n2CC=C)CNc3ccc(cc3)I,C98045855,inactive
3711,c1ccc(cc1)CN2CCN(CC2)C(=O)C3=C(C4=[NH+][C@H](C[C@H](N4N3)C(F)(F)F)c5cccs5)Cl,C19891623,inactive
3712,CC[NH+](CC)CCSCC(=O)O[C@@H]1C[C@@]([C@H]([C@@H]([C@@]23CC[C@@H]([C@]1([C@@H]2C(=O)CC3)C)C)C)O)(C)C=C,C25757055,inactive
3713,CC(C)(c1nc(no1)CSc2ccccc2Br)C(C)(C)[NH3+],C97495352,inactive
3714,COc1cccc(c1O)/C=N/c2c(c([nH+][nH]2)/N=C/c3cccc(c3O)OC)Cc4ccc(cc4)Cl,C68572104,inactive
3715,c1ccc(c(c1)CN2C[C@]34C=C[C@H](O3)[C@@H]([C@@H]4C2=O)C(=O)NCCCN5CCN(CC5)c6ccc(cc6)F)Cl,C59530963,inactive
3716,CC1=C([C@H](n2c3ccccc3[nH+]c2N1)c4ccc(cc4)C(=O)OC)C(=O)Nc5cc(c(cc5OC)Cl)OC,C98009003,inactive
3717,c1ccc(cc1)S(=O)(=O)Nc2cccc(c2)NC(=O)c3c4c(n(n3)c5ccc(c(c5)F)F)CCC4,C71958355,inactive
3718,COC(=O)[C@@H]1[C@@H](CC2=C(C1=O)[C@@H](C(=C(N2c3ccc(cc3)C(F)(F)F)N)C(=O)OC)c4cccnc4)c5ccccc5,C98006029,inactive
3719,CCOc1cccc(c1OCc2ccc(cc2Cl)Cl)[C@H]3C(=C(O[C@H]4C3=C(N=N4)C)[NH3+])C#N,C39350579,inactive
3720,c1ccc(cc1)CN2CC[NH+](CC2)CCNC(=O)CSc3c4c(c5c(cccc5s4)F)ncn3,C33010211,inactive
3721,CCCC[C@@H](CC)C(=O)Nc1ccc(cc1)[C@H]2C(=C([NH+]=C3N2CCCS3)C)C(=O)Nc4ccc(cc4)OC,C33631714,inactive
3722,Cc1c2c(n(n1)c3ccccc3)[NH+]=C4C(=Nc5ccccc5N4[C@@H]2c6ccccc6)Nc7cc(ccc7OC)OC,C02312961,inactive
3723,C[NH+]1CCN(CC1)S(=O)(=O)c2ccc(cc2)NC(=S)NC(=O)c3ccc(cc3)C(=O)OC,C10012576,inactive
3724,CC1(CC2=C([C@@H](C(=C(N2Nc3ccccc3)[NH3+])C#N)c4ccc(c(c4)OC)OCc5ccccc5)C(=O)C1)C,C02170050,inactive
3725,Cn1c2c(c(=O)[nH]c1=O)n(c([nH+]2)N/N=C/c3ccccc3)C[C@H](COc4ccc(cc4)Br)O,C08809373,inactive
3726,CCN(C1CCOCC1)c1cc(cc(C(=O)NCc2c(C)cc(C)nc2=O)c1C)-c1ccc(CN2CC(CN3CCOCC3)C2)cc1,172109,active
3727,Cc1cc(C)c(CNC(=O)c2cc(C#N)cc3c2CCN3C(C)C)c(=O)[nH]1,CHEMBL3975514,inactive
3728,CC1(CC(CC([NH2+]1)(C)C)N(Cc2ccc[nH+]c2)C(=S)Nc3cc(ccc3Cl)C(F)(F)F)C,C22742616,inactive
3729,Cc1c(sc(n1)c2ccccc2)C(=O)C3=C(C(=O)N([C@H]3c4ccc(cc4)C(C)(C)C)CCC[NH+](C)C)O,C33813557,inactive
3730,c1ccc(cc1)[C@@H](c2ccco2)N(C(=O)Nc3csc4c3CCCC4)NC(=O)C(c5ccccc5)(c6ccccc6)O,C33352992,inactive
3731,COc1ccc(cc1)c2c[nH]nc2c3ccc(cc3O)OCC[NH+]4C[C@@H]5C[C@H](C4)c6cccc(=O)n6C5,C11866405,inactive
3732,CCCOc1ccc(cc1)C(=O)Oc2ccc(cc2/C=N/NC(=O)c3ccccc3I)Br,C04347497,inactive
3733,C[NH+](C)CC[C@H](c1ccc(cc1)Cl)NC(=O)CCC(=O)Nc2ccc(c(c2)C(F)(F)F)Cl,C72243964,inactive
3734,Cc1ccc(cc1)CSc2nnc(s2)N3[C@@H](C(=C(C3=O)O)S(=O)(=O)c4ccc(cc4)C)c5ccc(cc5)Cl,C98047913,inactive
3735,c1ccc2c(c1)C=C[NH+]3[C@H]2[C@@H]4[C@H]([C@H]3C(=O)N)C(=O)N(C4=O)c5ccccc5Cl,C05278557,inactive
3736,COc1ccc(cc1OC)NC(=O)c2cnn3c2[NH+]=C(C[C@H]3c4ccccc4Br)C(=O)[O-],C65102118,inactive
3737,CSc1cc(C)[nH]c(=O)c1CNC(=O)c1c(C)n([C@H](C)C2CCC(CC2)N2CC(C2)OC2CCC2)c2ncc(Cl)cc12,575002,active
3738,COc1ccc(cc1NC(=O)Cn2c(c(c([nH+]2)SC)c3nc(no3)c4ccccc4)N)Cl,C46914244,inactive
3739,CC[NH+](CC)c1cccc(c1)Oc2cc(cc(c2)[N+](=O)[O-])NC(=O)c3cc(cc(c3I)I)I,C98001241,inactive
3740,CCC[NH+]1CCc2c(sc(c2C(=O)N)NC(=O)[C@H]3CC(=O)N(C3)c4ccc(cc4)F)C1,C36629138,inactive
3741,c1cc(oc1)CN(Cc2ccc(cc2)F)C(=O)CN(CCC[NH+]3CCOCC3)C(=O)c4ccc(c(c4)[N+](=O)[O-])Cl,C98017916,inactive
3742,CCOC(=O)C1=C(OC(=C([C@@H]1c2ccc(cc2)OC)C#N)N)CSc3c(ccc([nH+]3)c4ccccc4)C#N,C02334965,inactive
3743,COc1ccc(cc1)CCNC(=O)/C(=C\2/N(C(=O)[C@@H](S2)Cc3ccc(cc3)Br)c4ccccc4)/C#N,C97968699,inactive
3744,COc1ccc(cc1OC)CC[n+]2c(csc2Nc3ccc(cc3)Cl)c4ccc(cc4)S(=O)(=O)N5CCCCC5,C97966129,inactive
3745,c1ccc2c(c1)c(nc([nH+]2)c3cccnc3)N[C@@H](CO)[C@@H](c4ccc(cc4)[N+](=O)[O-])O,C24982214,inactive
3746,CSc1cc(C)[nH]c(=O)c1CNC(=O)c1c(C)n([C@@H](C)[C@H]2CC[C@H](N3CC(OC4CC4)C3)CC2)c2ccccc12,CHEMBL5188476,active
3747,CCOC(=O)C1[C@@H](C(=C(N=C1C)SCC(=O)N[C@@H](C)C23CC4CC(C2)CC(C4)C3)C#N)c5cccs5,C08411201,inactive
3748,[H]/N=C\1/C(=C\c2cc(c(c(c2)OC)OCCOc3ccccc3Cl)OC)/C(=O)N=C4N1N=C(S4)c5cccc(c5)C,C97958810,inactive
3749,Cc1cc(C)c(CNC(=O)c2cc(-c3cnn(CCN4CCOCC4)c3)cc(N(C)C3CCOCC3)c2C)c(=O)[nH]1,CHEMBL3697404,active
3750,Cc1c(c(n[nH]1)O)C(c2cc(c(c(c2)Br)OCC(C)C)OC)c3c([nH]nc3O)C,C96193451,inactive
3751,Cc1ccc2c(c1)[nH]c([nH+]2)SCC(=O)Nc3c(cc(cc3Br)Br)C,C59434880,inactive
3752,Cc1ccc(cc1)S(=O)(=O)N2CCC(CC2)C(=O)Nc3nc(cs3)c4ccc(cc4)NC(=O)C,C15991563,inactive
3753,CC(OCc1ccn(C)n1)c1c(C)c(cc2cccn12)C(=O)NCc1c(C)cc(C)[nH]c1=O,490142,active
3754,C[C@@H](Cc1ccc(cc1)Br)NC(=O)Cn2c(=O)c3ccccc3c(n2)O,C44574272,inactive
3755,Cc1ccc(cc1)C(=O)C2=C(C(=O)N([C@@H]2c3cccc[nH+]3)CCc4c[nH]c5c4cc(cc5)OC)O,C15920438,inactive
3756,CC(C)NS(=O)(=O)c1ccc(cc1)NC(=S)NC(=O)CCCC(=O)OCCCc2ccccc2,C14016170,inactive
3757,CCCc1cc(C)[nH]c(=O)c1CNC(=O)c1cc(cc2n(CC3CCCC3)ncc12)-c1ccc(nc1)N1CCN(CC1)C(C)C,50536557,active
3758,CCCCOc1ccc(cc1OC)[C@H]2C(=C(C(=O)N2CC[NH+](C)C)O)C(=O)c3ccc(cc3C)OCC(C)C,C35025185,inactive
3759,Cc1cc(c(n1c2ccc(cc2)O)C)/C=C/3\C(=NN(C3=O)c4ccccc4)O,C09087873,inactive
3760,COc1cc(c(c(c1O)/C=[NH+]/c2ccc(cc2)N3CCN(CC3)C(=O)c4ccco4)Br)Br,C01860883,inactive
3761,CCN([C@H]1CC[C@@H](CC1)N(C)C)c1cc(cc(C(=O)NCc2c(C)cc(C)[nH]c2=O)c1C)-c1cnc(C)cn1,172167,active
3762,CCOc1ccc(cc1OC)C2=[NH+]C(=CC3=c4ccccc4=[NH+][C@H]32)C(=O)NCCc5ccccc5F,C38563989,inactive
3763,CC(C)n1ncc2c(cc(nc12)C1CCN(CC1)C(=O)CCCN(C)C)C(=O)NCc1c(C)cc(C)[nH]c1=O,325913,active
3764,CCCCOC[C@@H](CN1CCN(CC1)c2c(c([nH+]c(n2)c3ccccc3)C)Cc4cc(ccc4C)C)O,C36340324,inactive
3765,CC(C)n1cc(C)c2c(cc(cc12)-c1ccc(cc1)N1CCNCC1)C(=O)NCc1c(C)cc(C)[nH]c1=O,50562606,active
3766,CCCCCOc1ccc(cc1)[C@H]2C(=C(C(=O)N2c3nc4ccc(cc4s3)OCC)O)C(=O)c5ccc6c(c5)C[C@H](O6)C,C97970051,inactive
3767,c1ccc(cc1)[C@@H]2C=C([NH+]=C3N2[N-]C(=N3)NC(=O)C(Cl)(Cl)Cl)c4ccccc4,C02317576,inactive
3768,CN(CC(=O)NNC(=O)/C=C\c1cccc(c1)Br)S(=O)(=O)c2ccc(cc2)Cl,C97990391,inactive
3769,CC(C)[C@@H](C(=O)Nc1ccc(cc1)OC)N(Cc2nc(cs2)c3ccccc3)C(=O)CN4c5ccccc5C(=O)C4=O,C03768035,inactive
3770,Cc1ccc(cc1)C(=O)N(CC[NH+](C)C)Cc2cc3ccc(cc3[nH+]c2c4ccccc4C)F,C14982362,inactive
3771,c1cc(sc1)CN(c2ccc3c(c2)OCCO3)C(=O)CSc4nnc(s4)N,C09873175,inactive
3772,CC(=O)N[C@H]1CC[C@H](N(C)c2cc(-c3ccc(CN4CCOCC4)nc3)cc(C(=O)NCc3c(C)cc(C)[nH]c3=O)c2C)CC1,CHEMBL3697445,active
3773,c1cc2n(c(=O)c1)C[C@H]3C[C@@H]2CN(C3)C[C@H]4C[NH+]5CC[C@H]4C[C@@H]5CNC(=S)Nc6ccc(cc6)n7cccn7,C67870843,inactive
3774,COC(CO)c1cc(Cl)c2CCN(Cc3c(C)cc(C)[nH]c3=O)C(=O)c2c1Cl,435499,active
3775,CCOc1cccc(c1O)[C@H]2CC(=N[C@@H]([NH2+]2)c3ccc(c(c3)Br)OC)c4ccc(cc4)C,C09542760,inactive
3776,c1cc(ccc1NC(=O)N2CCN(C(=O)C2)CC(=O)NCCC[NH+]3CCCCCC3)Br,C46153504,inactive
3777,c1cc(ccc1[C@H]2C[C@H](n3c(cc(n3)C(=O)Nc4cc(cc(c4)Oc5ccc6c(c5)CCC6)[N+](=O)[O-])N2)C(F)(F)F)Br,C97949087,inactive
3778,c1ccc2cc(ccc2c1)S(=O)(=O)N3CCN(CC3)c4ccc(c(c4)NCCN5CCOCC5)[N+](=O)[O-],C19842861,inactive
3779,CCN(c1cc(Cl)cc(C(=O)NCc2c(C)cc(C)n(C)c2=O)c1C)[C@H]1CC[C@H](N(C)C)CC1,CHEMBL3909934,active
3780,C[C@H]1CCc2c(sc(c2C(=O)N)NC(=O)CSc3nnc(n3C)CCc4ccccc4)C1,C14092199,inactive
3781,COc1cc2c(cc1OCc3ccccc3)[C@H]([NH2+]CC2)Cc4ccc(c(c4)O)OCc5ccccc5,C22051225,inactive
3782,C[C@@H](C(C)C)NC(=O)c1csc(n1)C[NH+](Cc2cccc(c2)C(F)(F)F)Cc3ccc4c(c3)OCO4,C35807931,inactive
3783,CNc1c(c[nH+]c(n1)N/N=C/c2cc(cc(c2OCc3ccccc3)I)I)F,C97964081,inactive
3784,CC(C)C(=O)Nc1ccc(cc1)S(=O)(=O)NC[C@H](c2ccc3c(c2)OCO3)N4CC[NH+](CC4)C,C38638967,inactive
3785,c1cnccc1c2c(c(sn2)C(=O)N3CCN(CC3)C4CCCCC4)N,C65150082,inactive
3786,CN(C1CCOCC1)c1cc(cc(C(=O)NCc2c(C)cc(C)[nH]c2=O)c1C)-c1cnn(C)c1,172005,active
3787,c1cc(cnc1)C(=O)N/N=C/c2cc(cc(c2O)I)Br,C01434032,inactive
3788,c1cc(sc1)C(=O)Nc2ccc3n(c2=O)C[C@H]4C[C@@H]3CN(C4)C(=O)Nc5ccc(cc5)F,C04259084,inactive
3789,Cc1c([nH+]c[nH]1)CSCCN/C(=C\2/C(=NN(C2=O)c3ccc(cc3)OC)c4ccc(cc4)OC)/C,C08992836,inactive
3790,CNCCN(C)Cc1ccc(cc1)-c1cc(C(=O)NCc2c(C)cc(C)[nH]c2=O)c2cnn(C(C)C)c2c1,325846,active
3791,Cc1ccc(cc1)S(=O)(=O)NC2=NC3=[NH+]C(=C[C@@H](N3N2)c4ccccc4)c5ccc(cc5)Cl,C01748368,inactive
3792,Cc1ccc(cc1)c2[nH]c(c([nH+]2)S(=O)(=O)c3ccccc3)SCC(=O)NCc4cccc(c4)OC,C12252253,inactive
3793,Cc1ccc(o1)[C@@H]2c3ccc(cc3OC(=C2C#N)[NH3+])OC(=O)COc4ccc(cc4)Br,C38659111,inactive
3794,CC(C)C1Cc2cc(cc(Br)c2O1)C(=O)NCc1c(C)cc(C)[nH]c1=O,359827,active
3795,Cc1cccc(c1)S(=O)(=O)N[C@@H](CC2=c3ccccc3=[NH+]C2)C(=O)Nc4ccc5ccccc5c4,C63187749,inactive
3796,CCOc1cc(ccc1OCCOc2ccccc2Cl)/C=C/3\C(=O)NC(=O)N(C3=O)c4ccc(cc4)Br,C97958641,inactive
3797,c1ccc(cc1)C(c2ccccc2)N3CCN(CC3)c4c(c(ncn4)N5CCN(CC5)c6cccc[nH+]6)N,C40730030,inactive
3798,CC1=C([C@@H](N2CCCSC2=[NH+]1)c3cccc(c3)NC(=O)C4CCCC4)C(=O)Nc5ccccc5OC,C40368180,inactive
3799,CCCCN(C1CCOCC1)c1cc(cc(C(=O)NCc2c(C)cc(C)[nH]c2=O)c1C)-c1ccc(CN2CCOCC2)cc1,172056,active
3800,COC1CN(C1)[C@H]1CC[C@@H](CC1)[C@@H](C)c1sc2CCCN(Cc3c(C)cc(C)[nH]c3=O)C(=O)c2c1C,50594146,active
3801,CC(=O)c1cccc(c1)N2C(=O)[C@@H]3[C@@H]([NH2+][C@]([C@H]3C2=O)(CCSC)C(=O)OC)c4ccc(cc4)O,C12498289,inactive
3802,c1ccc2c(c1)-c3ccccc3C2[NH+]4CCN(CC4)C[C@H](COc5ccc(cc5)OC[C@@H](C[NH+]6CCN(CC6)C7c8ccccc8-c9c7cccc9)O)O,C49763204,inactive
3803,COc1cc(ccc1OCc2ccc(cc2)Cl)/C=C/C(=O)Oc3ccc(cc3OC)/C=C(\C#N)/C(=O)N,C40890495,inactive
3804,COc1ccc(cc1Br)n2c3ccc(cc3[nH+]c2N)I,C97353318,inactive
3805,CCN([C@H]1CC[C@@H](CC1)N(C)Cc1ccc(OC)cc1)c1cc(Cl)cc(C(=O)NCc2c(C)n(C)[nH]c2=O)c1C,310771,active
3806,COC[C@@H](C)n1c(C)c(C(=O)NCc2c(C)cc(C)nc2O)c2ccccc12,50110360,active
3807,c1ccc(cc1)c2c([nH+]c([nH]2)SCC(=O)Nc3ccc(cc3)SC(F)F)c4ccccc4,C12564725,inactive
3808,CC[NH+](CC)CCNC(=O)c1ccc(cc1)NC(=O)CCN2C(=O)/C(=C/c3ccc(cc3)F)/SC2=S,C08819045,inactive
3809,CCOc1cc(cc(c1OCCOc2ccc(cc2)OC)Br)/C=C/3\C(=O)NC(=O)N(C3=O)c4ccc(cc4)Cl,C97959217,inactive
3810,CC[C@@H](C)[C@@H](C(=O)NC1CCCCC1)NC(=O)[C@@H]2CC3=c4ccccc4=[NH+][C@@H]3[C@@H]5N2C(=O)c6c5cccc6,C63375683,inactive
3811,Cc1ccccc1S(=O)(=O)/N=C(/c2ccccc2)\Nc3ccc(cc3)S(=O)(=O)/N=c/4\[nH]ccs4,C12600858,inactive
3812,COc1ccccc1NS(=O)(=O)c2cccc(c2)C(=O)N/N=C/c3ccc(cc3)Br,C06250947,inactive
3813,CCOc1ccc(cc1)NC(=O)N2Cc3c4c(sc3-n5cccc5[C@H]2c6ccc(cc6)OC)C[NH+](CC4)C,C35427156,inactive
3814,c1ccc(cc1)COC(=O)N2CC=C3[C@H](C2)[C@@H](C(C(=C3C#N)[NH3+])(C#N)C#N)c4ccccc4C(F)(F)F,C16034476,inactive
3815,COc1cc(c(cc1OCc2ccccc2Cl)Br)/C=N/NC(=O)c3cc(cc(c3O)Br)Br,C04196285,inactive
3816,c1ccc(cc1)CC2CC[NH+](CC2)CC(=O)NCCN3C(=O)/C(=C/c4ccccc4Cl)/SC3=O,C15981847,inactive
3817,c1ccc(cc1)CC2(C(=O)N(C(=O)N2)CN3CC[NH+](CC3)C/C=C/c4ccccc4)Cc5ccccc5,C22798149,inactive
3818,COc1ccc2c(c1)c3c([nH]2)[C@@H]4C[C@@H]5[C@@H](C[C@@H]([C@@H]([C@@H]5C(=O)OC)OC)OC(=O)c6cc(c(c(c6)OC)OC)OC)C[NH+]4CC3,C05062975,inactive
3819,Cc1c2c(c(c[nH+]1)CO)Cc3c(nc(nc3SCc4ccc(cc4Cl)F)c5ccccc5OC)O2,C08589195,inactive
3820,CCc1c(c(n(n1)c2ccccc2)Oc3cccc(c3)F)C[NH+](C[C@@H](COCc4ccccc4)O)C5CC5,C36303229,inactive
3821,C[C@H]1[C@H](C[C@@]2(CC[C@@]3(C(=CC[C@@H]4[C@@]3(CC[C@@H]5[C@@]4(C[C@@H]([C@@H]([C@@]5(C)C(=O)[O-])OC(=O)C)O)C)C)[C@@H]2[C@@]1(C)O)C)C(=O)[O-])O[C@@H]6[C@@H]([C@@H]([C@@H]([C@@H](O6)CO)O)O)O,C67912800,inactive
3822,CCCc1cc(C)[nH]c(=O)c1CNC(=O)c1c(C)n([C@H](C)C2CCN(S(=O)(=O)CC)CC2)c2ccccc12,CHEMBL3605458,active
3823,CC(C)c1ccc(cc1)[C@H]2C[C@@H](n3c(cc(n3)c4n[nH]c(=S)n4CCC[NH+](C)C)N2)C(F)(F)F,C20028582,inactive
3824,c1cc(ccc1c2c(c[nH]n2)/C=C(\C#N)/C(=O)Nc3cc(ccc3Cl)Cl)F,C17082122,inactive
3825,COC(=O)[C@]1([C@@H]2[C@@H]([C@@H]([NH2+]1)c3cccs3)C(=O)N(C2=O)c4ccc5c(c4)OCCO5)Cc6ccc(cc6)O,C12498030,inactive
3826,Cc1cc(C)c(CNC(=O)c2cc(Br)cc3n(ncc23)C2CCN(CC2)C(=O)C2CCCCC2)c(=O)[nH]1,326129,active
3827,Cc1c2c(n(n1)c3ccccn3)[NH+]=C4C(=Nc5ccccc5N4[C@@H]2c6cccc(c6)OC)Nc7cccc(c7)OC,C97952607,inactive
3828,CS(=O)(=O)Nc1ccc(cc1Cl)NS(=O)(=O)c2cc(cc(c2)Cl)Cl,C13009426,inactive
3829,CCOCCCN1[C@H](c2c(n[nH]c2C1=O)c3ccccc3O)c4cccc(c4)OCc5ccccc5,C38610589,inactive
3830,CC[C@H](C)n1cc(C)c2c(C(=O)NCc3c(C)cc(C)[nH]c3=O)cc(-c3ccc(N4CCN(CCCCCOc5cccc6c5C(=O)N(C5CCC(=O)NC5=O)C6=O)CC4)nc3)cc21,CHEMBL5076965,active
3831,C[C@]12CC[C@H]3[C@@H]([C@@H]1CC[C@@H]2OC(=O)CCC(=O)NCCC4=c5ccccc5=[NH+]C4)CCC6=CC(=O)CC[C@]36C,C63350098,inactive
3832,CC(C)CCN1c2ccc(cc2OCC(C1=O)(C)C)NC(=O)c3ccc(cc3)S(=O)(=O)N4CCCCC4,C49507623,inactive
3833,c1cc2c(nc1)n(c(n2)SCc3ccc(cc3)F)Cc4ccc(cc4)C(=O)NCCc5c[nH+]c[nH]5,C08912929,inactive
3834,c1ccc(cc1)n2c(=O)c-3c4n(c(nc3n2)SCC(=O)N[C@H]5CCS(=O)(=O)C5)CCCCC4,C09390462,inactive
3835,Cc1ccc(cc1)C(=O)N/C(=C\c2ccc(o2)c3cccc(c3)Cl)/C(=O)NCCCn4cc[nH+]c4,C16213150,inactive
3836,CCC[NH+]1CCC(CC1)CN2[C@@H](C(=O)N(C2=S)c3ccc(cc3)F)CC(=O)Nc4ccc(cc4)OC,C15321364,inactive
3837,c1ccc(cc1)CCn2c3c(c(=O)[nH]c2=S)C(N=C(N3)c4ccccc4)(C(F)(F)F)C(F)(F)F,C12376357,inactive
3838,CC(C)Cc1ccc(cc1)S(=O)(=O)N2CCC3(CC2)C(=[NH+]CCN3)NCc4ccc(cc4)Cl,C65074860,inactive
3839,COc1ccc(cc1)CCNC(=O)Nc2c([nH+]n(c2N)c3ccc(cc3)C(F)(F)F)c4ccc(cc4)OC,C34786033,inactive
3840,COc1cc(C)[nH]c(=O)c1CN1CCc2c(Cl)cc(C(C)C3CN(C)C3)c(Cl)c2C1=O,435577,active
3841,COc1ccccc1CCNC(=O)C(=O)NC[C@@H](c2ccco2)[NH+]3CCN(CC3)c4ccc(cc4)F,C09828883,inactive
3842,c1ccc(c(c1)[N+](=O)[O-])S(=O)(=O)NNC(=O)COc2ccc(cc2Br)Br,C12584291,inactive
3843,Cc1cc(n([nH+]1)[C@@H](C)C(=O)Nc2ccc(cc2Cl)NC(=O)C3(CCCC3)c4cccc(c4)OC)C,C78715792,inactive
3844,COc1ccccc1NS(=O)(=O)c2cccc(c2)C(=O)NC[C@H](c3cccs3)[NH+]4CCOCC4,C32682570,inactive
3845,CCOc1ccc(cc1)N/C(=[NH+]/c2ccc(cc2)OCC)/COc3c(cc(c4c3nc(cc4)C)Cl)Cl,C12565690,inactive
3846,c1ccc(c(c1)C[NH+]2CC[NH+](C2c3c4c(cc(c3[O-])[N+](=O)[O-])oc5c4CCCC5)Cc6ccccc6O)O,C19321868,inactive
3847,CCOc1ccc(cc1)c2csc(n2)/C(=C/Nc3ccc(cc3C(=O)c4cc(c(c(c4)OC)OC)OC)Cl)/C#N,C01828810,inactive
3848,Cc1cc(c2c(c1)sc(n2)N3[C@H](C(=C(C3=O)O)C(=O)c4ccc5c(c4)C[C@H](O5)C)c6cc(c(c(c6)OC)OC)OC)C,C53333867,inactive
3849,c1cc(ccc1/C=N/NC(=S)N)OC[C@@H](Cn2c3ccc(cc3c4c2ccc(c4)Cl)Cl)O,C95116849,inactive
3850,Cc1c\2c(oc1C(=O)N[NH2+]C(=O)c3ccco3)CCC/C2=N\NS(=O)(=O)c4ccccc4,C40815082,inactive
3851,COc1ccc(cc1)c2cc(n3c(n2)cc(n3)C(=O)Nc4c(c5c(s4)CCCC5)C(=O)OC)C(F)(F)F,C02082838,inactive
3852,c1ccc(cc1)/C=C/S(=O)(=O)NCCC(=O)Nc2ccc3c(c2)[nH+]c([nH]3)C4CCC4,C97529307,inactive
3853,CCOc1ccc(cc1)NC2=Nc3ccccc3N4C2=[NH+]c5c(c(nn5c6ccccc6)C)[C@H]4c7ccccc7F,C97951005,inactive
3854,CCS(=O)(=O)C1=[NH+]SC2=NC(=O)/C(=C\c3ccc(cc3)OCCOc4cccc(c4)OC)/C(=[NH2+])N12,C20206515,inactive
3855,c1ccc2c(c1)C3=C(C2=O)[C@@H]([C@@H]4C(=NC(=O)NC4=O)N3)c5ccc(cc5Cl)Cl,C63637814,inactive
3856,CN(C1CCOCC1)c1cc(Br)cc(C(=O)NCc2c(C)cc(C)[nH]c2=O)c1C,50149884,active
3857,c1ccc(c(c1)C(=O)NC2CC2)NC(=O)C[NH+]3CCC[C@@H]3c4ccc5c(c4)OCCO5,C09575976,inactive
3858,c1cc(c(cc1[N+](=O)[O-])Cl)NCC[NH2+]Cc2ccc(o2)c3ccc(cc3Cl)Br,C20875662,inactive
3859,CC(C)c1ccc(cc1)NC(=O)[C@H]2[C@H]3C=C[C@@]4([C@@H]2C(=O)N([C@@H]4C(=O)NC5CCCCC5)Cc6ccc[nH+]c6)O3,C20106779,inactive
3860,Cc1c(c(n[nH]1)O)C(c2cc(c(c(c2)Br)OCC=C)OC)c3c([nH]nc3O)C,C96193448,inactive
3861,CSCC[C@@H](C(=O)NNC(=O)c1cc2c(s1)CCC2)NS(=O)(=O)c3ccc(cc3)Cl,C17445566,inactive
3862,CCOC(=O)c1c(csc1N[C@H](C(=O)c2ccc(cc2)C)NC(=O)c3ccco3)c4ccccc4,C01185293,inactive
3863,CCc1ccccc1NC(=O)CN2CC[NH+](CC2)CC(=O)C3=c4ccccc4=[NH+][C@@H]3c5ccccc5,C39726937,inactive
3864,CCOc1ccc(cc1)NC(=O)C[n+]2c3c(c4c(s3)COC(C4)(C)C)c(n(c2=O)Cc5ccco5)N,C20502879,inactive
3865,CC(C)Cc1ccc(cc1)S(=O)(=O)Nc2ccc(cc2)C3(CC3)C(=O)NC4CCCCCC4,C33115394,inactive
3866,Cc1ccc(cc1)c2c[nH+]c(n2c3ccc(cc3)OC(F)(F)F)SCC(=O)Nc4nc(cs4)C,C44088010,inactive
3867,C[C@@H]1c2c(c3ccccc3[nH]2)[C@H](C[NH+]1[C@@H]4CC(=O)N(C4=O)c5cccc(c5)F)c6ccccc6,C72459754,inactive
3868,C/[NH+]=C(/Nc1ccc(cc1)I)\S[C@H]2CC(=O)N(C2=O)c3cccc(c3)Cl,C59446352,inactive
3869,c1cc(cc(c1)Br)N2C(=O)/C(=C/c3ccc(c(c3)Cl)O)/C(=O)NC2=O,C01220274,inactive
3870,c1ccc(cc1)CC[NH+]2C[C@H](C[C@H](C2)C(=O)Nc3ccc4c(c3)CCC4)C(=O)NCc5cccc(c5)F,C14534739,inactive
3871,CCOC(=O)c1c2c(sc1NC(=O)c3cccc(c3)NS(=O)(=O)c4ccccc4)C[NH+](CC2)C,C20570352,inactive
3872,c1cc([nH]c1)/C=N/NC(=O)COc2ccc(cc2Br)Br,C05713222,inactive
3873,Cc1c(c([nH]c1C(=O)OC)C)C(=C2[C@@H](N(C(=O)C2=O)Cc3ccc[nH+]c3)c4ccc(cc4)C(C)(C)C)O,C09374507,inactive
3874,C[C@@H](c1ccccc1)/[NH+]=C(/c2c(c3n(n2)[C@@H](C[C@@H](N3)c4ccc(cc4)F)C(F)(F)F)Cl)\O,C09781124,inactive
3875,Cc1c(c(sc1[C@H]([NH3+])O)NC(=O)CSc2nc(cc(n2)C(F)(F)F)c3cccs3)C(=O)OC(C)C,C98050219,inactive
3876,COc1ccc(cc1)[C@@H](CNC(=O)c2cccc(c2)S(=O)(=O)N(CC=C)c3ccccc3)[NH+]4CCCCC4,C32969150,inactive
3877,COc1ccccc1NC(=O)N2CCC3(CC2)[NH2+][C@H](C(=O)N3Cc4ccccc4)Cc5ccccc5,C36026756,inactive
3878,Cc1cc(C)c(CNC(=O)c2cc(Br)cc3n(ncc23)C2CCN(CC2)C(=O)C2CCNCC2)c(=O)[nH]1,326154,active
3879,Cc1ccc(cc1)NC(=O)COc2ccc(cc2)/C=N/NC(=O)C(=O)Nc3ccc(cc3)Oc4ccccc4,C58881661,inactive
3880,COc1ccc(cc1Br)/C=N/NC(=O)CSc2[nH+]c3ccccc3n2Cc4ccc(cc4)Cl,C50860472,inactive
3881,CCOC(=O)C1=C(OC(=C([C@@H]1c2ccc(cc2)OC)C#N)N)CSc3c(ccc([nH+]3)c4cc[nH+]cc4)C#N,C08670503,inactive
3882,CC(C)n1ncc2c(cc(nc12)C1CCN(CC1)C(=O)CCN)C(=O)NCc1c(C)cc(C)[nH]c1=O,325968,active
3883,CCc1cccc(c1Nc2c([nH+]c3n2cc(nc3)Br)c4ccc(c(c4)OC)O)C,C65331625,inactive
3884,CCN(C1CCNCC1)c1cc(cc(C(=O)NCc2c(C)cc(C)nc2=O)c1C)-c1ccc(CN2CCOCC2)cc1,172120,active
3885,C[C@@]1(C[C@@H](CC(C1)(C)C)O)CNS(=O)(=O)c2ccc3c(c2)c4ccccc4o3,C05493711,inactive
3886,CC[NH+](CC)CCCN1[C@H](C(=C(C1=O)O)C(=O)c2c(n3cccc(c3n2)C)C)c4ccc(c(c4)Cl)Cl,C35484767,inactive
3887,COc1ccc(cc1)Cn2c(c[nH+]c2SCC(=O)Nc3cccc(c3)C(F)(F)F)CO,C10019850,inactive
3888,Cc1c(c(nc(n1)c2cc3c(c(c2)Cl)OCCCO3)N)I,C97624524,inactive
3889,COc1ccc(cc1)Nc2nc(nc(n2)N/N=C/c3cc(ccc3O)Br)NCc4ccco4,C06156940,inactive
3890,Cc1ccc(cc1)SCc2c3c([nH]n2)OC(=C([C@@H]3c4cc(c(c(c4)OC)OC)OC)C#N)[NH3+],C04168337,inactive
3891,CCOC(=O)c1c(csc1NC(=O)c2cc(nc3c2cc(cc3)Br)c4ccc(cc4)OC)c5ccc(cc5)OC,C08454572,inactive
3892,Cc1cc(nc(n1)N/C(=N\C(=S)Nc2ccc(cc2Cl)Cl)/NCCSCc3c([nH]c[nH+]3)C)C,C14159203,inactive
3893,c1ccc2c(c1)c(c[nH]2)[C@H](C(=O)Nc3ccc4c(c3)OCO4)N(Cc5ccc[nH+]c5)C(=O)CN6c7ccccc7C(=O)C6=O,C08695696,inactive
3894,CCOC(=O)c1ccc(cc1)N2C(=O)[C@@H](N(C2=S)CCc3cc[nH+]cc3)CC(=O)Nc4ccc(cc4)OC,C00709924,inactive
3895,CN(C)CCCN(C)Cc1cc(C(=O)NCc2c(C)cc(C)[nH]c2=O)c2cnn(C3CCCC3)c2c1,326169,active
3896,CCSc1cc(C)[nH]c(=O)c1CNC(=O)c1c(C)n([C@H](C)C2CCN(CC(F)(F)F)CC2)c2ccccc12,CHEMBL4639975,active
3897,C[C@H](C(=O)N[C@H](c1cccc(c1)OC)c2[nH+]ccn2C)NS(=O)(=O)c3ccc(c(c3)Cl)Cl,C40040238,inactive
3898,Cc1c(c(n(n1)c2cccc(c2)Cl)Oc3ccccc3)C[NH+](C[C@H](COc4ccccc4)O)C5CC5,C36301767,inactive
3899,c1ccc(cc1)N2CCN(CC2)C(=O)CCCn3c(=O)c4ccccc4nc3SCC(=O)NCc5ccco5,C98049293,inactive
3900,CCC(=O)N1CCC(CC1)n1ncc2c(cc(Br)cc12)C(=O)NCc1c(C)cc(C)[nH]c1=O,326157,active
3901,Cc1cc(C)c(CN2CCCc3sc([C@H](C)C4CCN(Cc5ccccn5)CC4)c(C)c3C2)c(=O)[nH]1,CHEMBL4128444,active
3902,CCN(C1CCOCC1)c1cc(cc(C(=O)NCc2c(C)cc(C)[nH]c2=O)c1C)-c1ccc(CN2CCCCC2)cc1,172069,active
3903,Cc1ccc(cc1)c2c[nH+]c(n2c3ccccc3)SCc4nc5ccccc5c(=O)n4CC(=O)N,C21737109,inactive
3904,C/C(=N/NC(=[NH2+])S[C@@H]1CC(=O)N(C1=O)c2ccc(cc2)Br)/c3ccc4ccccc4c3,C83253925,inactive
3905,CC1CC[NH+](CC1)CCCOc2cc3c(cc2OC)c(ccn3)Oc4ccc(cc4F)NS(=O)(=O)c5cc(ccc5F)F,C98240517,inactive
3906,CC(=O)N[C@H]1CCN(C1)C(=O)C[C@H]2[C@@H](CC[C@@H]3[C@]2(CC[C@H]([C@@]3(C)CO)OC(=O)Nc4ccc(cc4)OC)C)O,C04236670,inactive
3907,c1ccc(cc1)c2cc(n3c(n2)c(c(n3)C(=O)Nc4ccc(c[nH+]4)Br)Cl)C(F)(F)F,C00844917,inactive
3908,Cc1ccc(cc1)S(=O)(=O)N(CC(=O)N/N=C(/C)\c2cccc(c2)NC(=O)C)c3ccccc3F,C83260237,inactive
3909,CCSc1nnc(s1)NC(=O)[C@H]2CCCN(C2)c3ccc4cc(ccc4[nH+]3)S(=O)(=O)N5CCCC5,C33355778,inactive
3910,C[C@H](C(=O)Nc1c(c2c(s1)CCC2)C(=O)N)N3CCN(CC3)S(=O)(=O)c4ccccc4Cl,C15023116,inactive
3911,c1cc[nH+]c(c1)CN(Cc2ccccn2)C[C@@H]3[C@@H]([C@@H]([C@@H](O3)CO)O)N4CCN(CC4)c5ccc(cc5)F,C67890387,inactive
3912,C[NH+](C)[C@H](CNc1c2c(cn(c2[nH+]cn1)c3cccc(c3)C(F)(F)F)c4ccccc4)c5ccco5,C35681699,inactive
3913,CCCCOc1ccc(cc1)C(=O)C2=C(C(=O)N([C@H]2c3ccc(cc3)Br)c4nnc(s4)SCc5ccc(cc5)F)O,C98046483,inactive
3914,CC1(CC2=NC(=C)C([C@H]([C@H]2C(=O)C1)c3ccc[nH+]c3)C(=O)Nc4ccc(cn4)Br)C,C08413985,inactive
3915,c1ccc(cc1)[C@@H]2CCN(C2)C(=S)Nc3ccc4c(c3)nc(c(n4)c5cccc[nH+]5)c6ccccn6,C01162885,inactive
3916,Cc1c(n2ccccc2[nH+]1)/C(=C/3\[C@@H](N(C(=O)C3=O)CC[NH+](C)C)c4ccc(cc4)Br)/O,C09271279,inactive
3917,CCN(CC)S(=O)(=O)c1cccc(c1)C(=O)N[C@H](Cc2c[nH]c3c2cccc3)C(=O)N/[NH+]=C\4/CCCN4,C12558853,inactive
3918,Cc1cccc2c1[nH]c(=O)c(c2)[C@H](c3nnnn3Cc4ccccc4)[NH+](Cc5ccccc5)Cc6cccnc6,C06443886,inactive
3919,Cc1ccc(c(c1)/N=C(/CSc2nnc(n2c3ccccc3)C/[NH+]=C(/c4ccccc4)\O)\O)C,C08599143,inactive
3920,Cc1ccccc1CN([C@@H](c2ccc(c(c2)OC)OC)C(=O)Nc3ccc4c(c3)OCO4)C(=O)CSc5nc(cc(n5)C)C,C08712696,inactive
3921,Cc1cccc(c1)COc2ccc(cc2)C(=O)C3=C(C(=O)N([C@H]3c4cccc(c4)OC)CCCn5cc[nH+]c5)O,C97952527,inactive
3922,CCN(c1cc(Cl)cc(C(=O)NCc2c(C)cc(C)[nH]c2=O)c1C)[C@H]1CC[C@H](N(C)C2CCC2)CC1,CHEMBL3939074,active
3923,c1ccc(cc1)COc2ccccc2OCC[NH2+]C[C@@H](COc3cccc4c3c5ccccc5[nH]4)O,C02540744,inactive
3924,c1ccc(cc1)C2=C[C@@H](N=N2)[C@H]3NN[C@@H](N3[NH3+])SCC(=O)Nc4ccccc4C(F)(F)F,C38989582,inactive
3925,Cc1cc[nH+]c(c1)N[C@H](c2ccccc2F)c3c4c(sc3NC(=O)c5ccco5)CCCC4,C38547388,inactive
3926,CC(C)(C)Nc1c([nH+]c2n1nc(s2)N(C)CC(=O)Nc3ccccc3Cl)c4ccc(cc4)OC,C64703502,inactive
3927,C/C(=N/Nc1[nH]nc(n1)SCC(=O)NCc2ccc(c(c2)Cl)Cl)/c3cc[nH+]cc3,C59023743,inactive
3928,CCOC(=O)N1CCc2c(sc(c2C(=O)Nc3ccc(cc3OC)OC)NCc4cc(ccc4OC)OC)C1,C59586837,inactive
3929,Cc1c([nH]c2c1cc(cc2)C(=O)N(Cc3cccc(c3)OCc4ccc5c(c4)OCO5)Cc6cccc[nH+]6)C,C12050502,inactive
3930,c1ccc(cc1)C(c2ccccc2)C(=O)NC(=S)NNC(=O)c3ccc(cc3)NC(=O)c4ccccc4,C12289742,inactive
3931,CN(C)Cc1ccc(cc1)-c1cc(N(C)C2CCNCC2)c(C)c(c1)C(=O)NCc1c(C)cc(C)nc1=O,514168,active
3932,c1ccc2c(c1)c(c[nH]2)CCN3[C@@H]([C@@H](C(=O)C3=O)C(=O)c4ccc(cc4)Br)c5ccc[nH+]c5,C01413437,inactive
3933,CCCCSC1([C@]2(C(=C([NH2+][C@@H]([C@@]2(C(=[NH+]1)N)C#N)c3ccccc3)C)C)C#N)SCCCC,C08686658,inactive
3934,C=CCn1c(=O)c2ccc(cc2nc1SCC(=O)N3CCc4c3ccc(c4)S(=O)(=O)N)Cl,C16812776,inactive
3935,c1cc(c[nH+]c1)CNC(=O)CN(Cc2ccc(c(c2)Cl)Cl)S(=O)(=O)c3ccc(cc3)Cl,C15225688,inactive
3936,c1ccc(cc1)C(=O)c2ccc(cc2)C(=O)Nc3nnc(s3)SCC(=O)Nc4ccccc4F,C08791138,inactive
3937,Cc1c(c(n[nH]1)c2ccc(cc2O)OCC[NH+]3C[C@@H](O[C@H](C3)C)C)c4ccc(cc4)Br,C20592291,inactive
3938,COc1cccc(c1)c2nnc(s2)NC(=O)CCN(CCc3ccc(c(c3)OC)OC)C(=O)c4cccc(c4)OC,C98016853,inactive
3939,C=CCNc1c(c(n([nH+]1)CC(=O)NCc2ccccc2Cl)N)c3nc(no3)c4ccc(cc4)Cl,C23125516,inactive
3940,c1cc(c(nc1)SCC(=O)Nc2ccc3c(c2)OCO3)C(=O)NC[C@@H](c4ccco4)[NH+]5CCCC5,C14238096,inactive
3941,CN1CCc2c(sc3c2c(nc(n3)SCCN4CCOCC4)N)C1,C20358617,inactive
3942,C[C@@H]1C[C@H](C[NH+](C1)Cc2csc(n2)NC(=O)c3ccc(cc3)S(=O)(=O)NC(C)C)C,C14529675,inactive
3943,CCCCCCCCCC/[NH+]=C/[C@]12CC[C@@H](C[C@]1(CC[C@@H]3[C@@H]2CC[C@]4([C@@]3(CC[C@@H]4C5=CC(=O)OC5)O)C)O)O,C70692154,inactive
3944,CCN\1c2ccccc2S/C1=C/3\C(=O)[N+](=C(S3)Nc4ccc(cc4C)N(CC)CCO)C5CCCCC5,C97963981,inactive
3945,c1ccc2c(c1)[C@H]([C@@H](N(C2=O)C3CCCC3)c4cccs4)C(=O)NCCCN5CCN(CC5)c6ccc(cc6)F,C33355699,inactive
3946,C[C@@H](C(=O)NC1CCCC1)N(c2cccc(c2)F)C(=O)C[S@](=O)CC(=O)Nc3ccc(cc3)F,C12709843,inactive
3947,CC(C)[C@H]1c2c(c(c(c(c2OC3=C1C(=O)C(C(=O)C3(C)C)(C)C)C(=O)C(C)C)O)[C@H](C4C(=O)C(C(=O)C(C4=O)(C)C)(C)C)C(C)C)O,C67912874,inactive
3948,CC1(Cc2c(c([nH+]c3c2c(c(s3)C(=O)OC)N)N4CCCCC4)CN1C)C,C13116083,inactive
3949,[H]/N=C\1/C(=C/c2cc(n(c2C)c3cc(cc(c3)C)C)C)/C(=O)N=C4N1N=C(S4)CCC,C41083387,inactive
3950,CC1(CC2=C(C(=O)C1)[C@@](C(=O)N2CCc3ccc(c(c3)OC)OC)(C(F)(F)F)NC(=O)c4ccccc4)C,C02396847,inactive
3951,Cc1c(sc([nH+]1)Nc2c(c(ncn2)NNC(=O)COc3ccc(cc3Cl)Cl)[N+](=O)[O-])C,C40650020,inactive
3952,COc1cccc(C(=O)NCc2c(C)cc(C)[nH]c2=O)c1O,CHEMBL3975884,inactive
3953,c1cc(c[nH+]c1)CN2[C@@H]([C@@]34C=C[C@@H](O3)[C@@H]([C@@H]4C2=O)C(=O)NC5CCCCC5)C(=O)NC6CCCCC6,C33939824,inactive
3954,c1cc(c[nH+]c1)CNC(=O)c2c3c(sc2NC(=O)COc4ccc(cc4)[N+](=O)[O-])CCC3,C39915326,inactive
3955,CCCSc1ccccc1NC(=O)CSc2nc([nH]n2)N/N=C/c3cccc(c3O)CC=C,C59004883,inactive
3956,CC(=O)Nc1ccc(cc1)S(=O)(=O)n2c3ccccc3nc2SCC(=O)Nc4cc(ccc4OC)Cl,C06296906,inactive
3957,CC(C)(C)c1cc(ccc1OCC(=O)Nc2ccc(cc2)S(=O)(=O)NC[C@H]3CCCO3)Br,C09269117,inactive
3958,CCOc1ccc(cc1)N2C(=O)/C(=C\c3ccc(cc3)O[C@@H](C(Cl)(Cl)Cl)NC(=O)CC(C)C)/SC2=S,C33353135,inactive
3959,CN(C)S(=O)(=O)c1ccc(cc1)/C(=C/2\[C@@H](N(C(=O)C2=O)CCCOC)c3ccc(cc3)OCC=C)/O,C17206838,inactive
3960,COc1ccccc1N2CCN(CC2)S(=O)(=O)c3ccc(cc3)NC(=O)COc4ccc5c(c4)OCO5,C59345998,inactive
3961,CSc1nc(C)[nH]c(=O)c1CNC(=O)c1cc(Cl)c2OC(C)(Oc2c1C)C1CCC(CC1)N1CC(C1)OC(F)F,542477,active
3962,Cc1cc(cc(c1)OCCOc2ccc(cc2OC)/C=C\3/C(=[NH2+])N4C(=[NH+]SC4=NC3=O)SC)C,C20205480,inactive
3963,Cc1cc(nc(n1)N/C(=N/C(=S)Nc2ccc(cc2)Nc3ccccc3)/NCCc4c[nH]c[nH+]4)C,C14156533,inactive
3964,CCN(c1cc(-c2ccc(N3CCN(C)CC3)nc2)cc(C(=O)NCc2c(C)cc(C)[nH]c2=O)c1C)[C@H]1CC[C@H](N(C)C)CC1,CHEMBL3701029,active
3965,COc1cccc(c1)C(=O)/N=C(/NCCC2=c3ccccc3=[NH+]C2)\Nc4ccc(c(c4)Cl)OC,C63589280,inactive
3966,COc1ccc2c(c1)c(c[nH]2)CCN3[C@H](C(=C(C3=O)O)C(=O)c4ccc(cc4)F)c5cccc[nH+]5,C15920445,inactive
3967,C[C@@H]1CCc2c(sc(c2C(=O)N)NC(=O)C3CCN(CC3)S(=O)(=O)c4ccc(cc4)OC)C1,C11131876,inactive
3968,c1ccc(c(c1)/C=N\NC(=O)C(=O)Nc2ccc(cc2)Br)C(F)(F)F,C83309416,inactive
3969,COc1cccc(c1)/C=c\2/c(=O)n3c(=C([C@@H](C(=C3N)c4nc5ccccc5s4)c6cccc(c6)OC)C(=O)OC)s2,C08448519,inactive
3970,COc1cc2nc(NCCCN(C)C)nc(NC3CCN(CCCc4ccccc4)CC3)c2cc1OC,CHEMBL5179091,inactive
3971,COc1cc(cc2c1OCC[NH+](C2)Cc3cn[nH]c3c4ccccc4)c5c(cc(cn5)C(F)(F)F)Cl,C11789399,inactive
3972,c1ccc(cc1)[C@H](CCn2cc[nH+]c2)[NH2+]C3CCN(CC3)c4ccc(cc4)NC(=O)C5CCCC5,C39430520,inactive
3973,c1cc(sc1)c2ccc(s2)c3ccc(c(n3)C(=O)Nc4c[nH+]ccc4N5CCC[C@@H](C5)[NH3+])N,C44138826,inactive
3974,COc1cc(ccc1S(=O)(=O)NCCNc2c3ccccc3[nH+]c(n2)c4ccccc4Cl)F,C85410961,inactive
3975,COc1cc(C)[nH]c(=O)c1CN1CCc2c(Cl)cc(C(C)C3CCN(CC3)C(=O)CO)c(Cl)c2C1=O,435694,active
3976,CCOc1ccc(cc1)NC(=O)C(=O)N/N=C/c2ccc(c(c2)OC)OC(=O)c3c(c4ccccc4s3)Cl,C04282303,inactive
3977,Cn1c(cc(n1)c2ccc(c(c2)OC)OC)[C@H]3C[NH+]4CC[C@@H]3C[C@@H]4CNC(=S)Nc5ccc(cc5)Cl,C43526672,inactive
3978,COc1ccc(cc1NC(=O)c2c(c3c(cc([nH+]c3s2)c4cccs4)c5ccc(c(c5)OC)OC)N)Cl,C98000321,inactive
3979,CC1CC[NH+](CC1)CCCN2[C@@H](C(=O)N(C2=S)c3ccc(cc3)Cl)CC(=O)Nc4ccc(cc4)OC,C20115167,inactive
3980,Cc1ccc(cc1)S(=O)(=O)N[C@H]2Nc3c(cc(cc3S2)NC(=O)[C@@H]4C=c5ccccc5=[NH+]4)C,C64623285,inactive
3981,COc1ccc(cc1OC)[C@@H]2C[C@H](n3c(cc(n3)C(=O)N4CC[NH+](CC4)C56CC7CC(C5)CC(C7)C6)N2)C(F)(F)F,C98006284,inactive
3982,COc1ccccc1NC(=O)CSc2nc3c4ccccc4sc3c(=O)n2CCc5ccc(c(c5)OC)OC,C02961866,inactive
3983,CCCc1cc(C)[nH]c(=O)c1CNC(=O)c1cc(-c2ccc(N3CCN(C(C)C)CC3)nc2)cc2c1cnn2C1CCCC1,CHEMBL4559875,active
3984,C[C@@H]1[C@@H]([C@@H](C[C@@H](O1)O[C@@H]2CC[C@@]3([C@@H](C2)CC[C@@H]4[C@@H]3CC[C@@]5([C@@]4(C[C@@H]([C@@H]5C6=CC(=O)OC6)OC(=O)C)O)C)C)OC)O,C49803294,inactive
3985,CSc1cc(C)[nH]c(=O)c1CN1CCN(C)c2c(Cl)cc(-c3c(C)noc3C)c(Cl)c2C1=O,CHEMBL5087318,active
3986,CN(C)S(=O)(=O)c1ccc(c(c1)C(=O)NNC(=O)c2cc3c(s2)CCC3)Cl,C17445108,inactive
3987,C[NH+](C)CC[NH+]1CCN(CC1)c2nc(c3c(n(nc3n2)c4cc(ccc4F)F)N)c5cccc(c5)F,C37375692,inactive
3988,Cc1ccc(c(c1)C[NH+]2C[C@@H](C[C@H]2C(=O)NCc3ccc4ccccc4[nH+]3)n5cc(nn5)C(=O)OC)C,C15003836,inactive
3989,c1ccc2=NC3=[NH+]C(=NC3=c2c1)/N=C/4\N[C@@]5(N4c6cccc(c6)C(F)(F)F)c7ccccc7NC5=O,C02430474,inactive
3990,COc1ccc(cc1)c2nnc(o2)SCC(=O)Nc3ccc(cc3)N4CC[NH+](CC4)C5CCCCC5,C34857915,inactive
3991,CC1(C)CC(CC(C)(C)N1)NC(=O)c1ccc(Oc2ccccc2C#N)c(Br)c1,50010816,active
3992,CCCCCOc1ccc(cc1OC)[C@H]2/C(=C(/c3cc4ccccc4o3)\O)/C(=O)C(=O)N2CCCn5cc[nH+]c5,C08441287,inactive
3993,CCOc1cc(cc(c1O)Br)[C@H]2c3c(n[nH]c3OC(=C2C#N)[NH3+])c4ccc(cc4)OC,C00718457,inactive
3994,C/C(=N\NC(=O)c1cc(cc(c1)Cl)Cl)/c2ccc(cc2)NC(=O)C(F)(F)F,C20158661,inactive
3995,Cc1cccc(c1NC(=O)CSc2nc3c(c(cs3)c4ccc(cc4)OC)c(=O)n2c5ccccc5)C,C02679647,inactive
3996,c1ccc2c(c1)cccc2Nc3[n+](c(cs3)c4ccc(cc4)S(=O)(=O)N5CCCCC5)CCCO,C68723550,inactive
3997,CCN(C1CCOCC1)c1cc(cc(C(=O)NCc2c(C)cc(C)[nH]c2=O)c1C)-c1ccc(NC(=O)CCCCCCNC(=O)C[C@@H]2N=C(c3c(C)c(C)sc3-n3c(C)nnc23)c2ccc(Cl)cc2)cc1,50605637,active
3998,c1cc(ccc1NC(=O)C(=O)NC[C@@H](c2ccsc2)[NH+]3CCCCCC3)OC(F)(F)F,C08893374,inactive
3999,CC(C)Oc1ccc(cc1)[C@H]2C(=C(C(=O)N2CCCn3cc[nH+]c3)O)C(=O)c4ccc(cc4)Br,C09339457,inactive
4000,Cc1ccc(cc1Cl)NC(=O)[C@H](C(C)C)NC2=NS(=O)(=O)c3c2cccc3,C16200094,inactive
4001,Cc1ccc(cc1)C2=NN([C@H](C2)c3ccc(cc3)Cl)C(=[NH2+])S[C@@H]4CC(=O)N(C4=O)c5ccc(cc5)C(=O)[O-],C98045393,inactive
4002,C[C@@H]1C(=c2ccccc2=[NH+]1)SCC3=NN[C@@H](N3C)SCC(=O)Nc4ccc(cc4)Cl,C63598801,inactive
4003,COc1ccccc1CNC(=O)C(=O)NCc2ccc(s2)[C@@H](c3cccs3)O,C90750205,inactive
4004,Cn1c2c(c(=O)n(c1=O)C)n(c(n2)[NH2+]C[C@H]3CCC[C@@H](C3)C[NH3+])Cc4ccc(cc4Cl)Cl,C09191449,inactive
4005,Cc1cccc(c1)COc2ccc(cc2)C(=O)C3=C(C(=O)N([C@H]3c4ccc(c(c4)OC)OC)Cc5cc[nH+]cc5)O,C97969227,inactive
4006,c1ccc2c(c1)cccc2C[NH+](C[C@H](COc3ccc(cc3Cl)Cl)O)[C@@H]4CCS(=O)(=O)C4,C40317888,inactive
4007,Cc1cccc(c1)NC2=Nc3ccccc3N4C2=[NH+]c5c(c(nn5c6ccccc6)C)[C@@H]4c7ccc(c(c7)OC)OC,C01898167,inactive
4008,Cc1cc(C)c(CNC(=O)c2cc(C3CC3)nc3c2cnn3C(C)C)c(O)n1,CHEMBL1608462,inactive
4009,CCC(=O)N1CCc2c1ccc(c2)S(=O)(=O)N[C@@H](Cc3ccccc3)C(=O)Nc4ccc(cc4)C(=O)C,C09692240,inactive
4010,Cc1ccc(cc1)S(=O)(=O)Oc2ccc(cc2OC)[C@H](c3c([nH]n(c3=O)c4ccccc4)C)c5c(nn(c5O)c6ccccc6)C,C97999742,inactive
4011,CCOc1cc(ccc1O)/C=N\NC(=O)CSc2nnc(n2c3ccc(cc3)OC)c4ccc(cc4)C,C33728128,inactive
4012,CCN(c1ccccc1)S(=O)(=O)c2ccc(cc2)NC(=S)NC(=O)c3ccc(cc3)OCCOCC,C09697190,inactive
4013,Cc1ccc(cc1)Cn2c3ccccc3[nH+]c2SCC(=O)N/N=C/c4cc(cc(c4O)Br)Br,C05359118,inactive
4014,COc1ccc(cc1)C(=O)Oc2ccc(cc2/C=N/NC(=O)CNC(=O)c3ccccc3I)Br,C04347425,inactive
4015,CC(C)C[C@@H]1[C@@H]2[C@@H](C(=O)N(C2=O)CCc3ccccc3)[C@]4([NH2+]1)c5cc(ccc5NC4=O)Br,C09429136,inactive
4016,COc1ccccc1[C@H]2[C@@H]3[C@H](C(=O)N(C3=O)c4ccccc4)[C@@]([NH2+]2)(Cc5ccc(cc5)O)C(=O)OC,C12497182,inactive
4017,CCN(C1CCOCC1)c1cc(cc(C(=O)NCc2c(cc(C)[nH]c2=O)C(C)C)c1C)C#CCN1C[C@H](C)N[C@H](C)C1,601741,active
4018,Cc1cc(CNC(=O)[C@@H](N)CCSC[C@H]2O[C@@H](n3cnc4c(N)ncnc43)[C@H](O)[C@@H]2O)n(C)n1,CHEMBL3397319,inactive
4019,c1cc2cccnc2c(c1)S(=O)(=O)N3C[C@@H]4C[C@H](C3)c5ccc(c(=O)n5C4)NC(=O)c6ccc(cc6)C#N,C05413664,inactive
4020,CCCc1cc(C)[nH]c(=O)c1CNC(=O)c1cc(NC2CCNCC2)cc2n(ncc12)C(C)C,50536595,active
4021,Cc1ccc(c(c1)N2CC[NH+](CC2)[C@@H]3CC(=O)N(C3=O)c4ccc(cc4)N5C(=O)C[C@H](C5=O)[NH+]6CCN(CC6)c7cc(ccc7C)C)C,C08412167,inactive
4022,C[C@@H]1C[C@@H](CN(C1)S(=O)(=O)c2ccc(cc2)C(=O)Nc3c(c4c(s3)C[NH+](CC4)C(C)C)C(=O)NC)C,C08920786,inactive
4023,Cc1ccccc1[NH+]2CCN(CC2)C[C@H](COc3ccc(cc3)OC[C@H](CN4CCN(CC4)c5ccccc5C)O)O,C97944199,inactive
4024,CCC(=O)N1CCc2c1ccc(c2)S(=O)(=O)N[C@H](C(C)C)C(=O)Nc3ccc(cc3Br)C,C09692129,inactive
4025,CC[C@H]1[C@@H]2[C@@H](C(=O)N(C2=O)c3cccc4c3cccc4)[C@@]5([NH2+]1)c6ccccc6N(C5=O)Cc7ccccc7,C15306550,inactive
4026,CN(C1CCCC1)c1cc(cc(C(=O)NCc2c(C)cc(C)[nH]c2=O)c1C)-c1ccc(CN2CCOCC2)nc1,172013,active
4027,COc1ccc(cc1OC)NC(=O)C2=C(C3=[NH+][C@H](C[C@H](N3N2)C(F)(F)F)c4cccs4)Cl,C00865942,inactive
4028,CC(=C)Cn1c(nnc1SCC(=O)N/[NH+]=C/c2ccccc2O)c3ccc(cc3)Br,C02522019,inactive
4029,Cc1cc(n(n1)CC(=O)NNC(=O)c2ccc(c(c2)I)Cl)C,C71906374,inactive
4030,c1ccc(c(c1)C(=O)Nc2ccc(cc2)Br)NC(=O)C(=O)N/N=C/c3ccc(cc3)OC(=O)c4cccs4,C98221323,inactive
4031,CCN1CCN(Cc2c(OC)cc(C)[nH]c2=O)C(=O)c2c(Cl)c(-c3c(C)noc3C)cc(Cl)c21,CHEMBL5085040,active
4032,c1ccc(cc1)CCNC(=O)CSc2nc3ccccc3c(=O)n2CC4CCC(CC4)C(=O)NC[C@@H]5CCCO5,C98009655,inactive
4033,CCOC(=O)N1CCN(CC1)S(=O)(=O)c2ccc(cc2)C(=O)N(CCC[NH+](C)C)c3nc4ccc(cc4s3)Cl,C38139128,inactive
4034,CCCC[NH+](CCCC)CCCN1[C@H](C(=C(C1=O)O)C(=O)c2ccc(cc2)F)c3ccc(cc3)O,C08695367,inactive
4035,Cc1c(c(n(n1)CC(=O)Nc2ccc3c(c2)c(c4c([nH+]3)CCCC4)Nc5ccc(c(c5)OC)OC)C)[N+](=O)[O-],C29752638,inactive
4036,COc1cc2c(cc1OC)C[NH+](CC2)CC(=O)Nc3c4cc(ccc4[nH]c3C(=O)OC)Br,C02100833,inactive
4037,COCCCN1C(=O)[C@H]2[C@H]([NH2+][C@@]3([C@@H]2C1=O)c4ccccc4NC3=O)CC5=c6ccccc6=[NH+]C5,C63270480,inactive
4038,COc1ccccc1[C@H](CNc2cnn(c(=O)c2Cl)c3ccc(cn3)C(F)(F)F)[NH+]4CCCC4,C09945368,inactive
4039,CCOC(=O)C1=C(OC(=C([C@H]1c2ccc(cc2)OC)C#N)N)CSc3c(ccc([nH+]3)c4cc[nH+]cc4)C#N,C17440307,inactive
4040,c1ccc2c(c1)CCN(C2)C(=O)NCC(=O)Nc3ccc(cc3)N4CCc5c(ccs5)C4,C97568527,inactive
4041,Cc1cc(c2c(c1)[C@@]3([C@@H]4[C@H]([C@@H]([NH2+]3)[C@@H](C)O)C(=O)N(C4=O)Cc5ccccc5OC)C(=O)N2)C,C35363843,inactive
4042,Cc1ccccc1NC(=O)CSC2=C([C@H](C(=C(N2)C)C(=O)Nc3ccccc3OC)c4cccs4)C#N,C97950975,inactive
4043,c1ccc(c(c1)C(=O)NNC(=O)Cc2c(cccc2Cl)Cl)NS(=O)(=O)c3cccs3,C12778214,inactive
4044,c1ccc(cc1)CN(CC(=O)Nc2ccccc2)S(=O)(=O)c3ccc(cc3)S(=O)(=O)N4CCCC4,C13496924,inactive
4045,Cc1ccc(cc1)NC(=O)N[C@H](Cc2ccccc2)C(=O)N3CC[NH+](CC3)C/C=C/c4ccccc4,C34970073,inactive
4046,c1cc(ccc1c2csc(n2)NC(=O)CSCC(=O)OCC(=O)c3ccc(cc3)Br)Br,C02855387,inactive
4047,Cc1ccc(cc1)S(=O)(=O)CNC(=O)[C@@H](c2ccc(c(c2)OC)O)N(C)C(=O)c3ccc(cc3)F,C36539299,inactive
4048,CN(C)c1ccc(cc1)NC(=O)[C@@H](c2ccc(cc2)F)N(Cc3ccc(cc3)F)C(=O)CN4c5ccccc5C(=O)C4=O,C08695737,inactive
4049,Cc1cc(c(c(=O)n1CCOC)[C@@H](c2ccc(cc2)SC)[NH+]3CCN(CC3)c4ccc(cc4)F)O,C22697782,inactive
4050,Cc1cc(C)c(CNC(=O)c2cc(-c3ccc(N4CCNCC4)nc3)cc3c2C(C)CN3C2CCOCC2)c(=O)[nH]1,CHEMBL3900506,active
4051,Cc1ccc(cc1S(=O)(=O)Nc2ccc(cc2)OC)S(=O)(=O)c3ccc(c(c3)S(=O)(=O)Nc4ccc(cc4)OC)C,C98002592,inactive
4052,C[C@@H]1c2c(ncnc2S[C@@H]1C(=O)NCC(C)(C)CO)NCCC3=c4ccccc4=[NH+]C3,C64636259,inactive
4053,Cc1ccc(c(c1)NC(=O)[C@@H](c2ccccc2)Sc3[nH]nc(n3)c4ccccc4Br)C,C09797994,inactive
4054,COC(C1CCN(CC1)C=O)c1cc(Cl)c2CCN(Cc3c(OC)cc(C)[nH]c3=O)C(=O)c2c1Cl,435609,active
4055,Cc1cc(cc[nH+]1)NC(=O)CSc2c(c(cc(n2)c3ccccc3)c4cc(c(c(c4)OC)OC)OC)C#N,C08412186,inactive
4056,COc1ccc2=[NH+][C@H]3[C@H](NCCC3=c2c1)[C@@H]4[C@@H](N(C(=S)NC4=O)CCc5ccccc5)O,C63375921,inactive
4057,[H]/N=C\1/C(=C\c2cc(c(c(c2)OC)OCCOc3ccc(cc3)[C@@H](C)CC)OC)/C(=O)N=C4N1N=C(S4)COc5ccccc5,C97960732,inactive
4058,CCOC(=O)c1c(c(sc1N/C=C(/C#N)\c2nc(cs2)c3cccs3)C(=O)OCc4ccccc4)C,C02386876,inactive
4059,Cn1c2ccc(cc2n(c1=O)C)[C@H](COc3ccc(cc3)CNCCc4ccc(cc4Cl)Cl)O,C13723202,inactive
4060,Cc1cc(-c2ccccc2)[nH]c(=O)c1CNC(=O)c1cc(-c2ccc(N3CCN(C(C)C)CC3)nc2)cc2c1cnn2C(C)C,CHEMBL4591568,inactive
4061,CSc1cc(C)[nH]c(=O)c1CNC(=O)c1c(C)n([C@H](C)[C@H]2CCC(CC2)Oc2cnn(C)c2)c2ncccc12,575030,active
4062,Cc1ccc(cc1)S(=O)(=O)NNc2c(c(nc[nH+]2)NNS(=O)(=O)c3ccc(cc3)C)N,C40794632,inactive
4063,c1ccc2c(c1)cccc2n3c(=O)c(c([nH]c3=O)O)[C@H](c4cc[nH+]cc4)[C@@H]5C(=O)NC(=O)N(C5=O)c6cccc7c6cccc7,C08445704,inactive
4064,c1ccc(cc1)C[C@@H](c2ccccc2)NC(=O)c3csc(n3)C[NH+](Cc4cccc(c4)C(F)(F)F)Cc5ccccc5F,C98019599,inactive
4065,Cc1ncsc1-c1ccc(CNC(=O)[C@@H]2C[C@@H](O)CN2C(=O)[C@@H](NC(=O)CCCNC(=O)c2ccc(-c3cnc(NCc4ccco4)n4cnnc34)cc2)C(C)(C)C)cc1,CHEMBL4749741,active
4066,CC(C)(C)C(=O)N1CSC[C@@H]1C(=O)N[C@@H]2COc3c2cccc3,C69819213,inactive
4067,c1ccc(c(c1)OCc2nnc(n2N)SCC(=O)N3CCN(CC3)Cc4ccc(s4)Cl)F,C25446861,inactive
4068,Cc1ccc(cc1)c2csc3c2c(=O)[nH]c(n3)C[NH+](CCCOC)C[C@@H](COc4ccccc4)O,C36207649,inactive
4069,COc1ccc(cc1COc2c(cc(cc2Br)Br)Br)/C=N/NC(=O)c3cc[nH]n3,C01271018,inactive
4070,Cc1cc(C)c(CNC(=O)c2cc(nc3n(ncc23)C2CCCCC2)C2=CC(C)(C)NC(C)(C)C2)c(=O)[nH]1,325922,active
4071,CCN(c1cc(-c2ccc(CN3C[C@H]4C[C@@H]3CO4)cc2)cc(C(=O)NCc2c(C)cc(C)[nH]c2=O)c1C)C1CCOCC1,CHEMBL3697457,active
4072,CCCCCOc1cccc(c1)[C@H]2C(=C(C(=O)N2CC[NH+](CC)CC)O)C(=O)c3cc4cccc(c4o3)OC,C33523026,inactive
4073,Cc1ccc2c(c(c(=O)oc2c1)CCC(=O)N[C@H](c3ccccc3)c4ccc5c(c4)[nH]c[nH+]5)C,C25146063,inactive
4074,Cc1ccc(cc1)C(=O)Nc2ccc(cc2)S[C@H](c3ccccc3)C(=O)Nc4ccc(cc4)C(=O)C,C22753731,inactive
4075,C[NH+]1[C@@H](NN[C@@H]1SCc2[nH]c(=O)c3ccccc3n2)c4cc5cc(ccc5o4)Br,C39969438,inactive
4076,c1ccc(c(c1)NC(=O)c2nnc(s2)COc3ccc(cc3)C(=O)NCCC[NH+]4CCOCC4)F,C33114311,inactive
4077,Cc1c(c(n(n1)Cc2ccc(cc2)Cl)C)NC(=O)CCCS(=O)(=O)c3nc(cc(n3)C(F)(F)F)c4ccccc4OC,C98043158,inactive
4078,Cc1cccc(c1C)N[C@H](c2ccc3ccc(nc3c2O)C)c4cccc[nH+]4,C54621354,inactive
4079,Cc1cccc(c1)COc2ccc(cc2)C(=O)C3=C(C(=O)N([C@H]3c4ccc(cc4)C(C)(C)C)CC[NH+](C)C)O,C08996947,inactive
4080,CC(C)(C)c1c(c[nH]n1)CN2CCN(CC2)c3c(cccc3F)[C@@H](c4[nH+]ccn4C)O,C72340633,inactive
4081,c1cc(cc(c1)Br)NC(=O)CSc2ccc([nH+]n2)N3CCC[C@H](C3)C(=O)NC4CC4,C49006551,inactive
4082,Cc1ccc(cc1)Sc2cc3c(cc2NS(=O)(=O)c4ccc5=[NH+]C(=O)[NH+]=c5c4)n(c(=O)n3C)C,C63617418,inactive
4083,Cc1cc(nc(n1)N/C(=N/C(=S)Nc2ccc(cc2Cl)Cl)/NCCc3c[nH]cn3)C,C14156516,inactive
4084,CCN(C(=O)C1CC1)c1cc(-c2ccc(NC(=O)c3cccnc3)cc2)cc(C(=O)NCc2c(C)cc(C)[nH]c2=O)c1C,CHEMBL4867160,active
4085,CCCSc1nc2c(c3c(s2)CO[C@@](C3)(C)CC)c4n1c(nn4)SCC(=O)N[C@@H](C)Cc5ccccc5,C01873971,inactive
4086,CCOC(=O)c1c(c(sc1NC(=O)CSc2nn(c(=S)s2)c3ccccc3)C(=O)N)C,C20921529,inactive
4087,Cc1cc(n([nH+]1)[C@@H](C)C(=O)Nc2ccc(cc2Cl)NC(=O)c3ccc(cc3)N4CCCC4=O)C,C72038713,inactive
4088,CS(=O)(=O)N(Cc1ccccc1)c2ccc(cc2)C(=O)Nc3ccc(cc3)S(=O)(=O)N4CCCCC4,C00636477,inactive
4089,Cc1ccc(cc1)c2n[nH]c(=S)n2CCC(=O)Nc3ccc(cc3)Br,C21216444,inactive
4090,c1cc(c[nH+]c1)CNC(=O)c2c3c(sc2NC(=O)/C=C/c4ccc(cc4Cl)Cl)CCC3,C39915312,inactive
4091,c1c(c(cc(c1Cl)S(=O)(=O)NC2CCCCC2)S(=O)(=O)NC3CCCCC3)N,C01199835,inactive
4092,CN(C)c1ccc(cc1)NC(=O)C2(CCCC2)N(Cc3ccc(cc3)C(F)(F)F)C(=O)CN4C[C@@H](NC4=S)c5ccccc5,C08695900,inactive
4093,CNc1cc(C(=O)NCc2c(C)cc(C)[nH]c2=O)c2cnn(C(C)C)c2n1,CHEMBL3946689,active
4094,Cn1c2ccccc2[nH+]c1CCc3cccc(c3)NS(=O)(=O)c4ccc(cc4)Br,C15870516,inactive
4095,CC(C)n1ncc2c(cc(cc12)-c1ccc(nc1)N1CCN(CC1)c1ncc(cn1)C(=O)NO)C(=O)NCc1c(C)cc(C)[nH]c1=O,50591112,active
4096,COc1cccc2c1oc(c2)C(=O)C3=C(C(=O)N([C@H]3c4cc(c(c(c4)Br)O)OC)CCCn5cc[nH+]c5)[O-],C01110463,inactive
4097,CCC[NH+](Cc1c(nn(c1Oc2ccc(cc2)F)C)c3ccccc3)C[C@@H](COCc4ccccc4)O,C36307641,inactive
4098,Cc1c2c(n(n1)Cc3ccccc3)OC(=C([C@H]2c4ccc(cc4)Br)C#N)N,C02293262,inactive
4099,CC[NH+]1CCc2c(sc(c2C(=O)N)NC(=S)NC(=O)c3ccccc3I)C1,C02308015,inactive
4100,CCOc1ccc(cc1)NC(=O)/C(=C\c2cc(c(c(c2)I)OCc3ccc(c(c3)Cl)Cl)OCC)/C#N,C97960715,inactive
4101,CCOC(=O)CN1CCC(CC1)[C@@H](C)n1c(C)c(C(=O)NCc2c(OC)cc(C)[nH]c2=O)c2ccccc12,50563823,active
4102,CC1(C)CC(CC(C)(C)N1)NC(=O)c1ccc(Oc2ccccc2C#N)cc1F,50010682,inactive
4103,CC(C)n1cc(C)c2c(cc(cc12)-c1ccc(nc1)N1CCN(C)CC1)C(=O)NCc1c(C)cc(C)[nH]c1=O,190196,active
4104,CCOc1ccccc1NC(=O)CSc2[nH+]ccn2c3ccc(cc3)C(=O)NCc4cccs4,C38654721,inactive
4105,COc1cccc(c1OC)NC(=O)NC[C@@H](c2ccc3c(c2)OCO3)[NH+]4CCN(CC4)c5ccccc5F,C38621310,inactive
4106,c1ccc(cc1)C[NH+](Cc2ccccc2)CC(=O)N/N=C/3\c4ccccc4N(C3=O)Cc5ccccc5F,C59167040,inactive
4107,Cc1c(sc2c1c(=O)n(c(n2)SCC(=O)Nc3c(c4c(s3)CCC4)C(=O)OC)Cc5cccnc5)C,C97946013,inactive
4108,Cc1[nH]c(=O)c(CNC(=O)c2cc(-c3ccc(N4CCN(C(C)C)CC4)nc3)cc3c2cnn3C(C)C)c(C)c1C,CHEMBL4525296,active
4109,c1cc(cc(c1)NC(=O)CSc2nnc(n2N)N/N=C/c3cccc(c3Cl)Cl)C(F)(F)F,C21316489,inactive
4110,C[C@@H]([C@@H](c1cccs1)[NH+]2CCN(CC2)c3ccccc3F)NC(=S)Nc4ccccc4OC,C39700277,inactive
4111,COc1ccccc1c2cc(c3c(nc[nH+]c3n2)N)c4ccc(cc4Cl)Cl,C09694543,inactive
4112,c1cc(ccc1N2C(=O)C[C@@H](C2=O)[NH2+]CC3CCCCC3)N4C(=O)C[C@@H](C4=O)NCC5CCCCC5,C18069331,inactive
4113,CC(C)n1ncc2c(cc(nc12)-c1cccc(c1)C(=O)NCCN(C)C)C(=O)NCc1c(C)cc(C)[nH]c1=O,325824,active
4114,COCC(=O)Nc1c2cc(c[nH+]c2n(c1C(=O)OC)CCc3ccc(cc3)OC)NCc4ccccc4F,C14741604,inactive
4115,COc1ccc(c(c1)[N+](=O)[O-])NC(=S)N[C@H](C(Cl)(Cl)Cl)NC(=O)c2cccc(c2)I,C98221427,inactive
4116,CCN([C@H]1CC[C@@H](CC1)N(C)C)c1cc(Cl)cc(C(=O)NCc2c3ncccn3[nH]c2=O)c1C,310766,active
4117,Cc1c(c(n[nH]1)c2ccc(cc2O)OCC[NH+]3CCN(CC3)c4ccccc4)c5ccccc5,C09410888,inactive
4118,c1ccc(cc1)S(=O)(=O)N2CCC3(CC2)C(=[NH+]CCN3)NCc4cc(cc(c4)F)F,C65074678,inactive
4119,c1ccc(cc1)CN(Cc2ccccc2)c3c(c([nH+]cn3)Nc4c(cc(cn4)C(F)(F)F)Cl)N,C40709719,inactive
4120,c1ccc(c(c1)NC(=O)CCSc2nc([nH]n2)N/N=C/c3cc(ccc3O)Cl)Br,C21080459,inactive
4121,CC1=NC2=C([C@H](C1C(=O)OCCc3ccccc3)c4cccc(c4)O)C(=O)C[C@@H](C2)c5ccc(c(c5)OC)OC,C06136924,inactive
4122,c1ccc2=[NH+]CC(=c2c1)C[C@@H](C(=O)Nc3ccc4c(c3)OCO4)NS(=O)(=O)c5ccc(cc5)Cl,C63844202,inactive
4123,[H]/N=C\1/C(=C/c2cc(c(c(c2)Cl)OCCOc3ccccc3C)OCC)/C(=O)N=C4N1N=C(S4)c5ccccc5Cl,C08494687,inactive
4124,c1ccc(cc1)[C@H](C(=O)c2c[nH]c3c2cccc3)[NH+]4CCC(CC4)C(=O)Nc5ccccc5O,C24835809,inactive
4125,Cc1ccc(cc1)S(=O)(=O)N[C@@H]2Nc3c(cc(cc3S2)NC(=O)[C@@H]4C=c5ccccc5=[NH+]4)C,C64623284,inactive
4126,COc1cc(C)[nH]c(=O)c1CN1CCc2c(Cl)cc([C@H](O)C3COC3)c(Cl)c2C1=O,CHEMBL4060378,active
4127,COc1cc(C)[nH]c(=O)c1CN1CCN(C)c2c(Cl)cc(-c3ccc(Cl)cc3F)c(Cl)c2C1=O,CHEMBL5069417,active
4128,CCCc1cc(C)[nH]c(=O)c1CNC(=O)c1cc(cc2n(ncc12)C(C)C)-c1ccnc(c1)N1CCN(C)CC1,50400778,active
4129,C[C@@]12C=C[C@@]3(O1)[C@@H]([C@@H]2C(=O)NC4CCCCC4)C(=O)N([C@@H]3C(=O)NC(C)(C)C)CC=C,C35314555,inactive
4130,c1cc(ccc1NC(=O)[C@@H]2[C@H]3C=C[C@@]4([C@@H]2C(=O)N([C@@H]4C(=O)NC5CCCCC5)CCC[NH+]6CCCCC6)O3)Cl,C38147198,inactive
4131,COc1cc(C)[nH]c(=O)c1CNC(=O)c1c(C)n(C(C)C2CCOCC2)c2ccccc12,CHEMBL5206126,active
4132,CC(C)n1ncc2c(cc(Br)nc12)C(=O)NCc1c(C)cc(C)[nH]c1=O,50149638,active
4133,CCN(C1CCOCC1)c1cc(cc(C(=O)NCc2c(cc(C)[nH]c2=O)C(C)C)c1C)-c1cnc(OC)cn1,601722,active
4134,c1cc(cc(c1)[N+](=O)[O-])COc2c(cc(cc2Br)/C=N\NC(=O)C[NH+]3CCOCC3)Cl,C59246563,inactive
4135,CCN([C@H]1CC[C@@H](CC1)N(C)C)c1cc(cc2c(NCc3c(C)cc(C)[nH]c3=O)nccc12)-c1ccc(CN2CCN(C)CC2)nc1,50594144,active
4136,COC1CN(C1)C1CC[C@@H](CC1)[C@@H](C)n1c(C)c(C(=O)NCc2c(SC)cc(C)[nH]c2=O)c2cc(Cl)cnc12,574976,active
4137,COc1ccc(cc1Cn2cc(cn2)[N+](=O)[O-])[C@H]3C(=C(N(C4=C3C(=O)CCC4)c5ccccc5)[NH3+])C#N,C00689141,inactive
4138,CCOc1ccc(cc1OC)/C=C/C(=O)Nc2ccc3c(c2)c(c4c([nH+]3)CCCC4)Nc5ccccc5OC,C03646161,inactive
4139,c1ccc(cc1)c2csc(n2)n3c(=O)c(c([nH]3)c4ccccc4)[C@@H](c5ccc(cc5)Br)[C@H](C#N)C(=O)N,C01204567,inactive
4140,c1cc(ccc1NC(=O)CSc2nc3ccc(cc3s2)Nc4[nH+]c(nc(n4)N5CCCCC5)N6CCCCC6)F,C33358094,inactive
4141,CN1C(=O)N[C@@H]([C@@H]([C@]1(C(F)(F)F)O)C(=O)c2cccs2)c3ccc(cc3)F,C12560863,inactive
4142,c1cc(ccc1NC(=O)CSc2nnc3n2[NH+]=CN(C3)c4ccc(cc4)F)S(=O)(=O)N,C19897495,inactive
4143,c1ccc(cc1)c2[nH]c(c([nH+]2)S(=O)(=O)c3ccccc3)SCC(=O)NCc4ccc(cc4)Cl,C06147866,inactive
4144,COCCN(CC(=O)N(CCc1c[nH]c2c1cccc2)Cc3ccccc3OC)S(=O)(=O)c4cc(ccc4Cl)Cl,C98017733,inactive
4145,CCCCOc1ccc(cc1)C(=O)C2=C(C(=O)N([C@@H]2c3ccc(cc3)F)c4nnc(s4)SCc5ccccc5Cl)O,C98046468,inactive
4146,CN1CCC(CC1)N1CCC(CC1)n1ncc2c(cc(Br)cc12)C(=O)NCc1c(C)cc(C)[nH]c1=O,326118,active
4147,CCN(C1CCOCC1)c1cc(\C=C\c2ccc(CN3C[C@H]4C[C@@H]3CO4)c(F)c2)cc(C(=O)NCc2c3CCCCc3c(C)[nH]c2=O)c1C,50544766,active
4148,COc1cc(cc(c1OCc2ccccc2)C[NH2+]CCNc3ccc(cc3Cl)[N+](=O)[O-])Br,C10475098,inactive
4149,CCN(C1CCOCC1)c1cc(\C=C\c2ccc(cc2)S(=O)(=O)N2CCOCC2)cc(C(=O)NCc2c(C)c3CCCCc3[nH]c2=O)c1C,50544759,active
4150,CN([C@@H]1CC[C@H](N)CC1)c1cc(cc(C(=O)NCc2c(C)cc(C)[nH]c2=O)c1C)-c1ccc(CN2CCOCC2)nc1,172043,active
4151,CC(C)[C@@H](C(=O)NC[C@@H](c1cccs1)[NH+](C)C)NS(=O)(=O)c2ccc3ccccc3c2,C25385818,inactive
4152,Cc1ccc(cc1)NC(=O)CN2c3ccccc3[C@]4(C2=O)[C@H]5[C@@H]([C@@H]([NH2+]4)C)C(=O)N(C5=O)c6ccc(cc6)Br,C08439653,inactive
4153,CC(C)n1ncc2c(cc(cc12)-c1cccc(CN2CCN(C)CC2)c1)C(=O)NCc1c(C)cc(C)[nH]c1=O,326091,active
4154,Cn1c(cc(n1)c2ccc(c(c2)OC)OC)[C@H]3C[NH+]4CC[C@H]3C[C@@H]4CNC(=S)Nc5cc(cc(c5)OC)OC,C08635526,inactive
4155,c1cc(c(c(c1)Cl)[C@@H](CNC(=O)CCCOc2ccc3c(c2)CCC(=O)N3)[NH+]4CCCC4)F,C71895426,inactive
4156,Cc1cc(C)c(CNC(=O)c2cc(Br)nc3n(ncc23)C2CCN(CC2)C(=O)C(C)(C)C)c(=O)[nH]1,50149705,active
4157,c1ccc(cc1)SCCOc2c(cc3ccc(cc3n2)F)C[NH2+][C@@H](Cc4c[nH]c[nH+]4)CO,C14991968,inactive
4158,Cc1c2c(nc(n1)NC(=O)CSc3nnc(s3)N)C[C@@H](CC2=O)C,C13636202,inactive
4159,CCOc1ccc(cc1)NS(=O)(=O)c2ccc3c(c2)[C@@H]4C=CC[C@@H]4[C@@H](N3)c5ccc(cc5)SC,C14551931,inactive
4160,Cc1ccc(cc1)C(=O)N/C(=C/c2ccc(o2)c3ccc(cc3)Br)/C(=O)NCCCn4cc[nH+]c4,C01764443,inactive
4161,c1ccc2c(c1)ccc3c2cc(c(=O)o3)c4csc(n4)/C(=C\Nc5ccc(cc5)S(=O)(=O)Nc6nccs6)/C#N,C08387227,inactive
4162,CS(=O)(=O)c1cccc(c1)NC(=O)N2CCc3ccccc3C2,C43869674,inactive
4163,CC(C)Oc1ccc(cc1OC)[C@H]2CC3=C([C@H](Nc4ccccc4N3)c5cc(c(c(c5)OC)O)OC)C(=O)C2,C21239166,inactive
4164,CCN(CC)c1ccc(cc1)[C@@H]2[C@@H]3CC=C[C@@H]3c4cc(ccc4N2)S(=O)(=O)NC5CCCCC5,C14461364,inactive
4165,CN(C)S(=O)(=O)c1cc(ccc1Cl)NC(=O)COC(=O)C[C@@H]2C(=O)Nc3ccccc3S2,C09545297,inactive
4166,COc1ccc(cc1C(=O)NC(=S)Nc2ccc(c[nH+]2)I)Br,C00679135,inactive
4167,CCCSc1ccccc1NC(=O)CSc2nnc(n2N)N/N=C/c3ccc(cc3)C(=O)OC,C20913700,inactive
4168,CCOc1ccc(cc1)C2=N[C@H]([NH2+][C@@H](C2)c3cc(ccc3O)Cl)c4ccc(cc4)Br,C09541495,inactive
4169,c1ccc(cc1)c2c3cc(ccc3nc(n2)c4ccc(cc4)NC(=O)CSc5nc6ccccc6s5)NC(=O)CSc7nc8ccccc8s7,C98043405,inactive
4170,C[C@@H]1C[C@H]2[C@@H]3CC[C@@H]4CC(=O)C=C[C@@]4([C@@H]3[C@@H](C[C@@]2([C@@]1(C(=O)COC(=O)C)O)C)O)C,C33671704,inactive
4171,C/C(=N\NC(=O)CN(c1ccccc1F)S(=O)(=O)c2ccccc2)/c3cccc(c3)NC(=O)C,C59436977,inactive
4172,CC(C)[NH+]1CCc2c(sc3c2C(=N[C@H](N3)c4ccc(o4)c5cc(ccc5Cl)[N+](=O)[O-])O)C1,C15947063,inactive
4173,C/C(=N\[NH+]=C(/N)\S[C@@H]1CC(=O)N(C1=O)c2ccc(cc2)F)/c3ccc(s3)Br,C59446074,inactive
4174,C[C@@H](C(=O)NCCCc1ccccc1)Oc2ccc3c(c2)c4cc[nH+]c5c4n3c(=O)c6c5ccc(c6OC)OC,C70707885,inactive
4175,CCN(C1CCOCC1)c1cc(cc(C(=O)NCc2c3CCCCc3c(C)[nH]c2=O)c1C)-c1ccc(CN2CCOCC2)cc1,335712,active
4176,CC[C@H](C)n1nc(C)c2c(C(=O)NCc3c(C)cc(C)[nH]c3=O)cc(-c3ccc(N4CCNCC4)nc3)cc21,CHEMBL4847620,active
4177,Cc1c(c(n(n1)C)C)NC(=O)[C@H](C)Sc2[nH]c(c([nH+]2)c3cccs3)c4cccs4,C09603461,inactive
4178,CC1=C([C@@H](C2=C(N1)C[C@@H](CC2=O)c3cccs3)c4cc(c(cc4OC)Br)OC)C(=O)OC(C)C,C01140824,inactive
4179,CSc1cc(C)[nH]c(=O)c1CNC(=O)c1c(C)n([C@H](C)C2CCN(CC(F)(F)F)CC2)c2ncncc12,574932,active
4180,Cc1ccc(cc1)c2[nH]c(c([nH+]2)S(=O)(=O)c3ccccc3)SCC(=O)Nc4cc(ccc4C)Cl,C12112529,inactive
4181,CC(C)[NH+](Cc1ccc(o1)C(=O)OC)CC(=O)N(CCc2c[nH]c3c2cccc3)Cc4ccc(c(c4)Cl)Cl,C98020076,inactive
4182,c1cc(ccc1[C@@H]2CC(=C(C(=O)C2)/C=N/CCN3CC[NH+](CC3)CC(=O)Nc4ccc(cc4)Cl)[O-])Cl,C22861177,inactive
4183,Cc1ccc(cc1S(=O)(=O)N)NC(=O)CSc2nnc(n2c3ccc(cc3)F)[C@@H](C)[NH+](C)C,C24090487,inactive
4184,COc1ccc(cc1OC)COC[C@H](C[NH+]2CCC(CC2)CN3C(=O)c4cccc5c4c(ccc5)C3=O)O,C08431493,inactive
4185,CCCN1CC=C2[C@H](C1)[C@H](C(C(=C2C#N)[NH3+])(C#N)C#N)c3ccc(c(c3)OCC)OCC[NH+]4CCOCC4,C08442021,inactive
4186,c1cc(oc1)[C@@H](CNC(=O)C(=O)NCCc2ccc(cc2)F)S(=O)(=O)c3ccc(cc3)Cl,C17169721,inactive
4187,C[C@@H]1CCCC[NH+]1Cc2c(nnn2c3c(non3)N)C(=O)N/N=C\c4ccc(c(c4)OC)OCc5ccccc5,C98216236,inactive
4188,c1cc(cc(c1)Cl)CCn2cnc3c(c2=O)c4c(s3)C[C@H](CC4)[NH2+]Cc5cc(n[nH]5)C6CC6,C20212020,inactive
4189,COc1cc(C)[nH]c(=O)c1CN1CCn2ccc3cc(-c4c(C)noc4C)c(Cl)c(C1=O)c23,50594118,active
4190,Cc1c(c(=O)n(n1C)c2ccccc2)NS(=O)(=O)c3ccc(cc3)CCN4C(=O)c5cccc6c5c(ccc6)C4=O,C97993286,inactive
4191,c1cc(ccc1[C@@H](c2ccncc2)[NH2+]C3CCN(CC3)c4ccc(cc4)NC(=O)C5CCCC5)Cl,C12190130,inactive
4192,c1ccc(cc1)c2cc(ncn2)SCC(=O)Nc3nc4ccc(cc4s3)S(=O)(=O)N,C32535381,inactive
4193,C[C@@H]1Cc2cc(ccc2O1)C(=O)C3=C(C(=O)N([C@@H]3c4cccc(c4)OCc5ccccc5)CCC[NH+]6CCOCC6)O,C97969560,inactive
4194,CC[C@@H](C(=O)NCCOC)Sc1nc2c(c([nH]n2)C)c(=[NH2+])n1c3ccc(cc3)Br,C02927065,inactive
4195,Cc1cccc(c1NC(=O)c2c(c3c(cc([nH+]c3s2)c4ccccc4)c5ccc(c(c5)OC)OC)N)C,C08990080,inactive
4196,Cc1cc(nc(n1)C)NS(=O)(=O)c2ccc(cc2)NC(=O)[C@H]3CCc4c([nH]c([nH+]4)C)C3,C98341015,inactive
4197,CN(C)c1ccc(cc1)[C@@H](CNC(=O)Nc2cccc(c2OC)OC)[NH+]3CCN(CC3)c4ccccc4,C22418762,inactive
4198,c1ccc(cc1)[C@H](c2cccs2)NC(=O)C[NH+]3CCN(CC3)CC(=O)Nc4cccc(c4)F,C22791127,inactive
4199,CCOCCCNC(=O)NC(=O)CSc1[nH]cc([nH+]1)c2ccc(cc2)Br,C09126811,inactive
4200,CCN(C1CCOCC1)c1c(C)c(cc2n(ncc12)C(F)F)C(=O)NCc1c(C)cc(C)[nH]c1=O,516838,active
4201,Cc1cc(C)c(CNC(=O)c2cc(cc3n(ncc23)C2CCCC2)N2CCN(CC2)C2CCNCC2)c(=O)[nH]1,326160,active
4202,Cc1cc(n(n1)[C@@H]2CCS(=O)(=O)C2)NC(=O)/C=C/c3ccc(cc3Cl)Cl,C12918120,inactive
4203,c1cc(cc(c1)Br)CNc2[nH+]n(c(n2)NCc3cccc(c3)Br)C(=O)c4ccco4,C97995281,inactive
4204,c1cc(cc(c1)O)c2cn(nn2)C[C@H]3C[C@H]4CC[NH+]3C[C@@H]4C(=O)NCc5ccc(cc5)F,C08298659,inactive
4205,COCc1cc(C)[nH]c(=O)c1CNC(=O)c1cc(nc2n(ncc12)C(C)C)C1=CC(C)(C)NC(C)(C)C1,325927,active
4206,CCCc1cc(C)[nH]c(=O)c1CNC(=O)c1cc(-c2ccc(N3CCN(C(C)C)CC3)nc2)c2cnn(C(C)C)c2c1,CHEMBL4521826,active
4207,Cc1cccc(c1)COc2ccc(cc2)C(=C3[C@@H](N(C(=O)C3=O)CCCn4cc[nH+]c4)c5cc[nH+]cc5)O,C09464182,inactive
4208,COc1ccc(cc1)c2cc(n3c(n2)c(cn3)C(=O)Nc4cnn(c4)Cc5c(cccc5Cl)Cl)C(F)F,C00649110,inactive
4209,CCCCOc1ccc(cc1OC)[C@@H]2c3c([nH]nc3C(=O)N2Cc4ccc[nH+]c4)c5ccccc5O,C08845462,inactive
4210,CCN(c1cc(-c2ccc(C(=O)NCCCO)cc2)cc(C(=O)NCc2c(C)cc(C)[nH]c2=O)c1C)[C@H]1CC[C@H](N(C)C)CC1,CHEMBL3701041,active
4211,CCCCCOc1cccc(c1)[C@@H]2C(=C(C(=O)N2CCC[NH+](C)C)O)C(=O)c3c(n4cccc(c4n3)C)C,C35484070,inactive
4212,COc1cc(c(cc1Cl)OC)/N=C(/N2CCC(CC2)(C(=O)N)[NH+]3CCCCC3)\S,C04574491,inactive
4213,c1ccc2c(c1)c(cn2Cc3ccc(cc3Cl)Cl)/C=N/Nc4[nH+]c(nc(n4)N5CCOCC5)N6CCOCC6,C05596981,inactive
4214,CSc1cc(C)[nH]c(=O)c1CNC(=O)c1c(C)n([C@H](C)C2CCC(CC2)N2CC(F)C2)c2c(F)cccc12,574945,active
4215,Cc1ccc(cc1NC(=O)Cc2cccc(c2)OC)S(=O)(=O)Nc3cccc(c3)Cl,C24751231,inactive
4216,CN1c2ccccc2[C@@]3(C1=O)C(=C(C(=O)N3CCC[NH+]4CCOCC4)O)C(=O)c5ccc(cc5)Br,C97939528,inactive
4217,c1cc(c(c(c1)Cl)[C@@H](CNC(=O)Cc2csc(n2)c3ccc4c(c3)OCO4)[NH+]5CCCC5)F,C72071538,inactive
4218,COc1ccc(cn1)-c1cc(cc2CC(C)(Oc12)C=C)C(=O)NCc1c(C)cc(C)[nH]c1=O,359795,active
4219,CCN(c1cc(-c2ccc(S(C)(=O)=O)cc2)cc(C(=O)NCc2c(C)cc(C)[nH]c2=O)c1C)[C@H]1CC[C@H](N(C)C)CC1,CHEMBL3701010,active
4220,C[NH+](C)CCNC(=O)CN1c2c(c(nn2c3ccc(cc3)OC)c4ccccc4)[C@H](SCC1=O)c5ccc(cc5)F,C98011107,inactive
4221,COc1ccc(cc1/C=N/NC(=O)CSc2nnc(n2c3ccccc3)c4cc(c(c(c4)OC)OC)OC)Br,C98219006,inactive
4222,CCN([C@H]1CC[C@@H](CC1)N(C)C)c1cc2occc2c(C(=O)NCc2c(OC)cc(C)[nH]c2=O)c1C,458828,active
4223,CC[NH+](CC)CCCN1[C@H](/C(=C(/c2ccc3c(c2)C[C@H](O3)C)\O)/C(=O)C1=O)c4ccc(cc4)Br,C09312965,inactive
4224,CCN(C1CCOCC1)c1cc(cc(C(=O)NCc2c(C)cc(C)[nH]c2=O)c1C)-c1ccc(CNC(C)C)cc1,172086,active
4225,Cc1c2c(c(c[nH+]1)CO)Cc3c(nc(nc3SCc4cccc(c4)F)c5ccccc5F)O2,C09116466,inactive
4226,Cc1ccc(c(c1)Cl)OC[C@@H](C[NH+]2CCN(CC2)C[C@H](COc3ccc(cc3Cl)C)O)O,C19938949,inactive
4227,CC1=C([C@@H]([C@@H]2C(=N1)C[C@@H](CC2=O)c3ccccc3)c4ccc(cc4OC)OC)C(=O)Nc5ccc(c[nH+]5)Br,C08440286,inactive
4228,Cl.Nc1cccc2c(S(=O)(=O)NCc3ccccc3)cccc12,CHEMBL4854710,inactive
4229,C[C@H](C(=O)NC[C@H]1CCCO1)S[C@@H]2NN=C(N2c3ccc(cc3)Cl)C4=c5ccccc5=[NH+]C4,C39947236,inactive
4230,CCn1c2ccc(cc2c(=O)n(c1=O)CC)S(=O)(=O)Nc3cc(c(cc3Cc4c5cc(c(cc5cc[nH+]4)OC)OC)OC)OC,C79210340,inactive
4231,c1ccc(cc1)CN(c2ccccc2C(=O)Nc3ccc(cc3)C(=O)N)S(=O)(=O)c4ccccc4,C00881249,inactive
4232,C=CC(=O)Nc1nn(C(C)c2ccccc2)c(C)c1C(=O)NCc1c(C)cc(C)[nH]c1=O,CHEMBL5173402,active
4233,Cc1cc(ccc1Cl)OCC(=O)NC(=S)Nc2ccc(c[nH+]2)I,C16282318,inactive
4234,Cc1cc(C)c(CNC(=O)c2cc(nc3n(ncc23)C2CCOCC2)C2=CC(C)(C)NC(C)(C)C2)c(=O)[nH]1,325916,active
4235,CCN(C1CCOCC1)c1cc(\C=C\c2ccc(CN3C[C@H](C)O[C@H](C)C3)c(F)c2)cc(C(=O)NCc2c(C)c3CCCCc3[nH]c2=O)c1C,50544769,active
4236,Cc1cc(cc(c1)NC2=Nc3ccccc3N4C2=[NH+]c5c(c(nn5c6ccccc6)C)[C@H]4c7ccc(c(c7)OC)OC)C,C01853867,inactive
4237,CCn1c(nnc1SCC(=O)Nc2c(cc(cc2Br)F)F)CC(=O)Nc3cccc(c3)OC,C02859286,inactive
4238,c1ccc2c(c1)cccc2NC(=O)CSc3nnc(s3)NC(=O)c4ccc(cc4)Cl,C39723413,inactive
4239,c1ccc(cc1)CCNC(=O)[C@@H]2C[C@@H](C[NH+](C2)Cc3ccc(cc3)O)COc4ccc5c(c4)CCC5,C14744478,inactive
4240,c1ccc(cc1)c2ccc(o2)/C=C/C(=O)NC(=S)Nc3ccc4c(c3)nc(o4)c5ccc[nH+]c5,C57314112,inactive
4241,c1ccc(cc1)n2cc(c(n2)c3cccc(c3)OCc4ccccc4Cl)/C=C(/C#N)\C(=O)NCCCn5cc[nH+]c5,C97947246,inactive
4242,Cc1ccc(cc1)C2=NN3C(=[NH2+])/C(=C/c4cc(c(c(c4)Br)OCc5ccccc5)OC)/C(=O)N=C3S2,C97960172,inactive
4243,Cc1cccc(c1)n2c(=[NH2+])c3c([nH]nc3nc2SCC(=O)Nc4ccc(c(c4)C)C)C,C08583589,inactive
4244,CCc1c(c(n(n1)c2ccccc2)Oc3ccccc3)C[NH+](C[C@H]4CCCO4)C[C@@H](Cc5ccccc5)O,C36302990,inactive
4245,Cc1ccc(cc1)CSc2nnc(s2)N3C4=C([C@@H](C(=C3N)C#N)c5ccc[nH+]c5)C(=O)CCC4,C12447720,inactive
4246,Cc1ccc(cc1)NC(=O)c2ccccc2NC(=O)C(=O)N/N=C/c3ccc(cc3)OC(=O)c4ccccc4I,C04229916,inactive
4247,CCCOc1ccc(cc1)C(=O)Oc2ccc(cc2/C=N/NC(=O)c3ccccc3NS(=O)(=O)c4ccc(cc4)Cl)Br,C04232012,inactive
4248,CC1(CC2=C([C@@H](C(=C(N2)SCC(=O)NCCc3ccc(cc3)OC)C#N)c4cccc(c4)[N+](=O)[O-])C(=O)C1)C,C02849493,inactive
4249,COC(=O)c1c2c(sc1NC(=O)COc3ccc(cc3Br)Br)CC[C@H]2C(=O)OC,C03959321,inactive
4250,CN1C(=[NH2+])/C(=N\Nc2cccc(c2)C(F)(F)F)/C(=N1)c3ccc(cc3)Br,C25176554,inactive
4251,COc1cccc(c1OC)/C=c\2/c(=O)n3c(=C([C@H](C(=C3N)C#N)c4cccc(c4OC)OC)C#N)s2,C02285034,inactive
4252,CNc1c(c[nH+]c(n1)N/N=C\c2cc(c(c(c2)I)OCc3ccccc3C#N)OC)F,C97962975,inactive
4253,c1ccc2=[NH+]CC(=c2c1)C[C@@H](C(=O)OCC(=O)c3ccccc3Br)NC(=O)c4cccs4,C63258906,inactive
4254,CCc1c(cc(c([nH+]1)SCC2=C([C@H](C(=C(O2)N)C#N)c3ccccc3OC)C(=O)OCC)C#N)C,C08809597,inactive
4255,CC(C)[C@H](c1[nH]c2ccccc2[nH+]1)NC(=O)C3CCN(CC3)S(=O)(=O)/C=C\c4ccccc4,C50568508,inactive
4256,C[C@H]1CCC[C@H]([C@@H]1C)NC(=O)[C@@H]2[C@@]34C=C[C@@H](O3)[C@@H]([C@@H]4C(=O)N2CCC[NH+]5CCCCC5)C(=O)Nc6ccc(cc6)OC,C38147060,inactive
4257,c1ccc2c(c1)c(c[nH]2)[C@@H](CC(=O)N3CC[NH+](CC3)Cc4ccc5c(c4)OCO5)c6ccc(c(c6)C(F)(F)F)Cl,C98021363,inactive
4258,c1ccc2c(c1)CC[NH2+][C@H]2C3=C(C[C@H]([C@@H](C3=O)n4cncn4)c5ccccc5Oc6cccc(c6)Cl)O,C13144919,inactive
4259,Cc1cccc2c1[nH]c(=O)c(c2)[C@@H](c3nnnn3CCOC)[NH+](CCc4ccccc4)Cc5cccs5,C06443691,inactive
4260,CC(C)CN(C[C@H]([C@H](Cc1ccccc1)NC(=O)OC(C)(C)C)O)S(=O)(=O)c2ccc(cc2)N,C22050881,inactive
4261,COc1ccc(cc1)N2C(=O)[C@@H]3[C@@H]([NH2+][C@@]([C@@H]3C2=O)(Cc4ccccc4)C(=O)[O-])c5ccc(cc5O)OC,C19848811,inactive
4262,c1ccn2cc([nH+]c2c1)COc3cccc(c3)C(=O)Nc4cccc(c4)C(=O)NCC(F)(F)F,C11419193,inactive
4263,c1cc(ccc1c2c(c[nH]n2)/C=C(\C#N)/C(=O)Nc3ccc4c(c3)OCCO4)Br,C20478895,inactive
4264,c1ccc2c(c1)nc(n2C(F)F)SCC(=O)N3C[C@H](Oc4c3cccc4)C(=O)N,C11279966,inactive
4265,C[C@@H](C(=O)Nc1c2cc(ccc2[nH]c1C(=O)OC)Br)N3CC[NH+](CC3)C4CCCCC4,C19372483,inactive
4266,c1ccc(cc1)[P+](/C=C/N/[NH+]=C(/C(=N/N/C=C/[P+](c2ccccc2)(c3ccccc3)c4ccccc4)/[NH-])\N)(c5ccccc5)c6ccccc6,C97961999,inactive
4267,COc1cc(cc(c1OC)OC)[C@@H]2CC3=C([C@H](c4c([nH]nc4O)N3)c5cc[nH+]cc5)C(=O)C2,C98037074,inactive
4268,COc1ccc(cc1)C[C@@]2(C(=O)NC(=O)N(C2=O)c3cccc(c3)Cl)C[NH+]4C[C@H]5C[C@@H](C4)c6cccc(=O)n6C5,C70671714,inactive
4269,Cc1c(c(n([nH+]1)[C@H]2CCS(=O)(=O)C2)C)CNC[C@H](c3cccs3)c4c[nH]c5c4cccc5,C12690117,inactive
4270,CC(=O)Nc1ccc(cc1)c2csc(n2)NC(=O)[C@@H]3CS[C@]4(N3C(=O)CC4)c5cccs5,C13139339,inactive
4271,Cc1cccc(c1C)NC(=O)NC(=O)CSc2nnc(n2c3ccc(cc3)Cl)[C@H](C)[NH+](C)C,C16685455,inactive
4272,COc1ccc(cc1)[C@H]2[C@H]3CCCC[C@@]3(CC[NH+]2CC(=O)Nc4c(c5c(s4)CCCC5)C(=O)OC)O,C09281708,inactive
4273,c1ccc(cc1)NS(=O)(=O)c2ccc3c(c2)[C@H]4C=CC[C@@H]4[C@H](N3)c5ccc[nH+]c5,C20750650,inactive
4274,c1c(oc(c1)I)/C=N/NC(=O)CCCCCCC(=O)N/N=C/c2oc(cc2)I,C97946006,inactive
4275,Cc1c(c(nc(n1)SC)C)CCC(=O)NC[C@H](c2c(cccc2Cl)F)[NH+]3CCO[C@@H](C3)C,C69615855,inactive
4276,CCOc1ccccc1[C@H]2[C@@H]3CC=C[C@H]3c4cc(ccc4N2)S(=O)(=O)Nc5ccc(cc5C)C,C20748530,inactive
4277,CCOC(=O)c1c(csc1NC(=O)CSc2nc3c(c(cs3)c4ccc(cc4)C)c(=O)n2c5ccccc5)c6ccc(cc6)F,C08431962,inactive
4278,Cc1cccc(c1)NC(=S)NC[C@H]2c3cc(c(cc3CC[NH+]2Cc4ccccc4C)OC)OC,C36041095,inactive
4279,C[NH+](C)CCCNC(=O)[C@H]1C[C@H](C[NH+](C1)CCc2ccccc2)C(=O)Nc3ccc(cc3)F,C14747769,inactive
4280,CCN(C1CCOCC1)c1cc(\C=C\c2ccc(CN3CCOCC3)cc2)cc(C(=O)NCc2c(C)c3CCCCc3[nH]c2=O)c1C,50544771,active
4281,c1cc(c(cc1Br)/C=[NH+]/CCOCCOCC/N=C/c2cc(ccc2O)Br)O,C15776614,inactive
4282,c1ccc(cc1)N2C(=O)c3cccc(c3C2=O)NC(=S)NC(=O)c4ccc(o4)c5ccc(cc5)Cl,C22824967,inactive
4283,c1ccc(cc1)COc2ccc3c(c2)c(c[nH]3)[C@H](C(=O)[O-])[NH+]4CCN(CC4)CCc5cc[nH+]cc5,C20676784,inactive
4284,Cc1c(n(c([nH+]1)S[C@@H](C)C(=O)Nc2c(c3c(s2)CCC3)C(=O)N)C4CCCC4)C,C09914100,inactive
4285,c1ccc(c(c1)C(=O)OCC(=O)NC2CCCCC2)NS(=O)(=O)c3ccc(cc3)Br,C09244581,inactive
4286,c1ccc(cc1)[C@@H](CNC(=O)Cn2c(n[nH]c2=S)c3cccs3)C4=c5ccccc5=[NH+]C4,C63908570,inactive
4287,CC(C)OC(=O)c1c2c(sc1NC(=O)c3cc4n(n3)[C@@H](C[C@H](N4)c5ccc(c(c5)OC)OC)C(F)(F)F)CCCC2,C03011272,inactive
4288,CC(=O)N1C/C(=C\c2ccc(cc2)C(=O)OC)/C3=C(C1)[C@H](C(=C(O3)[NH3+])C#N)c4ccc(cc4)C(=O)OC,C39326687,inactive
4289,CC(=O)c1ccc(cc1)S(=O)(=O)N2CCN(CC2)c3c(c(c(c(n3)F)F)Sc4cc(c(c(c4)C(C)(C)C)O)C(C)(C)C)F,C98005932,inactive
4290,CC(=O)Oc1ccc(cc1OC)/C=N\NC(=O)CSc2[nH+]c3ccccc3n2Cc4ccccc4Cl,C38205861,inactive
4291,COc1ccc(cc1OC)c2nnc(n2c3ccccc3)SCC(=O)N/N=C/c4cccc(c4)Br,C01897384,inactive
4292,Cc1cccc(c1NC(=O)CSC2=NC(=C([C@@H](C2C#N)c3ccc(c(c3)OC)O)C(=O)OCC=C)C)C,C09015083,inactive
4293,CC[NH+](CC)CCN(c1nc2ccc(cc2s1)Cl)C(=O)c3ccc(cc3)S(=O)(=O)N(CC)c4ccccc4,C60209798,inactive
4294,CC(C)Oc1ccc(cc1)C(=C2[C@@H](N(C(=O)C2=O)Cc3ccc[nH+]c3)c4ccc(c(c4)Cl)Cl)O,C09158916,inactive
4295,c1ccc(cc1)Cn2c(c3c(nc(nc3[nH+]2)N4CCN(CC4)Cc5ccc(cc5)F)c6ccccc6F)N,C37358822,inactive
4296,CC(C)c1ccc(cc1)S(=O)(=O)c2cnc([nH+]c2N)SCC(=O)Nc3ccc(c(c3)Cl)OC,C09673572,inactive
4297,CS(=O)(=O)c1ccc(cc1)C(=O)Nc2c(cc(cc2Cl)NC(=O)/C=C/c3ccco3)Cl,C26884603,inactive
4298,C[C@@H]1C[C@@H](C[NH+](C1)CCCNC(=O)[C@@]2(Cn3c4ccccc4cc3C(=O)N2Cc5ccc6c(c5)OCO6)C)C,C37006610,inactive
4299,c1ccc2c(c1)C3=N[C@H](C(=O)N3C(=N2)SCC(=O)Nc4cccc(c4)C(F)(F)F)CC(=O)NCc5cccs5,C08594906,inactive
4300,Cc1[nH]c2cc(ccc2[nH+]1)/N=C/c3cc(cc(c3O)Br)Br,C05940854,inactive
4301,Cc1cc(ccc1Br)OCC(=O)Nc2ccc(cc2)S(=O)(=O)Nc3nc(cc(n3)C)C,C00674660,inactive
4302,Cc1nc2c(c(cs2)c3cccs3)c(=O)n1CC(=O)NN4C(=O)C5(CCCCC5)NC4=O,C09765323,inactive
4303,CC(=O)c1ccc(cc1)N2CC[NH+](CC2)[C@H](c3c[nH]c4c3cc(cc4)OCc5ccccc5)C(=O)[O-],C12321152,inactive
4304,Cc1ccc(c(c1)Nc2[n+](c(cs2)c3ccc(c(c3)C)C)/N=C/c4ccc(cc4O)O)C,C89610897,inactive
4305,CC(C)c1ccc(cc1)[C@@H](C(=O)Nc2ccc(cc2)N(C)C)N(Cc3ccc[nH+]c3)C(=O)Cc4ccccc4,C36057649,inactive
4306,CC1=C2[C@@H](C[C@H]1c3ccoc3)O[C@H]4[C@@]2([C@@H]([C@]5([C@@H](C[C@H]([C@@]6([C@@H]5[C@H]4OC6)C)O)OC(=O)C=C(C)C)C)CC(=O)OC)C,C98230030,inactive
4307,Cc1c(cc(cc1I)I)/C=N/Nc2[nH+]c(nc(n2)NC)Nc3cccc(c3)C(F)(F)F,C97966077,inactive
4308,COC(=O)c1c(c2ccc(nc2s1)C[NH+]3CCCC[C@H]3c4ccc[nH+]c4)NC(=O)C5CCCCC5,C12217593,inactive
4309,C=CCn1c(nnc1SCC(=O)Nc2nc(cs2)c3ccccc3)[C@H](CO)NC(=O)c4ccccc4,C12379144,inactive
4310,CCOC(=O)[C@H]1[C@@H](SC2=C1CCCC2)NC(=O)C[NH2+][C@@H]3CCCc4c3[nH]c5c4cc(cc5)[N+](=O)[O-],C39962632,inactive
4311,c1ccc(cc1)[C@@H](c2cccs2)NC(=O)CN3CC[NH+](CC3)CC(=O)Nc4ccc(cc4)F,C22921486,inactive
4312,CC[NH+](CC)CCN1[C@H](C(=C(C1=O)O)C(=O)c2ccc(cc2)OCC(C)C)c3ccc(c(c3)OCC)O,C39828041,inactive
4313,CCCNC(=O)[C@H](Cc1ccccc1)NC(=O)[C@@H]2CC3=c4ccccc4=[NH+][C@@H]3[C@H]5N2C(=O)c6c5cccc6,C63384363,inactive
4314,CCN(c1cc(Cl)cc2c1C/C=C/CCc1cc(C)[nH]c(=O)c1CNC2=O)C1CCC(F)(F)CC1,CHEMBL5202101,active
4315,C[C@@H](CCCC(C)C)NC(=O)c1ccc(cc1)N2C(=O)[C@@]3([C@H]4C(=c5cc(ccc5=[NH+]4)OC)CCN3C2=O)C,C63362354,inactive
4316,c1ccc(cc1)[C@H](c2cccs2)NC(=O)CN3CC[NH+](CC3)CC(=O)Nc4ccc(cc4)F,C22792168,inactive
4317,CC(=O)NCCC1=c2ccccc2=[NH+][C@H]1/C=C\3/C(=O)NC(=O)N(C3=O)c4ccc(cc4)Br,C38676667,inactive
4318,C=C1C([C@@H](C(C(=N1)SCC(=O)N2CCc3ccccc3C2)C#N)c4ccco4)C(=O)N,C09285003,inactive
4319,C[C@H](c1ccc(cc1)n2cc[nH+]c2)[NH2+][C@H](C)C(=O)Nc3ccc(cc3)S(=O)(=O)N4CCCCC4,C12532438,inactive
4320,C[C@H]1Cc2cc(ccc2O1)/C(=C/3\[C@@H](N(C(=O)C3=O)CCCn4cc[nH+]c4)c5ccc(cc5)C(C)(C)C)/O,C09374542,inactive
4321,CCN(C1CCN(CCc2cccc(OC)c2)CC1)c1cc(Cl)cc(C(=O)NCc2c(C)n(C)[nH]c2=O)c1C,310793,active
4322,Cc1cc(ccc1S(=O)(=O)NC[C@H](c2ccc3c(c2)CCCN3C)N4CC[NH+](CC4)C)NC(=O)C,C22735608,inactive
4323,COc1ccc(cc1Br)c2cc(nc3c2c(nc[nH+]3)N)c4cc(c(c(c4)OC)OC)OC,C09694477,inactive
4324,COc1ccccc1n2c3c(c(=O)n(c(n3)SCC(=O)Nc4cccc(c4)C(F)(F)F)c5ccccc5)sc2=S,C33357918,inactive
4325,c1ccc2c(c1)C(=O)N(C2=O)CCC(=O)Nc3c4c(nn3c5ccc(cc5)Cl)CS(=O)(=O)C4,C08910200,inactive
4326,c1ccc2c(c1)cc(cn2)N([C@H](c3ccc(cc3)O)C(=O)NC4CCCCC4)C(=O)c5c[nH+]ccn5,C00921339,inactive
4327,CC1=NC(=C)C([C@@H](C1C(=O)OCC[NH+]2CCN(CC2)S(=O)(=O)c3ccccc3Cl)c4cccc(c4)[N+](=O)[O-])C(=O)OC,C08439571,inactive
4328,CC(=O)Nc1cccc(c1)NC(=O)c2cccn(c2=O)Cc3ccccc3Cl,C05269969,inactive
4329,Cn1c(c2c(nc(nc2n1)N3CC[NH+](CC3)CC[NH+](C)C)c4cccc(c4)Oc5ccccc5)N,C37377566,inactive
4330,Cc1ccccc1N2CC[NH+](CC2)C[C@H](COc3ccc(cc3)OC[C@H](CN4CCN(CC4)c5ccccc5C)O)O,C97944199,inactive
4331,c1ccc(cc1)c2c3cc(ccc3nc(n2)NN[C@H](C[NH+]4CCOCC4)O)Br,C95116618,inactive
4332,c1cc(oc1)C(=O)n2c(nc([nH+]2)NCc3ccc(cc3)Br)NCc4ccc(cc4)Br,C97995262,inactive
4333,CCOC(=O)[C@H]1CC[C@H](N(CC)c2cc(Cl)cc(C(=O)NCc3c(C)cc(C)[nH]c3=O)c2C)CC1,CHEMBL3961483,active
4334,c1cc(cc(c1)F)CN(c2ccc(cc2)CC(=O)NCc3ccc[nH+]c3)C(=O)c4ccc(cc4)Cl,C34675999,inactive
4335,CCN(CC)S(=O)(=O)c1ccc(cc1)Nc2c(c([nH+]cn2)Nc3cccc4c3[nH+]c(cc4)C)N,C40758547,inactive
4336,COc1ccccc1[C@H](CNc2ccc(cc2S(=O)(=O)N)[N+](=O)[O-])[NH+]3CCCC3,C15128571,inactive
4337,c1ccc(cc1)COc2ccc(cc2)/C(=C/3\[C@@H](N(C(=O)C3=O)Cc4cccnc4)c5ccc(cc5)O)/O,C09244011,inactive
4338,COc1ccccc1N2C(=O)C[C@H](C2=O)S/C(=[NH+]\Cc3ccc(cc3)Cl)/Nc4ccc(cc4)F,C59446183,inactive
4339,Cc1c(cno1)C(=O)Nc2ccc(c(c2)C(F)(F)F)NS(=O)(=O)c3ccc(cc3Cl)F,C68780000,inactive
4340,CCOc1ccc(cc1OCC)CCN/C(=N/c2ccc(c(c2)Cl)Cl)/[n+]3c(cc(s3)C)N,C35739973,inactive
4341,Cc1cc(c(c(c1)Cl)Nc2nnc(s2)SC[C@@H](CN3C[C@H](O[C@@H](C3)C)C)O)C,C72032072,inactive
4342,CCOc1cc(cc(c1OCC)OCC)C(=O)/N=C(\NCc2cc[nH+]cc2)/Nc3cccc(c3)Cl,C45939802,inactive
4343,Cc1ccc(cc1)NC(=O)CSc2c3c(nc(n2)c4ccccc4)Oc5c([nH+]cc(c5C3)CO)C,C09116145,inactive
4344,CCc1ccc(cc1)C(=O)N(CCc2ccc(c(c2)OC)OC)CCC(=O)Nc3nnc(s3)c4ccc(cc4)Cl,C98016869,inactive
4345,C=CCc1cccc(c1O)/C=N/Nc2[nH]nc(n2)SCC(=O)Nc3ccccc3Br,C58998114,inactive
4346,C[C@@H](C(=O)NCCc1ccccc1)NC(=O)[C@@H]2CC3=c4ccccc4=[NH+][C@@H]3[C@H]5N2C(=O)c6c5cccc6,C63376184,inactive
4347,CSc1cc(C)[nH]c(=O)c1CNC(=O)c1cc(Cl)c2OC(C)(Oc2c1C)C1CCC(CC1)N1CC(F)C1,542480,active
4348,C[C@@H]1C[NH+](C[C@@H](O1)C)C[C@@H](COc2ccc(cc2)OC[C@H](C[NH+]3C[C@H](O[C@@H](C3)C)C)O)O,C11565513,inactive
4349,CN(C)S(=O)(=O)c1ccc(cc1)C(=O)NCc2nnc(n2c3ccccc3OC)SCC(=O)Nc4ccc(cc4)F,C97985055,inactive
4350,Cc1cc(C)c(CN2CCc3c(F)cc(O[C@@H]4CCOC4)c(Cl)c3C2=O)c(=O)[nH]1,CHEMBL3946272,active
4351,c1ccc(cc1)NS(=O)(=O)c2ccc(cc2)NC(=O)Cn3c4ccccc4[nH+]c3c5cscn5,C25376328,inactive
4352,CCOc1ccc(cc1)C(=O)[C@H]2[C@H](N(C(=O)C2=O)CCc3c[nH]c4c3cccc4)c5cc(ccc5OC)OC,C01411048,inactive
4353,CCN(c1cc(OC)cc(C(=O)NCc2c(C)cc(C)[nH]c2=O)c1C)[C@H]1CC[C@H](N(C)C)CC1,CHEMBL3949741,active
4354,c1ccc(cc1)OCc2nnc(s2)C(=O)Nc3ccc(cc3)C(=O)NCCC[NH+]4CCCCCC4,C33027992,inactive
4355,c1cc(c(cc1NC(=O)C[NH+]2CCC(CC2)c3[nH]c4cc(ccc4[nH+]3)Cl)C(F)(F)F)Cl,C01359109,inactive
4356,COC(=O)[C@@H]1C[C@H](CN1Cc2cccc(c2)F)NC(=O)[C@@H]3C(=c4cc(ccc4=[NH+]3)Cl)c5ccccc5,C64084455,inactive
4357,COC(C1CCN(CC1)C(C)=O)c1cc(Cl)c2CCN(Cc3c(OC)cc(C)[nH]c3=O)C(=O)c2c1Cl,435614,active
4358,c1ccc(cc1)C(=O)NCCCC[C@@H](C(=O)N/N=C/c2ccc(o2)c3ccccc3Cl)[NH+]4CCOCC4,C33959481,inactive
4359,Cc1ccc(cc1)NC2=Nc3ccccc3N4C2=[NH+]c5c(c(nn5c6ccccc6)C)[C@H]4c7ccc(c(c7)OC)OC,C01896639,inactive
4360,c1ccc(cc1)NC(=O)CSc2nnc(s2)N3CCN(CC3)C(=O)[C@@H]4COc5ccccc5O4,C23141676,inactive
4361,c1ccn(c1)c2ccc(cc2NS(=O)(=O)c3cccc(c3)C(=O)NCC(F)(F)F)C(F)(F)F,C78552001,inactive
4362,CCOc1ccc(cc1)NC(=O)CSc2nc3ccccc3n2C(=O)CCN4C(=O)/C(=C/c5cccs5)/SC4=S,C97946095,inactive
4363,CCN(c1cc(/C=C/c2cccc(CN3CCOCC3)c2)cc(C(=O)NCc2c3c(c(C)[nH]c2=O)CCCC3)c1C)C1CCOCC1,CHEMBL4639968,active
4364,c1ccc2c(c1)CC[NH2+][C@@H]2C3=C([C@@H]([C@H](CC3=O)c4ccccc4Oc5cccc(c5)Cl)n6cncn6)O,C08855423,inactive
4365,Cc1c(c(n(n1)c2ccccc2)C)NC(=O)CSc3[nH]c(c[nH+]3)c4ccc(cc4)Br,C08719156,inactive
4366,COc1cc(C)c(CNC(=O)c2cc3c(ccn3c([C@H](C)N3CCN(CC(F)(F)F)CC3)c2C)-c2c(C)noc2C)c(=O)[nH]1,490282,active
4367,CCN(C(=O)C1CC1)c1cc(-c2ccc(N)cc2)cc(C(=O)NCc2c(C)cc(C)[nH]c2=O)c1C,CHEMBL4854228,active
4368,CC1CC[NH+](CC1)[C@@H](CNC(=O)Cc2ccc(cc2)NS(=O)(=O)c3cccs3)c4ccccc4,C72006999,inactive
4369,CCC1(C)Cc2cc(cc(c2O1)-c1ccc(OC)nc1)C(=O)NCc1c(C)cc(C)[nH]c1=O,359800,active
4370,Cc1cc(ccc1F)C2=NN([N-]N2)C[NH+](C)Cc3cc(sc3)Br,C50898016,inactive
4371,Cc1ccc(cc1C)c2csc3c2c(=O)[nH]c(n3)C[NH+](C[C@H](COCc4ccccc4)O)CC(C)C,C36205193,inactive
4372,CCOc1cccc(c1)N2C(=O)C[C@@H](C2=O)SC(=[NH2+])N/N=C(\C)/c3ccc(cc3)C4CCCCC4,C59489296,inactive
4373,CC(C)Cn1c(c(c(=O)n(c1=O)C)C(=O)CSc2c3cc(sc3ncn2)c4ccccc4)N,C02630111,inactive
4374,CCN(c1cc(-c2ccc(CNC)cc2)cc(C(=O)NCc2c(C)cc(C)[nH]c2=O)c1C)C1CCOCC1,CHEMBL3697479,active
4375,C=C1C([C@@H](C(C(=N1)SCC(=O)Nc2ccc(cc2)Br)C#N)c3cc[nH+]cc3)C(=O)Nc4ccc(cc4)Cl,C11024236,inactive
4376,Cc1ccc(cc1)S(=O)(=O)NCCc2nnc3n2nc(cc3)SCC(=O)Nc4ccc(cc4)OC(F)(F)F,C08589403,inactive
4377,Cc1ccccc1COc2ccc(cc2)C(=O)[C@@H]3[C@@H](N(C(=O)C3=O)Cc4ccc[nH+]c4)c5ccc(c(c5)OC)O,C08559372,inactive
4378,C[C@@H]1CN(C[C@H](O1)C)C(=O)Cn2cc(c3c2cccc3)S(=O)(=O)CC(=O)Nc4ccc(cc4)C(=O)OC,C10460464,inactive
4379,c1cc2c(cc1C(=O)c3c(c4cc5c([nH+]c4s3)CCCC5)N)OCCO2,C04074906,inactive
4380,CCOc1ccccc1[C@@H]2[C@H]3CCCC[C@@]3(CC[NH+]2CC(=O)Nc4c(c5c(s4)CCCC5)C(=O)OC)O,C09266840,inactive
4381,c1ccc(cc1)C(=O)NCc2nnc(n2c3ccc(cc3)Br)SCC(=O)Nc4nc5ccccc5s4,C11852199,inactive
4382,Cc1cc(nc(n1)NS(=O)(=O)c2ccc(cc2)NC(=O)CSc3c(c(cc([nH+]3)c4ccc(cc4)OC)C(F)(F)F)C#N)C,C08416923,inactive
4383,C[C@@H]1[C@H]([C@@H](C[C@@H](O1)O[C@@H]2CC[C@@]3([C@@H](C2)CC[C@@H]4[C@@H]3CC[C@@]5([C@@]4(C[C@@H]([C@@H]5C6=CC(=O)OC6)OC(=O)C)O)C)C)OC)O,C49803296,inactive
4384,Cc1cc(nc(n1)Nc2[nH+]c(cs2)CC(=O)Nc3cc(ccc3OC)NC(=O)C)C,C49450730,inactive
4385,CCOc1ccc(cc1)N[C@@H](c2ccc3ccc([nH+]c3c2O)C)c4cccs4,C54619044,inactive
4386,COc1ccccc1[C@@H]2[C@H]3[C@H](N[C@H]([C@H](C3=O)[C@H]([NH2+]2)c4ccccc4OC)c5ccccc5OC)c6ccccc6OC,C59844317,inactive
4387,C[NH+]1CCCN(CC1)C(=O)[C@@H]2C[C@H](C[NH+]2Cc3cc4c(c(c3)OC)OCO4)Sc5[nH]c6ccccc6n5,C11911986,inactive
4388,Cc1cccn2c1nc(c(c2=O)/C=C(\C#N)/C(=O)Nc3c(n(n(c3=O)c4ccccc4)C)C)Oc5ccc(cc5)OC,C97946746,inactive
4389,CC(=O)c1cccc(c1)NC(=O)N2CC[NH+](CC2)C(c3ccc(cc3)F)c4ccc(cc4)F,C23335394,inactive
4390,COc1cccc(c1O)/C=[NH+]\c2ccc(cc2OC)c3ccc(c(c3)OC)/N=C\c4cccc(c4O)OC,C03144480,inactive
4391,c1ccc(cc1)Cn2cc(c(n2)c3ccc[nH+]c3)/C=C/C(=O)Nc4ccc(cc4)CS(=O)(=O)N,C68739773,inactive
4392,CSCC[C@H]1[C@H]2[C@@H](C(=O)N(C2=O)c3ccccc3F)[C@@]4(N1)c5ccccc5NC4=O,C16009951,inactive
4393,Cc1ccc(cc1)NC(=O)N2CCN(C[C@H]2C)C(=O)C[NH+]3CCc4c(ccs4)[C@@H]3c5ccc(cc5)OC,C34829947,inactive
4394,CCCOc1cccc(c1)C(=O)C2=C(C(=O)N([C@@H]2c3ccc(c(c3)Cl)Cl)CCC[NH+](C)C)O,C34933325,inactive
4395,CCOc1cc(ccc1OCC=C)[C@@H]2c3c(n[nH]c3C(=O)N2Cc4ccc(cc4)F)c5c(cc(cc5O)C)C,C38705863,inactive
4396,Cc1cc(C)c(CNC(=O)c2ccc3cnn(C(C)C)c3c2)c(=O)[nH]1,CHEMBL3770192,inactive
4397,COc1ccc2c(c1)c(ccn2)[C@H]([C@H]3C[C@@H]4CC[NH+]3C[C@@H]4C=C)NC(=S)Nc5cc(cc(c5)C(F)(F)F)C(F)(F)F,C98229750,inactive
4398,CCOC(=O)c1ccc(cc1)/[NH+]=c\2/c(cc3c(cnc(c3o2)C)CO)C(=O)Nc4cc(ccc4OC)Cl,C20617476,inactive
4399,Cc1ccc(cc1)C2=NN([C@H](C2)c3ccc(cc3)Cl)C(=[NH2+])S[C@@H]4CC(=O)N(C4=O)c5ccc(cc5)Br,C08440311,inactive
4400,COc1ccc(cc1)[C@@H](CNC(=O)N2CC[NH+](CC2)CC(=O)Nc3cccc(c3)F)[NH+]4CCCC4,C09605574,inactive
4401,c1ccc2c(c1)cccc2OCC[C@H](C[NH+]3CCN(CC3)C[C@H](COc4cccc5c4cccc5)O)O,C23633950,inactive
4402,COc1cccc(c1)NC(=O)CSc2nc(cs2)CC(=O)Nc3ccc(cc3)OC(F)(F)F,C08851055,inactive
4403,c1cc(ccc1[C@@H]2C(=C(C(=O)N2CCCn3cc[nH+]c3)O)C(=O)c4ccc5c(c4)OCCO5)Br,C01108366,inactive
4404,C[C@H]1[C@@H]([C@@H]([C@@H]([C@@H](O1)O[C@@H]2CC[C@]3([C@H](C2)CC[C@@H]4[C@@H]3CC[C@]5([C@@]4(CC[C@H]5c6ccc(=O)oc6)O)C)C=O)OC(=O)C)OC)OC(=O)C,C70707928,inactive
4405,CCN(C1CCC(F)(F)CC1)c1cc(O[C@H]2C[C@@H](C2)N2CCCCC2)cc(C(=O)NCc2c(C)cc(C)[nH]c2=O)c1C,50594147,active
4406,CC(C)c1ccc(cc1)n\2cc([nH]/c2=N\C(=O)CN(CC[NH+](C)C)C(=O)Cc3ccccc3)c4ccccc4,C96211464,inactive
4407,CC(C)n1ncc2c(cc(nc12)-c1cccc(NC(C)=O)c1)C(=O)NCc1c(C)cc(C)nc1=O,325848,active
4408,CC(C)(C)c1ccc(c(c1)Br)OCC(=O)NNC(=S)NC(=O)/C=C\c2ccccc2Cl,C98232570,inactive
4409,COc1ccc(cc1CSC2=[NH+]CCS2)/C=N/NC(=O)c3c(n(nn3)c4c(non4)N)CSC5=NCCS5,C97967226,inactive
4410,CCCc1cc(C)[nH]c(=O)c1CNC(=O)c1cc(cc2n(ncc12)C(C)(C)C)-c1ccc(nc1)N1CCN(CC1)C(C)C,50536572,active
4411,CCCc1cc(C)[nH]c(=O)c1CNC(=O)c1cc(-c2ccc(N3CCN(C(C)C)CC3)nc2)cc2c1cnn2CCCCCCO,CHEMBL4529085,active
4412,COc1ccc(cc1)CCNC(=O)C(=O)NC[C@@H](c2ccco2)[NH+]3CCN(CC3)c4ccccc4F,C09828936,inactive
4413,CCCCOc1cccc(c1)[C@@H]2C(=C(C(=O)N2CCCn3cc[nH+]c3)O)C(=O)c4ccc5c(c4)C[C@@H](O5)C,C09358968,inactive
4414,CSc1cc(C)[nH]c(=O)c1CNC(=O)c1c(C)n([C@H](C)[C@H]2CC[C@@H](CC2)N2CC(C2)OC2CC2)c2ncncc12,50541913,active
4415,C[C@@]1([C@H](O[C@@]([C@]([C@@]1(C)O)(C)O)(C)O[C@@]2([C@@H](O[C@@]([C@]([C@@]2(C)O)(C)O)(C)O)CO)C)CO)O,C80053375,inactive
4416,c1ccc(c(c1)NS(=O)(=O)c2cccc(c2)C(=O)Nc3ccccc3Cl)F,C06406241,inactive
4417,CCCCOc1ccc(cc1OC)[C@@H]2C(=C(C(=O)N2c3cccc[nH+]3)O)C(=O)c4ccc5c(c4)C[C@H](O5)C,C38249462,inactive
4418,C[C@H](C1CCN(CC2CC2)CC1)c1sc2CCCN(Cc3c(C)cc(C)[nH]c3=O)C(=O)c2c1C,439165,active
4419,CC1(C[NH+]=C(S1)N2CC[NH+](CC2)C[C@@H](COc3ccc(cc3)OC[C@@H](CN4CCN(CC4)C5=[NH+]CC(S5)(C)C)O)O)C,C49771564,inactive
4420,CCOc1ccc(cc1S(=O)(=O)N(C)C)N[C@@H](C)C(=O)Nc2ccc(c(c2)C(F)(F)F)Cl,C15501431,inactive
4421,c1ccc(cc1)CC[NH2+][C@@H]2CC(=O)N(C2=O)c3ccc(cc3)N4C(=O)C[C@H](C4=O)[NH2+]CCc5ccccc5,C14257438,inactive
4422,CCOc1ccccc1[C@@H]2[NH2+][C@H](CC(=N2)c3cccc(c3)OC)c4cc(ccc4O)Br,C20765251,inactive
4423,CN(CCCC(=O)N[C@H](c1ccccc1)c2ccc3c(c2)[nH]c[nH+]3)S(=O)(=O)c4ccc(cc4)F,C12540850,inactive
4424,C[C@@H]1c2c(sc(n2)NC(=O)C[NH+](C)C)C[C@]3([C@H]1[C@H]([C@@H](CC3)[C@H](C)C(=O)N(C)CCC#N)O)C,C03840968,inactive
4425,CCOc1cc(ccc1OCc2ccccc2)/C=C\3/C(=[NH2+])N4C(=[NH+]SC4=NC3=O)S(=O)(=O)CC,C20206607,inactive
4426,CCc1ccc(cc1)C2=N[C@H]([NH2+][C@H](C2)c3cc(ccc3O)Br)c4ccc(c(c4)OC)OC,C20763340,inactive
4427,c1ccc2c(c1)[nH]c([nH+]2)SCC(=O)N/N=C/c3cc(cc(c3O)I)I,C04531194,inactive
4428,c1cc(cc(c1)Cl)C[NH+](Cc2cccc(c2)Cl)C[C@@H]3[C@@H]([C@@H]([C@@H](O3)CO)O)N4CCN(CC4)c5ccc(cc5)F,C67890385,inactive
4429,CCN(C1CCOCC1)c1cc(\C=C\c2cccc(CN3CCOCC3)c2)cc(C(=O)NCc2c3CCCCc3c(C)[nH]c2=O)c1C,50544774,active
4430,CNCC(=O)N1CCC(=CC1)c1cc(C(=O)NCc2c(C)cc(C)[nH]c2=O)c2cnn(C(C)C)c2n1,325945,active
4431,c1ccc2c(c1)CC[NH2+][C@H]2C3=C(C[C@@H]([C@@H](C3=O)n4cncn4)c5ccccc5Oc6cccc(c6)Cl)[O-],C36383386,inactive
4432,C[C@H](C(=O)Nc1ccc(cc1)S(=O)(=O)N2CCCC2)n3c(nnc3SCCc4ccccc4)N,C40172568,inactive
4433,Cc1ccc(cc1)C2=NN([C@H](C2)c3ccc(cc3)Br)C(=[NH2+])S[C@@H]4CC(=O)N(C4=O)c5cc(cc(c5)Cl)Cl,C97995848,inactive
4434,c1ccc(c(c1)F)S(=O)(=O)Nc2ccc(cc2)Cn3cc([nH+]c3)c4nc(no4)c5ccc(cc5)Cl,C33254932,inactive
4435,CC1(C)CC(CC(C)(C)N1)NC(=O)c1ccc(Oc2ccccc2C#N)c2ccccc12,50010722,active
4436,CCN(c1cc(-c2ccc(CN3CCOCC3)cc2)cc(C(=O)NCc2c(C)cc(C)[nH]c2=O)c1C)C1CCOCC1,CHEMBL3414621,active
4437,c1cnc(cn1)C(=O)N/N=C/c2cc(cc(c2O)Br)Br,C01296278,inactive
4438,COc1cc(C)[nH]c(=O)c1CN1CCNc2c(Cl)cc(-c3c(C)noc3C)c(Cl)c2C1=O,CHEMBL5087917,active
4439,Cc1ccc(cc1)[C@H]2C(=C(C(=O)N2CCc3c[nH]c4c3cc(cc4)OC)O)C(=O)c5ccc(cc5)Cl,C35165166,inactive
4440,CN(C)S(=O)(=O)c1ccc(cc1)C(=O)[C@H]2[C@H](NC(=[NH+][C@@]2(C(F)(F)F)O)O)c3ccccc3,C06878694,inactive
4441,CCN(C(=O)C1CC1)c1cc(cc(C(=O)NCc2c(C)cc(C)[nH]c2=O)c1C)-c1ccc(cc1)N1CCNCC1,50575218,active
4442,CC(C)(C)OC(=O)NCC(=O)/N=C/1\N([C@H]2CS(=O)(=O)C[C@H]2S1)c3ccc(cc3)Br,C32635164,inactive
4443,Cc1cc(C)c(CNC(=O)c2cc(cc3n(ncc23)C2CCCC2)C2CCN(CC2)C2CCNCC2)c(=O)[nH]1,326108,active
4444,C[C@H](C(=O)Nc1ccc(cc1)OCc2ccccc2)[NH+](C)CC(=O)Nc3ccccc3Br,C16633251,inactive
4445,CC(C)CCN1C(=O)c2c(c3cc(c(cc3n2C[C@]1(C)C(=O)NC4CCCCCC4)OC)OC)NC(=O)C,C21780905,inactive
4446,CCN(CC)S(=O)(=O)c1ccc(cc1)C(=O)Nc2c(c3c(s2)C[NH+](CC3)C)c4nc5ccccc5s4,C97963376,inactive
4447,Cc1cc(c2c(c1)[C@]3([C@@H]4[C@H]([C@H]([NH2+]3)CCSC)C(=O)N(C4=O)CCc5ccccc5)C(=O)N2)C,C15968461,inactive
4448,CC(C)C[C@@H](C(=O)NCCc1ccc(cc1)Cl)N2C(=O)[C@@]3([C@@H]4C(=c5ccccc5=[NH+]4)CCN3C2=O)C,C63373379,inactive
4449,C[C@@H](C(=O)NNC(=O)c1nc(n(n1)c2ccccc2)c3ccccc3)NC(=O)c4ccccc4Cl,C24584161,inactive
4450,CC/[NH+]=C(/Nc1ccc(cc1)OC(F)(F)Cl)\S[C@H]2CC(=O)N(C2=O)c3ccc(cc3)I,C98003552,inactive
4451,c1cc(sc1)c2nn(c(=O)o2)CC(=O)NC(C(=O)N)C(=O)N,C42789538,inactive
4452,Cc1c([nH]nc1c2cc(c(s2)C)S(=O)(=O)NCc3cccc(c3)Br)C,C96341505,inactive
4453,CCN(c1cc(C#CC(C)(C)C)cc(C(=O)NCc2c(C)cc(C)[nH]c2=O)c1C)[C@H]1CC[C@H](N(C)C)CC1,CHEMBL3942268,active
4454,Cc1cc(C)c(CNC(=O)c2cc(Br)c3OC(C)(C)Cc3c2C)c(=O)[nH]1,359736,active
4455,CCN(C1CCOCC1)c1c(C)c(cc2n(C)ncc12)C(=O)NCc1c(C)cc(C)[nH]c1=O,516834,active
4456,c1cc(cc(c1)CSc2nnc(n2N)c3cccs3)CSc4nnc(n4N)c5cccs5,C11592190,inactive
4457,c1ccc(cc1)c2c(cn(n2)c3ccccc3)/C=N/NC(=O)C(=O)Nc4ccccc4C(=O)Nc5ccc(cc5)Cl,C04261261,inactive
4458,COc1ccc(cc1)CCNC(=O)C(=O)NC[C@H](c2ccco2)[NH+]3CCN(CC3)c4ccccc4F,C09828937,inactive
4459,N[C@@H](CCSC[C@H]1O[C@H]([C@H](O)[C@@H]1O)n1cnc2c(N)ncnc12)C(O)=O,50009672,active
4460,C[C@H](C(=O)Nc1c(c2c(s1)C[C@H](CC2)C(C)(C)C)C(=O)N[C@@H]3CCS(=O)(=O)C3)Oc4ccc(cc4)F,C98046857,inactive
4461,Cc1cc([nH+]c2c1ccc(c2)OC)NN/C=C/3\c4ccccc4C(=O)N(C3=O)c5cccc(c5)C(F)(F)F,C32735808,inactive
4462,CCN([C@H]1CC[C@@H](CC1)N(C)Cc1cccnc1)c1cc(Cl)cc(C(=O)NCc2c(C)n(C)[nH]c2=O)c1C,310781,active
4463,c1ccc2c(c1)nc(s2)NC(=O)CSc3nnc(n3c4cccc(c4)C(F)(F)F)CNC(=O)COc5ccc(cc5)Cl,C97961627,inactive
4464,CC[C@H](C)NC(=O)[C@H](CCSC)NC(=O)[C@@H]1CC2=c3ccccc3=[NH+][C@H]2[C@@H]4N1C(=O)c5c4cccc5,C63384345,inactive
4465,CC(C)Oc1ccc(cc1)/C=C(\C(=O)Nc2cc[nH+]cc2)/NC(=O)c3cccc(c3)Br,C59168042,inactive
4466,C[C@@]12CC[C@H]([C@@]([C@H]1CC[C@H]([C@H]2CC(=O)NCc3cccs3)O)(C)CO)OC(=O)Nc4ccc(c(c4)Cl)Cl,C04236826,inactive
4467,COC(=O)[C@@H]1[C@H](CC2=C(C1=O)[C@@H](C(=C(N2c3cccc(c3)F)N)C(=O)OC)c4cccnc4)c5ccccc5,C53287626,inactive
4468,COC(C1CCN(CC1)C(=O)CO)c1cc(Cl)c2CCN(Cc3c(OC)cc(C)[nH]c3=O)C(=O)c2c1Cl,50246932,active
4469,C[C@H](c1ccccc1)/[NH+]=C(/c2cc3n(n2)[C@H](C[C@@H](N3)c4ccc(cc4)Br)C(F)(F)F)\O,C08444746,inactive
4470,CCCCCOc1ccc(cc1)Cn2c3ccccc3[nH+]c2S[C@@H]4[C@H]([C@@H]([C@@H]([C@@H](O4)CO)O)O)O,C39915918,inactive
4471,c1ccc(c(c1)c2nnn(n2)CC(=O)N(c3cccc(c3)F)[C@H](c4cc[nH+]cc4)C(=O)NC5CCCC5)F,C06445908,inactive
4472,CCOC(=O)c1c2c(sc1NC(=O)Cc3ccc(cc3)SC(C)C)C([NH2+]C(C2)(C)C)(C)C,C36652975,inactive
4473,CCN(C1CCOCC1)c1c(C2CC2)c(cc2n(C)ncc12)C(=O)NCc1c(C)cc(C)[nH]c1=O,516857,active
4474,CCc1c(C(=O)NCc2c(C)cc(C)[nH]c2=O)cc2c(cnn2C)c1N(CC)[C@H]1CC[C@H](N2CC(OC)C2)CC1,CHEMBL5176772,active
4475,CCN(c1cc(-c2ccc(CN3CCC(O)CC3)cc2)cc(C(=O)NCc2c(C)cc(C)[nH]c2=O)c1C)C1CCOCC1,CHEMBL3697468,active
4476,CC(C)(C)c1ccc(cc1)OCCn2c3ccccc3nc2S[C@@H]4[C@H]([C@@H]([C@@H]([C@@H](O4)CO)O)O)O,C39915978,inactive
4477,Cc1ccc(cc1)CSc2nnc(s2)N3[C@@H](C(=C(C3=O)O)C(=O)c4ccc5c(c4)C[C@H](O5)C)c6ccc(cc6)C(=O)OC,C97970060,inactive
4478,CCN(C1CCOCC1)c1cc(Cl)cc(C(=O)NCc2c(C)cc(C)[nH]c2=O)c1C,50149889,active
4479,CN(C)c1cccc2c1cccc2S(=O)(=O)NCCCNS(=O)(=O)c3cccc4c3cccc4N(C)C,C02169473,inactive
4480,CC(C)(C)c1ccc(cc1)OCC(=O)NC(=S)NNC(=O)CCCOc2ccc(cc2Cl)Cl,C13976426,inactive
4481,CC1(C)CC(CC(C)(C)N1)NC(=O)c1ccc(Oc2ccccc2C#N)c(c1)C#N,50010813,active
4482,Cc1ccc(cc1)S(=O)(=O)Nc2ccc(cc2/C=N\c3[nH+]c4ccccc4n3C)Br,C00850252,inactive
4483,C[C@@H](c1[nH+]c2ccccc2c(n1)NCc3ccccc3OC)N4CCN(CC4)S(=O)(=O)c5ccc(cc5)Cl,C98230922,inactive
4484,c1ccc(cc1)C[NH+]2CCN(CC2)C(=O)CSc3nnc(n3N)c4ccc(cc4Cl)Cl,C26222875,inactive
4485,CC(C)(C)c1ccc(cc1)c2nnc(n2N)SCC(=O)N3CC[NH+](CC3)[C@@H]4CCS(=O)(=O)C4,C22739356,inactive
4486,CCOCCOc1ccc(cc1)C(=O)NC(=S)NNC(=O)c2ccc(c(c2)Br)OC,C09821945,inactive
4487,Cc1cc2c(c(=O)n1Cc3ccc[nH+]c3)[C@@]4(c5ccccc5N(C4=O)CC(C)C)C(=C(O2)N)C(=O)OC,C39918672,inactive
4488,Cc1ccc(cc1S(=O)(=O)Nc2ccccc2F)NC(=O)c3ccc(cc3)OCc4cscn4,C09585914,inactive
4489,c1cc(ccc1OC[C@H](CN2CC[NH+](CC2)C3CCCCC3)O)OC[C@H](CN4CCN(CC4)C5CCCCC5)O,C22465627,inactive
4490,CCc1cc(C)[nH]c(=O)c1CNC(=O)c1cc(cc2n(ncc12)C(C)C)-c1ccc(nc1)N1CCN(CC1)C(C)C,50536584,active
4491,c1ccc(c(c1)N2CC[NH+](CC2)[C@@H](CNC(=O)Nc3ccc(cc3)F)c4ccc5c(c4)OCO5)F,C38638421,inactive
4492,COc1cccc(c1O)[C@@H]2[C@H]3CC=C[C@@H]3c4cc(ccc4N2)S(=O)(=O)N5CCCCC5,C14459686,inactive
4493,CSc1cc(C)[nH]c(=O)c1CNC(=O)c1c(C)n([C@H](C)[C@H]2CCC(CC2)N(C)C2(C)COC2)c2ccccc12,574836,active
4494,Cn1ccnc1[C@H](c2ccc(cc2)Cl)[NH2+]C[C@@H](COC(c3ccc(cc3)F)c4ccc(cc4)F)O,C28656102,inactive
4495,C[NH+]1CCc2cc(c(cc2[C@H]1Cc3ccc(c(c3Oc4cc5c(cc4OC)-c6c7c(cc(c6O)OC)CN(C[C@@H]7C5)C)OC)OC)OC)OC,C98003565,inactive
4496,CCOc1ccc(cc1)/C=c\2/c(=O)n3c(=C([C@H](C(=C3N)C(=O)OCC)c4ccc(cc4)OCC)C(=O)OC)s2,C00989084,inactive
4497,Cn1c(c(c(=O)n(c1=O)C)c2csc(n2)N3[C@H](CC(=N3)c4ccc(cc4)Cl)c5ccco5)N,C14110509,inactive
4498,COC(=O)C[NH2+][C@H](c1ccccc1)c2cc(ccc2NC(=O)OCc3ccccc3)Br,C08829425,inactive
4499,c1ccc2c(c1)CC[NH+](C2)CCCNC(=O)CSc3nnc(s3)C(=O)Nc4ccc(cc4)F,C33261369,inactive
4500,CC[C@H]1CCCC[NH+]1CCCNC(=O)Cn2cnc3c(c2=O)c(c(s3)C)S(=O)(=O)N4CCC(CC4)C,C09835209,inactive
4501,CCN(CC)Cc1ccc(-c2cc(C(=O)NCc3c(C)cc(C)[nH]c3=O)c(C)c(N(CC)C3CCOCC3)c2)cc1,CHEMBL3697483,active
4502,c1cc(cc(c1)Cl)NC(=S)N(CCC[NH+]2CCOCC2)Cc3cc4cc5c(cc4nc3O)OCO5,C06445285,inactive
4503,COc1cccc(c1)N2C[C@@H](CC2=O)/C(=N/CC/[NH+]=C(/c3c[nH]c4c3cccc4)\O)/O,C20732021,inactive
4504,c1ccc2c(c1)c3c([nH]2)[C@@H](N4[C@H](C3)C(=O)N(CC4=O)CCCO)c5cccc(c5)Cl,C15955663,inactive
4505,c1ccc(c(c1)NC(=O)C[NH+]2CC[NH+](CC2)CC(=O)Nc3ccc(c(c3)C(F)(F)F)Cl)Cl,C20767321,inactive
4506,CC[NH+](CC)CCN1[C@@H](C(=C(C1=O)O)C(=O)c2ccc3c(c2)C[C@@H](O3)C)c4ccc(cc4)Br,C35005678,inactive
4507,C=CCc1cccc(c1O)[C@H]2Nc3ccc(cc3C(=O)N2NC(=O)c4ccc(cc4)OCC=C)I,C02746604,inactive
4508,c1cc(ccc1N/C=C(\C#N)/c2nc(cs2)c3cc4cc(ccc4oc3=O)Br)S(=O)(=O)/N=c/5\[nH]ccs5,C97968885,inactive
4509,CCc1ccc(cc1)S(=O)(=O)N2CCN(CC2)[C@H](C)c3[nH+]c4ccccc4c(n3)NC5CCCCC5,C22052918,inactive
4510,Cc1ccc(cc1)[C@H](C(=O)NC(C)C)N(c2cccc(c2)OC)C(=O)CCC(=O)Nc3cccc[nH+]3,C13501414,inactive
4511,CSCC[C@@H](C(=O)NC1CCCCC1)NC(=O)[C@@H]2CC3=c4ccccc4=[NH+][C@@H]3[C@H]5N2C(=O)c6c5cccc6,C63384176,inactive
4512,Cc1cc(OC(F)F)c(CN2CCc3c(Cl)cc(C(CO)C4CCOC4)c(Cl)c3C2=O)c(=O)[nH]1,435582,active
4513,CCC(C)n1cc(C)c2c(C(=O)NCc3c(O)nn(CC)c3C)cc(-c3ccc(N4CCNCC4)nc3)cc21,CHEMBL5174820,inactive
4514,Cc1c(sc2c1c(nc(n2)C[NH+]3CCC(CC3)C)Sc4nnc(n4CCC(=O)N)C5CC5)C,C13001796,inactive
4515,COc1ccc(cc1)NS(=O)(=O)c2ccc3c(c2)[C@H]4C=CC[C@H]4[C@H](N3)c5ccc(c(c5)O)OC,C20689948,inactive
4516,CCOC(=O)C1=c2n(c(=O)/c(=C/c3ccc[nH+]c3)/s2)C(=C([C@@H]1c4ccc[nH+]c4)S(=O)(=O)c5ccccc5)N,C08448705,inactive
4517,CC(C)(C)c1c(c(nc([nH+]1)[C@@H]2CN3CCC[C@@H]3CO2)N)I,C97998824,inactive
4518,c1cc(ccc1c2c[nH+]c(n2c3ccc(cc3)OC(F)(F)F)SCC(=O)N)Br,C44088082,inactive
4519,COc1ccc(cc1)S(=O)(=O)N2CCN(CC2)CC(=O)Nc3c(c(cs3)c4ccc(cc4)Cl)C(=O)OC,C97948334,inactive
4520,CN1CCc2c1ccc(c2)[C@@H](CNC(=O)C(=O)Nc3ccc(c(c3)Cl)OC)[NH+]4CCCCC4,C13008030,inactive
4521,CC(C)n1ncc2c(cc(nc12)C1=CCN(CC1)C(=O)CCCN(C)C)C(=O)NCc1c(C)cc(C)[nH]c1=O,325943,active
4522,C[NH+](C)CCN1C(=O)C(=C([C@@]12c3ccccc3N(C2=O)CC=C)C(=O)c4ccc(cc4)S(=O)(=O)N(C)C)[O-],C98046872,inactive
4523,C[C@@H]1CCN(c2ccccc2S1)C(=O)CS[C@H]3NN=C(N3C4CC4)C5=c6ccccc6=[NH+]C5,C39939552,inactive
4524,CC(C)NC(=O)NC(=O)COC(=O)[C@@H](CC1=c2ccccc2=[NH+]C1)NC(=O)c3cccs3,C63135137,inactive
4525,Cc1cc2c(c(=O)n1Cc3ccc[nH+]c3)[C@H](C(=C(O2)N)C(=O)OC)c4cccc(c4OC)OC,C37866381,inactive
4526,CSc1cc(C)[nH]c(=O)c1CNC(=O)c1c(C)n([C@H](C)[C@H]2CCC(CC2)N2CC(C2)OC2CC2)c2ncncc12,574970,active
4527,Cc1ccc(cc1)n2c(nnc2SCC(=O)NN/C=C\3/C=[NH+]c4c3cccc4)c5ccc(cc5)OC,C01829169,inactive
4528,COc1cc(C)[nH]c(=O)c1CN1CCN(C)c2c(Cl)cc(C(O)C3CCOCC3)c(Cl)c2C1=O,CHEMBL5091527,active
4529,Cc1ccc(cc1)NS(=O)(=O)c2cccc(c2)C(=O)N[C@H](c3ccc(cc3)Cl)c4nccn4C,C16261813,inactive
4530,CCCn1c(=O)c2c3c(sc2nc1SCc4[nH+]c5c(c(c(s5)C)C)c(n4)N)CCC3,C10396025,inactive
4531,Cc1ccccc1COc2ccc(cc2)C(=O)C3=C(C(=O)N([C@@H]3c4cc(c(c(c4)OC)OC)OC)CCC[NH+](C)C)O,C97969060,inactive
4532,c1cc(ccc1c2csc(n2)NC(=O)COC(=O)c3ccc(cc3)N4C(=O)CCC4=O)Br,C08443387,inactive
4533,CCCOc1ccc(cc1OC)[C@@H]2C(=C(C(=O)N2CC[NH+]3CCCCC3)[O-])C(=O)c4ccc5c(c4)OCO5,C41545004,inactive
4534,CCOc1ccc(cc1OC)[C@H]2c3c(n[nH]c3C(=O)N2Cc4ccc[nH+]c4)c5cc(c(cc5O)C)Cl,C09243117,inactive
4535,c1cc(ccc1NS(=O)(=O)c2ccc(cc2)OCC(=O)Nc3cc(ccc3Cl)C(F)(F)F)F,C02876926,inactive
4536,Cc1ccc2c(c1)c(c([nH]2)C(=O)OC)NC(=O)C[NH+]3CCc4ccccc4[C@@H]3CN5C(=O)c6ccccc6C5=O,C97954510,inactive
4537,CN1CCCc2c1ccc(c2)[C@H](CNS(=O)(=O)c3ccccc3Br)[NH+]4CCCCC4,C08800184,inactive
4538,CC(=O)C1[C@H](C(C(=NC1=C)SCC(=O)Nc2nc3ccc(cc3s2)Br)C#N)c4ccc[nH+]c4,C08439227,inactive
4539,c1ccc(cc1)CCN(CCC(=O)NCc2cccc(c2)C(F)(F)F)c3c4ccccc4[nH+]c(n3)c5ccc(cc5)Cl,C98009859,inactive
4540,CC[NH+](CC)CCCN1[C@H](C(=C(C1=O)O)C(=O)c2ccc(cc2)OCc3ccc(cc3)C)c4ccc(cc4)C(C)(C)C,C98047758,inactive
4541,Cc1cc(C)c(CNC(=O)c2cc(-c3cnn(C)c3)cc(N(C)[C@H]3CC[C@@H](N)CC3)c2C)c(=O)[nH]1,CHEMBL3697437,active
4542,C[C@H](c1ccc(cc1)S(=O)(=O)N)N(C)C(=O)/C=C/c2cc3c(c(c2)Cl)OCCCO3,C12996771,inactive
4543,Cc1noc(C)c1-c1cc(Cl)c2CCN(Cc3c(C)cc(C)n(C)c3=O)C(=O)c2c1Cl,50586153,active
4544,CCOC(=O)c1c2c(sc1NC(=O)c3ccc(cc3)S(=O)(=O)N4CCCCC4)C([NH2+]C(C2)(C)C)(C)C,C09391511,inactive
4545,c1ccc-2c(c1)CCc3c2sc(c3)C(=O)N4CCN(CC4)C(=O)CO,C89548463,inactive
4546,Cc1c(cc(o1)C(C)(C)C)c2cc(n(n2)c3cc(cc(c3)C(F)(F)F)C(F)(F)F)NC(=O)c4cc(nc(c4)Cl)Cl,C04289199,inactive
4547,CC(C)CCOc1cccc(c1)[C@H]2C(=C(C(=O)N2CCCn3cc[nH+]c3)[O-])C(=O)c4ccc5c(c4)OCCO5,C09437172,inactive
4548,Cc1cc(CC(C)C)c(CNC(=O)c2cc(-c3ccc(N4CCN(C(C)C)CC4)nc3)cc3c2cnn3C(C)C)c(=O)[nH]1,CHEMBL4551319,active
4549,CC(C)n1ncc2c(cc(nc12)C1=CCN(CC1)C(C)=O)C(=O)NCc1c(C)cc(C)[nH]c1=O,325970,active
4550,CCCOc1ccc(cc1OCC)[C@H]2c3c([nH]nc3C(=O)N2Cc4ccc[nH+]c4)c5ccccc5O,C08845436,inactive
4551,CCOc1ccc(cc1)/C=C/2\C(=O)N(C(=S)S2)NC(=O)c3ccc(cc3)O,C35577698,inactive
4552,CC1Cc2cc(cc(c2O1)-c1ccc(CN2CCOCC2)cc1)C(=O)NCc1c(C)cc(C)[nH]c1=O,359765,active
4553,C[C@@H]1C(=c2ccccc2=[NH+]1)CCNS(=O)(=O)c3cccc(c3)S(=O)(=O)c4ccc(cc4)Cl,C63514082,inactive
4554,COc1ccc(cc1OC)[C@@H]2C[C@@]([C@@H]([C@@H]([C@@]2(C#N)C(=O)OC)c3ccc(c(c3)OC)OC)C(=O)c4ccc5ccccc5c4)(c6ccc7ccccc7c6)O,C04546216,inactive
4555,C[C@@]12CC[C@@H]3[C@@H]([C@@H]1C[C@@H]([C@@H]2O)[NH+]4CCCC4)CC[C@@H]5[C@@]3(C[C@@H]([C@@H](C5)O)N6CCOCC6)C,C56956129,inactive
4556,CC1=C(C(C(=C(N1)C)C(=O)OC)c2cn(nc2c3ccc(cc3)S(=O)(=O)N(C)C)c4ccccc4)C(=O)OC,C00624623,inactive
4557,COC(=O)c1cc(cc(c1)Nc2c(c([nH+]cn2)Nc3cccc(c3)C(F)(F)F)N)C(=O)OC,C40705754,inactive
4558,C[C@@H](c1ccccc1Br)NC(=O)Cc2ccc(cc2)NS(=O)(=O)c3ccc(cc3)F,C12630287,inactive
4559,Cc1ccc([nH+]c1)NC(=O)C2[C@@H](C3C(=NC2=C)C[C@H](CC3=O)c4ccc(cc4)OC)c5cccc[nH+]5,C16265754,inactive
4560,Cc1cc(cc(c1)N(CC(=O)N/N=C(\C)/c2ccc(cc2)[N+](=O)[O-])S(=O)(=O)c3ccc(c(c3)OC)OC)C,C59646269,inactive
4561,CC1Cc2cc(cc(c2O1)-c1ccc(nc1)N1CCNCC1)C(=O)NCc1c(C)cc(C)[nH]c1=O,359764,active
4562,C[NH+](C)CCCN(c1nc2c(cccc2s1)OC)C(=O)c3ccc(cc3)S(=O)(=O)N4CCc5ccccc5C4,C38139123,inactive
4563,Cc1c(cc2c([nH+]1)n(c(n2)C)Cc3cccc(c3)Cl)NC(=O)Nc4cccc(c4)Cl,C01338759,inactive
4564,CC[C@H]1[C@]([C@@H]([C@@H](/C(=N/OCOCCOC)/[C@@H](C[C@@]([C@@H]([C@@H]([C@@H]([C@@H](C(=O)O1)C)O[C@@H]2C[C@@]([C@@H]([C@@H](O2)C)O)(C)OC)C)O[C@@H]3[C@@H]([C@@H](C[C@@H](O3)C)[NH+](C)C)O)(C)O)C)C)O)(C)O,C98230067,inactive
4565,Cc1cc(SCc2ccccc2)c(CNC(=O)c2c(C)n([C@H](C)C3CCN(CC(F)(F)F)CC3)c3ccccc23)c(=O)[nH]1,CHEMBL4638720,active
4566,COc1cc(cc(c1OC)OC)c2nnc(n2c3ccccc3)SCC(=O)N/N=C/c4cccc(c4)Br,C01901380,inactive
4567,C[C@H](c1ccccc1Br)NC(=O)CCNS(=O)(=O)c2ccc(cc2)OC(F)(F)F,C15686707,inactive
4568,COCCNC(=O)[C@H]1[C@@H](SC2=C1CCCC2)NC(=O)COC3=C[C@@H]4C(=c5ccccc5=[NH+]4)C=C3,C39781062,inactive
4569,Cc1c2c(c(c[nH+]1)CO)Cc3c(nc(nc3SCC(=O)Nc4ccccc4F)c5ccccc5)O2,C09116169,inactive
4570,CCOC(=O)C1=C(OC(=C([C@@H]1c2ccc(c(c2)CSc3ccccn3)OC)C#N)N)c4ccccc4,C00996995,inactive
4571,c1cc(cc(c1)Cl)NC(=O)N2C[C@H]3C[C@@H]([C@@H](C2)O3)C(=O)NCC4CC4,C96083599,inactive
4572,Cc1cc[nH+]c(c1)N[C@@H](c2cccc[nH+]2)c3c([nH]c4c3cc(cc4)NC(=O)c5ccc(cc5)Cl)C,C15859779,inactive
4573,COc1ccc(cc1)c2c3c([nH]n2)C(=O)N([C@H]3c4ccc(cc4)Br)CCc5ccc(c(c5)OC)OC,C59796262,inactive
4574,Cc1cccc(c1NC(=O)C[C@@H]2C(=O)N(/C(=N/c3ccc(c(c3)Cl)Cl)/S2)Cc4cccc[nH+]4)C,C13147601,inactive
4575,c1cc[nH+]c(c1)c2csc(n2)NC(=O)c3cccc(n3)C(=O)Nc4nc(cs4)c5cccc[nH+]5,C09369247,inactive
4576,c1ccc(cc1)C(c2ccccc2)[NH+]3CCN(CC3)c4c(c(ncn4)N5CCN(CC5)c6ccccc6F)N,C40730033,inactive
4577,CCOC(=O)c1ccc(cc1)N2C(=O)[C@@H](N(C2=S)Cc3ccc(cc3)N4CCCC4=O)CC(=O)Nc5ccc(cc5)Cl,C97995464,inactive
4578,c1ccc(cc1)[C@@H](CC(=O)NCc2ccc(cc2)OCc3ccc[nH+]c3)NC(=O)c4ccccc4Cl,C46790973,inactive
4579,c1ccc(c(c1)NS(=O)(=O)c2ccc3c(c2)oc(=O)[nH]3)S[C@H](C(F)(F)F)Cl,C12560866,inactive
4580,CC[C@@H](C)[C@@H](C(=O)NCCC(C)C)NC(=O)[C@@H]1CC2=c3ccccc3=[NH+][C@@H]2[C@@H]4N1C(=O)c5c4cccc5,C63383477,inactive
4581,CCOc1cc(cc(c1OCc2ccccc2C)Br)[C@H]3C(=C(O[C@H]4C3=C(N=N4)C)[NH3+])C#N,C39243222,inactive
4582,COc1cc(ccc1Nc2ncc(c(n2)Nc3cccc(c3)NC(=O)C=C)C(F)(F)F)NC4C[NH+](C4)CCF,C98239621,inactive
4583,COCC[NH+](Cc1[nH]c(=O)c2c(csc2n1)c3ccc(c(c3)OC)OC)C[C@@H](Cc4ccccc4)O,C36205911,inactive
4584,c1ccc(cc1)CC2CC[NH+](CC2)CCCNC(=O)CN3c4ccccc4O/C(=C/c5ccccc5F)/C3=O,C20733604,inactive
4585,c1ccc2c(c1)cccc2N3C(=O)C[C@@H](C3=O)SC(=[NH2+])N4[C@@H](CC(=N4)c5cccs5)c6ccc(cc6)Br,C33353883,inactive
4586,CCN(c1cc(-c2ccc(CN3CCCCC3)cc2)cc(C(=O)NCc2c(C)cc(C)[nH]c2=O)c1C)C1CCOCC1,CHEMBL3697465,active
4587,c1cc(ccc1C(=O)NC(=S)NNC(=O)CCC(=O)Nc2ccc(cc2Cl)Cl)F,C12501023,inactive
4588,c1ccc(cc1)C(c2ccccc2)C(=O)Nc3ccc4c(c3)sc(n4)NC(=O)c5ccco5,C20411046,inactive
4589,CC(C)COC[C@@H](C[NH+](Cc1[nH]c(=O)c2c(csc2n1)c3ccc(cc3)Cl)C(C)C)O,C36206186,inactive
4590,CCC(CO)c1cc(Cl)c2c(c1Cl)C(=O)N(Cc1c(C)cc(C)[nH]c1=O)CC2,CHEMBL4072040,active
4591,c1ccc2c(c1)ncn2c3ccc(cc3)C(=O)N[C@@]4(CCSC4)C#N,C97491442,inactive
4592,COc1ccccc1NC(=O)CSc2c([nH+]c([nH]2)c3ccccc3)S(=O)(=O)c4ccccc4,C11695882,inactive
4593,Cc1cc[nH+]c(c1)N[C@H](c2ccc(cc2)Cl)c3ccc4cccnc4c3O,C04138532,inactive
4594,Cc1ccc([nH+]c1)NC(=O)C2[C@H](C3=C(C[C@H](CC3=O)c4ccccc4)N=C2C)c5ccc(c(c5)COc6ccccc6C(=O)N)OC,C08440528,inactive
4595,CCOC(=O)c1c(csc1NC(=O)CCSc2nc3c(c4c(s3)CCC4)c(=O)n2c5ccccc5)c6ccc(cc6)Cl,C98009726,inactive
4596,CCN(c1cc(-c2ccc(CN3CCN(CCCCOc4cccc5c4C(=O)N(C4CCC(=O)NC4=O)C5=O)CC3)cc2)cc(C(=O)NCc2c(C)cc(C)[nH]c2=O)c1C)C1CCOCC1,CHEMBL5088417,active
4597,CC(C)C[C@@H]1c2c(cc(c(c2O)Oc3c4c(cc(c3O)OC)CC[NH+]([C@@H]4CC(C)C)C)OC)CC[NH+]1C,C24717567,inactive
4598,COc1ccc(cc1)NC(=O)NC(=O)C[NH+]2CCC[C@H](C2)C(=O)Nc3ccc(cn3)Cl,C40149617,inactive
4599,CC1=C(/C(=C/c2ccc(o2)CNS(=O)(=O)c3ccc(cc3)Br)/C(=O)N1CCOC)C(=O)OC,C97960456,inactive
4600,c1ccc2c(c1)cccc2CSc3nnc(s3)NC(=O)CSc4nnc(s4)NC(=O)c5ccccc5Br,C97995739,inactive
4601,COc1cc(cc(c1OC[C@H](c2ccc3c(c2)OCCO3)O)Br)C[NH2+]Cc4ccc(cc4)F,C20877175,inactive
4602,c1ccc2c(c1)CC[NH2+][C@H]2C3=C(C[C@H]([C@H](C3=O)n4cncn4)c5ccccc5Oc6cccc(c6)Cl)O,C13144920,inactive
4603,C[C@@H](c1ccccc1)N2C[C@H](CC2=O)C(=O)NN3C(=O)C(NC3=O)(c4ccccc4)c5ccccc5,C09216942,inactive
4604,COc1ccc(cc1COc2ccc(cc2)[N+](=O)[O-])[C@@H]3c4c(c5cc(ccc5[nH]4)OCc6ccccc6)CC[NH2+]3,C01825576,inactive
4605,c1cc(c(cc1C(=[NH2+])N)Br)OCCCOc2ccc(cc2Br)C(=[NH2+])N,C01665651,inactive
4606,Cc1ccccc1C2(CCCCC2)C(=O)N[C@H](C)C(=O)N3CCS(=O)(=O)CC3,C78721638,inactive
4607,c1ccc2c(c1)C(=NS2(=O)=O)N3CCC[C@H](C3)C(=O)Nc4ccc(cc4)Cl,C08313035,inactive
4608,Cc1c(cc2c(n1)nc([nH]2)SCC(=O)Nc3ccc(cc3)Cl)Br,C05454718,inactive
4609,c1ccc2=[NH+]CC(=c2c1)CCN/C(=N\C(=O)c3ccc(cc3)F)/Nc4cccc(c4)Br,C63589490,inactive
4610,Cc1cc(c(c(c1)Cl)NC(=O)c2cccc(c2)S(=O)(=O)N[C@@H]3CCS(=O)(=O)C3)C,C12229490,inactive
4611,COc1ccc(c(c1)[C@H]2[C@H]([C@@](NC(=[NH+]2)O)(C(F)(F)F)O)C(=O)c3ccc(cc3)F)OC,C09409662,inactive
4612,Cc1cccc(c1C)C(=O)Nc2c3ccc([nH+]c3sc2C(=O)OC)C[NH+](C)Cc4c([nH]nc4C)C,C14888194,inactive
4613,c1ccc2c(c1)cc3ccccc3c2/C=N/NC(=O)c4c(nnn4c5c(non5)N)C[NH+]6CCCCC6,C02520772,inactive
4614,Cc1cc(n(n1)c2ccc(cc2)NC(=O)c3cc(c(c(c3)OC)OC)OC)OC(=O)c4cc(c(c(c4)OC)OC)OC,C08616818,inactive
4615,CC(=O)N[C@H]1CC[C@@H](N(C)c2cc(-c3cnn(CCN4CCOCC4)c3)cc(C(=O)NCc3c(C)cc(C)[nH]c3=O)c2C)CC1,CHEMBL3697430,active
4616,CCOc1ccc2ccccc2c1C(=O)Nc3nc(cs3)CSCC(=O)Nc4ccc(cc4)F,C09590561,inactive
4617,c1ccc(c(c1)/C=N/Nc2[nH]nc(n2)SCCC(=O)Nc3ccc(cc3)Br)Cl,C21077725,inactive
4618,c1ccc2c(c1)OC[C@H](O2)C(=O)NCC(=O)N/N=C/c3cc(ccc3OC(=O)/C=C\c4ccco4)Br,C97966329,inactive
4619,CCOC(=O)[C@H]1CCCN(C1)c2c(c(ncn2)N3CC[NH+](CC3)C(c4ccccc4)c5ccccc5)N,C40729702,inactive
4620,COc1ccccc1Nc2nc(cs2)C(=O)N(Cc3ccccc3)CC(=O)NCc4cccc[nH+]4,C37436358,inactive
4621,Cc1ccc2c(c1)c(c(n2C[C@H](CN3CC[NH+](CC3)CCO)O)c4ccccc4)c5ccccc5,C19908818,inactive
4622,CN1c2ccc(cc2CC1=O)S(=O)(=O)Nc3ccc(cc3)c4cc5cc(ccc5[nH]4)F,C15730138,inactive
4623,Cc1c(sc(n1)N2[C@H](C(=C(C2=O)O)C(=O)c3ccc4c(c3)C[C@@H](O4)C)c5ccc(cc5)C(=O)OC)C(=O)OC,C53336872,inactive
4624,COCCn1c(c(c2c1[nH+]cc(c2)NC3Cc4ccccc4C3)NC(=O)Cc5ccccc5)C(=O)OC,C14743484,inactive
4625,COc1ccc(cc1Br)/C=C/2\C(=O)N(c3ccccc3S2)CC(=O)NCC[NH+]4CCCC4,C20732338,inactive
4626,CCN([C@H]1CC[C@@H](CC1)N(C)C)c1cc(Cl)cc(C(=O)NCc2c(CCN(C)C)cc3CCNn3c2=O)c1C,310739,active
4627,COc1cc2cc[nH+]c(c2cc1OC)Cc3cc(c(cc3NC(=O)Nc4ccc(c(c4)Cl)Cl)OC)OC,C02090989,inactive
4628,[H]/N=C\1/C(=C/c2cc(c(c(c2)Cl)OCCOc3ccc(c(c3)C)C)OCC)/C(=O)N=C4N1N=C(S4)CC,C08919089,inactive
4629,c1cc(ccc1Cc2cnc(s2)NC(=O)CCNS(=O)(=O)c3ccc(cc3)F)Br,C24885286,inactive
4630,c1ccc(cc1)C(=O)N/C(=C/c2ccc(o2)c3ccc(cc3)Br)/C(=O)NCc4cc[nH+]cc4,C33339466,inactive
4631,C[C@H]1Cc2cc(ccc2O1)C(=O)C3=C(C(=O)N([C@H]3c4ccc(cc4)C(=O)OC)c5nnc(s5)SCc6ccc(cc6)Cl)O,C97970503,inactive
4632,[H]/N=C\1/[NH+]=C(/C(=N\Nc2ccc(c(c2)S(=O)(=O)N3CCOCC3)OC)/S1)c4cc(ccc4F)F,C09715186,inactive
4633,COc1cc(C)[nH]c(=O)c1CNC(=O)c1cc2c(ccn2c([C@H](C)N2CCN(CC(F)(F)F)CC2)c1C)-c1ccn[nH]1,490278,active
4634,CCN(c1cc(-c2ccncc2)cc(C(=O)NCc2c(C)cc(C)[nH]c2=O)c1C)[C@H]1CC[C@H](N(C)C)CC1,CHEMBL3701015,active
4635,CSc1cc(C)[nH]c(=O)c1CNC(=O)c1c(C)n([C@@H](C)[C@H]2OC[C@@H](CO2)N2CCC22COC2)c2ccccc12,575039,active
4636,C[C@H](C(=O)Nc1cccc(c1)O)Sc2nc(cc(n2)C(F)(F)F)c3ccc(cc3)OC,C58961982,inactive
4637,CC[C@@H]1CCCCN1S(=O)(=O)c2ccc(cc2)NC(=O)C[NH2+]CCc3c[nH]c4c3cc(cc4)C,C21265441,inactive
4638,C[C@@H]1[C@@H]2[C@@H](C[C@@H](O1)O[C@H]3CC[C@@]4([C@H]5CC[C@@]6([C@H](CC[C@@]6([C@@H]5CC[C@@]4(C3)O)O)C7=CC(=O)OC7)C)C=O)O[C@@H](O2)c8ccc(cc8)OC,C79210234,inactive
4639,CC(C)N1CC=C2[C@@H](C1)[C@H](C(C(=C2C#N)[NH3+])(C#N)C#N)c3cc(ccc3F)OC,C16037555,inactive
4640,Cc1cc(c(cc1N2C(=O)[C@H]3[C@H]([NH2+][C@@]4([C@@H]3C2=O)c5ccccc5NC4=O)CC(=O)N)OC)[N+](=O)[O-],C09320503,inactive
4641,COc1ccc(c2c1cccc2)C[C@]3(CCC(=O)N3)CCC(=O)N[C@@H](c4ccccc4)c5cc[nH+]cc5,C11789024,inactive
4642,C[NH+](C)CCN1[C@H](C(=C(C1=O)O)C(=O)c2ccc(cc2)OCc3ccccc3)c4ccc(c(c4)OC)O,C09281321,inactive
4643,c1cc(c(c(c1)Cl)[C@H](CNC(=O)CCCOc2ccc3c(c2)CCC(=O)N3)[NH+]4CCCC4)F,C71895427,inactive
4644,CCCc1cc(C)n(C)c(=O)c1CN(C)C(=O)c1cc(cc2N(NCc12)C(C)C)-c1ccc(nc1)N1CCN(CC1)C(C)C,50594131,inactive
4645,Cc1ccc(cc1)C(=O)OC[C@@H]2[C@@H](C[C@H](O2)n3c4c(c(nc(n4)C)N)nc(c3=O)C)OC(=O)c5ccc(cc5)C,C72130154,inactive
4646,CCOC(=O)C1=C(OC(=C([C@H]1c2cccc(c2)OCc3ccccc3)C#N)N)CSc4c(cc5c([nH+]4)CCC5)C#N,C01875677,inactive
4647,COCC[NH+](Cc1[nH]c(=O)c2c(csc2n1)c3ccc(cc3)Cl)C[C@H](Cc4ccccc4)O,C36206146,inactive
4648,CN([C@H]1CC[C@@H](CC1)NC(C)=O)c1cc(cc(C(=O)NCc2c(C)cc(C)[nH]c2=O)c1C)-c1ccc(CN2CCOCC2)nc1,172048,active
4649,CN(C)c1nc(nc(n1)N/N=C/c2cc(cc(c2OC)I)I)NCc3ccccc3,C08383263,inactive
4650,C[C@@H]1Cc2c(c(=O)n(c(n2)SCC(=O)NCCc3ccc(c(c3)OC)OC)c4ccc(cc4)OC)S1,C10617883,inactive
4651,CCN1C2=C([C@H](NC1=O)c3ccccc3C(F)(F)F)C(=O)N(C2)[C@@H](C(C)C)/C(=N/CC[NH+](C)C)/[O-],C35966546,inactive
4652,c1cc2c(ccc(c2[nH+]c1)NC(=O)CCC(=O)OCC(=O)c3ccc(cc3)Br)Br,C08451517,inactive
4653,CC[NH+]1CCc2c(sc3c2C(=N[C@H](N3)c4cccc(c4)OC(=O)c5cc(c(c(c5)OC)OC)OC)O)C1,C08928030,inactive
4654,COc1ccc(cc1)c2nnc(n2c3ccc(cc3)Cl)SCC(=O)N/N=C/c4cc(c(cc4OC)OC)OC,C53276016,inactive
4655,COc1ccc2c(c1)c3c([nH]2)[C@H](NCC3)c4ccc(c(c4)COc5ccc(cc5)Br)OC,C20112899,inactive
4656,c1cc(nc(c1Cl)C(=O)N2CCC[C@@H]2C(=O)NC3CC3)Cl,C37984185,inactive
4657,c1cc(ccc1F)S(=O)(=O)NCCC[NH+]2CCN(CC2)CCCNS(=O)(=O)c3ccc(cc3)F,C20457998,inactive
4658,Cc1ccc(c(c1)OCC(=O)NC(=S)Nc2ccc(c[nH+]2)I)C(C)C,C16291113,inactive
4659,C[C@H]1CN(C[C@@H](O1)C)C(=O)c2c(c(n[nH]2)C3CC3)Br,C49167692,inactive
4660,c1ccc(cc1)CNC(=O)CSc2nc3ccc(cc3s2)Nc4nc(nc(n4)N5CCCC5)N6CCCC6,C64503663,inactive
4661,c1ccc(cc1)C(c2ccccc2)[NH+]3CCN(CC3)C(=O)c4cnn5c4N[C@H](C[C@H]5C(F)(F)F)c6cccs6,C53365147,inactive
4662,c1cc(c(cc1[N+](=O)[O-])I)N2CCC(CC2)O,C97410548,inactive
4663,CC(C)CNC(=O)c1coc(n1)COc2ccc3c(c2)[C@@H]([NH+](CC3)Cc4ccccc4F)c5ccccc5,C34685551,inactive
4664,COCCNC(=O)c1ccc(cc1)N2C(=O)[C@@H]3CC4=c5ccccc5=[NH+][C@@H]4[C@@H](N3C2=O)c6cccc(c6)OC,C63375335,inactive
4665,c1ccc(cc1)CCNS(=O)(=O)c2ccc(cc2)NC(=O)[C@@H]3CC(=O)N(C3)c4ccc(cc4)F,C09288706,inactive
4666,c1ccc(cc1)CN2c3ccccc3C4=CNN(C(=O)[C@@H]42)CC(=O)NCCC5=c6ccccc6=[NH+]C5,C63513797,inactive
4667,C[C@@H]1C[C@H](NC(=S)N1)C(=O)N2CCC(CC2)[C@@H](Cc3ccccc3)[NH+](C)Cc4cccnc4,C11788678,inactive
4668,CN([C@@H]1CC[C@@H](CC1)NC(C)=O)c1cc(cc(C(=O)NCc2c(C)cc(C)[nH]c2=O)c1C)-c1ccc(CN2CCOCC2)nc1,172051,active
4669,COc1ccc(cc1)n2c(c3c(nc(nc3n2)N4CCN(CC4)CC[NH+]5CCOCC5)c6cccc(c6)F)N,C37359743,inactive
4670,C[C@H](c1ccccc1)NCc2cc(c(c(c2)Br)OC[C@H](c3ccc4c(c3)OCO4)O)OC,C20876983,inactive
4671,c1cc(ccc1NC(=O)C[NH+]2CCN(CC2)CC(=O)Nc3ccc(cc3)Br)Br,C23356466,inactive
4672,CCC(C)(C)CN1CCC(CC1)[C@@H](C)c1sc2CCCN(Cc3c(C)cc(C)[nH]c3=O)C(=O)c2c1C,439163,active
4673,CCOc1cc(ccc1OCc2ccc(cc2)Cl)/C=N\NC(=O)CSc3[nH]c4ccccc4[nH+]3,C50954751,inactive
4674,c1cc[nH+]c(c1)N2CCN(CC2)C[C@H](Cn3c4ccc(cc4c5c3ccc(c5)Cl)Cl)O,C19790419,inactive
4675,Cc1cccc2c1[nH]c(=O)c(c2)[C@H](c3nnnn3CCOC)[NH+](Cc4ccccc4)Cc5ccccc5Cl,C06444009,inactive
4676,COc1ccc(cc1OC)CC(=O)NCCCc2[nH+]c3ccccc3n2CCOc4ccccc4CC=C,C40209107,inactive
4677,CCOC(=O)c1ccccc1NC(=O)CN(c2cc(ccc2OC)OC)S(=O)(=O)c3ccc(c(c3)OC)OC,C59651257,inactive
4678,Cn1cc[nH+]c1[C@H](c2ccc(cc2)F)NC(=O)c3ccc(cc3)NS(=O)(=O)c4cccs4,C14405920,inactive
4679,Cc1ccc(cc1)S(=O)(=O)CN/C(=[NH+]/C(=S)NN(c2ccccc2)c3ccccc3)/c4ccccc4,C01877748,inactive
4680,C=CCNC(=S)N1CC[NH+](CC1)[C@@H]2c3cccc4c3c(ccc4)[C@@H]2NS(=O)(=O)c5ccc(cc5)Cl,C09085915,inactive
4681,c1ccc2c(c1)c(cc(n2)c3cccs3)C(=O)Nc4cccc([nH+]4)NC(=O)c5cc(nc6c5cccc6)c7cccs7,C08432270,inactive
4682,CCOC(=O)c1ccc(cc1)NC2=Nc3ccccc3N4C2=[NH+]c5c(c(nn5c6ccccc6)C)[C@H]4c7ccccc7C,C01880115,inactive
4683,c1ccc(cc1)C2(CCOCC2)CN3[C@H](CCC3=O)CC[NH2+]Cc4cc5c(cc4Cl)OCO5,C15067580,inactive
4684,CC(=O)Nc1ccc(cc1)NS(=O)(=O)c2ccc(cc2)NC(=O)OC,C00822918,inactive
4685,c1ccc2c(c1)[nH+]c(n2Cc3ccc(cc3)Br)CCCCCNC(=O)Cc4ccc(cc4)Cl,C40221700,inactive
4686,C[C@@H](O)C([C@@H](C)O)c1cc(Cl)c2CCN(Cc3c(C)cc(C)[nH]c3=O)C(=O)c2c1Cl,435529,active
4687,c1ccc(cc1)N2[C@H](CC(=N2)C(=O)N3CCC[C@@H](C3)c4nc(no4)c5cccc(c5)F)C(=O)N,C58166690,inactive
4688,CC(C)Oc1cc(C)[nH]c(=O)c1CNC(=O)c1ccc2c(cc(C)nc2c1C)-c1ccc(nc1)N1CCN(C)CC1,50594137,active
4689,CSc1cc(C)[nH]c(=O)c1CNC(=O)c1c(C)n([C@H](C)[C@H]2CCC(C)(O)CC2)c2ccccc12,574867,active
4690,Cc1ccc(cc1)NC(=O)[C@H](c2ccccc2)SC3=[NH+]c4ccccc4C(=O)[N+]3=c5ccc(c[nH]5)C,C36659986,inactive
4691,c1ccc2cc(ccc2c1)S(=O)(=O)N3CCN(CC3)C(=O)COC(=O)c4ccc(cc4O)O,C03531526,inactive
4692,CC(C)(c1ccccc1)c2ccc(cc2)OC[C@H](C[NH2+][C@@H](Cc3ccccc3)c4nc(no4)c5ccccc5)O,C03384378,inactive
4693,COc1ccccc1n2c(nnc2SCc3nc(cs3)C(=O)NCCC(c4ccccc4)c5ccccc5)c6ccco6,C98017527,inactive
4694,c1ccc(cc1)/C=C/2\CN(CC3=C2OC(=C([C@@H]3c4cccs4)C#N)[NH3+])Cc5cccs5,C20459304,inactive
4695,C[C@@H]1CCCC(=O)CCC/C=C/c2cc3c(c(c2C(=O)O1)O)[C@H](CC(=O)O3)c4ccc(cc4)OCCc5ccc(cc5)OC,C85879522,inactive
4696,Cc1cccc(c1C)N[C@H]2/C(=N/S(=O)(=O)c3ccc(cc3)NC(=O)C)/[NH+]=c4ccccc4=[NH+]2,C39984522,inactive
4697,CC(C)CCOc1ccc(cc1OC)[C@H]2/C(=C(/c3cc4ccccc4o3)\O)/C(=O)C(=O)N2CCCn5cc[nH+]c5,C08441298,inactive
4698,CC(C)(C)OC(=O)N[C@@H](CC1=c2ccccc2=[NH+]C1)[C@@H]3N=N[C@@H](O3)SCc4ccc(c(c4)Cl)Cl,C63426775,inactive
4699,c1ccc2=[NH+]CC(=c2c1)C[C@H]3[C@H]4[C@@H](C(=O)N(C4=O)c5cccc(c5)[N+](=O)[O-])[C@@]6([NH2+]3)c7ccccc7NC6=O,C63480122,inactive
4700,CCOc1ccc(cc1OCC)CC[n+]2cnc3c(c2N)[C@H](c4ccc(cc4O3)O)c5ccc(cc5)OC,C09209423,inactive
4701,Cc1cccc(c1)CN2[C@@H]([C@H](OC2=O)c3ccc(cc3)NC(=O)c4ccco4)C(=O)NCC[NH+](C)C,C40406076,inactive
4702,CN(C)CCCOc1cccc(c1)-c1cc(C(=O)NCc2c(C)cc(C)[nH]c2=O)c2cnn(C3CCCC3)c2c1,326078,active
4703,CCN(c1cc(-c2ccc(CN3CCN(CCCCCCCCCCCOc4cccc5c4C(=O)N(C4CCC(=O)NC4=O)C5=O)CC3)cc2)cc(C(=O)NCc2c(C)cc(C)[nH]c2=O)c1C)C1CCOCC1,CHEMBL5085241,active
4704,c1ccc2c(c1)cc(o2)C(=O)C3=C(C(=O)N([C@H]3c4ccc(c(c4)Cl)Cl)c5nnc(s5)SCc6ccc(cc6)F)O,C08383321,inactive
4705,COC(C1CN(C)C(=O)C1)c1cc(Cl)c2CCN(Cc3c(C)cc(C)[nH]c3=O)C(=O)c2c1Cl,435673,active
4706,c1ccc(cc1)NC(=O)COc2ccc(cc2Br)/C=C/3\C(=O)N(C(=O)S3)CC(=O)N4CCN(CC4)c5ccccc5,C08450528,inactive
4707,COc1cccc(c1)NC(=O)C(=O)NC[C@H](c2ccc3c(c2)OCO3)[NH+]4CCN(CC4)c5ccccc5F,C38621115,inactive
4708,Cc1ccc(cc1NC(=O)NCCc2[nH+]ccn2C(F)F)NC(=O)NCCc3[nH+]ccn3C(F)F,C62613547,inactive
4709,Cc1cc(nc(n1)SCC(=O)N(Cc2ccc(cc2)OC)[C@H](c3ccc(c(c3)OC)OC)C(=O)Nc4ccc(cc4)N(C)C)C,C08695730,inactive
4710,CC(=O)Nc1ccc(cc1)N/C=C(\C#N)/c2nc(cs2)c3ccc4c(c3)OCO4,C04063790,inactive
4711,CCOc1cc(c(c(c1O)/C=N/Nc2[nH+]c(nc(n2)N3CCCC3)N4CCOCC4)Br)Br,C97997807,inactive
4712,c1ccc(cc1)CCc2[nH+]c3cccnc3n2CCNS(=O)(=O)c4ccc(cc4)Br,C33252103,inactive
4713,c1ccc2=[NH+]C([NH+]=c2c1)S[C@H]3C[C@H](N(C3)Cc4cccc(c4)Cl)C(=O)NCCc5cccc(c5)F,C64058395,inactive
4714,Cc1ccc(cc1S(=O)(=O)NCc2[nH]c3ccccc3n2)c4c5ccccc5c([nH+]n4)NCc6ccccc6,C01239928,inactive
4715,c1ccc(cc1)c2ccccc2NC(=O)CS[C@@H]3NN[C@H](N3[NH3+])[C@@H]4C=C(N=N4)c5ccccc5,C39012635,inactive
4716,COc1ccc(cc1)C2=N[C@H]([NH2+][C@@H](C2)c3cc(ccc3O)Cl)c4ccc(c(c4)Br)OC,C20764596,inactive
4717,CCOC(=O)c1ccc(cc1)N(Cc2ccc[nH+]c2)C(=S)NC(=O)c3cccc(c3)Br,C22818616,inactive
4718,CC[NH+](CC)CCCN1[C@@H](C(=C(c2ccc(cc2)OC)O)C(=O)C1=O)c3cccc(c3)Oc4ccccc4,C16732284,inactive
4719,Cc1ccc(c(c1)C)c2csc3c2c(=O)[nH]c(n3)C[NH+](CCC(C)C)C[C@@H](COCC#C)O,C36207976,inactive
4720,C[C@@H](C(=O)N/N=C/c1ccc(cc1OC(=O)c2ccc(cc2)Cl)OC(=O)c3ccc(cc3)Cl)Oc4ccc(cc4)Cl,C04347460,inactive
4721,C[NH+]1CCN(CC1)[C@H](CNC(=O)c2ccc(cc2)S(=O)(=O)N3CCCCC3)c4ccc5c(c4)CCCN5C,C38673074,inactive
4722,COC(C1CNC1)c1cc(C)c2CCN(Cc3c(C)cc(C)[nH]c3=O)C(=O)c2c1Cl,435672,active
4723,Cc1cc(C)c(CNC(=O)c2cc3CC(C)(Oc3c(c2)-c2ccc(nc2)N2CCNCC2)C=C)c(=O)[nH]1,359798,active
4724,COc1ccc(cc1OC)[C@@H]2C[C@@H](n3c(c(c(n3)C(=O)N4CCN(CC4)C(=O)c5ccccc5)Cl)N2)C(F)(F)F,C00714929,inactive
4725,COC(=O)c1ccc(cc1)[C@H]2[C@H]([C@@](NC(=[NH+]2)O)(C(F)(F)F)O)C(=O)c3ccc(cc3)F,C08915375,inactive
4726,C[C@]1(C(=O)N(C(=O)N1)NC(=O)CSc2[nH+]cc(n2CC=C)c3ccc(cc3)Cl)c4ccccc4,C09492067,inactive
4727,CCCCCOc1ccc(cc1)[C@H]2C(=C(c3ccc4c(c3)C[C@H](O4)C)O)C(=O)C(=O)N2CCCn5cc[nH+]c5,C09292796,inactive
4728,c1ccc(cc1)C(c2ccccc2)[NH+]3CCN(CC3)C(=O)c4cnn5c4N[C@H](C[C@H]5C(F)(F)F)c6ccc(cc6)Br,C33358583,inactive
4729,c1ccc(c(c1)NC(=O)c2ccc(cc2)NS(=O)(=O)c3ccc(c(c3)Cl)F)F,C15422061,inactive
4730,C/C(=C\N=C\1/N=C(S1)N(Cc2cccc(c2)OC)Cc3cccnc3)/[NH2+]C4CC([NH2+]C(C4)(C)C)(C)C,C21345533,inactive
4731,C[C@H]1[C@@H]([C@H]([C@H]([C@@H](O1)O[C@@H]2[C@H](O[C@H]([C@@H]([C@H]2O)O)OCCC(=C)C)CO)O)O)O,C31162155,inactive
4732,CCOc1ccc(cc1)n2cc(c3c2[nH+]cnc3NC[C@@H](c4cccs4)[NH+]5CCOCC5)c6ccccc6,C35681693,inactive
4733,c1ccc(cc1)C(=O)N/[NH+]=c\2/c(cc3cc(ccc3o2)Br)C(=O)Nc4ccccc4,C33246842,inactive
4734,CCCCn1c2ccc(cc2[nH+]c1SCC(=O)N[C@@H]3CCS(=O)(=O)C3)S(=O)(=O)N,C09491356,inactive
4735,C[C@@H](C(=O)NCCC1=CCCCC1)NC(=O)[C@@H]2CC3=c4ccccc4=[NH+][C@H]3[C@H]5N2C(=O)c6c5cccc6,C63383687,inactive
4736,c1ccc2=[NH+]CC(=c2c1)CCNC(=O)C(=O)NC[C@@H]3N(CCO3)S(=O)(=O)c4cc(ccc4F)F,C63676461,inactive
4737,c1ccc2cc(c(cc2c1)C(=O)N3CCCN(CC3)C(=O)N)OC(F)F,C90511496,inactive
4738,Cc1ccc(cc1)S(=O)(=O)CNC(=O)[C@H](c2ccc(cc2)N(C)C)N(C)C(=O)[C@H](c3ccccc3)OC,C36525170,inactive
4739,CC(C)[C@H](CCNS(=O)(=O)c1c2c(c(c3c1OCO3)OC)C[NH+](CC2)C)c4ccc(cc4)Cl,C40309912,inactive
4740,c1cc(cc(c1)F)C(=O)Oc2c(cc(cc2Br)Br)/C=N/NC(=O)COc3cc(ccc3Cl)Cl,C97961077,inactive
4741,Cc1cccc(c1C)N2CCN(CC2)S(=O)(=O)c3ccc4c(c3)ccc(=O)[nH]4,C06748893,inactive
4742,c1cc(c(cc1Br)C=[NH+]CCOCCOCC/[NH+]=C\c2cc(ccc2[O-])Br)O,C15776614,inactive
4743,C[NH+]1[C@@H](NN[C@@H]1SCC(=O)N/N=C/[C@@H]2C=NN=C2c3ccc(cc3)F)c4cccc(c4)Br,C38610019,inactive
4744,CN1CCc2c(c(c3c(c(sc3[nH+]2)C(=O)Oc4ccccc4)N)c5cccc(c5OC)OC)C1,C40570157,inactive
4745,CCOc1ccccc1NC2=Nc3ccccc3N4C2=[NH+]c5c(c(nn5c6ccccn6)C)[C@H]4c7cccs7,C06150186,inactive
4746,C[C@H](C(=O)N1CC(=O)Nc2c1cccc2)OC(=O)C3CCN(CC3)S(=O)(=O)c4ccccc4F,C08985290,inactive
4747,Cc1cccc(c1)C[NH+]2CCN(CC2)C(=O)CSc3nnc(n3N)c4ccc(cc4Cl)Cl,C25672097,inactive
4748,C[C@@H](c1nc2ccccc2c(n1)NC3CCCCC3)[NH+]4CCN(CC4)S(=O)(=O)c5ccc(cc5)OC,C22052584,inactive
4749,COc1ccc(cc1OC)[C@@H]2[C@@H](N3c4ccc(cc4C=C[C@@H]3[C@@]2(C#N)C(=O)N)F)C(=O)c5ccccc5,C12371257,inactive
4750,COc1ccc(cc1)CNC(=O)[C@@H](c2cc[nH+]cc2)N(c3ccc(cc3)F)C(=O)Cc4cccs4,C01354109,inactive
4751,CCOc1ccc(cc1)C(=O)c2cn(c3ccc(cc3c2=O)OCC)CC(=O)Nc4ccc(cc4OC)OC,C97987002,inactive
4752,CCOc1ccc(cc1)N(CC(=O)Nc2cccc(c2)N(C)S(=O)(=O)C)S(=O)(=O)c3ccc(cc3)SC,C02837941,inactive
4753,[H]/N=C(/N/N=C/c1ccc(cc1)Br)\S[C@@H]2CC(=O)N(C2=O)c3ccc(cc3)Br,C13302273,inactive
4754,COc1ccc(cc1)N(C(=O)/C=C\c2ccc(o2)Br)S(=O)(=O)c3ccc(c(c3)N)Cl,C96835544,inactive
4755,Cc1cc(ccc1NC(=O)C[NH+](C)CC(=O)N[C@H](C)c2cccc(c2)Cl)Br,C13030283,inactive
4756,CCN1c2ccccc2[C@]3(C1=O)C(=C(C(=O)N3C[C@H]4CCCO4)O)C(=O)c5ccc(cc5)S(=O)(=O)N(C)C,C97956796,inactive
4757,CS(=O)(=O)Nc1nc2ccc(cc2s1)NC(=O)CN3c4cc(ccc4OCC3=O)Cl,C21883081,inactive
4758,CC(C)(C)NS(=O)(=O)c1ccc(cc1)NC(=O)[C@H]2CC(=O)N(C2)c3ccc(cc3)F,C09288695,inactive
4759,c1cc2c(cc1NC(=O)CSCc3cc(=O)n4ccsc4[nH+]3)[nH]c(n2)c5cc(ccc5F)F,C71938796,inactive
4760,COc1ccc(cc1)OCC(=O)N/N=C/2\c3ccccc3N(C2=O)C[NH+]4CCCC[C@@H]4c5ccc[nH+]c5,C08964752,inactive
4761,CC(C)Cn1c2cc(ccc2cc(c1=O)C[NH2+]CC3(CCCCC3)[NH+]4CCOCC4)SC,C23340178,inactive
4762,COc1cc(cc(c1)OC)N/C(=N/C(=O)c2ccc3c(c2)OCO3)/NCCC4=c5ccccc5=[NH+]C4,C63589421,inactive
4763,CC(C)CNC(=O)c1ccc(cc1)N2C(=O)[C@@H]3CC4=c5ccccc5=[NH+][C@H]4[C@@H](N3C2=O)c6ccc(cc6)OC,C63375852,inactive
4764,[H]/N=C/1\[NH+]=C(/C(=N\Nc2cc(ccc2C)S(=O)(=O)Nc3ccc(cc3C)C)/S1)c4cc(ccc4F)F,C13134691,inactive
4765,COc1ccccc1NC(=O)COc2ccc(cc2OC)/C=C/3\C(=O)N(C(=S)S3)c4ccc(c(c4)Cl)F,C97962220,inactive
4766,COc1cccc(c1)OCCn2cccc2/C=C\3/C(=[NH2+])N4C(=[NH+]SC4=NC3=O)SCc5ccccc5,C31932592,inactive
4767,C[NH+](C)[C@@H](CNC(=O)c1cccc(c1)S(=O)(=O)Nc2ccc(cc2)F)c3ccccc3OC,C18011478,inactive
4768,COc1cc(cc(c1OCc2ccccc2Cl)Br)/C=N\NC(=O)Cc3csc([nH+]3)N,C83315175,inactive
4769,COc1cc(C)[nH]c(=O)c1CN1CCN(C)c2c(Cl)cc(OC(C)C)c(Cl)c2C1=O,CHEMBL5072578,active
4770,CCN([C@H]1CC[C@@H](CC1)N(C)C)c1cc(Cl)cc(C(=O)N(C)Cc2c(C)cc(C)[nH]c2=O)c1C,190187,active
4771,Cc1cc(ccc1NC(=O)[C@@H]2CCC(=O)N([C@@H]2c3ccc(cc3)OC)c4cc(c(c(c4)OC)OC)OC)Br,C59515089,inactive
4772,CN(C)c1ccc(cc1)[C@@H](CNS(=O)(=O)c2ccc(c(c2)F)OC)[NH+]3CCN(CC3)c4ccccc4,C21754874,inactive
4773,C/C(=N/N=C/1\NC(=O)C[C@@H](S1)C(=O)Nc2ccc(cc2)OC)/c3ccc(cc3)Cl,C13423978,inactive
4774,c1ccc2c(c1)CCN(C2)c3c(c(ncn3)Oc4ccc(c5c4nccc5)Br)N,C40780653,inactive
4775,COc1ccc(cc1)NC(=O)C[C@H]2C(=O)N(C(=S)N2CCC[NH+]3CCN(CC3)c4ccc(cc4)F)Cc5ccco5,C33357090,inactive
4776,Cc1ccc(cc1)n2c3ccccc3nc2SCC(=O)N4c5ccc(cc5C[C@H]4C)S(=O)(=O)N,C12736304,inactive
4777,CC(=O)Nc1ccc(cc1)/C=C(\c2nnc(s2)C(=O)Nc3ccc(cc3)F)/Cl,C96993415,inactive
4778,CC1=NC2=C([C@H](C1C(=O)Nc3ccc(c[nH+]3)Br)c4cc(ccc4OC)OC)C(=O)CC(C2)(C)C,C09861102,inactive
4779,c1ccc(cc1)COc2cccc(c2)[C@H]3c4c([nH]nc4C(=O)N3CCCO)c5cc(ccc5O)Cl,C39898094,inactive
4780,Cc1c(c([nH]c1C(=O)OC)C)C(=O)C2=C(C(=O)N([C@@H]2c3ccc(c(c3)Cl)Cl)CC[NH+](C)C)O,C08835079,inactive
4781,c1ccc(cc1)[C@H](C(=O)NC[C@H](COc2cccc(c2Cl)Cl)O)[NH+]3CCSCC3,C97529282,inactive
4782,c1ccc(cc1)c2c3cc(ccc3c4ccc(cc4n2)NC(=O)COc5ccc(cc5)Cl)NC(=O)COc6ccc(cc6)Cl,C98009014,inactive
4783,Cc1c(c(n(n1)c2ccccc2)Cl)/C=C/C(=O)NNC(=O)c3ccc4c(c3)nc5n(c4=O)CCC5,C12886805,inactive
4784,CCN([C@H]1CC[C@@H](CC1)N(C)C)c1cc(Cl)cc(C(=O)NCc2c(n(C)n(C)c2=O)C(F)(F)F)c1C,310804,active
4785,c1cc(cc(c1)Br)NS(=O)(=O)c2ccc(s2)c3ccc(=O)[nH]n3,C20574767,inactive
4786,COc1ccccc1NC(=O)C(=O)N/N=C/c2ccc(c(c2)OC)OC(=O)c3cccc(c3)Br,C04355338,inactive
4787,c1cc(ccc1CO[C@H](C[NH+]2CCCCC2)CN3CCCCC3)COC(CN4CCCCC4)CN5CCCCC5,C96602081,inactive
4788,CC(=O)Nc1ccc(cc1)S(=O)(=O)N2CC3(C[NH+](C2)CN(C3)S(=O)(=O)c4ccc(cc4)NC(=O)C)C(=O)c5ccccc5,C29749218,inactive
4789,CCCN1C/C(=C\c2ccc(cc2)SC)/C3=C(C1)[C@H](C(=C(O3)[NH3+])C#N)c4ccc(cc4)SC,C17610636,inactive
4790,CC1(CC2=C([C@@H](C(=C(N2c3ccccc3C(F)(F)F)N)C#N)c4ccc(c(c4)C[NH+]5CCCC5)OC)C(=O)C1)C,C00673592,inactive
4791,Cc1cc(nc(n1)C)NS(=O)(=O)c2ccc(cc2)NC(=O)CSc3nnc(n3CC=C)COc4ccccc4,C97958378,inactive
4792,C[C@H](C(=O)N[C@H](C(=O)N1CCC[C@@H]1C(=O)N[C@@H]2CCCc3c2cccc3)C(C)(C)C)[NH2+]C,C12502384,inactive
4793,Cc1cc(C)c(CNC(=O)c2cc(-c3ccc(N4CCNCC4)nc3)cc3c2C(C)CN3C2CCCC2)c(=O)[nH]1,CHEMBL3898133,active
4794,CCOC(=O)C[NH2+][C@H](c1ccccc1)c2cc(ccc2/N=C\c3cc(c(c(c3)OC)OC)OC)Br,C97997081,inactive
4795,CC[NH+](CC)CCOC(=O)c1ccc(cc1)NC(=S)Nc2c(c3c(s2)C[C@@H](CC3)C)C(=O)OC,C13749796,inactive
4796,Cc1c(sc(n1)c2ccccc2)C(=O)C3=C(C(=O)N([C@@H]3c4ccc(cc4)OCC=C)CCC[NH+](C)C)O,C33813591,inactive
4797,CC(C)(C)c1ccc(cc1)C[n+]2c3ccccc3n(c2N)CCCOc4ccc(cc4)Br,C59233646,inactive
4798,CC1CCN(CC1)C(=O)C2=NC=C(C2)S(=O)(=O)N3CCC[C@H](C3)C(=O)Nc4ccc(cc4)OC,C64637856,inactive
4799,c1ccc2c(c1)[C@H](CC(=O)N2)C(=O)Nc3cc(ccc3N4CCCCC4)S(=O)(=O)N5CCCCC5,C24905853,inactive
4800,CN(C)c1ccc(cc1)[C@@H]2CC3=C([C@H](Nc4ccccc4N3)c5cc(c(c(c5)OC)OC)OC)C(=O)C2,C21259733,inactive
4801,Cc1ccc(cc1)c2cc(c3cc(ccc3[nH+]2)NC(=O)Nc4ccc(c(c4)Cl)C)OCC(=O)OC,C33278548,inactive
4802,Cc1cccc(c1)Oc2c(c(nn2C)c3ccccc3)C[NH+](CC4CC4)C[C@@H](COCc5ccccc5)O,C36306543,inactive
4803,CO[C@@H]1C[C@H](NC1)c2nc(no2)c3cc(cs3)Br,C71302700,inactive
4804,CCN(c1cc(Cl)cc(C(=O)NCc2c(C)cc(C)n(C)c2=O)c1C)C1CCOCC1,CHEMBL3770154,active
4805,c1ccc(cc1)COC(=O)N2CC=C3[C@H](C2)[C@H](C(C(=C3C#N)[NH3+])(C#N)C#N)c4ccccc4C(F)(F)F,C08441969,inactive
4806,CCOC(=O)C1=C(OC(=C([C@@H]1c2ccc(cc2)Cl)C#N)N)CSc3c(cc4c([nH+]3)CCCCC4)C#N,C06089269,inactive
4807,Cc1ccc(cc1Cl)NC(=O)C(=O)NC[C@H](c2ccc3c(c2)CCCN3C)[NH+]4CCCC4,C09135770,inactive
4808,COc1ccc(cc1NC(=O)NC[C@H](c2ccc3c(c2)OCO3)[NH+]4CCN(CC4)c5ccccc5F)Cl,C38621332,inactive
4809,C[C@]\1(C[NH+]([C@H](C/C1=N\CCc2ccc(c(c2)OC)OC)c3ccccc3)CCc4ccc(c(c4)OC)OC)O,C16948744,inactive
4810,COc1cc(cc(c1OC[C@H](c2ccc3c(c2)OCCO3)O)Br)C[NH2+]CCc4ccccc4,C20877131,inactive
4811,C[NH+]1CCN(CC1)CCCN2[C@@H](C(=O)N(C2=S)c3cccc(c3)Cl)CC(=O)Nc4ccc(cc4)Br,C59515132,inactive
4812,CCCCN1C(=O)[C@@H]2[C@H](N[C@]3([C@@H]2C1=O)c4cccc(c4NC3=O)Cl)CC5=c6ccccc6=[NH+]C5,C63383527,inactive
4813,CCCOc1ccc(cc1OCC)[C@H]2C(=C(C(=O)N2c3nc4c(cc(cc4s3)C)C)O)C(=O)c5ccc6c(c5)OCCO6,C97969723,inactive
4814,CCN(C1CCC(CC1)N1CC(C1)OCC(F)(F)F)c1c(C)c(cc2n(C)ncc12)C(=O)NCc1c(C)cc(C)[nH]c1=O,516865,active
4815,Cc1ccc2ccc(c(c2[nH+]1)O)[C@H](c3cccc(c3)F)Nc4ccc(cn4)Cl,C54200387,inactive
4816,Cc1ccc(cc1)S(=O)(=O)CNC(=O)[C@@H](c2ccc(c(c2)OC)OC)N(C(=O)c3ccco3)C(C)(C)C,C36584922,inactive
4817,c1ccc2c(c1)OC[C@@H](O2)CNC(=O)N[C@@H]3CC(=O)N(C3)c4ccc(cc4)Cl,C04374394,inactive
4818,COc1ccc2=[NH+][C@H]3[C@@H](NCCC3=c2c1)c4ccc(c(c4)CN5CCN(CC5)c6ccc(cc6)F)OC,C63349861,inactive
4819,C[C@@]1(CCCN(C1)C(=O)N[C@H]2CC(=O)N([C@@H]2c3ccc(cc3)Cl)C)CO,C92354286,inactive
4820,C[C@H]1[C@H]([C@@H]([C@@H]([C@@H](O1)O[C@@H]2[C@@H]([C@@H]([C@@H](O[C@@H]2OC)CO)O)O)O)O)O,C06932870,inactive
4821,C[C@H]1[C@H]([C@@H](C[C@@H](O1)O[C@@H]2CC[C@@]3([C@H]4CC[C@@]5([C@@H](CC[C@@]5([C@@H]4CC[C@@]3(C2)O)O)C6=CC(=O)OC6)C)/C=N/Cc7ccccn7)O)O,C70670175,inactive
4822,Cc1c(sc(n1)COc2ccc(cc2)Cl)C(=O)Nc3cccc(c3)C#Cc4cccc[nH+]4,C12639323,inactive
4823,Cc1ccc(cc1)/C(=N\Nc2[nH]nc(n2)SCC(=O)Nc3ccc4c(c3)sc(n4)SCC=C)/C,C59021486,inactive
4824,CCOc1ccc(cc1)n2c(c(c3c2nc4ccccc4[nH+]3)C(=O)NC5=C([C@@H]6CCCC[C@H]6S5)C(=O)OCC)N,C01874849,inactive
4825,CCN(C1CCOCC1)c1cc(cc(C(=O)NCc2c(C)cc(C)[nH]c2=O)c1C)-c1ccc(CNC[C@H](O)CO)cc1,172090,active
4826,Cc1ccc(c(c1)c2c3c([nH]n2)C(=O)N([C@@H]3c4cc(c(c(c4)OC)OC)OC)CCc5ccc(c(c5)OC)OC)O,C29749230,inactive
4827,c1cc(ccc1[C@H]2C[C@H](n3c(c(c(n3)C(=O)NCCCn4cc[nH+]c4)Cl)N2)C(F)(F)F)Cl,C12844353,inactive
4828,COC(C1CCNCC1)c1cc(Cl)c2CCN(Cc3c(C)cc(C)[nH]c3=O)C(=O)c2c1Cl,435660,active
4829,COCC[NH2+][C@H]1C[C@H](N2[C@@H](Cc3c4ccccc4[nH]c3[C@H]2C1)C(=O)OC)c5ccc(c(c5)F)Cl,C12603187,inactive
4830,C[C@]12CC/C(=N\OCC(=O)N[C@@H](Cc3c[nH]cn3)C(=O)OC)/C=C1CC[C@@H]4[C@@H]2CC[C@]5([C@H]4CC[C@@]5(C#C)O)C,C70692259,inactive
4831,Cc1cccc(c1)NC(=O)C(=O)NC[C@@H](c2ccc3c(c2)CCCN3C)[NH+]4CCCCC4,C09138098,inactive
4832,COc1ccc(c(c1OC)OC)/C=N/NC(=O)CSc2nnc(n2c3ccccc3)c4ccc(cc4)Br,C01897970,inactive
4833,c1ccc(cc1)C2=C[C@H](N=N2)[C@@H]3NN[C@@H](N3[NH3+])SCC(=O)Nc4ccc(cc4)Oc5ccccc5,C38994517,inactive
4834,C[C@@]1(CC1(Cl)Cl)C(=O)N[C@@H](c2ccc(c(c2)OC)OC)c3c4cc(c(cc4cc[nH+]3)OC)OC,C15082840,inactive
4835,CCCN(CCC)S(=O)(=O)c1ccc(cc1)C(=O)Nc2c(c3c(s2)C[NH+](CC3)CC)C(=O)OC,C03007002,inactive
4836,Cc1nc(cc(n1)[C@H]2C[NH+]3CC[C@H]2C[C@@H]3CNS(=O)(=O)c4ccc(cc4)NC(=O)C)c5ccccc5Br,C08623337,inactive
4837,CC[C@@H](C)C(=O)O[C@H]1[C@@H](C[C@@H]2[C@@]([C@@H](C[C@@H]([C@]2([C@@]13CO3)COC(=O)C)OC(=O)C)C)(C)[C@@H]4C[C@@H]5C=CO[C@@H]5O4)O,C67903167,inactive
4838,CCOc1ccc(c(c1)[N+](=O)[O-])NC(=O)CSc2nnc(n2Cc3ccccc3)COc4ccc(cc4)Br,C98218791,inactive
4839,COc1cc(ccc1S(=O)(=O)NCCCS(=O)(=O)N)N,C45068032,inactive
4840,CC(C)[C@@H](N(C)C(=NC1=NC(N=C(O1)C(C(F)(F)F)C(F)(F)F)(C(F)(F)F)C(F)(F)F)[NH-])P(=O)(OC(C)C)OC(C)C,C08445377,inactive
4841,Cn1cc[nH+]c1[C@H](c2cc(cc(c2)OC)OC)NC(=O)c3cc4cc(ccc4[nH]3)Br,C25674129,inactive
4842,C[C@@H](c1nnc(n1c2ccc(cc2)Cl)S[C@@H](C)C(=O)Nc3cc(ccc3Cl)Cl)[NH+](C)C,C03376356,inactive
4843,CC(C)[C@H](C(=O)N(C)C)Sc1nnc(n1N)c2cccc(c2)Br,C57811424,inactive
4844,COc1ccc(cc1)[C@@H](CNC(=O)CN2C(=O)/C(=C/c3cccs3)/SC2=S)[NH+]4CCCCC4,C38615161,inactive
4845,c1ccc(c(c1)c2nnc(n2N)SCC(=O)N3CC[NH+](CC3)Cc4ccc(s4)Cl)Cl,C25445142,inactive
4846,C[C@@H]1CCC[C@@H]([C@@H]1C)[NH2+][C@@H]2CC(=O)N(C2=O)c3ccc(cc3)N4C(=O)C[C@@H](C4=O)[NH2+][C@@H]5CCC[C@@H]([C@@H]5C)C,C37089022,inactive
4847,COc1cc(ccc1OC(=O)c2ccccc2Cl)/C=N/NC(=O)CNC(=O)c3ccccc3I,C02542673,inactive
4848,CCN(C(=O)C1CCCC1)c1cc(cc(C(=O)NCc2c(C)cc(C)[nH]c2=O)c1C)-c1ccc(nc1)N1CCN(CC2CC2)CC1,441961,active
4849,COc1cc(cc(c1OC)OC)c2[nH]c(c([nH+]2)SCC(=O)Nc3nccs3)c4ccc(cc4)Cl,C09674143,inactive
4850,Cn1c(cc(=O)c(c1C[NH+]2CCN(CC2)c3ccc(cc3)OC)O)C[NH+]4C[C@H]5C[C@@H](C4)c6cccc(=O)n6C5,C85879277,inactive
4851,Cc1cc[nH+]c(c1)N[C@@H](c2cccc(c2)F)c3ccc4ccc(nc4c3O)C,C04631192,inactive
4852,COC(=O)c1ccccc1NC(=O)/C(=C/[P+](c2ccccc2)(c3ccccc3)c4ccccc4)/NC(=O)c5ccccc5,C98229548,inactive
4853,Cc1c(c(nn1C)c2nnc(n2c3ccc(cc3)F)SCC(=O)Nc4c(c5c(s4)CCCC5)C(=O)OC)Br,C97948943,inactive
4854,C[NH+](C)CCN1[C@@H](/C(=C(/c2ccc(cc2)OCC=C)\O)/C(=O)C1=O)c3ccc(cc3)Br,C08903560,inactive
4855,c1ccc(c(c1)C#N)S(=O)(=O)NCc2ccc(cc2)C(=O)Nc3ccc(cc3Cl)F,C09647062,inactive
4856,COc1cc(C)[nH]c(=O)c1CNC(=O)c1c(C)n([C@H](C)C2CCN(CC2)C2COC2)c2ccccc12,50563822,active
4857,c1ccc(cc1)[C@@H](CNS(=O)(=O)c2ccc(cc2)Cl)[NH+]3CCN(CC3)C(=O)c4ccc(cc4)Cl,C33737348,inactive
4858,[H]/N=C/1\C(=C/c2ccc(cc2)OC(=O)c3ccc(cc3)Cl)\C(=O)N=C4N1C(=NS4)S(=O)(=O)C,C96459957,inactive
4859,COc1c(cc(c(c1)OC)Br)/C=N/NC(=O)CCC(=O)N/N=C/c2c(cc(c(c2)Br)OC)OC,C98228044,inactive
4860,CCCN1CC=C2[C@@H](C1)[C@@H](C(C(=C2C#N)N)(C#N)C#N)c3ccc(c(c3)OCC)OCC[NH+]4CCOCC4,C33716442,inactive
4861,Cc1cc(C)c(CNC(=O)c2cc(nc3n(ncc23)C2CCC2)C2=CC(C)(C)NC(C)(C)C2)c(=O)[nH]1,325920,active
4862,COc1ccc(cc1)NS(=O)(=O)c2ccc(cc2)OCC(=O)Nc3ccc(cc3)I,C01072597,inactive
4863,Cn1cc[nH+]c1[C@H](c2ccc(cc2)[N-]S(=O)(=O)c3ccc4c(c3)c5ccccc5o4)O,C12428196,inactive
4864,CC(=O)Nc1ccc(cc1)S(=O)(=O)Nc2cc(ccc2N3CC[NH+](CC3)C)C(F)(F)F,C06183004,inactive
4865,CCCCCCOc1ccc(cc1OC)[C@H]2c3c(n[nH]c3C(=O)N2Cc4cc[nH+]cc4)c5ccccc5O,C38610105,inactive
4866,Cc1c2c(n(n1)c3ccccn3)[NH+]=C4C(=Nc5ccccc5N4[C@@H]2c6ccc(c(c6)OC)OC)Nc7cccc(c7)C(F)(F)F,C97999792,inactive
4867,CCN(C1C[C@@H](C)N[C@H](C)C1)c1cc(F)cc(C(=O)NCc2c(C)c(F)c(C)n(C)c2=O)c1C,601705,active
4868,C[C@@H](c1ccc(cc1F)F)NC(=O)COC(=O)c2ccccc2NC(=O)CSc3[nH+]ccn3C,C23510945,inactive
4869,c1cc(ccc1NS(=O)(=O)c2ccc(c(c2)Cl)F)S(=O)(=O)Nc3ccc(cc3)Cl,C03427493,inactive
4870,Cc1cc(C)c(CNC(=O)c2cc(cc3n(ncc23)C2CCCC2)-c2cccnc2)c(=O)[nH]1,326088,active
4871,C[C@@H]1Cc2cc(ccc2O1)/C(=C/3\[C@H](N(C(=O)C3=O)CCCn4cc[nH+]c4)c5ccc(cc5)C(C)(C)C)/O,C09359897,inactive
4872,C[C@H](c1ccccc1)[NH2+][C@H](C)C(=O)Nc2cc(ccc2Cl)S(=O)(=O)N3CCCCC3,C09255031,inactive
4873,Cc1cc(Cl)c(CNC(=O)c2cc(Cl)c3OC(C)(Oc3c2C)C2CCC(CC2)N2CC(C2)OC2CC2)c(=O)[nH]1,542475,active
4874,c1c(sc(n1)[C@@H]2CCCO2)C(=O)N3CC[C@]4(CCCC[C@@H]4C3)O,C89777470,inactive
4875,c1ccc2cc(c(cc2c1)C(=O)N3CC[NH+](CC3)Cc4ccncc4)NS(=O)(=O)c5cccs5,C25402687,inactive
4876,C[C@@H]1CCc2c(sc(c2C(=O)N)NC(=O)[C@@H]3CCCN3S(=O)(=O)c4ccc(cc4)F)C1,C08896187,inactive
4877,c1cc(c(cc1NC(=O)CSc2c(c(sn2)SCC(=O)Nc3ccc(c(c3)Cl)Cl)C#N)Cl)Cl,C01808148,inactive
4878,CC(C)[C@H](c1cccs1)[NH2+]CC(=O)N2CCN(CC2)CC(=O)Nc3ccccc3C(F)(F)F,C29202698,inactive
4879,CSc1cc(C)[nH]c(=O)c1CNC(=O)c1c(C)n([C@H](C)[C@H]2CCC(CC2)NC2COC2)c2ccccc12,574834,active
4880,CC(=O)O[C@H]1C[C@H]2[C@@]([C@@H]3[C@@]1([C@@]45[C@@H](O4)C(=O)[C@@H]([C@@]5(CC3)C)c6ccoc6)C)([C@H](C[C@H](C2(C)C)O)OC(=O)C)C,C67911108,inactive
4881,Cc1cc(C)c(CNC(=O)c2cc(Br)cc3n(ncc23)C2CCOCC2)c(=O)[nH]1,326133,active
4882,CSc1cc(C)[nH]c(=O)c1CNC(=O)c1c(C)n([C@H](C)C2CCN(CC2)C#N)c2ccccc12,574889,active
4883,CSc1cc(C)[nH]c(=O)c1CNC(=O)c1c(C)n([C@H](C)C2CCC(CC2)N2CC(F)C2)c2ccccc12,574872,active
4884,CC(C)Cc1ccc(cc1)S(=O)(=O)N2CCC3(CC2)C(=[NH+]CCN3)NCc4cccc(c4)F,C65074866,inactive
4885,CC(C)(C)[NH2+][C@H]1CC(=O)N(C1=O)c2ccc(cc2)C(=O)OCC(=O)c3ccc(cc3)Br,C22745052,inactive
4886,CC(=O)Nc1c(c2c(s1)CCCC2)[C@H](c3ccccc3)[NH+]4CCN(CC4)c5ccc(cc5)F,C39853432,inactive
4887,c1ccc(c(c1)CNC(=O)CCn2c(=O)c3c(ccs3)n(c2=O)CC(=O)NCCC4=CCCCC4)Cl,C20151590,inactive
4888,CCOc1cc(ccc1OCC=C)[C@H]2C(=C(C(=O)N2CCCn3cc[nH+]c3)[O-])C(=O)c4ccc5c(c4)C[C@@H](O5)C,C97955808,inactive
4889,Cc1cccc2c1[nH]c(=O)c(c2)[C@H](c3nnnn3C(C)(C)C)[NH+](Cc4ccccc4)Cc5ccc(cc5)OC,C06443899,inactive
4890,Cc1cc(cc(c1)NC(=O)c2cccc(c2)/N=C/3\N[C@H]4CS(=O)(=O)C[C@H]4S3)C,C06738994,inactive
4891,[H]/N=C\1/C(=C/c2cc(c(c(c2)Cl)OCCOc3cc(cc(c3)C)C)OC)/C(=O)N=C4N1N=C(S4)C(C)C,C27549914,inactive
4892,Cc1cc(ccc1F)S(=O)(=O)[N-]c2ccc(cc2)C(=O)NC[C@H](c3ccccc3OC)[NH+]4CCCC4,C23079049,inactive
4893,COc1ccc(cc1)n2c(=O)c3c4c(sc3nc2SCC(=O)Nc5ccc(cc5OC)OC)CCCC4,C01088237,inactive
4894,CC(C)[C@H](c1ccc2c(c1)OCCCO2)[NH2+]CC(=O)Nc3cccc(c3)S(=O)(=O)N4CCCC4,C14237894,inactive
4895,CCN(C1CCOCC1)c1cc(\C=C\c2cccc(CN3CCOCC3)c2)cc(C(=O)NCc2c(C)c3CCCCc3[nH]c2=O)c1C,50544773,active
4896,CCOCCCN1[C@@H]([C@@]23C=C[C@@H](O2)[C@@H]([C@@H]3C1=O)C(=O)Nc4cccc(c4)C)C(=O)N[C@@H]5CCC[C@@H]([C@@H]5C)C,C09777260,inactive
4897,CCCc1cc(C)[nH]c(=O)c1CNC(=O)c1cc(cc2n(ncc12)C(C)C)-c1ccc(cc1)C(F)(F)F,50536580,active
4898,c1ccc2c(c1)C(=NC3=C([C@H](C4=C(N23)C[C@H](CC4=O)c5ccco5)c6cccs6)C#N)N,C09579540,inactive
4899,c1ccc(cc1)N2CCN(CC2)C(=O)C3CCC(CC3)Cn4c(=O)c5ccccc5nc4SCC(=O)NC6CCCC6,C98009631,inactive
4900,c1cc(sc1)C(=O)Oc2ccc(cc2)/C=c\3/c(=[NH2+])n-4[nH]/c(=C/C(=O)N5CCOCC5)/sc4nc3=O,C49723412,inactive
4901,[H]/N=C\1/C(=C/c2cc(c(c(c2)Cl)OCCOc3ccc(cc3)C)OC)/C(=O)N=C4N1N=C(S4)COc5ccccc5,C08494456,inactive
4902,c1ccc(cc1)c2csc3c2c(nc(n3)c4cccnc4)NCCc5ccc(s5)S(=O)(=O)N,C32927094,inactive
4903,CCN(CC)S(=O)(=O)c1ccc(cc1)Nc2c(c(nc[nH+]2)Nc3ccc(cc3)Oc4ccccc4)N,C40759591,inactive
4904,CCOc1cc(cc(c1OCc2ccccc2Cl)Br)/C=N/NC(=O)c3c(n(nn3)c4c(non4)N)COc5ccccc5,C97966629,inactive
4905,COCCn1c(nnn1)[C@@H](c2cc3cc(ccc3[nH]c2=O)OC)[NH+](CCc4ccccc4)Cc5ccccc5,C06239087,inactive
4906,C[C@@H]1C/C=C/C=C/[C@@H]([C@@H](C[C@@H]([C@@H]([C@H]([C@@H](CC(=O)O1)O)OC)O[C@H]2[C@@H]([C@H]([C@@H]([C@H](O2)C)O)N(C)C)O)CC=O)C)O[C@@H]3CC[C@@H]([C@H](O3)C)N(C)C,C94313165,inactive
4907,CC1(Cc2c(c(sc2C([NH2+]1)(C)C)NC(=O)[C@H]3CCCN3S(=O)(=O)c4cccs4)C(=O)OC)C,C09505397,inactive
4908,c1ccn2c(c1)nc(c(c2=O)/C=C/3\C(=O)N(C(=S)S3)Cc4ccc5c(c4)OCO5)NCCCn6cc[nH+]c6,C02252613,inactive
4909,C[C@H](Oc1ccc(-c2cc3c(C4=CCNCC4)ncnc3[nH]2)cc1)c1ccccc1,CHEMBL5173004,inactive
4910,COc1cc(cc(c1OCC#C)I)/C=N\NC(=O)Cn2c3ccccc3[nH+]c2c4c(non4)N,C33353180,inactive
4911,CC(C)CN1C(=O)/C(=C\c2cnn(c2)C)/N=C1SCC(=O)Nc3c(c4c(s3)CCCCC4)C(=O)OC,C13959567,inactive
4912,Cc1cc(C)c(CNC(=O)c2cc(-c3cnn(CCN4CCOCC4)c3)cc(N(C)[C@H]3CC[C@H](N)CC3)c2C)c(=O)[nH]1,CHEMBL3697442,active
4913,C[C@H]1CCCCN1S(=O)(=O)c2ccc(cc2)C(=O)Nc3c(c4c(s3)C[NH+](CC4)C(C)C)C(=O)NC,C08920844,inactive
4914,c1ccc2c(c1)c(c[nH]2)CC[NH2+][C@H]3CC(=O)N(C3=O)c4ccc(cc4)C(=O)OCC(=O)c5ccc(cc5)F,C22837724,inactive
4915,c1ccc2c(c1)cccc2C[NH+]3CCN(CC3)Cc4nc5ccccc5c(=O)n4CC(=O)N,C22803654,inactive
4916,COc1ccc(cn1)-c1cc(cc2CC3(CCCC3)Oc12)C(=O)NCc1c(C)cc(C)[nH]c1=O,359811,active
4917,C[C@H](C[NH2+]CC[NH2+]Cc1cc(c(c(c1)Br)OCc2ccc(cc2Cl)Cl)OC)O,C23469509,inactive
4918,CCOc1ccc(cc1)c2nnc(n2CCC(=O)NC[C@@H](c3cccs3)[NH+]4CCC(CC4)C)[S-],C27574165,inactive
4919,C[C@@]1(C(=O)N(C(=O)N1)C[C@@H](c2ccc(cc2)Cl)O)c3ccc4c(c3)OCCCO4,C12817678,inactive
4920,c1ccc(cc1)CCO[C@@H]2[C@H]([C@@H]([C@@H]([C@@H](O2)CO[C@@H]3[C@@H]([C@@H]([C@@H](CO3)O)O)O)O)O)O,C49600056,inactive
4921,C[NH+](C)CCn1c2c(c(nc1=O)SCC(=O)Nc3cc(cc(c3)C(F)(F)F)C(F)(F)F)CCCC2,C09324982,inactive
4922,Cc1c(c(n(n1)C)COc2ccc(cc2C[C@@H](C)[NH3+])Br)Br,C91324303,inactive
4923,C[C@]12CC[C@@]34C[C@@]35CC[C@@H](C([C@H]5[C@H](C[C@H]4[C@@]1(C[C@@H]([C@@H]2[C@]6(CC[C@H](O6)C(C)(C)O)C)O)C)O)(C)C)O[C@H]7[C@@H]([C@H]([C@@H]([C@H](O7)CO)O)O)O,C08382334,inactive
4924,CCN(CC)C(=O)CN1c2ccccc2[C@@]3(C1=O)[C@H]4[C@@H]([C@@H](N3)Cc5c[nH]c6c5cccc6)C(=O)N(C4=O)Cc7ccccc7,C29748780,inactive
4925,Cc1ccccc1COc2ccc(cc2)C(=O)C3=C(C(=O)N([C@@H]3c4ccc(cc4)[N+](=O)[O-])CCC[NH+](C)C)O,C35445285,inactive
4926,CCOc1cc(ccc1OCCC(C)C)[C@@H]2C(=C(C(=O)N2c3nnc(s3)SCc4ccc(cc4)Cl)O)C(=O)c5ccc6c(c5)C[C@H](O6)C,C97970360,inactive
4927,CC[C@]1(NN(C(=[NH+]1)SCC(=O)Nc2c(c3c(s2)CCCC3)C(=O)OCC)c4ccccc4)C,C59564788,inactive
4928,Cc1c2c(=[NH2+])n(c(nc2[nH]n1)SCC(=O)Nc3cc(ccc3OC)OC)c4cccc(c4)Cl,C02927375,inactive
4929,c1ccc(c(c1)Oc2ccc(cc2)S(=O)(=O)N3CCC(CC3)[NH+]4CCC(CC4)Oc5cc[nH+]cc5)Cl,C98298746,inactive
4930,Cc1cccc(c1)c2nc3c4ccccc4nc(n3n2)NCCC[NH+]5CCN(CC5)c6ccc(cc6)OC,C09831175,inactive
4931,COc1ccccc1N2CCN(CC2)[C@H]3[C@H](O[C@H]([C@H]3O)CO)CN(Cc4ccc(cc4)F)Cc5ccc(cc5)F,C67890389,inactive
4932,CN(C)C(=O)COc1ccc(cc1)NC(=O)[C@@H](Cc2ccccc2)NC(=O)c3ccc(cc3)Cl,C43750455,inactive
4933,CC(C)[C@@H](C(=O)OCC(=O)Nc1c(cccc1Cl)Cl)NS(=O)(=O)c2ccc(cc2)Cl,C08881767,inactive
4934,C[NH+]1CCc2c(sc3c2C(=[NH+][C@@H](N3)c4ccc(c(c4)OC)OC(=O)c5ccc(cc5)OC)O)C1,C20059221,inactive
4935,Cc1ccc(cc1)CSc2nnc(s2)N3C4=C([C@H](C(=C3N)C#N)c5ccc[nH+]c5)C(=O)CC(C4)(C)C,C12447719,inactive
4936,CC(C)n1ncc2c(cc(nc12)C1CCN(CC1)C(=O)CO)C(=O)NCc1c(C)cc(C)[nH]c1=O,325997,active
4937,COc1ccc(cc1OC)c2cc(c(c([nH+]2)SCC(=O)c3ccc(c(c3)O)O)C#N)C(F)(F)F,C01125836,inactive
4938,CC[C@H](C)NC(=O)c1ccccc1N2C(=O)[C@@H]3CC4=c5ccccc5=[NH+][C@H]4[C@@H](N3C2=O)c6ccc(cc6)OC,C63375993,inactive
4939,Cc1cccc(c1)N2C[C@@H](CC2=O)C(=O)Nc3nnc(s3)SCC(=O)Nc4ccccc4F,C08905605,inactive
4940,C[NH+]1CCN(CC1)Nc2c(c(ncn2)N3CC[NH+](CC3)C(c4ccccc4)c5ccccc5)[N+](=O)[O-],C40611880,inactive
4941,CN1c2ccccc2[C@]3(C1=O)C(=C(C(=O)N3CCC[NH+]4CCOCC4)[O-])C(=O)c5ccc(cc5)Br,C97939529,inactive
4942,CC1=NC(=C([C@@H](C1C(=O)Nc2ccc(cc2)Cl)c3cc[nH+]cc3)C#N)SCC(=O)Nc4ccc(cc4)Br,C11024235,inactive
4943,COc1ccc2cc(c([nH+]c2c1)N3CCN(CC3)c4ccc(cc4)F)CNCCC[NH+]5C[C@H]6C[C@@H]5C=C6,C14888883,inactive
4944,CCOc1ccc(cc1)[C@H](CCC(=O)N/N=C/c2cc(c(c(c2)Br)OCC=C)Cl)O,C83300489,inactive
4945,c1cc(sc1)C(=O)Nc2ccc(cc2)NS(=O)(=O)c3ccc(c(c3)F)F,C12526248,inactive
4946,COc1ccc(c(c1)OC)N2C(=O)C[C@H](C2=O)[NH+]3CCC(CC3)C(=O)Nc4ccccc4O,C12907415,inactive
4947,Cc1ccccc1OC[C@@H](C[NH+](Cc2ccco2)Cc3c(nn(c3Oc4ccccc4)C)c5ccccc5)O,C36308143,inactive
4948,Cc1cc[nH+]c(c1)NC(=O)C2[C@@H](C3C(=NC2=C)CC(CC3=O)(C)C)c4ccc(c(c4)OC)CSc5ccccc5,C08450305,inactive
4949,CCN([C@H]1CC[C@H](CC1)C(O)=O)c1cc(Cl)cc(C(=O)NCc2c(C)cc(C)[nH]c2=O)c1C,190220,active
4950,c1ccc2c(c1)c(=O)n(c(n2)SCC(=O)c3ccc(cc3)Br)CCCCCC(=O)NCc4ccco4,C98049296,inactive
4951,COc1cc(cc(c1OC)OC)c2c3c([nH]n2)OC(=C([C@H]3c4ccc(cc4)C(F)(F)F)C#N)[NH3+],C01217243,inactive
4952,c1ccc(c(c1)/C=N/Nc2[nH]nc(n2)SCCC(=O)Nc3cccc(c3)Br)O,C21040797,inactive
4953,c1ccc(cc1)CN(Cc2ccccc2)c3c(c([nH+]cn3)N(Cc4ccccc4)c5cccc[nH+]5)N,C40709654,inactive
4954,CCN(c1cc(-c2ccc(CN3CCC[C@@H](O)C3)cc2)cc(C(=O)NCc2c(C)cc(C)[nH]c2=O)c1C)C1CCOCC1,CHEMBL3697467,active
4955,CC(C)n1ncc2c(cc(nc12)C1CCN(CC1)C(=O)C1CN(C)C1)C(=O)NCc1c(C)cc(C)[nH]c1=O,325914,active
4956,c1cc(ccc1/C=C/2\C(=O)N(C(=O)N2)CC(=O)Nc3ccc(cc3)Cl)N4CCCC4,C09265127,inactive
4957,CCNc1c(cnc(n1)c2cc(c(c(c2)Br)O)OC)I,C97627159,inactive
4958,c1cc(ccc1CCO)N[C@H]2CC(=O)N(C2=O)c3ccc(cc3)I,C33579112,inactive
4959,C[C@H](Cc1cccs1)[NH+](Cc2ccc(cc2)OC)CC(=O)N3CCc4c3ccc(c4)S(=O)(=O)N,C24893159,inactive
4960,CCCC[C@H]1C[C@@](OC1=O)(C)c2csc([nH+]2)NCCNc3nc(cs3)[C@@]4(C[C@H](C(=O)O4)CCCC)C,C06481437,inactive
4961,Cc1cc(nc(n1)/N=C(/NC(=S)Nc2ccc(cc2)C(F)(F)F)\N3CCN(CC3)c4cccc[nH+]4)C,C14159794,inactive
4962,COc1ccc(cc1OC)CCNC(=O)c2c(c3c4c(c([nH+]c3s2)c5cccs5)CCCC4)N,C40568333,inactive
4963,CC(=O)Nc1ccc(cc1)S(=O)(=O)Nc2c(nc3ccccc3n2)n4ccc(=[NH+]C(=O)c5ccccc5)cc4,C80843135,inactive
4964,CC(C)(C)n1c(c2c(nc(nc2n1)NCc3ccc[nH+]c3)c4cccc(c4)Oc5ccccc5)N,C37358371,inactive
4965,CN(CCO)Cc1cccc(c1)-c1cc(C(=O)NCc2c(C)cc(C)[nH]c2=O)c2cnn(C3CCCC3)c2c1,326096,active
4966,C[C@H]([C@H]1c2cc(c(cc2CC[NH+]1Cc3cccc(c3)F)OC)OC)NC(=O)NC(C)C,C34855548,inactive
4967,C[C@H](C(=O)NC1COC1)c1cnc(NC[C@H]2CC[C@H](Nc3ccc4ccnc(Cl)c4n3)CC2)nc1,CHEMBL5198844,active
4968,CC[C@]1(CC[C@H](O1)[C@@]2(CC[C@@]3(O2)C[C@@H]([C@@H]([C@@H](O3)[C@@H](C)[C@@H]([C@@H](C)C(=O)[O-])OC)C)O)C)[C@@H]4[C@@H](C[C@@H](O4)[C@@H]5[C@@H](C[C@@H]([C@@](O5)(CO)O)C)C)C,C72186739,inactive
4969,Cc1cc(c(c(c1)C)NC(=O)C2CCN(CC2)C(=O)[C@@H]3CC(=O)N(C3)C(C)(C)C)C,C20354650,inactive
4970,Cc1cc(C)c(CNC(=O)c2cc(nc3n(ncc23)C2CCCC2)C2=CC(C)(C)NC(C)(C)C2)c(=O)[nH]1,325910,active
4971,Cc1ccc(cc1C)NS(=O)(=O)c2ccc(cc2)NC(=S)NC(=O)[C@@H](C)c3ccc(cc3)CC(C)C,C66199431,inactive
4972,[H]/N=c/1\c(cc2c(n1CCc3ccc(c(c3)OC)OC)nc4c(cccn4c2=O)C)S(=O)(=O)c5ccc(cc5)Br,C97999950,inactive
4973,CN1[C@H]2[C@H](C(=O)N(C1=O)C)N(/C(=[NH+]/CCC3=c4ccccc4=[NH+]C3)/N2)Cc5ccc(c(c5)Cl)Cl,C63437823,inactive
4974,COc1ccc(cc1O)[C@@H]2[C@@H]3CC=C[C@H]3c4cc(ccc4N2)S(=O)(=O)N5CCCC5,C20690292,inactive
4975,CCCCn1c(c(c(c(c1=O)C#N)C)/C=C/2\C(=O)N(C(=S)S2)CCCCCC(=O)O)N3CCCCC3,C33813470,inactive
4976,CCOc1ccccc1CN(C2CC([NH2+]C(C2)(C)C)(C)C)C(=S)Nc3ccc(c(c3)OC)Cl,C59188364,inactive
4977,CN([C@H]1CC[C@@H](CC1)NC(C)=O)c1cc(cc(C(=O)NCc2c(C)cc(C)nc2=O)c1C)-c1cnn(CCN2CCOCC2)c1,514176,active
4978,C[C@@H]1CCCC[NH+]1CCC(=O)Nc2c(c3c(s2)CCC3)C(=O)Nc4ccc(cc4)Br,C08919215,inactive
4979,COc1ccc(cc1)n2c3c(c(n2)c4ccccc4)[C@@H](SCC(=O)N3CC(=O)NCc5cc[nH+]cc5)c6ccc(c(c6)OC)OC,C98011118,inactive
4980,COc1cc(cc(c1OC[C@@H](c2ccc3c(c2)OCO3)O)Br)C[NH2+]C[C@@H](c4ccccc4)O,C20877064,inactive
4981,CC(C)Oc1ccc2CCN(Cc3c(C)cc(C)[nH]c3=O)C(=O)c2c1C,50193657,active
4982,COc1ccc(cc1)NC(=O)CSC2=NN[C@H](N2Cc3ccccc3)CC4=c5ccccc5=[NH+]C4,C63323718,inactive
4983,CC(=O)Nc1ccc(cc1)/C=[NH+]/c2ccc(cc2)S(=O)(=O)c3ccc(cc3)/N=C/c4ccc(cc4)NC(=O)C,C98219641,inactive
4984,c1cc(ccc1C2=C[C@H](N=N2)[C@@H]3NN[C@@H](N3[NH3+])SCC(=O)Nc4ccc(cc4Cl)Cl)F,C38989730,inactive
4985,Cc1ccc(c(c1)C)NC2=[N+]([C@@H](CS2)C)C(=O)c3ccccc3SCC(=O)NCC4CCCCC4,C97985730,inactive
4986,CCOC(=O)c1c2c(sc1NC(=O)/C(=C/c3c(nc4ccccn4c3=O)Oc5ccc(cc5)C)/C#N)CCCC2,C97946724,inactive
4987,c1ccc(cc1)C(c2ccccc2)[NH+]3CCN(CC3)c4c(c(ncn4)NCCc5cccs5)N,C40730139,inactive
4988,CCOc1cccc(c1O)[C@H]2CC(=N[C@@H]([NH2+]2)c3cc(ccc3OC)Br)c4ccc(cc4)C,C09542752,inactive
4989,COc1ccccc1OCCOc2c(cc(cc2Cl)/C=C\3/C(=O)NC(=O)N(C3=O)c4ccc(cc4)Br)Cl,C97957765,inactive
4990,CC[C@H](c1c2c(sc1n3cccc3)C[NH+](CC2)CC)NC(=O)Nc4cc(c(cc4OC)OC)Cl,C20386540,inactive
4991,C[C@@H]1[C@H](N[C@@H](O1)c2ccccc2[N-]S(=O)(=O)C)C[NH+](C)CC3=c4ccccc4=[NH+]C3,C64626302,inactive
4992,CSc1cc(C)[nH]c(=O)c1CNC(=O)c1c(C)n([C@H](C)C2CCN(CC2)C2CC(F)(F)C2)c2ccccc12,574944,active
4993,Cc1cccc(c1)COc2ccc(cc2)C(=O)C3=C(C(=O)N([C@@H]3c4ccc(cc4)N(C)C)CCCn5cc[nH+]c5)O,C97970589,inactive
4994,COc1cc(C)[nH]c(=O)c1CNC(=O)c1c(C)n([C@H](C)C2CCOCC2)c2ccccc12,CHEMBL3605456,active
4995,C[C@@H](c1nc2ccccc2c(n1)Nc3cccc(c3)OC)N4CCN(CC4)S(=O)(=O)c5ccc(cc5)Cl,C98230928,inactive
4996,Cc1c2c(n(n1)c3ccccc3)Oc4c(c(=[NH2+])n(cn4)CCc5ccc(c(c5)OC)OC)[C@H]2c6ccccc6,C13770985,inactive
4997,COc1ccc(cc1OC)/C=N/n2c(c(c3c2nc4ccccc4[nH+]3)S(=O)(=O)c5cccs5)N,C02393148,inactive
4998,C[C@@H](c1[nH+]c2ccccc2c(n1)NCCc3ccccc3)N4CCN(CC4)S(=O)(=O)c5ccc(cc5)Br,C98230854,inactive
4999,Cc1cc(C)c(CNC(=O)c2cc(cc(N(CC3CCC3)C3CCOCC3)c2C)-c2ccc(CN3CCOCC3)cc2)c(=O)[nH]1,172057,active
5000,CCOc1ccc(cc1OCC)[C@H]2C(=C(C(=O)N2CC[NH+]3CCOCC3)O)C(=O)c4ccc5c(c4)C[C@@H](O5)C,C97954429,inactive
5001,c1ccc(cc1)C(c2ccccc2)[NH+]3CCN(CC3)CCC(=O)NNC(=O)/C=C/c4cccs4,C22785581,inactive
5002,COc1cccc(c1)NC(=O)/C(=C/c2c3ccccc3cc4c2cccc4)/NC(=O)c5ccccc5,C03009951,inactive
5003,CCOC(=O)C1=C(OC(=C([C@H]1c2ccc(cc2)Cl)C#N)N)CSc3c(cc4c(n3)CC[NH+](C4)C)C#N,C08448667,inactive
5004,COc1cc(cc(c1OC[C@@H](c2ccc3c(c2)OCO3)O)Br)C[NH2+]Cc4ccc(cc4)F,C20877055,inactive
5005,c1ccc2c(c1)cccc2CC(=O)NNC(=O)c3cccc(c3)S(=O)(=O)Nc4ccccc4Cl,C17397025,inactive
5006,Cc1cccc(c1)COc2ccc(cc2)C(=O)C3=C(C(=O)N([C@@H]3c4ccc(cc4)C(=O)OC)CCC[NH+](C)C)O,C97952413,inactive
5007,C[C@@H]1[NH+]=C(N2N1C(=[NH+][C@@H]2C)SCC(=O)c3ccc(cc3)F)SCC(=O)c4ccc(cc4)F,C13464516,inactive
5008,CCOc1ccc(cc1OCC)NC(=O)C[NH+](C)CCC(=O)Nc2ccc(cc2)S(=O)(=O)N,C22198799,inactive
5009,C[C@]1(C[C@H]([C@@H]2[C@@]([C@H]1CO)([C@H](CCC2(C)C)O[C@H]3[C@@H]([C@H]([C@@H]([C@H](O3)CO)O)O)O)C)O)O,C72320163,inactive
5010,C[C@@]12C[C@@H](CC(C1)(C)C)[NH+](C2)CN3c4ccc(cc4/C(=N/NC(=O)COc5ccccc5OC)/C3=O)Br,C98000079,inactive
5011,Cc1ccc(cc1)S(=O)(=O)N[C@H](CC(C)C)C(=O)NC[C@H](C)[NH+]2CCN(CC2)c3ccccc3,C32722732,inactive
5012,c1ccc(cc1)C[C@H](C(=O)N2CCC3(CC2)c4c([nH+]c[nH]4)CCN3)NC(=O)c5ccccc5,C25106769,inactive
5013,CCOc1ccc(cc1OCC)[C@@H]2C(=C(C(=O)N2CC[NH+]3CCOCC3)O)C(=O)c4ccc5c(c4)C[C@H](O5)C,C97954430,inactive
5014,CCc1cc(C)[nH]c(=O)c1CNC(=O)c1cc(Cl)cc(N(CC)C2CCOCC2)c1C,CHEMBL3771372,active
5015,COc1ccc(cc1)/C=C/C(=O)NCCC(=O)Nc2nc3c(s2)C[NH+](CC3)Cc4ccccc4,C16003192,inactive
5016,CCN(C1CCOCC1)c1cc(cc(C(=O)NCc2c(cc(C)[nH]c2=O)C(C)C)c1C)-c1ccc(nc1)N1CCN(CC1)C1CCN(C)CC1,172180,active
5017,COc1ccc(cc1)NC(=O)N2CC[NH+](CC2)C[C@@H](c3ccc(cc3)Cl)OCc4c(cccc4F)F,C23436673,inactive
5018,C/C(=N/[NH+]=C(\N)/S[C@@H]1CC(=O)N(C1=O)c2cc(ccc2Cl)Cl)/c3cccs3,C59537017,inactive
5019,CC(C)(C(=O)Nc1c(c2c(s1)C[NH+](CC2)C)c3nc4ccccc4s3)Oc5ccc(cc5)Cl,C36628734,inactive
5020,CC[C@H]1[C@@H]([C@@H]2[C@@](O2)(/C=C/C(=O)[C@@H](C[C@@H]([C@@H]([C@H]([C@@H](CC(=O)O1)O)C)O[C@@H]3[C@@H]([C@@H](C[C@@H](O3)C)[NH+](C)C)O)CC=O)C)C)C,C38141406,inactive
5021,CSCCC(=O)Nc1ccc2c(c1)c(c[nH]2)CC[NH+]3CCN(CC3)c4cccc(c4)C(F)(F)F,C23332998,inactive
5022,c1cc(ccc1OCc2nnc(n2N)SCC(=O)Nc3cc4c(cc3Br)OCCO4)F,C15623719,inactive
5023,CCN([C@H]1CC[C@@H](CC1)N(C)C)c1cc(cc(C(=O)NCc2c(C)cc(C)[nH]c2=O)c1C)-c1cnn(C)c1,172138,active
5024,Cc1ccc(cc1C)S(=O)(=O)NNC(=O)c2ccccc2NS(=O)(=O)c3cccs3,C16150956,inactive
5025,Cn1c2c(c(=O)n(c1=O)C)n(c([nH+]2)C[NH+](Cc3ccccc3)Cc4ccccc4)C[C@@H](CO)O,C09124150,inactive
5026,CCN(C1CCOCC1)c1cccc2c1CCCCCCc1cc(C)[nH]c(=O)c1CNC2=O,50061978,active
5027,COC1CC[C@@H](CC1)[C@@H](C)n1c(C)c(C(=O)NCc2c(SC)cc(C)[nH]c2=O)c2ccccc12,574859,active
5028,CC1CC(NC(=O)c2ccc(Oc3cccc(-c4ccnnc4)c3C#N)c(Cl)c2)CC(C)(C)N1,CHEMBL3264792,inactive
5029,CCCCCCCCCC/[NH+]=C/[C@]12CC[C@@H](C[C@]1(CC[C@@H]3[C@@H]2CC[C@]4([C@@]3(CC[C@@H]4C5=CC(=O)OC5)O)C)O)O[C@@H]6C[C@H]([C@@H]([C@@H](O6)C)O)O,C79210182,inactive
5030,CC[C@@H](CO)Nc1c2c(c3c4c(c([nH+]c3s2)C(C)C)COC(C4)(C)C)nc(n1)SC,C09273971,inactive
5031,[H]/N=C/1\C(=C/c2ccc(cc2)OCCCOc3ccc(cc3)Cl)\C(=O)N=C4N1C(=NS4)S(=O)(=O)C,C96459835,inactive
5032,CC1(CC(CC([NH2+]1)(C)C)N(Cc2ccc[nH+]c2)C(=S)Nc3ccc(cc3)Oc4ccccc4)C,C05945366,inactive
5033,CCOc1ccc(cc1)/C=N\n2c(c(c3c2nc4ccccc4[nH+]3)C(=O)NCCc5ccc(cc5)OC)N,C02250214,inactive
5034,C[C@@H]1Cc2cc(ccc2O1)C(=O)C3=C(C(=O)N([C@@H]3c4ccc(cc4)C(=O)OC)c5nnc(s5)SCc6ccc(cc6Cl)Cl)O,C97970288,inactive
5035,c1ccc2c(c1)ccc(c2Br)OCC(=O)N/N=C/c3cccc(c3)O,C05777194,inactive
5036,C[C@]12CCC(=O)C=C1CC[C@H]3[C@@H]2C(=O)C[C@]4([C@@H]3CC[C@@]4(C(=O)COC(=O)CCC(=O)N[C@@H](Cc5c[nH]c[nH+]5)C(=O)OC)O)C,C70699343,inactive
5037,CCN(C1CCOCC1)c1cc2oc(CN3CCCCC3)cc2c(C(=O)NCc2c(OC)cc(C)[nH]c2=O)c1C,458793,active
5038,c1cc(ccc1C(=O)Nc2nc(cs2)c3cc(sc3Cl)Cl)Oc4ccc(cc4)C(=O)Nc5nc(cs5)c6cc(sc6Cl)Cl,C97961284,inactive
5039,C[NH+](CCCNC(=O)CCc1nnc2n1c3ccccc3c(=O)n2Cc4ccccc4)Cc5ccccc5,C09673552,inactive
5040,c1ccc2c(c1)[nH+]c(n2CCCOc3ccccc3Cl)S[C@H]4[C@H]([C@@H]([C@@H]([C@@H](O4)CO)O)O)O,C39916031,inactive
5041,CCc1ccc(cc1)C2=N[C@@H]([NH2+][C@@H](C2)c3cc(ccc3O)Br)c4ccc(c(c4)OC)OC,C20763355,inactive
5042,[H]/N=C\1/C(=C/c2ccc(c(c2)OC)OCCOc3ccc(cc3)[C@H](C)CC)/C(=O)N=C4N1N=C(S4)COc5ccccc5,C08494549,inactive
5043,Cc1ccc(cc1)C(=O)Oc2ccc(cc2/C=N/NC(=O)C(=O)Nc3ccccc3C(=O)Nc4ccc(cc4)Br)Br,C04282501,inactive
5044,Cc1cc(nc2c1cc(cc2)NC(=S)NCCCN3CCc4ccccc4C3)N5CC[NH+](CC5)C,C15961476,inactive
5045,c1cc(sc1)CNC(=O)c2ccc(cc2)n3cc[nH+]c3SCC(=O)NCc4ccc(cc4)Cl,C96324453,inactive
5046,c1cc2c(cc1NC(=O)CSCc3cc(=O)n4ccsc4[nH+]3)[nH]c([nH+]2)c5cc(ccc5F)F,C71938796,inactive
5047,c1cc(cc(c1)Cl)/C=N/NC(=O)C(=O)Nc2ccc(c(c2)C(F)(F)F)Cl,C59459745,inactive
5048,c1ccc(cc1)[C@H](c2ccc(cc2)Cl)OCCN3CCN(CC3)C(=O)[C@@H]4CS[C@H]([NH2+]4)c5cccnc5,C38545374,inactive
5049,CCOC(=O)[C@]1(CCC[NH+](C1)Cc2cn(c3c2cccc3)CC(=O)N)Cc4ccccc4C,C12434921,inactive
5050,CCN(c1cc(-c2ccc(C(=O)N3CCC3)cc2)cc(C(=O)NCc2c(C)cc(C)[nH]c2=O)c1C)[C@H]1CC[C@H](N(C)C)CC1,CHEMBL3701040,active
5051,CC(C)n1ncc2c(cc(nc12)-c1cccc(CN(C)C)c1)C(=O)NCc1c(C)cc(C)[nH]c1=O,325807,active
5052,C[C@@H](c1ccc(cc1)C(=O)CSc2nnc(s2)Nc3cccc(c3)Br)NC(=O)C,C16698860,inactive
5053,CCOC(=O)c1c(oc2c1c(c(c3c2cccc3)O)[C@H](c4ccc(cc4)C)[NH+]5CCN(CC5)C(=O)OCC)C,C33592148,inactive
5054,c1ccc2c(c1)[nH]c([nH+]2)SC/C(=N/NC(=O)c3cccnc3)/c4ccc(cc4)Br,C59460735,inactive
5055,CC(C)(C#Cc1ccc(s1)C[NH+]2CCN([C@H](C2)CCO)Cc3cccc(c3)OC)O,C19790965,inactive
5056,CCCCN1C(=O)[C@H]2[C@H]([NH2+][C@@]3([C@@H]2C1=O)c4ccccc4N(C3=O)Cc5ccccc5Cl)CCSC,C12420035,inactive
5057,COc1ccccc1NC(=S)Nc2ccc(cc2)S(=O)(=O)Nc3cc(cc(c3)Cl)Cl,C13937373,inactive
5058,CC(=O)N[C@@H](Cc1c[nH]c2c1cccc2)C(=O)Nc3nc(cs3)c4cc(ccc4OC)OC,C29266551,inactive
5059,CCOC(=O)C1=C(OC(=C([C@H]1c2ccc(cc2)F)C#N)N)CSc3c(cc4c([nH+]3)CCCCC4)C#N,C00663467,inactive
5060,C=CCOc1ccccc1C[NH+]2C[C@@H](C[C@H]2C(=O)NCc3cccnc3)Sc4[nH]c5ccccc5n4,C11967813,inactive
5061,C[C@H](C(=O)Nc1c(c2c(s1)CCCCC2)C#N)Sc3nnc(s3)NCc4ccc(cc4)OC,C16324796,inactive
5062,CCOc1cc(cc(c1OCc2ccccc2)Br)/C=C\3/C(=O)NC(=O)N(C3=O)c4ccc(cc4)Br,C97960570,inactive
5063,Cc1cc(ccc1NC(=O)C(=O)NC[C@@H](c2ccc(cc2)N(C)C)[NH+]3CCc4ccccc4C3)[N+](=O)[O-],C38667062,inactive
5064,COc1ccccc1n2c(=O)c3c(nc2SCC(=O)NCc4ccco4)n(c(=S)s3)CCc5ccccc5,C03018774,inactive
5065,c1ccc(cc1)CN(CC(=O)Nc2ccc(cc2)N3CCN(CC3)C(=O)c4ccccc4F)C(=O)C5CCC5,C36013282,inactive
5066,CC1CCc2cc(cc(Br)c2OC1)C(=O)NCc1c(C)cc(C)[nH]c1=O,359792,active
5067,COc1cccc(c1)C[NH+](Cc2ccc(o2)C(c3ccc(cc3)F)(c4ccc(cc4)F)O)C[C@@H]5CCCO5,C36203381,inactive
5068,C=C1C([C@H](C2C(=N1)CCCC2=O)c3ccc(o3)COc4ccc(cc4)C#N)C(=O)Nc5ccc(c[nH+]5)Br,C08440217,inactive
5069,Cc1ccc(cc1)S(=O)(=O)NCC(=O)N/N=C/c2cc(ccc2OC(=O)c3ccccc3C)Br,C02532205,inactive
5070,[H]/N=C\1/C(=C/c2ccc(c(c2)OC)OCCOc3ccc(cc3)Br)/C(=O)N=C4N1N=C(S4)c5ccccc5C,C08495190,inactive
5071,COc1ccc(cc1)[C@@H]2[C@@H]3[C@@H](N[C@H]([C@@H](C3=O)[C@H]([NH2+]2)c4ccc(cc4)OC)c5ccc(cc5)OC)c6ccc(cc6)OC,C59641109,inactive
5072,COc1ccc(cc1OC)[C@H](c2c(n3c(s2)ncn3)O)N4CCN(CC4)C(c5ccccc5)c6ccccc6,C97987856,inactive
5073,Cc1ccc(c(c1)C)OCCn2cc(c3c2cccc3)/C=N\Nc4[nH+]c(nc(n4)N5CCCC5)N6CCCC6,C33680130,inactive
5074,c1cc(ccc1F)S(=O)(=O)N[C@H]2Nc3ccc(cc3S2)C(=O)NC4=CC5=CC=N[C@@H]5C=C4,C39954675,inactive
5075,CN1CC[NH+](CC1)CCCOc2cc3c(cc2OC)c(c(cn3)C#N)Nc4cc(c(cc4Cl)Cl)OC,C22448983,inactive
5076,c1ccc2c(c1)[nH]c([nH+]2)SC/C(=N/NC(=O)c3cccc(c3)[N+](=O)[O-])/c4cccc(c4)Br,C59460601,inactive
5077,CCN(C1CCC(CC1)N(C)C)c1c(CC)c(cc2n(C)ncc12)C(=O)NCc1c(OC)cc(C)[nH]c1=O,516851,active
5078,CCCCNC(=O)[C@@H](N)CCSC[C@H]1O[C@@H](n2cnc3c(N)ncnc32)[C@H](O)[C@@H]1O,CHEMBL3397316,inactive
5079,CN(C)c1ccc(cc1)[C@@H](CNC(=O)C(=O)Nc2ccc3c(c2)OCCO3)[NH+]4CCc5ccccc5C4,C38667048,inactive
5080,CCCc1cc(C)[nH]c(=O)c1CNC(=O)c1cc(cc2n(ncc12)C(C)C)-c1ccc(F)cn1,50536581,active
5081,c1ccc(cc1)[C@H](c2ccc3c(c2)[nH]c[nH+]3)NC(=O)[C@H]4CCCN(C4)S(=O)(=O)c5ccc(cc5)F,C36039819,inactive
5082,CCCCCOc1ccc(cc1OCC)[C@H]2C(=C(C(=O)N2CCC[NH+]3CCOCC3)O)C(=O)c4ccc5c(c4)C[C@H](O5)C,C97967205,inactive
5083,Cc1cc[nH+]c(c1)N[C@@H](c2cccc[nH+]2)c3c([nH]c4c3cc(cc4)NC(=O)c5ccccc5OC)C,C21805880,inactive
5084,CC(C)COc1ccc(cc1)/C(=C/2\[C@H](N(C(=O)C2=O)CC[NH+](C)C)c3cccc(c3)Br)/O,C09349823,inactive
5085,[H]/N=C\1/C(=C\c2ccc(cc2)OCCOc3cccc(c3)OC)/C(=O)N=C4N1N=C(S4)S(=O)(=O)CC,C20208204,inactive
5086,CC(OCc1cc(F)cc(F)c1)c1c(C)c(cc2cccn12)C(=O)NCc1c(C)cc(C)[nH]c1=O,490135,active
5087,CCOc1ccc(cc1)NC(=O)CSc2c3c(nc(n2)c4ccc(cc4)Cl)Oc5c([nH+]cc(c5C3)CO)C,C97987128,inactive
5088,COC(c1cc(Cl)c2CCN(Cc3c(C)cc(C)[nH]c3=O)C(=O)c2c1Cl)C1(F)CCN(C)CC1,435611,active
5089,CCOc1cccc(c1O)[C@@H]2CC(=N[C@H]([NH2+]2)c3cc(ccc3OC)Br)c4ccc(cc4)C,C09542754,inactive
5090,CCC[NH+](C[C@H](Cc1ccccc1)O)CC(=O)N2CCc3c(ccs3)[C@@H]2COc4cccc(c4)F,C36309617,inactive
5091,c1ccc(cc1)Cn2c(c3c(nc(nc3[nH+]2)N4CCN(CC4)CCOc5ccccc5)c6ccccc6F)N,C44854584,inactive
5092,c1cc(c(cc1Cl)[N+](=O)[O-])NC(=O)[C@](C(F)(F)F)(OC([C@@](C(F)(F)F)(OC(C(C(F)(F)F)(F)F)(F)F)F)(F)F)F,C95100600,inactive
5093,CCCc1cc(C)[nH]c(=O)c1CNC(=O)c1cc(cc2n(ncc12)C(C)C)-c1ccccc1,50536554,active
5094,CCOc1ccccc1n2c3c(c(=O)n(c(n3)SCC(=O)Nc4ccc(cc4)[NH+](C)C)c5ccccc5)sc2=S,C03019030,inactive
5095,C[C@@H](C(=O)Nc1c(cccc1F)F)S[C@@H]2NN=C(N2C3CC3)C4=c5ccccc5=[NH+]C4,C39995185,inactive
5096,c1cc(ccc1/C=N/NC(=[NH2+])S[C@@H]2CC(=O)N(C2=O)c3ccc(cc3)Br)O,C01021261,inactive
5097,CC[NH+](CC)C[C@H](COc1c(ccc2c1sc3c2c(=O)n4c(n3)CCCCC4)Br)O,C09943219,inactive
5098,Cn1c(=O)c(cnc1Nc2ccc(cc2)F)c3ccc(cn3)Oc4ccnc5c4cc(c(c5)OCCC[NH+]6CCOCC6)OC,C43202030,inactive
5099,CC(=O)N[C@H]1c2cc(cnc2N([C@@H]1C(=O)OC)CCC3=c4ccccc4=[NH+]C3)NCc5cccc(c5)F,C63985827,inactive
5100,c1ccc2c(c1)c(c(o2)C(=O)Nc3ccccc3F)NC(=O)Cc4cccs4,C05035431,inactive
5101,CSCC[C@@H](C(=O)N1CCC2(CC1)c3c([nH+]c[nH]3)CC[NH2+]2)NC(=O)COc4ccc(cc4)Cl,C20589581,inactive
5102,Cc1ccc(cc1)S(=O)(=O)NC2=NC3=[NH+]C(=C[C@H](N3N2)c4ccc(cc4)F)c5ccc(cc5)Cl,C06101497,inactive
5103,CC[C@H](C(=O)Nc1ccccc1C)Oc2c(ccc3c2sc(c3C(=O)OC)NC(=O)C)Br,C33113685,inactive
5104,CC(=O)OCC(=O)[C@@]12[C@@H](C[C@@H]3[C@@]1(C[C@@H]([C@]4([C@H]3CC(=C5[C@@]4(CCC(=C5)OCCCl)C)C#N)F)O)C)OC(O2)(C)C,C04215327,inactive
5105,Cc1cc(C)c(CNC(=O)c2cc(cc3n(ncc23)C2CCCC2)-c2cccc(CNCCO)c2)c(=O)[nH]1,326076,active
5106,COc1ccc(cc1)NS(=O)(=O)c2ccc-3c(c2)C(=NO)c4c3ccc(c4)S(=O)(=O)Nc5ccc(cc5)OC,C03010360,inactive
5107,C[C@@H]1C(=C(N=N1)C)CCC2=[NH+]C3=c4ccccc4=[NH+][C@H](N3N2)SCc5cc(=O)n6cc(ccc6n5)Cl,C63708140,inactive
5108,CCN(c1cc(/C=C/c2ccc(CN3CCN(C)CC3)cc2)cc(C(=O)NCc2c3c(c(C)[nH]c2=O)CCCC3)c1C)C1CCOCC1,CHEMBL4647553,active
5109,CCN(C(=O)C1CC1)c1cc(-c2cnc(N3CCN(CC4CC4)CC3)c(C)c2)cc(C(=O)NCc2c(C)cc(C)[nH]c2=O)c1C,CHEMBL4863309,active
5110,c1[nH]nc(n1)/N=C(/[C@@](C(F)(F)F)(OC([C@@](C(F)(F)F)(OC(C(C(F)(F)F)(F)F)(F)F)F)(F)F)F)\O,C68574609,inactive
5111,Cc1cc(Sc2ccccc2)c(CNC(=O)c2c(C)n([C@H](C)C3CCN(CC(F)(F)F)CC3)c3ccccc23)c(=O)[nH]1,CHEMBL4638163,active
5112,CCN(CC)C(=O)CS[C@@H]1NN[C@H](O1)[C@H](CC2=c3ccccc3=[NH+]C2)NC(=O)OC(C)(C)C,C63411785,inactive
5113,Cc1cccc(c1)COc2ccc(cc2)C(=O)C3=C(C(=O)N([C@H]3c4ccc(cc4)Cl)CCCn5cc[nH+]c5)O,C04649984,inactive
5114,C[C@H](C(=O)Nc1ccccc1C(=O)c2ccccc2)[NH+](C)CC(=O)Nc3ccccc3Br,C16633281,inactive
5115,CC(C)n1ncc2c(cc(nc12)C1CC1)C(=O)NCc1c(C)cc(C)nc1=O,190178,active
5116,CC[C@H](C)n1cc(C)c2c(cc(cc12)-c1ccc(nc1)N1CCN(CCCCCCCCOc2cccc3C(=O)N(C4CCC(=O)NC4=O)C(=O)c23)CC1)C(=O)NCc1c(C)cc(C)[nH]c1=O,50582381,active
5117,CC(C)(C)c1ccc(cc1)OCCCn2c3ccccc3nc2S[C@H]4[C@@H]([C@@H]([C@@H]([C@@H](O4)CO)O)O)O,C39916021,inactive
5118,c1ccc(c(c1)c2ccc(o2)[C@@H]3[C@H]([C@@]([NH+]=C(N3)O)(C(F)(F)F)O)C(=O)c4ccc(cc4)Cl)[N+](=O)[O-],C09312514,inactive
5119,c1cc(ccc1/C=N/N=C/2\NC(=O)[C@H](S2)CC(=O)Nc3ccc(cc3)Br)[N+](=O)[O-],C39843397,inactive
5120,Cc1cc(C)c(CNC(=O)c2cc3CCOc3c(c2)-c2ccc(nc2)N2CCNCC2)c(=O)[nH]1,359768,active
5121,COc1cc(c(cc1O)/C=C(\C#N)/C(=O)Nc2ccccc2Cl)Br,C03616023,inactive
5122,C[NH+]1CCN(CC1)c2ccc(cc2)NC(=O)CSc3nnc(o3)c4ccc(cc4)Br,C34718556,inactive
5123,CCOC(=O)[C@@H](Cc1cc(c(c(c1)I)Oc2ccc(cc2)OC)I)NC(=O)C,C08619209,inactive
5124,CC(C)NC(=O)[C@H](c1ccc(cc1)Cl)N(Cc2cccs2)C(=O)CCC(=O)Nc3cccc[nH+]3,C13501382,inactive
5125,Cc1cc(C)c(CNC(=O)c2cc(Br)c3OC(C)(C)CCc3c2)c(=O)[nH]1,359773,active
5126,c1ccc(cc1)C(c2ccccc2)(c3ccccc3)n4c5ccc(cc5c(n4)c6cc[nH+]cc6)N,C91365325,inactive
5127,C[C@@H](C(=O)NC(=O)NC(C)(C)C)OC(=O)CNS(=O)(=O)c1cc(ccc1Cl)C(F)(F)F,C16799873,inactive
5128,CCOC(=O)C1=C(N=C([C@H]([C@@H]1c2ccccc2F)C#N)SCC(=O)Nc3c(cc(cc3C)C)C)O,C09015043,inactive
5129,c1cc(ccc1c2ccc(o2)/C=C(/C#N)\C(=O)NCC[NH+]3CCCCC3)S(=O)(=O)N,C13785708,inactive
5130,c1ccc2c(c1)[nH]c([nH+]2)Cc3ccc(cc3)N[C@@H]4CC(=O)N(C4=O)c5ccc(cc5)Br,C01133268,inactive
5131,CCN(C1CCN(CC1)C(C)=O)c1cc2occc2c(C(=O)NCc2c(OC)cc(C)[nH]c2=O)c1C,458818,active
5132,CC(C)NS(=O)(=O)c1ccc2c(c1)[C@@H]3C=CC[C@H]3[C@H](N2)c4ccccc4OC,C20749279,inactive
5133,CCOc1ccc(cc1)NC(=O)C[C@@H]2C(=O)[N+](=C(S2)Nc3ccc(cc3)OC)CCc4ccc(cc4)Cl,C97960263,inactive
5134,c1cc(oc1)/C=[NH+]/c2ccc(c(c2)Cl)NC(=O)c3ccc(cc3)C(=O)Nc4ccc(cc4Cl)/N=C/c5ccco5,C00865568,inactive
5135,c1ccc(cc1)c2ccc(cc2)c3csc(n3)C4=C(N(CC4=O)N5CCCCC5)N,C34769706,inactive
5136,Cc1cc2c(c(=O)o1)[C@@H](C(=C(O2)N)S(=O)(=O)c3ccccc3)c4ccc(cc4)Cl,C01402112,inactive
5137,c1ccc2c(c1)C(=O)N([C@H](N2)c3csc(n3)c4ccc(cc4)Cl)CCC[NH+]5CCOCC5,C27865859,inactive
5138,C[C@@H](c1nnc(n1c2ccc(cc2)Cl)S[C@@H](C)C(=O)Nc3ccccc3SC)[NH+](C)C,C22718738,inactive
5139,CCn1c(=O)c2c3c(sc2nc1SCC(=O)Nc4ccc(cc4)S(=O)(=O)Nc5cc(nc(n5)C)C)CCCC3,C01891378,inactive
5140,CC[NH+](CC(=O)Nc1ccc(cc1)NC(=O)C)[C@@H](C)C(=O)Nc2ccc(c(c2)C(F)(F)F)Cl,C16556819,inactive
5141,CC[C@H](C(=O)Nc1ccccc1OC)SC2=Nc3ccccc3C4=N[C@@H](C(=O)N42)CC(=O)NCc5ccccc5,C02968238,inactive
5142,CCN(C1CCOCC1)c1cc(cc(C(=O)NCc2c(C)cc(C)[nH]c2=O)c1C)-c1ccc(CNCCO)cc1,172092,active
5143,c1ccc(cc1)C(c2ccccc2)N3CC[NH+](CC3)CN4c5ccccc5[C@](C4=O)([C@H]6C(=O)N=C(S6)N)O,C22804354,inactive
5144,c1ccc(c(c1)C(=O)NC2CC2)NC(=O)CSc3nnc(n3C[C@H]4CCCO4)c5ccc(cc5)F,C09712025,inactive
5145,c1cc(ccc1C(=O)NC(=S)Nc2ccc(cc2Br)[N+](=O)[O-])I,C14275233,inactive
5146,c1ccc(c(c1)C[NH2+]CC(=O)CSc2nc3c(cn[nH]3)c(=O)n2c4cccc(c4)C(F)(F)F)Cl,C20663939,inactive
5147,Cc1nc2n(n1)c(c(s2)[C@@H](c3cccc(c3)Cl)[NH+]4CCN(CC4)C(c5ccccc5)c6ccccc6)O,C22852792,inactive
5148,C[C@@]12CC[C@H]([C@@]([C@H]1Cc3c(nc(s3)NC(=O)C4CCC4)[C@H]2CC(=O)N(C)CC#C)(C)CO)O,C04222456,inactive
5149,COc1ccc(cc1)c2c3c([nH]n2)C(=O)N([C@H]3c4cccc(c4)Br)Cc5cc[nH+]cc5,C40344974,inactive
5150,Cc1cccc(c1)N([C@@H](c2ccc(cc2)Cl)C(=O)NC(C)C)C(=O)CCC(=O)Nc3cccc[nH+]3,C13501374,inactive
5151,c1ccc2c(c1)cccc2C[NH+](C[C@@H](COc3ccc(cc3Cl)Cl)O)[C@@H]4CCS(=O)(=O)C4,C40317886,inactive
5152,COc1cc2c(NC3CCN(Cc4ccccc4)CC3)nc(NCCCN(C)C)nc2cc1OCc1ccccc1,CHEMBL5202637,inactive
5153,Cc1cccc(c1)COc2ccc(cc2)/C(=C/3\[C@H](N(C(=O)C3=O)CCCn4cc[nH+]c4)c5ccc(cc5)O)/O,C13552439,inactive
5154,CC[NH+]1CCC2(CC1)N=C(C(=N2)SCC(=O)Nc3ccc(cc3)Cl)c4ccc(cc4)Br,C35397216,inactive
5155,COc1ccc(c(c1)OC)Nc2c3ccccc3[nH+]c(n2)N4CCN(CC4)S(=O)(=O)c5ccc6c(c5)OCCO6,C98009037,inactive
5156,CC1=CC(=O)[C@H]([C@@H]2N1c3ccccc3S[C@@H](C2)c4ccsc4)C(=O)NCC5[NH+]=c6ccccc6=[NH+]5,C64084201,inactive
5157,c1cc(ccc1[C@@H](CNC(=O)c2ccc(o2)S(=O)(=O)c3ccc(cc3)Cl)[NH+]4CCCCCC4)Cl,C40322231,inactive
5158,CCN(C1CCOCC1)c1cc2oc(CN3CCN(C)CC3)cc2c(C(=O)NCc2c(OC)cc(C)[nH]c2=O)c1CC,50287072,active
5159,CCOc1ccc(cc1)NC(=O)CSc2c3c(nc(n2)c4ccc(cc4)OC)Oc5c([nH+]cc(c5C3)CO)C,C08589269,inactive
5160,CCN([C@H]1CC[C@@H](CC1)N(C)C)c1cc(cc(C(=O)NCc2c(C)cc(C)[nH]c2=O)c1C)C(C)C,190195,active
5161,c1ccc2=[NH+]CC(=c2c1)[C@@H](CNC(=O)CNC(=O)c3ccc4c(c3)OCO4)c5ccccc5Cl,C63919965,inactive
5162,CC(C)n1ncc2c(cc(nc12)N1CCC(CC1)N1CCNCC1)C(=O)NCc1c(C)cc(C)[nH]c1=O,325950,active
5163,CCCCCOc1ccc(cc1OCC)[C@@H]2C(=C(C(=O)N2CC[NH+]3CCOCC3)O)C(=O)c4ccc5c(c4)C[C@@H](O5)C,C97969412,inactive
5164,c1ccc(cc1)NC(=O)C(=S)Nc2ccccc2c3ccccc3NC(=S)C(=O)Nc4ccccc4,C20523198,inactive
5165,CSc1cc(C)[nH]c(=O)c1CNC(=O)c1c(C)n([C@H](C)C2CCC(CC2)N2CC(C2)OC2CC2)c2ncccc12,574879,active
5166,CCN(C1CCOCC1)c1cc(cc(C(=O)NCc2c(C)cc(C)[nH]c2=O)c1C)-c1ccc(CN2CCCOCC2)cc1,172082,active
5167,COCCN1C(=O)[C@@H]2[C@@H]([NH2+][C@]3([C@@H]2C1=O)c4cc(ccc4NC3=O)Cl)Cc5ccc(cc5)O,C16022179,inactive
5168,c1ccc(cc1)C(=O)NCCCC[C@H](C(=O)N/N=C/c2ccc(o2)c3cccc(c3)Cl)[NH+]4CCCCC4,C33959581,inactive
5169,c1ccc2c(c1)c(=O)n(c(n2)SCC(=O)NCCC3=CCCCC3)CC4CCC(CC4)C(=O)NC[C@@H]5CCCO5,C98009661,inactive
5170,Cc1cc(nc(n1)SCC(=O)N(Cc2ccc(cc2)F)[C@@H](c3ccc(c(c3)OC)OC)C(=O)Nc4ccc(cc4)OC)C,C08712667,inactive
5171,CCOc1cc(cc(c1OCc2cccc3c2cccc3)Br)/C=N/[NH+]=C(/c4c(non4)N)\N,C13477563,inactive
5172,CC(C)N1c2c(cc(c[nH+]2)NC(=O)[C@@H](CC3=c4ccccc4=[NH+]C3)NC(=O)OCc5ccccc5)CN1,C63160866,inactive
5173,CC(C)(C)NC(=O)N(CC[NH+]1CCOCC1)CC(=O)N2[C@H](CC(=N2)c3cccn3C)c4ccc(cc4)Cl,C35963487,inactive
5174,Cc1cc(C)c(CNC(=O)c2c(C)n([C@H](C)C3CCOCC3)c3ccccc23)c(=O)[nH]1,CHEMBL3605453,active
5175,COc1ccc2=[NH+][C@@H]3[C@H](NCCC3=c2c1)[C@@H]4[C@@H](N(C(=O)NC4=O)Cc5cc(cc(c5)OC)OC)O,C63376032,inactive
5176,Cc1cc(c(n1c2ccc(cc2)Br)C)/C=C(\C#N)/C(=O)O[C@@H](c3ccc(cc3)F)C(=O)N,C09376298,inactive
5177,Cc1c(nc(o1)c2ccccc2NC(=O)Cc3ccccc3)CNC(=O)CCc4cc[nH+]cc4,C14993339,inactive
5178,CCOC(=O)c1ccc(cc1)[n+]2c-3nc(n4c5ccccc5[nH]c4c3sc2=S)SCC(=O)NC6CCCCC6,C33357925,inactive
5179,CN(C)CCCN(C)Cc1ccc(cc1)-c1cc(C(=O)NCc2c(C)cc(C)[nH]c2=O)c2cnn(C3CCCC3)c2c1,326084,active
5180,COC(C1CN(C1)C(=O)[C@@H](C)O)c1cc(Cl)c2CCN(Cc3c(C)cc(C)[nH]c3=O)C(=O)c2c1Cl,435664,active
5181,CCN(c1cc(/C=C/c2ccc(CN3CCOCC3)cc2)cc(C(=O)NCc2c(C)c3c([nH]c2=O)CCCC3)c1C)C1CCOCC1,CHEMBL4644328,active
5182,CSc1cc(C)[nH]c(=O)c1CNC(=O)c1c(C)n([C@H](C)[C@H]2CCC(CC2)NC2(C)CCOC2)c2ccccc12,575034,active
5183,c1ccc(cc1)C[NH+]2CCN(CC2)CC(=O)N/N=C/c3cc(cc(c3[O-])Br)Br,C19367254,inactive
5184,c1ccc(c(c1)N2CCN(CC2)c3c(c([nH+]cn3)N4CCN(CC4)c5cccc(c5)Cl)N)F,C40728406,inactive
5185,c1ccc2c(c1)OC[C@H](O2)C(=O)N3CCN(CC3)CCC(=O)Nc4c(c5c(s4)CCCC5)C#N,C13117353,inactive
5186,c1cc(cc(c1)Br)Oc2ccc(cn2)NC(=O)N(Cc3cc[nH+]cc3)Cc4cccnc4,C78551745,inactive
5187,CS(=O)(=O)Nc1cc(ccc1F)NC(=O)[C@@H](CC(=O)[O-])[NH3+],C85814700,inactive
5188,CSc1cc(C)[nH]c(=O)c1CNC(=O)c1c(C)n([C@H](C)[C@H]2CC[C@@H](CC2)N2CC(C2)OC2CC2)c2ncc(Cl)cc12,50541914,active
5189,c1cc2c(cc1Cl)c(c[nH]2)CCN3C(=O)[C@@H](NC3=O)CCC(=O)NCc4cc[nH+]cc4,C09419076,inactive
5190,COc1ccc(cc1)c2cc(c3c([nH+]cnc3n2)N)c4ccc(cc4)Cl,C09694568,inactive
5191,CCC[NH+](CC(=O)Nc1ccc2c(c1)nc([nH]2)C(F)(F)F)CC(=O)Nc3ccc(c(c3F)F)F,C32934515,inactive
5192,c1ccc(cc1)C(=O)N/C(=C/c2cn(nc2c3ccc(cc3)Cl)c4ccccc4)/C(=O)NCCCn5cc[nH+]c5,C01844026,inactive
5193,[H]/N=C\1/N(C(=O)/C(=C/c2ccc(o2)c3cccc(c3)C(F)(F)F)/S1)c4c(non4)NC(=O)C,C33387154,inactive
5194,Cc1ccc(cc1)S(=O)(=O)NCCC(=O)Oc2ccc3c(c2)occ(c3=O)Oc4ccc(cc4)Br,C00625847,inactive
5195,CCSc1nnc(s1)NC(=O)[C@](C(F)(F)F)(OC([C@@](C(F)(F)F)(OC(C(C(F)(F)F)(F)F)(F)F)F)(F)F)F,C95100489,inactive
5196,CN1CCN(CC1)S(=O)(=O)c2ccc(cc2)NC(=O)c3ccc(s3)Cl,C16605730,inactive
5197,CCN(C1CCOCC1)c1cc(cc(C(=O)NCc2c(C)cc(C)[nH]c2=O)c1C)-c1ccc(CN2C[C@@H]3C[C@H]2CO3)cc1,172062,active
5198,CC(C)n1ncc2c(cc(nc12)C1CCNCC1)C(=O)NCc1c(C)cc(C)[nH]c1=O,325930,active
5199,Cc1cc(nc(n1)SCC(=O)N(Cc2ccc[nH+]c2)[C@H]([C@@H]3CCC=CC3)C(=O)Nc4ccc5c(c4)OCO5)C,C01407835,inactive
5200,c1cc(ccc1[C@H]2C(=C(C(=O)N2c3nc4ccc(cc4s3)F)O)C(=O)c5ccc(cc5)F)O,C33556005,inactive
5201,Cc1ccc(cc1)C2=NN3C(=[NH2+])/C(=C/c4ccc(cc4)OCCOc5ccc(cc5)Br)/C(=O)N=C3S2,C97966233,inactive
5202,CCCSc1ccccc1NC(=O)CSc2nc([nH]n2)N/N=C/c3ccc(cc3O)N(CC)CC,C59039236,inactive
5203,CCc1ccc(cc1)NC2=Nc3ccccc3N4C2=[NH+]c5c(c(nn5c6ccccc6)C)[C@@H]4c7ccc(c(c7)OC)O,C98000221,inactive
5204,c1ccc(cc1)C(=O)N2CCN(CC2)c3ccccc3NC(=S)NC(=O)c4cccc5c4cccc5,C32125277,inactive
5205,CCOc1cc(cc(c1OC(C)C)I)[C@@H]2C(=C(OC3=C2C(=O)CC(C3)(C)C)[NH3+])C#N,C36612680,inactive
5206,CC(C)CC(=O)Nc1ccc(cc1)C(=O)NNC(=S)NC(=O)CCC(=O)OCCCc2ccccc2,C13999380,inactive
5207,c1ccc2c(c1)CCN2S(=O)(=O)c3cccc(c3)C(=O)Nc4nc(cs4)c5ccc[nH]5,C10276667,inactive
5208,Cc1ccc(c(c1)Br)NC(=O)CSc2nnc(s2)NC(=O)C,C59041616,inactive
5209,CC(C)n1ncc2c(cc(nc12)-c1ccc(CN2CCOCC2)cc1)C(=O)NCc1c(CN(C)C)cc(C)[nH]c1=O,325849,active
5210,COc1ccc(cc1)C(=O)NCCc2nnc3n2nc(cc3)SCC(=O)Nc4ccc(cc4)C(F)(F)F,C97990175,inactive
5211,c1cc(cc(c1)N2CC[NH+](CC2)[C@H]3[C@H](O[C@H]([C@H]3O)CO)CNC(=O)Nc4cccc(c4)Cl)C(F)(F)F,C67890438,inactive
5212,CC(=O)Nc1c2cc(c[nH+]c2n(c1C(=O)OC)CCc3c[nH]c4c3cccc4)NCc5cccc(c5)O,C14744269,inactive
5213,CC[NH+](CC)[C@H](CCCCNC(=O)c1ccccc1)C(=O)N/N=C/c2cc(ccc2OC)Br,C33959510,inactive
5214,c1cc(ccc1C[C@@]2(C(=O)NC(=O)N(C2=O)c3ccc(cc3)Br)CCc4cc[nH+]cc4)F,C01128338,inactive
5215,CCc1ccccc1NC(=O)Cn2c(c(c([nH+]2)SC)c3nc(no3)c4ccc(cc4)Cl)N,C46914948,inactive
5216,Cc1cc(C2CCCC2)c(CNC(=O)c2cc(-c3ccc(N4CCN(C(C)C)CC4)nc3)cc3c2cnn3C(C)C)c(=O)[nH]1,CHEMBL4567859,active
5217,CNCCCOc1cccc(c1)-c1cc(C(=O)NCc2c(C)cc(C)[nH]c2=O)c2cnn(C3CCCC3)c2c1,326077,active
5218,c1ccc(c(c1)[C@@H]2[C@H]3CC=C[C@@H]3c4cc(ccc4N2)S(=O)(=O)N5CCOCC5)O,C14474038,inactive
5219,CCOc1ccc2c(c1)sc(n2)SCC(=O)Nc3ccc(cc3)S(=O)(=O)Nc4cccc[nH+]4,C09282039,inactive
5220,COCC[NH2+][C@@H]1C[C@H](N2[C@@H](Cc3c4ccccc4[nH]c3[C@H]2C1)C(=O)OC)c5ccc(cc5)C(F)(F)F,C20504071,inactive
5221,CCOc1cc(ccc1OCc2ccccc2Cl)/C=N/NC(=O)Cc3nnc(s3)NC(=O)c4ccccc4C,C01900735,inactive
5222,c1cc(ccc1CSc2ccc(o2)C=C3C(=O)NC(=O)NC3=O)Cl,C20324474,inactive
5223,CC(C)n1ncc2c(cc(nc12)C1CCN(CC1)C(=O)CN(C)C)C(=O)NCc1c(C)cc(C)[nH]c1=O,325963,active
5224,CCOC(=O)c1c(csc1NC(=O)CSc2nc3c(c(cs3)c4ccccc4)c(=O)n2c5ccccc5)c6ccccc6Cl,C98227420,inactive
5225,Cc1cc(C)c(CNC(=O)c2c(C)n(C(C)c3cnn(C)c3)c3ccccc23)c(=O)[nH]1,CHEMBL3605448,active
5226,CC(C)[C@H](C(=O)NNC(=O)c1ccc(cc1Cl)Cl)NC(=O)c2ccccc2NC(=O)c3ccc(cc3)OC,C98048254,inactive
5227,c1ccc(cc1)/C=C/c2nc(c3c4c(sc3n2)CCCC4)NCC[NH2+][C@@H]5CCS(=O)(=O)C5,C32809988,inactive
5228,CC(C)COc1ccc(cc1)[C@@H]2C3=C(C[C@@H](CC3=O)c4ccc(cc4)OC)Nc5ccccc5N2,C21252391,inactive
5229,CCOC(=O)c1ccc(cc1)NC2=Nc3ccccc3N4C2=[NH+]c5c(c(nn5c6ccccc6)C)[C@@H]4c7ccccc7C,C01880117,inactive
5230,COc1ccccc1NC(=O)CSc2nnc(n2c3ccccc3)COc4ccc(cc4)Br,C00649464,inactive
5231,CCOC(=O)c1ccc(cc1)n2c(cc(c2C)/C=N/NC(=O)COc3ccccc3I)C,C97960981,inactive
5232,Cc1cc(C)c(CNC(=O)c2cc(-c3ccc(N4CCN(C)CC4)nc3)cc3c2c(C)cn3C(C)C)c(=O)[nH]1,CHEMBL3909511,active
5233,CC(C)NC(=O)[C@@H](c1ccc(cc1)Cl)N(Cc2cccs2)C(=O)CCC(=O)Nc3cccc[nH+]3,C13501383,inactive
5234,CSc1cc(C)[nH]c(=O)c1CNC(=O)c1cc(Cl)c2OC(C)(Oc2c1C)C1CCN(CC(F)(F)F)CC1,542482,active
5235,CN(C)CCNCc1cc(C(=O)NCc2c(C)cc(C)[nH]c2=O)c2cnn(C3CCCC3)c2c1,326155,active
5236,c1ccc(c(c1)C[NH+]2CCN(CC2)c3ccc(cc3Cl)NC(=O)CSc4ccc(cc4)Cl)Cl,C20971600,inactive
5237,c1cc(c(cc1/C(=N/c2ccc(cc2[NH+]3CCOCC3)N4CCOCC4)/O)[N+](=O)[O-])N,C12521953,inactive
5238,COc1ccc(cc1)C(=O)C2=C(C(=O)N([C@@H]2c3ccc(c(c3)OC)OC)CCC4=c5ccccc5=[NH+]C4)O,C63526641,inactive
5239,CCN(C1CCOCC1)c1cc2oc(cc2c(C(=O)NCc2c(OC)cc(C)[nH]c2=O)c1CC)C1CCN(C)CC1,458809,active
5240,CCCOc1ccc(cc1)C(=O)C2=C(C(=O)N([C@@H]2c3ccc(c(c3)OCC)O)CCC[NH+](C)C)O,C39827052,inactive
5241,CCOC(=O)[C@@H]1[C@@H](CC2=C(C1=O)[C@@H](C(=C(N2c3cccc(c3)F)N)C(=O)OCC)c4cccc(c4)F)c5cccs5,C98007179,inactive
5242,c1cc2c(cc1NC(=O)c3nnc(s3)C4CCN(CC4)S(=O)(=O)c5cc(ccc5F)F)OCO2,C33273282,inactive
5243,COc1cc(cc(c1OC)OC)NC(=O)c2c(c3ccc(nc3s2)c4cc[nH+]cc4)N,C00661171,inactive
5244,CC[C@@]1(C[NH+]2CCc3c4ccccc4[nH]c3[C@](C[C@@H](C2)[C@H]1O)(c5cc6c(cc5OC)N([C@@H]7[C@@]68CC[NH+]9[C@H]8[C@@](C=CC9)([C@@H]([C@@]7(C(=O)OC)O)OC(=O)C)CC)C=O)C(=O)OC)O,C94307003,inactive
5245,CC(C)(C)OC(=O)N[C@@H](CC1=c2ccccc2=[NH+]C1)[C@H]3N=N[C@@H](O3)SCc4ccc(cc4Cl)Cl,C63425571,inactive
5246,C[NH+]1CCN(CC1)S(=O)(=O)c2ccc(cc2)NC(=S)NC(=O)c3ccc(c(c3)I)OC,C97940409,inactive
5247,Cn1c2ccc(cc2[nH+]c1CCC(=O)Nc3ccc4c(c3)[nH+]c([nH]4)C5CCC5)S(=O)(=O)N(C)C,C72058564,inactive
5248,CCCCN1C(=O)[C@@H]2[C@@H]([NH2+][C@]3([C@@H]2C1=O)c4cc(ccc4NC3=O)Cl)Cc5ccc(cc5)O,C09429123,inactive
5249,CC(=O)Nc1ccc(cc1Cl)NS(=O)(=O)c2cccnc2Cl,C25453445,inactive
5250,Cc1ccc(cc1)[C@H]2[C@@H]3C(=c4ccccc4=[NH+]3)C[C@@H]5N2C(=O)N(C5=O)c6ccc(cc6)C(=O)NCCC(C)C,C63375605,inactive
5251,c1cc(ccc1c2csc([n+]2CCCO)Nc3ccc(cc3)OC(F)(F)Cl)S(=O)(=O)N4CCCC4,C80857560,inactive
5252,CC(C)(C)c1ccc(s1)[C@H]2C(=C(N(C3=C2C(=O)CCC3)c4cccc(c4)C(F)(F)F)[NH3+])C#N,C25782299,inactive
5253,c1ccc(cc1)CSc2nnc(s2)N3[C@@H](C(=C(c4ccc(cc4)F)O)C(=O)C3=O)c5ccc[nH+]c5,C09210740,inactive
5254,Cc1ccccc1COc2ccc(cc2)C(=C3[C@H](N(C(=O)C3=O)CCCn4cc[nH+]c4)c5ccc(cc5)O)O,C09424970,inactive
5255,c1cc(cc(c1)S(=O)(=O)NNC(=O)CSCc2nc(cs2)c3ccc(cc3)Cl)C(F)(F)F,C02142343,inactive
5256,CCCOc1ccc(cc1OCC)[C@@H]2[C@H]3C[C@H](CC=C3C(=C(C2(C#N)C#N)[NH3+])C#N)C(C)(C)C,C19851743,inactive
5257,CCOc1ccc(cc1)N/C(=[NH+]/C)/S[C@H]2CC(=O)N(C2=O)c3ccc(cc3)I,C59490289,inactive
5258,c1cc2c(c(c1)Br)N(CCC2)S(=O)(=O)c3c[nH]cn3,C76018093,inactive
5259,C[C@@H](c1[nH+]c2ccccc2n1CCCOc3ccc(cc3)Cl)NC(=O)Cc4ccc(c(c4)OC)OC,C40195127,inactive
5260,[H]\N=C\1/C(=C/c2ccc(c(c2)OC)OCCOc3ccc(c(c3)C)Cl)/C(=O)N=C4N1C(=NS4)SC,C20114588,inactive
5261,COc1cccc(c1)CC[NH2+][C@H]2CC(=O)N(C2=O)c3ccc(cc3)N4C(=O)C[C@H](C4=O)NCCc5cccc(c5)OC,C18203546,inactive
5262,CN(C1CCCC1)c1cc(cc(C(=O)NCc2c(C)cc(C)nc2=O)c1C)-c1cnn(C)c1,514160,active
5263,CCOC(=O)c1ccc(cc1)NC(=O)/C(=C/c2cccc(c2)Br)/NC(=O)c3ccco3,C27532550,inactive
5264,Cc1ccccc1COc2ccc(cc2)C(=O)C3=C(C(=O)N([C@H]3c4ccccc4F)CCC[NH+](C)C)O,C35445567,inactive
5265,CC[C@@H]1[C@@]([C@@H]([C@H](/C(=N\O)/[C@@H](C[C@@]([C@@H]([C@H]([C@@H]([C@H](C(=O)O1)C)O[C@@H]2C[C@]([C@@H]([C@H](O2)C)O)(C)OC)C)O[C@@H]3[C@@H]([C@H](C[C@H](O3)C)N(C)C)O)(C)O)C)C)O)(C)O,C85867249,inactive
5266,CSc1cccc(c1)NC(=O)c2cccc(c2)/N=C/3\N[C@@H]4CS(=O)(=O)C[C@H]4S3,C21522251,inactive
5267,Cc1ccc(c(c1)C)N2C(=O)/C(=C/c3cc(n(c3C)c4ccc(cc4)O)C)/C(=O)NC2=S,C09264456,inactive
5268,c1ccc(cc1)C(c2ccccc2)(c3nnc(n3c4ccc(cc4)F)SC[C@H](C(F)(F)F)O)O,C08649553,inactive
5269,CCN(c1cc(-c2cn(C)cn2)cc(C(=O)NCc2c(C)cc(C)[nH]c2=O)c1C)[C@H]1CC[C@H](N(C)C)CC1,CHEMBL3701039,active
5270,CC(=O)Nc1ccc(cc1)NC(=O)[C@H](C2CCCC2)[NH+]3CCN(CC3)C(=O)c4cccc(c4)Br,C36311997,inactive
5271,CCN([C@H]1CC[C@@H](CC1)N(C)C)c1cc(cc(C(=O)NCc2c(C)cc(C)[nH]c2=O)c1C)-c1ccn(C)n1,172153,active
5272,C[C@]12CC[C@](C1(C)C)(CC2=O)C(=O)NCC[NH+](CCNC(=O)[C@@]34CC[C@@](C3(C)C)(C(=O)C4)C)CCNC(=O)[C@@]56CC[C@@](C5(C)C)(C(=O)C6)C,C97999941,inactive
5273,c1ccc2c(c1)[nH+]c(n2CCCOc3ccc(cc3Cl)Cl)S[C@@H]4[C@@H]([C@@H]([C@@H]([C@@H](O4)CO)O)O)O,C39916036,inactive
5274,CCOC(=O)[C@H]1CCCN(C1)C(=O)c2cccc(c2)CSc3[nH+]c(cc(n3)N4CCN(CC4)c5ccc(cc5)OC)C(C)(C)C,C98015410,inactive
5275,CNCC(=O)N1CCC(CC1)c1cc(C(=O)NCc2c(C)cc(C)[nH]c2=O)c2cnn(C(C)C)c2n1,325985,active
5276,COc1ccc(c(c1)F)c2c3c(n(nc3nc(n2)NCC[NH+]4CCCC4)Cc5ccccc5)N,C35929034,inactive
5277,COc1cccc(c1)NC(=O)CSc2nnc(n2N)NN=C(Cc3ccccc3)Cc4ccccc4,C20826969,inactive
5278,Cc1ccccc1N/C(=C/2\Cc3cc(c(cc3\C2=[NH+]/CCC4=c5cc(ccc5=[NH+]C4)OC)OC)OC)/[S-],C63626169,inactive
5279,Cc1cc(C)c(CNC(=O)c2cc3CC(C)(C)Oc3c(c2)C(F)(F)F)c(=O)[nH]1,359734,active
5280,Cc1ccc(cc1)C2=NN([C@@H](C2)c3ccc(cc3)Br)C(=[NH2+])S[C@@H]4CC(=O)N(C4=O)c5ccc(cc5)C(=O)[O-],C59823998,inactive
5281,CNC(=O)c1c2c(sc1NC(=O)c3ccc(s3)Cl)CN(CC2)C(=O)OC,C05255408,inactive
5282,c1cc[nH+]c(c1)NC(=S)NC(=O)COc2ccc3cc(ccc3c2Br)Br,C12500107,inactive
5283,CCCc1nnc2n1N[C@@H]([C@H](S2)C(=O)Nc3ccccc3C(F)(F)F)c4ccc(cc4)OCC,C09294998,inactive
5284,C/C(=N/Nc1[nH+]c2c(n1Cc3cccc(c3)Br)c(=O)[nH]c(=O)n2C)/c4ccc(cc4)Cl,C05295058,inactive
5285,CCN([C@H]1CC[C@@H](CC1)N(C)C)c1cc(cc(C(=O)NCc2c(C)cc(C)[nH]c2=O)c1C)-c1ccc(cc1)S(C)(=O)=O,172143,active
5286,CCCOc1ccc(cc1)N2C(=O)C[C@@H](C2=O)SC(=[NH2+])N3[C@@H](CC(=N3)c4ccc(cc4)C)c5ccc(cc5)Cl,C59706171,inactive
5287,CCN(C1CCC(CC1)N1CCN(C)CC1)c1c(CC)c(cc2n(C)ncc12)C(=O)NCc1c(C)cc(C)[nH]c1=O,516859,active
5288,c1cc(cc(c1)Cl)C(=O)N2[C@H]3CCCC[C@@H]3C[C@@H]2C(=O)Nc4ccc5c(c4)CC(=O)N5,C79103436,inactive
5289,COc1ccc(cc1CSc2nc3ccc(cc3s2)NC(=O)CSc4nnnn4c5ccccc5)[N+](=O)[O-],C33353623,inactive
5290,c1cc(sc1)[C@H](c2ccc3c(c2)CCCC3)NC(=O)c4ccc5c(c4)OCC(=O)N5,C40013224,inactive
5291,COc1cccc(c1OC)[C@@H]2C3[C@@H](N[C@H](C(C3=O)[C@H](N2)c4cccc(c4OC)OC)c5cccc(c5OC)OC)c6cccc(c6OC)OC,C95100684,inactive
5292,c1ccc(c(c1)NC(=O)N2CCC[C@@H]2c3nnc(s3)C(=O)Nc4cccc(c4)Cl)F,C64930738,inactive
5293,CCCc1cc(C)[nH]c(=O)c1CNC(=O)c1cc(F)cc(N(CC)C2C[C@@H](C)N[C@H](C)C2)c1C,601709,active
5294,CCOc1ccc(cc1)NC(=O)C[C@H]2C(=O)N(C(=S)N2CCC[NH+]3CCC(CC3)C(=O)N)c4ccc(cc4)F,C98005926,inactive
5295,C[C@@H]([C@H](c1cccs1)[NH+]2CCN(CC2)c3ccc(cc3)F)NC(=O)c4cc(c(c(c4)OC)OC)OC,C09611866,inactive
5296,Cc1ccccc1C(=O)N[C@](C(=O)OC)(C(F)(F)F)Nc2ccc(c[nH+]2)Br,C02050454,inactive
5297,Cc1c2c(n[nH]1)OC(=C([C@H]2c3ccc(c(c3)COc4cc(ccc4[N+](=O)[O-])F)OC)C#N)[NH3+],C01005632,inactive
5298,COc1ccc(cc1)c2c([nH+]c([nH]2)c3ccc(c(c3)OC)OC)SCC(=O)Nc4ccc5c(c4)OCO5,C09674205,inactive
5299,COc1cccc(c1OCc2ccccc2Cl)[C@@H]3c4c(n[nH]c4OC(=C3C#N)[NH3+])c5ccccc5,C20274643,inactive
5300,COc1ccc(cc1)C(=O)Oc2ccc3ccccc3c2/C=N/NC(=O)CNC(=O)c4ccccc4I,C04302625,inactive
5301,[H]/N=C(\NCCC[C@H](C(=O)OCC=C)[NH3+])/NS(=O)(=O)c1c(c(c2c(c1C)CC(O2)(C)C)C)C,C71788302,inactive
5302,Cc1ccc(cc1)OCCC(=O)Oc2ccc(cc2OC)[C@@H]3C4=C(CC(CC4=O)(C)C)c5c6ccc[nH+]c6ccc5N3,C53253827,inactive
5303,CC(=O)Nc1ccc(cc1)S(=O)(=O)Nc2cc(c(cc2Cc3c4cc(c(cc4cc[nH+]3)OC)OC)OC)OC,C06238701,inactive
5304,C[C@@H]1CCC[C@H]([C@@H]1C)NC(=O)[C@@H]2[C@@]34C=C[C@@H](O3)[C@@H]([C@@H]4C(=O)N2C(C)(C)C)C(=O)Nc5cccc(c5)SC,C36066225,inactive
5305,C[C@H](CNC(=O)c1ccc(cc1)S(=O)(=O)Nc2ccc(cc2)OC)[NH+]3CCc4ccccc4C3,C25636743,inactive
5306,CC(C)(C(=O)N[C@@H](COCc1ccccc1)C(=O)N2CCC3(CC2)CN(c4c3cccc4)S(=O)(=O)C)[NH3+],C13493966,inactive
5307,c1cc(cc(c1)Br)/C=N\NC(=O)C(=O)Nc2ccc(cc2Cl)Cl,C33348492,inactive
5308,CCCc1cc(C)[nH]c(=O)c1CNC(=O)c1cc(nc2n(ncc12)C(C)C)-c1ccncc1,50594110,active
5309,CSc1cc(C)[nH]c(=O)c1CNC(=O)c1c(C)n([C@H](C)C2CCN(CC2)C2CC2)c2ncccc12,574874,active
5310,Cc1cc(C)c(CNC(=O)c2cc(Br)nc3c2cnn3C2CCCC2)c(=O)[nH]1,CHEMBL3770438,active
5311,c1cc(ccc1S(=O)(=O)N[C@@H](CO)C(=O)OCC(=O)C23CC4CC(C2)CC(C4)C3)Br,C12541334,inactive
5312,COCCN[C@H]1C[C@H]([NH+]2[C@@H](Cc3c4ccccc4[nH]c3[C@H]2C1)C(=O)OC)c5cccc(c5)OC,C12603273,inactive
5313,CCOC[C@@H](C)n1c(C)c(C(=O)NCc2c(SC)cc(C)[nH]c2=O)c2ccccc12,574882,active
5314,CSc1cc(C)[nH]c(=O)c1CNC(=O)c1c(C)n([C@H](C)[C@H]2CC[C@@H](CC2)NC2COC2)c2ccccc12,50541905,active
5315,CC(C)n1ncc2c(cc(nc12)C1=CCN(CC1)C(=O)CCN(C)C)C(=O)NCc1c(C)cc(C)[nH]c1=O,325967,active
5316,CCOc1ccc(cc1)NC(=O)CSc2c3c(nc(n2)c4ccccc4F)Oc5c([nH+]cc(c5C3)CO)C,C97987144,inactive
5317,COc1cc(ccc1OC(=O)c2ccc(cc2)Cl)/C=N/NC(=O)C(=O)Nc3ccc(cc3)Br,C02506400,inactive
5318,COc1cc(C)n(C)c(=O)c1CN1CCN(C)c2c(Cl)cc(-c3c(C)noc3C)c(Cl)c2C1=O,CHEMBL5074685,active
5319,c1ccc2c(c1)c(nn(c2=O)CC(=O)Nc3cccc(c3)/C=C/c4cccc[nH+]4)C(=O)N,C09469734,inactive
5320,C[C@H](C(=O)N1CCC2(CC1)c3c(nc[nH]3)CC[NH2+]2)NC(=O)COc4ccc(cc4)Cl,C08739760,inactive
5321,CC(C)[C@H]1[C@@H]2[C@@H](C(=O)N(C2=O)CCc3ccc(c(c3)OC)OC)[C@]4([NH2+]1)c5cc(ccc5NC4=O)Cl,C13575019,inactive
5322,Cc1cc(c(c(c1)C)NC(=O)CSC2=C([C@@H]([C@H]3C(=N2)CCCC3=O)c4ccc(c(c4)OC)O)C#N)C,C09075598,inactive
5323,CN(C)Cc1ccc(cn1)-c1cc(N(C)C2CCOCC2)c(C)c(c1)C(=O)NCc1c(C)cc(C)[nH]c1=O,172026,active
5324,Cc1cc(C)c(CN2CCc3ccc(O[C@@H]4CCOC4)c(Cl)c3C2=O)c(=O)[nH]1,CHEMBL3967105,active
5325,c1ccc(cc1)CN2CC[NH+](CC2)[C@H](c3ccc(cc3Cl)Cl)c4c(n5c(s4)nc(n5)c6ccco6)O,C22795454,inactive
5326,COC(C1CS(=O)(=O)C1)c1cc(Cl)c2CCN(Cc3c4occc4c(C)[nH]c3=O)C(=O)c2c1Cl,378913,active
5327,CC(C)Sc1nnc(s1)N2C3=C([C@@H](C(=C2N)C#N)c4ccc(o4)COc5ccc(cc5)[N+](=O)[O-])C(=O)CCC3,C98007266,inactive
5328,CCOC(=O)[C@H](Cc1ccccc1)NC(=O)CSc2nc3c(n2Cc4ccc(cc4)Cl)c(=O)n(c(=O)n3C)C,C33354962,inactive
5329,Cc1cc[nH+]c(c1)N[C@@H](c2ccccc2Cl)c3c(c(sc3NC(=O)c4ccco4)C)C,C38547568,inactive
5330,CCOc1ccc(c(c1)[N+](=O)[O-])c2ccc(o2)/C=C\3/C(=[NH2+])N4C(=[NH+]SC4=NC3=O)SCC(C)C,C20238945,inactive
5331,c1ccc(cc1)c2c3c([nH]n2)C(=O)N([C@H]3c4ccc(cc4)OCc5ccc(cc5)Cl)CC[NH+]6CCOCC6,C40339796,inactive
5332,COc1ccc(c(c1)c2cc(c3c(c(sc3[nH+]2)C(=O)c4ccc5c(c4)OCCO5)N)C(F)(F)F)OC,C09557687,inactive
5333,CN(C1CCNCC1)c1cc(cc(C(=O)NCc2c(C)cc(C)nc2=O)c1C)-c1cnn(CCN2CCOCC2)c1,514166,active
5334,CN(C)C1CCC(CC1)C1(C)Oc2c(O1)c(C)c(cc2Cl)C(=O)NCc1c(C)cc(C)[nH]c1=O,50590376,active
5335,CCN(C1CCOCC1)c1c(C)c(cc2nn(C)cc12)C(=O)NCc1c(OC)cc(C)[nH]c1=O,516875,active
5336,Cc1ccc(cc1)S(=O)(=O)/N=C(/C[NH+]2CCCCC2)\N3CCN([C@H]3c4ccc(cc4)OC)S(=O)(=O)c5ccc(cc5)C,C97961125,inactive
5337,COC(=O)[C@@H]1Cc2c3ccccc3[nH]c2[C@H]4N1[C@@H](C[C@H](C4)[NH2+]C5CC5)c6ccc(cc6)OC(F)(F)F,C12603018,inactive
5338,c1cc(ccc1C(C(F)(F)F)(C(F)(F)F)O)NC(=O)c2cc(ccc2Cl)[N+](=O)[O-],C02983405,inactive
5339,CC[NH+]1C[C@@]2(CC[C@@H]([C@@]34[C@@H]2C[C@@H]([C@H]31)[C@]56[C@H]4C[C@@H]([C@H](C5)C(=C)[C@H]6OC(=O)c7ccccc7)O)OC(=O)c8ccccc8)C,C85902204,inactive
5340,Cc1cccc(c1)NS(=O)(=O)c2ccc(c(c2)NS(=O)(=O)c3ccc(c(c3)F)C)C,C71974493,inactive
5341,c1ccc(cc1)[C@H]2C/C(=N\NC(=O)C[C@@H]3CCS(=O)(=O)C3)/c4ccccc4O2,C07751751,inactive
5342,COc1ccc(c(c1)OC)NC(=O)C2(CCSCC2)N(Cc3ccc[nH+]c3)C(=O)CN4C[C@@H](NC4=S)c5ccccc5,C08695956,inactive
5343,Cc1c2c(cc(/c(=[NH+]/c3cc(ccc3OC)Cl)/o2)C(=O)Nc4cccc(c4)C(F)(F)F)c(cn1)CO,C20617287,inactive
5344,CC[C@@H](c1nnnn1Cc2ccco2)[NH+](CCc3cccc(c3)C)Cc4cc5cc(ccc5[nH]c4=O)OCC,C13495960,inactive
5345,c1ccc2c(c1)c(c[nH]2)CCNC(=O)Cc3ccc(cc3)NC4=N[C@@H]5CS(=O)(=O)C[C@H]5S4,C09860563,inactive
5346,COc1ccc(cc1)C2=CCN(CC2)C(=O)C3=NN([C@@H](C3)C(=O)N)c4ccccc4,C60883328,inactive
5347,c1ccc(cc1)C(c2ccccc2)[NH+]3CCN(CC3)CCC(=O)N/N=C/c4cc(ccc4O)Br,C19363143,inactive
5348,c1ccc2c(c1)cccc2Oc3c(c(ncn3)NNC(=O)c4ccccc4Br)N,C40683303,inactive
5349,Cc1ccc(cc1)NC(=O)c2ccccc2NC(=O)C(=O)N/N=C/c3ccc(cc3)OC(=O)/C=C/c4ccccc4,C04260927,inactive
5350,CCN(c1cc(/C=C/c2ccc(CN3C[C@@H]4C[C@H]3CO4)c(F)c2)cc(C(=O)NCc2c(C)c3c([nH]c2=O)CCCC3)c1C)C1CCOCC1,CHEMBL4633092,active
5351,c1ccc(c(c1)C[NH2+][C@H]2CC(=O)N(C2=O)c3ccc(cc3)C(=O)OCC(=O)c4ccc(cc4)Cl)Cl,C22835364,inactive
5352,c1ccc2c(c1)CN[C@]3(CCN(C3)C(=O)Cc4cccs4)C(=N2)NC5CCCC5,C65265876,inactive
5353,c1ccc(cc1)CCNC(=O)CSc2nc3c(c(=O)n2c4ccc(cc4)F)sc(=S)n3Cc5ccco5,C03043190,inactive
5354,c1ccc(c(c1)COc2ccccc2/C=N/NC(=O)CSc3nnc(n3N)c4ccccc4O)Cl,C58991767,inactive
5355,COc1ccc(cc1OC)[C@H](C(=O)NC2CCCCC2)N(c3ccc(cc3)F)C(=O)[C@@H]4COc5ccccc5O4,C00930852,inactive
5356,c1ccc2c(c1)c(cc(=O)o2)NCCN3CC[NH+](CC3)[C@H](c4c[nH]c5c4ccc(c5)Cl)C(=O)[O-],C31809485,inactive
5357,Cc1cccc(c1OCCOc2ccc(cc2)/C=C\3/C(=[NH2+])N4C(=[NH+]SC4=NC3=O)S(=O)(=O)C)C,C20205908,inactive
5358,c1ccc(c(c1)/C=N\NC(=O)COc2ccc(cc2)I)O,C96838710,inactive
5359,c1ccc(cc1)c2c3c([nH]n2)C(=O)N([C@@H]3c4ccc(cc4)OCc5ccccc5Cl)CC[NH+]6CCOCC6,C40339755,inactive
5360,COc1ccc(cc1OC)/C=N/NC(=O)CSc2nnc(n2c3ccccc3)c4ccc(cc4)Br,C01876041,inactive
5361,Cc1ccc(c(c1)C)NC(=O)C2=C([NH+]=C3N([C@H]2c4ccc(cc4)NC(=O)c5cccc(c5)F)CCCS3)C,C33748763,inactive
5362,c1cc(ccc1NC(=O)[C@H]2[C@H]3C=C[C@@]4([C@@H]2C(=O)N([C@@H]4C(=O)NC5CCCCC5)CCC[NH+]6CCCCC6)O3)Cl,C38147199,inactive
5363,c1ccc(cc1)[C@H](CCC(=O)N/N=C/c2cn(c3c2cccc3)Cc4ccc(c(c4)Cl)Cl)O,C83326273,inactive
5364,Cc1ccc(cc1)S(=O)(=O)N/[NH+]=c\2/c(cc3cc(ccc3o2)[N+](=O)[O-])C(=O)Nc4ccccc4Cl,C59170574,inactive
5365,CCOC(=O)c1c2c(sc1NC(=O)CCCS(=O)(=O)c3ccccc3)C[NH+](CC2)Cc4ccccc4,C36718227,inactive
5366,C[C@H]1C(=O)Nc2cc(ccc2O1)NC(=O)c3ccc(cc3)NC(=O)CSc4[nH+]ccn4C,C09549675,inactive
5367,CCn1c(nnc1SC/C(=N/c2nncs2)/O)[C@H](C)/[NH+]=C(/c3ccccc3Br)\O,C09289755,inactive
5368,Cc1ccc(cc1NC(=O)C(=O)NC[C@@H](c2ccc(cc2)N(C)C)[NH+]3CCc4ccccc4C3)[N+](=O)[O-],C38667066,inactive
5369,CCOCCCN1C(=O)/C(=C/2\c3ccccc3N(C2=O)CC(=O)Nc4c(n(n(c4=O)c5ccccc5)C)C)/SC1=S,C98217088,inactive
5370,Cc1cc(C)c(CNC(=O)c2cc3CC(C)(C)Oc3c(F)c2)c(=O)[nH]1,359733,active
5371,c1ccc2cc(ccc2c1)OCC(=O)Nc3cccc([nH+]3)NC(=O)COc4ccc5ccccc5c4,C08450728,inactive
5372,CCCn1c2ccc(cc2[nH+]c1SCc3nc(no3)c4cccc(c4)C(F)(F)F)S(=O)(=O)N,C36648252,inactive
5373,c1ccc(cc1)C(c2ccccc2)C(=O)Nc3ccc(cc3)S(=O)(=O)/N=C/4\CCCCCN4,C14866648,inactive
5374,[H]/N=C\1/C(=C/c2cccn2c3cc(c(cc3OC)OC)Cl)/C(=O)N=C4N1N=C(S4)C(F)(F)F,C41076311,inactive
5375,CC1(C)CC(NC(=O)c2ccc(Oc3ccccc3C#N)c(C#N)c2)CC(C)(C)N1,CHEMBL3264777,active
5376,C[C@H](c1ccccc1)Nc2c(c(ncn2)N3CC[NH+](CC3)C(c4ccccc4)c5ccccc5)N,C40729772,inactive
5377,Cc1cc(c(n1c2ccc(cc2)O)C)/C=C\3/C(=O)N(C(=O)N3)c4cccc(c4)Cl,C34705203,inactive
5378,CC(=O)Nc1cccc(c1)NC(=O)[C@@H](CC2=c3ccccc3=[NH+]C2)NC(=O)c4cccs4,C63182477,inactive
5379,CC(C)c1ccc(cc1)S(=O)(=O)N2CCC3(CC2)C(=[NH+]CCN3)NCc4ccc(cc4)Cl,C65074845,inactive
5380,C[C@@H](c1nc2ccccc2c(n1)NCc3ccccc3OC)N4CCN(CC4)S(=O)(=O)c5ccc(cc5)Br,C98230848,inactive
5381,CC[NH+]1CCN(CC1)c2cc(c3cc(ccc3n2)NC(=S)NCCN4CCN(CC4)c5ccccc5F)C,C20153667,inactive
5382,Cc1ccc(cc1)S(=O)(=O)NNC(=O)[C@](C(F)(F)F)(OC([C@@](C(F)(F)F)(OC(C(C(F)(F)F)(F)F)(F)F)F)(F)F)F,C95100620,inactive
5383,CCCc1cc(C)[nH]c(=O)c1CNC(=O)c1cc(Br)cc2c1cnn2C(C)C,CHEMBL4584071,active
5384,COc1ccc(cc1NC(=S)N[C@@H](C(Cl)(Cl)Cl)NC(=O)c2ccccc2I)[N+](=O)[O-],C98223213,inactive
5385,C[C@H]1Cc2cc(ccc2O1)C(=O)C3=C(C(=O)N([C@@H]3c4cccc(c4)Oc5ccccc5)CCCn6cc[nH+]c6)O,C97955611,inactive
5386,COc1cc(C)[nH]c(=O)c1CN1CCN(C)c2c(Cl)cc(c(Cl)c2C1=O)-c1ccc(cc1)N1CCOCC1,50586168,active
5387,COc1ccccc1OCCCOc2ccc(cc2)/C=C\3/C(=[NH2+])N4C(=NC3=O)SN=C4S(=O)(=O)C,C20206136,inactive
5388,Cc1cc[nH+]c(c1)n2c(=O)c3ccccc3[nH+]c2SCC(=O)Nc4c(cccc4C(C)C)C,C36849867,inactive
5389,COc1ccc(cc1)S(=O)(=O)N[C@H]2Nc3ccc(cc3S2)C(=O)NC4[NH+]=c5ccccc5=[NH+]4,C63280070,inactive
5390,CS(=O)(=O)c1ccccc1C(=O)N2CCc3c(c4ccccc4[nH]3)C2,C23757741,inactive
5391,Cc1ccc(cc1)c2[nH]c(c([nH+]2)S(=O)(=O)c3ccccc3)SCC(=O)Nc4ccc(cc4)C(=O)OC,C12252341,inactive
5392,CCc1c(cc2occc2c1C(=O)NCc1c(OC)cc(C)[nH]c1=O)N(CC1CC1)C1CCN(CC(F)(F)F)CC1,458827,active
5393,c1ccc(cc1)CCOc2ccc(cc2Br)C(=O)NC(=S)NNC(=O)Cc3ccccc3,C14767149,inactive
5394,Cc1cc(C)c(CNC(=O)c2cccc3n(ncc23)C2CCCC2)c(=O)[nH]1,326168,active
5395,CCCOC(=O)c1ccc(cc1)NC(=O)C[C@@H]2C(=O)N(C(=S)N2NC(=O)c3cccc(c3)OC)c4ccc(cc4)Cl,C97995811,inactive
5396,CCOC(=O)c1c2c(sc1NC(=O)CS(=O)(=O)c3ccc(cc3)OC)C([NH2+]C(C2)(C)C)(C)C,C10023656,inactive
5397,CCOC(=O)c1c(csc1NC(=O)CSc2n[nH+]c(n2CC=C)C3CCCCC3)c4cccs4,C25391432,inactive
5398,CCN(C(=O)C1CC1)c1cc(-c2cnc(N3CCN(CC4CC4)CC3)cc2C)cc(C(=O)NCc2c(C)cc(C)[nH]c2=O)c1C,CHEMBL4872040,active
5399,CCOc1cccc(c1O)[C@@H]2CC(=N[C@H]([NH2+]2)c3ccc(cc3)Br)c4cccc(c4)OC,C20763650,inactive
5400,CCCCN(CC)S(=O)(=O)c1ccc(cc1)C(=O)Nc2c(c3c(s2)C[NH+](CC3)CC)C(=O)OC,C03007006,inactive
5401,CCN(C1CCOCC1)c1cc2oc(CN3CCOCC3)cc2c(C(=O)NCc2c(OC)cc(C)[nH]c2=O)c1CC,50287307,active
5402,Cc1ccc2=[NH+]CC(=c2c1)CCN3C[C@@H](CC3=O)C(=O)N[C@@H]4[NH2+][C@@H]5CC(CC(=O)[C@@H]5S4)(C)C,C64538146,inactive
5403,c1ccc(cc1)c2c3c(n(n2)c4ccc(cc4)F)N(C(=O)CS[C@H]3c5ccccc5F)CC(=O)NCc6cc[nH+]cc6,C98011197,inactive
5404,COc1ccccc1NC(=S)N[C@@H](C(Cl)(Cl)Cl)NC(=O)Cc2ccc(c(c2)OC)OC,C01233000,inactive
5405,Cc1ccc(c2c1sc(n2)N(CCC[NH+](C)C)C(=O)c3ccc(cc3)S(=O)(=O)N4CCc5ccccc5C4)OC,C64712081,inactive
5406,c1ccc2=[NH+]CC(=c2c1)CCNC(=O)c3ccc(cc3)[N-]S(=O)(=O)C4=C(S[C@H](C4)Cl)Cl,C63240688,inactive
5407,CCN(c1cc(Cl)cc(C(=O)NCc2c(CCN(C)C)cc3n(c2=O)NCC3)c1C)[C@H]1CC[C@H](N(C)C)CC1,CHEMBL5208822,active
5408,CCOc1ccc(cc1)NC(=O)[C@H]2CC(=O)N(/C(=N\c3ccc(cc3)F)/S2)CCc4ccc(c(c4)OC)OC,C97959712,inactive
5409,C[C@H]1Cc2cc(ccc2O1)C(=O)C3=C(C(=O)N([C@H]3c4ccc(cc4Cl)Cl)CC[NH+]5CCOCC5)O,C35005337,inactive
5410,Cc1ccc(cc1)C(=O)COC(=O)c2ccc(cc2)N3C(=O)C[C@H](C3=O)[NH2+]CCc4c[nH]c5c4cccc5,C22833809,inactive
5411,c1cc(cc(c1)F)[C@@H]2C(=O)NCCN2C(=O)c3ccc4c(c3)scn4,C97813843,inactive
5412,CCc1c(cc(c([nH+]1)SCC2=C([C@H](C(=C(O2)N)C#N)c3cccc(c3)F)C(=O)OCC)C#N)C,C00705883,inactive
5413,C[C@@H]1C[C@@H](n2c(c(cn2)c3n[nH]c(=S)n3[C@@H](C)c4ccccc4)N1)C(F)(F)F,C08534465,inactive
5414,COC(=O)C1=C(OC(=C([C@@H]1c2cc[nH+]cc2)C#N)N)CSc3c(cc4c([nH+]3)CCCCCC4)C#N,C16189660,inactive
5415,CC(=C)C1(C)Cc2cc(cc(Br)c2O1)C(=O)NCc1c(C)cc(C)[nH]c1=O,359833,active
5416,CCCc1cc(C)[nH]c(=O)c1CNC(=O)c1cc(-c2ccc(N3CCC(N(C)C)CC3)nc2)cc(N(CC)C2CCOCC2)c1C,CHEMBL3701052,active
5417,COc1ccc(cc1OC)[C@H](CC(=O)N2CCN(CC2)c3nc4ccc(cc4c(n3)c5ccccc5)Br)N,C98009751,inactive
5418,CN(C)Cc1ccc(cc1)-c1cc(N(C)[C@@H]2CC[C@@H](CC2)NC(C)=O)c(C)c(c1)C(=O)NCc1c(C)cc(C)nc1=O,172034,active
5419,c1cc(ccc1C(=O)Nc2nnc(s2)SCC(=O)Nc3cc(ccc3Cl)C(F)(F)F)Br,C97961358,inactive
5420,CN(C)c1ccc(cc1)NC(=O)C2(CCSCC2)N(Cc3ccco3)C(=O)CN4C[C@@H](NC4=S)c5ccccc5,C08695962,inactive
5421,CC1(C)CC(CC(C)(C)N1)NC(=O)c1ccc(Oc2ccccc2C#N)c(c1)C1CC1,50010814,active
5422,C[C@H]1C(=O)N[C@H](C(=O)N1c2cc(ccc2Br)OC)C(C)C,C88331115,inactive
5423,CCOc1ccccc1N2CCN(CC2)CN3C(=S)N([C@@H](N3)C4=c5ccccc5=[NH+]C4)C[C@H]6CCCO6,C63245260,inactive
5424,c1ccc(cc1)OC[C@H](C[NH+](Cc2ccc(o2)c3cc(ccc3Cl)Cl)[C@@H]4CCS(=O)(=O)C4)O,C40312669,inactive
5425,c1ccc(c(c1)C(=O)N2CCCC2)NC(=O)c3ccc(cc3)C(=O)Nc4ccccc4C(=O)N5CCCC5,C13996536,inactive
5426,C[NH+](C)[C@H](Cc1ccccc1)CNC(=O)c2ccc(cc2)NS(=O)(=O)c3cccs3,C25155716,inactive
5427,COc1ccccc1N(CCC(=O)N)C(=O)C[NH+]2CCC(=CC2)c3c[nH]c4c3cccc4,C89473790,inactive
5428,c1cc(cc(c1)Cl)C(=O)N2[C@H]3CCCC[C@H]3C[C@@H]2C(=O)Nc4ccc5c(c4)CC(=O)N5,C79103445,inactive
5429,COCCNC(=O)[C@@H]1C[C@@H](C[NH+]1Cc2ccccc2Cl)NCc3ccc(c4c3cccc4)OC,C19743297,inactive
5430,CCN(C1CCOCC1)c1cc(cc(C(=O)NCc2c(C)cc(C)[nH]c2=O)c1C)-c1ccc(NC(=O)CCCCCCCNC(=O)C[C@@H]2N=C(c3c(C)c(C)sc3-n3c(C)nnc23)c2ccc(Cl)cc2)cc1,50605638,active
5431,c1ccc(cc1)c2cc([nH+]c(c2C#N)SCC(=O)Nc3ccc(c(c3)[N+](=O)[O-])Cl)c4ccccc4,C06474296,inactive
5432,CC(C)[C@@H](C(=O)NCc1ccco1)NC(=O)[C@@H]2CC3=c4ccccc4=[NH+][C@H]3[C@@H]5N2C(=O)c6c5cccc6,C63376159,inactive
5433,Cc1c(c([nH]c1C(=O)OC)C)/C(=C/2\[C@@H](N(C(=O)C2=O)CCC[NH+](C)C)c3ccc(cc3)Br)/O,C09073738,inactive
5434,c1ccc(cc1)[P+](c2ccccc2)(c3ccccc3)c4c(oc(n4)c5ccc(cc5)Cl)NN,C97976821,inactive
5435,c1c(c(sc1Cl)Cl)S(=O)(=O)N2CCC(CC2)(C(=O)N)N3CCCCC3,C06156838,inactive
5436,C=CCC1(S(=O)(=O)n2cc(C)c3c(C(=O)NCc4c(OC)cc(C)[nH]c4=O)cc(-c4ccc(N5CCN(C)CC5)nc4)cc32)CC1,CHEMBL5174478,inactive
5437,c1ccc(cc1)COC(=O)N2Cc3c(nn(c3N)c4ccc(cc4)Br)C2,C95077258,inactive
5438,C[NH+](C)[C@@H](CNC(=O)c1ccccc1CSc2[nH]c3ccccc3n2)c4cccc(c4)F,C69231827,inactive
5439,CC(C)(C)C[NH2+]CCn1c2c(c(ncn2)N)nc1Sc3cc(ccc3I)O,C57219019,inactive
5440,Cc1c([nH]c([nH+]1)SCC(=O)N[C@H]2N=N[C@@H](S2)SCc3ccccc3)Cc4ccc(cc4)O,C39605791,inactive
5441,CCc1c(c([nH+]c(n1)S[C@H](C)c2nnc(o2)c3cccs3)N)c4ccc(cc4)Cl,C12564093,inactive
5442,COC(c1cc(Cl)c2c(c1Cl)C(=O)N(Cc1c(C)cc(C)[nH]c1=O)CC2)C1CS(=O)(=O)C1,CHEMBL4067961,active
5443,CC[NH+](CC)CCCn1c(=O)c2ccccc2nc1SCc3nc(nc(n3)Nc4ccccc4)N,C20075570,inactive
5444,CC(C)NS(=O)(=O)c1ccc2c(c1)[C@H]3C=CC[C@H]3[C@H](N2)c4ccc(cc4)OC,C20678554,inactive
5445,CC[NH+](CC)CCn1c2c(c(=O)n(c(n2)SCc3cccc(c3)Br)c4ccccc4OC)sc1=S,C03034073,inactive
5446,c1cc(ccc1c2nnc(n2N)SCC(=O)N3CC[NH+](CC3)Cc4ccc(s4)Cl)F,C25446827,inactive
5447,C[C@@H](CCc1ccco1)/[NH+]=C/[C@]23CC[C@@H](C[C@]2(CC[C@@H]4[C@@H]3CC[C@]5([C@@]4(CC[C@@H]5C6=CC(=O)OC6)O)C)O)O,C70698916,inactive
5448,COC(=O)[C@@H]1C(=c2cc(ccc2=[NH+]1)Br)NC(=O)C[NH+]3CCN(CC3)C(=O)c4ccco4,C38685099,inactive
5449,c1ccc(cc1)C[C@H](c2ccccc2)NC(=O)C[NH+]3CCN(CC3)C(=O)c4csc(n4)NC5CCCCC5,C34831416,inactive
5450,CCOc1ccc(cc1C[NH+]2C[C@H]3C[C@@H](C2)c4cccc(=O)n4C3)/C=N/NC(=O)COc5ccc(cc5F)F,C01026735,inactive
5451,CC1(C)CC(CC(C)(C)N1)NC(=O)c1ccc(Oc2cccc(-c3cn[nH]c3)c2C#N)c(Cl)c1,50010821,active
5452,CC[C@H](C)NC(=O)c1ccccc1NC(=O)c2ccccc2N(Cc3ccccc3)S(=O)(=O)c4ccccc4,C02837965,inactive
5453,CCCc1cc(C)[nH]c(=O)c1CNC(=O)c1cc(cc(N(CC)C2CCOCC2)c1C)-c1ccc(CN2CCOCC2)cc1,172168,active
5454,C[C@@H]1Cc2cc(ccc2O1)C(=O)C3=C(C(=O)N([C@@H]3c4cccc(c4)OCCC(C)C)Cc5cc[nH+]cc5)O,C09359180,inactive
5455,CCOC(=O)c1c2c(sc1NC(=O)[C@@H]3CCCN3S(=O)(=O)c4ccc(cc4)C)C([NH2+]C(C2)(C)C)(C)C,C36660262,inactive
5456,CCOc1cc(ccc1OCC=C)[C@@H]2C(=C(C(=O)N2c3nc4ccc(cc4s3)Cl)O)C(=O)c5ccc6c(c5)C[C@@H](O6)C,C97970466,inactive
5457,CCN(C1CCN(CC1)S(C)(=O)=O)c1cc2occc2c(C(=O)NCc2c(OC)cc(C)[nH]c2=O)c1C,458817,active
5458,CN1C(=O)C(=Cc2c(cc3c(c2OC)OCO3)CCN(C)C(=S)NC4CCCCC4)C(=O)N(C1=O)C,C02152737,inactive
5459,CC(=O)Nc1ccc2c(c1)sc(n2)NC(=O)C3CCN(CC3)S(=O)(=O)c4ccc(cc4F)F,C36651956,inactive
5460,Cc1cc(nc([nH+]1)N[C@H](c2ccc(cc2)OC)c3c(c(sc3NC(=O)c4ccccc4)C)C)C,C35476973,inactive
5461,CC[NH+]1CCN(CC1)c2ccc(cc2S(=O)(=O)N[C@H]3CCCc4c3cccc4)NC(=O)Cc5ccccc5,C34919594,inactive
5462,CC(C)Cc1ccc(cc1)c2csc(n2)/C(=C/Nc3ccc(cc3C(=O)c4cc(c(c(c4)OC)OC)OC)Cl)/C#N,C01828393,inactive
5463,Cc1ccc(cc1)CSc2nnc(s2)N3[C@H](C(=C(C3=O)O)S(=O)(=O)c4ccc(cc4)C)c5ccc(cc5)Cl,C98047914,inactive
5464,COC(=O)c1ccccc1NC(=O)/C(=C(\c2ccccc2)/[P+](c3ccccc3)(c4ccccc4)c5ccccc5)/NC(=O)c6ccccc6,C98229534,inactive
5465,Cc1ccc(c(c1)C)NC(=O)C(=O)NC[C@H](c2ccc3c(c2)OCO3)[NH+]4CCN(CC4)c5ccccc5F,C38621102,inactive
5466,COc1ccc(cc1OC)S(=O)(=O)N(CC(=O)NCCC[NH+]2CCCCCC2)c3ccc(cc3)Cl,C13671598,inactive
5467,CC(C)S(=O)(=O)c1ccc(cc1)C(=O)/N=c\2/n(c3ccc(cc3s2)S(=O)(=O)N)CCOC,C09623529,inactive
5468,CCOc1ccc(cc1)[C@H](CCC(=O)N/N=C/c2ccc(c(c2)I)OCC#N)O,C83300894,inactive
5469,Cn1c2ccc(cc2c(=O)n(c1=O)C)S(=O)(=O)NC[C@H](c3ccc(c(c3)OC)OC)[NH+]4CCCCC4,C55104313,inactive
5470,CCN(C1CCOCC1)c1cc2oc(CN3CCN(CC3)C(C)C)cc2c(C(=O)NCc2c(OC)cc(C)[nH]c2=O)c1CC,458794,active
5471,C=CC(=O)N1CCC(N(CC)c2cc(-c3ccc(CN4CCCCC4)cc3)cc(C(=O)NCc3c(C)cc(C)[nH]c3=O)c2C)CC1,CHEMBL5201874,active
5472,CC[C@@H](C)[C@@H]1C(=O)N(C2([NH2+]1)CCN(CC2)S(=O)(=O)c3cccc(c3)C(F)(F)F)Cc4ccc(cc4)F,C36024453,inactive
5473,CCOC(=O)[C@@H]1[C@H]([C@H]1C(=O)NN/C=C/2\C=[NH+]c3c2cccc3)C(=O)Nc4cccc(c4)C(F)(F)F,C13394737,inactive
5474,c1ccc(cc1)[C@H](C(=O)Nc2ccc(cc2)F)Sc3ccc(c[nH+]3)S(=O)(=O)N4CCOCC4,C09221117,inactive
5475,Cc1ccc(cc1)c2csc3c2c(=O)n(c(n3)SCC(=O)Nc4ccc(cc4)S(=O)(=O)N)c5ccccc5,C03202616,inactive
5476,CCN1c2ccccc2[C@]3(C1=O)C(=C(C(=O)N3CCC[NH+](C)C)O)C(=O)c4ccc(cc4)S(=O)(=O)N5CCCC5,C98046920,inactive
5477,CCN([C@H]1CC[C@@H](CC1)N(C)CCOC)c1cc(cc(C(=O)NCc2c(C)n(C)[nH]c2=O)c1C)-c1ccc(OCCOC)cc1,310774,active
5478,CCN(c1cc(Cl)cc(C(=O)NCc2c(C)cc(C)[nH]c2=O)c1C)[C@H]1CC[C@@H](C(=O)O)CC1,CHEMBL3959720,active
5479,CCCc1cc(C)[nH]c(=O)c1CNC(=O)c1cn2ccc(-c3ccc(N4CCN(C(C)C)CC4)nc3)cc2n1,CHEMBL4568935,inactive
5480,COc1ccc(cc1)CCNC(=O)CSc2nc([nH]n2)N/N=C/c3cc(ccc3OC)Br,C59019095,inactive
5481,Cc1cccc(c1)COc2ccc(cc2)C(=O)C3=C(C(=O)N([C@@H]3c4ccc[nH+]c4)CCCn5cc[nH+]c5)O,C09462525,inactive
5482,CC(=O)Nc1c(c2c(s1)CCCC2)[C@@H](c3cccc(c3)OC)[NH+]4CCN(CC4)CCO,C22030885,inactive
5483,CCn1c(nnc1SCC(=O)Nc2c(cc(cc2C)I)C)c3cc4cccc(c4o3)OC,C02860385,inactive
5484,COCCn1c(nnc1SCc2ccc(cc2)Br)c3c(c4ccc[nH+]c4s3)N,C64794345,inactive
5485,Cc1cc(n([nH+]1)[C@@H](C)C(=O)Nc2ccc(cc2Cl)NC(=O)c3c(ccs3)SC)C,C78616364,inactive
5486,COc1ccccc1[C@@H]2C(=C(N(C3=C2C(=O)CCC3)c4nnc(s4)SCc5ccc(cc5)Cl)N)C#N,C98006237,inactive
5487,CCn1c(nnc1SCC(=O)Nc2ccc(cc2)C(F)(F)F)CC(=O)Nc3ccc(cc3C)C,C10141608,inactive
5488,COc1ccc2c(c1)c3c([nH]2)[C@@H]4C[C@H]5[C@@H](C[C@@H]([C@@H]([C@@H]5C(=O)OC)OC)OC(=O)c6cc(c(c(c6)OC)OC)OC)C[NH+]4CC3,C05062978,inactive
5489,Cn1ccnc1[C@H](c2ccc(cc2)Cl)NC(=O)c3ccc(cc3)NC(=O)CSc4[nH+]ccn4C,C16263046,inactive
5490,Cc1nc(cs1)COc2ccccc2C(=O)Nc3ccc(cc3)NS(=O)(=O)c4ccc(cc4)F,C24353303,inactive
5491,CCOc1ccc(cc1OCC)CCNS(=O)(=O)c2cc(ccc2C)c3c4ccccc4c(n[nH+]3)Nc5ccccc5,C03618696,inactive
5492,Cc1cccc(c1)COc2ccc(cc2)/C(=C/3\[C@@H](N(C(=O)C3=O)CCC[NH+](C)C)c4ccc(cc4)O)/O,C13571182,inactive
5493,CCCCOc1ccc(c(c1)C)/C(=C/2\[C@@H](N(C(=O)C2=O)Cc3ccc[nH+]c3)c4ccc(c(c4)OC)O)/O,C09380599,inactive
5494,Cc1nnc(s1)SCC(=O)Nc2cc(c(cc2Cc3c4cc(c(cc4cc[nH+]3)OC)OC)OC)OC,C98048350,inactive
5495,CCN(C(=O)C1CC1)c1cc(-c2ccc(N3CCN(CC4CC4)CC3)cc2)cc(C(=O)NCc2c(C)cc(C)[nH]c2=O)c1C,CHEMBL4858611,active
5496,CCOc1ccc(c(c1)[N+](=O)[O-])N2C3=C([C@@H](C(=C2N)C#N)c4cc(ccc4Cl)[N+](=O)[O-])C(=O)C[C@H](C3)c5ccccc5,C08456023,inactive
5497,C[C@H](c1ccccc1)NC(=O)[C@@H]2CCCc3c2nc(s3)NC(=O)c4ccc(cc4)OC,C09100865,inactive
5498,Cc1cc(C)c(CNC(=O)c2ccc(Oc3ccccc3)cc2)c(=O)[nH]1,CHEMBL3605440,active
5499,CC(C)(C)OC[C@@H](C[NH+](Cc1c(nn(c1Oc2cccc(c2)F)C)c3ccccc3)C[C@@H]4CCCO4)O,C36307246,inactive
5500,c1cc(oc1)C(=O)NNC(=O)c2ccc(cc2)NS(=O)(=O)c3cc(sc3Cl)Cl,C09508780,inactive
5501,CC(C)(C)C(=O)Nc1ccc(cc1)c2csc(n2)NC(=O)Cn3c[nH+]c4c3c(=O)n(c(=O)n4C)C,C12573098,inactive
5502,Cc1cc[nH+]c(c1)N[C@@H](c2ccc(cc2OC)OC)c3cc(sc3NC(=O)c4ccco4)C,C64790077,inactive
5503,COc1ccc(cc1)C2=NC(c3c(=O)[nH]c(=O)n(c3N2)c4ccccc4F)(C(F)(F)F)C(F)(F)F,C20058619,inactive
5504,c1ccc2c(c1)[C@H]([C@H](N(C2=O)c3cc[nH+]cc3)c4cccs4)C(=O)[O-],C49453009,inactive
5505,c1ccc(cc1)C(=O)N/C(=C/c2ccc[nH+]c2)/C(=O)Nc3ccc(cc3)I,C15774403,inactive
5506,CCC(CC)C(=O)Nc1c(c2c(s1)CCC2)C(=O)OCC(=O)Nc3cc(ccc3Cl)S(=O)(=O)C,C89943071,inactive
5507,CC(C)n1ncc2c(cc(C=O)nc12)C(=O)NCc1c(C)cc(C)[nH]c1=O,325928,active
5508,c1cc(ccc1NC(=S)NC(=C(C(F)(F)F)C(F)(F)F)C(C(F)(F)F)(F)F)S(=O)(=O)Nc2nccs2,C08382557,inactive
5509,C[NH+](C)CCCN1[C@@H](C(=C(C1=O)[O-])C(=O)c2ccc(cc2)OCc3ccccc3)c4ccc(cc4OC)OC,C39826982,inactive
5510,CC(C)C[NH+](C[C@H](COC(C)C)O)CC(=O)N(CCc1c[nH]c2c1cccc2)Cc3ccc(cc3)C(C)(C)C,C35842589,inactive
5511,COc1ccccc1Cn2c(c3ccc(cc3nc2=S)/C(=[NH+]/C[C@@H]4CCCO4)/O)[O-],C03043879,inactive
5512,COc1ccc(cc1)C[NH2+]Cc2cc(c(c(c2)Br)OC[C@@H](c3ccc4c(c3)OCO4)O)OC,C20877094,inactive
5513,c1ccc2c(c1)cccc2CC(=O)N[C@H](C(Cl)(Cl)Cl)NC(=S)N3C[C@@H]4C[C@H](C3)c5cccc(=O)n5C4,C70673712,inactive
5514,CC(C)[C@H](C(=O)NC[C@H](c1ccccc1OC)[NH+]2CCCC2)NC(=O)C34CC5CC(C3)CC(C5)C4,C27571090,inactive
5515,C/C(=N\Nc1[nH]nc(n1)SCCC(=O)Nc2ccc(cc2)S(=O)(=O)N3CCCC3)/c4cccs4,C20835874,inactive
5516,Cc1ccc2c(cc(c(c2[nH+]1)OCC(=O)NCCc3ccc(cc3)S(=O)(=O)N)Cl)Cl,C09244857,inactive
5517,Cc1ccc(cc1C)c2c3ccccc3c(n[nH+]2)N/N=C\c4cn(nc4c5ccccc5)c6ccccc6,C38175839,inactive
5518,CSc1cc(C)[nH]c(=O)c1CNC(=O)c1c(C)n([C@H](C)[C@H]2CCC(CC2)N2CC(C2)S(C)(=O)=O)c2ccccc12,575055,active
5519,CSc1cc(C)[nH]c(=O)c1CNC(=O)c1c(C)n([C@H](C)[C@@H]2CC[C@@H](CC2)NC2(C)COC2)c2ccccc12,574745,active
5520,CC(C)CCNC(=O)[C@H](C(C)C)NC(=O)[C@@H]1CC2=c3ccccc3=[NH+][C@@H]2[C@@H]4N1C(=O)c5c4cccc5,C63383796,inactive
5521,C[C@@H]1CC[C@@]2(CC[C@@]3(C(=CC[C@H]4[C@]3(CC[C@@H]5[C@@]4(CC[C@@H]([C@]5(C)C(=O)[O-])O)C)C)[C@@H]2[C@]1(C)O)C)C(=O)O[C@@H]6[C@@H]([C@@H]([C@@H]([C@@H](O6)CO)O)O)O,C67903305,inactive
5522,Cc1cc(c(n1c2ccc(cc2)S(=O)(=O)N)C)C(=O)COC(=O)c3cncn3c4ccc(cc4)F,C21510287,inactive
5523,c1ccc(cc1)Nc2ccccc2C(=O)OCC(=O)Nc3cccc(c3)I,C32124564,inactive
5524,c1ccc2cc(ccc2c1)NC(=O)[C@H](CC3=c4ccccc4=[NH+]C3)NC(=O)c5ccccc5Cl,C63901458,inactive
5525,Cc1cc(C)c(CNC(=O)c2cc(Br)cc3n(ncc23)C2CCN(CC2)C(=O)C2CCC2)c(=O)[nH]1,326199,active
5526,CCN(c1cc(C(=O)NCc2c(OC)cc(C)[nH]c2=O)nc2c(-c3ccnc(N(C)C)c3)cnn12)C1CCOCC1,CHEMBL5198663,active
5527,C[C@H](c1ccc(cc1)n2cc[nH+]c2)NC(=O)[C@H](Cc3ccccc3)NS(=O)(=O)c4ccccc4F,C33026623,inactive
5528,CCN1c2ccccc2[C@]3(C1=O)C(=C(C(=O)N3CCC[NH+](C)C)O)C(=O)c4cccc(c4)S(=O)(=O)N5CCCCC5,C98046788,inactive
5529,c1cc(ccc1n2c3c(c(n2)C(=O)NCC(=O)Nc4ccc(c(c4)F)F)CCCC3)F,C14373559,inactive
5530,c1ccc2c(c1)c(c[nH]2)C[NH+]3C[C@H](C[C@H](C3)C(=O)NCCc4c[nH]c[nH+]4)COc5cccc(c5)C(F)(F)F,C14532750,inactive
5531,c1cc(c(cc1[N+](=O)[O-])C(=O)NC(=S)Nc2c(c3c(s2)CCC3)C#N)N4CCOCC4,C12860729,inactive
5532,Cc1ccc(cc1)CNC(=O)CSc2c([nH+]c([nH]2)c3ccc(cc3)C)S(=O)(=O)c4ccccc4,C12112520,inactive
5533,CCN(c1cc(Cl)cc(C(=O)NCc2c(C)cc(C)[nH]c2=O)c1C)C1CCC(C(C)(C)C)CC1,CHEMBL3947443,active
5534,C[C@H]1Cc2cc(ccc2N1C(=O)C)S(=O)(=O)N(C)CC(=O)Nc3nc4ccc(cc4s3)OC,C20922419,inactive
5535,Cc1cc(no1)NC(=O)[C@H](c2ccccc2)Sc3ccc(cc3)NC(=O)Cc4ccc(cc4)Cl,C22750139,inactive
5536,Cc1cc(C)c(CN2CCc3c(Cl)cc(C(CO)N4CC[C@H](F)C4)c(Cl)c3C2=O)c(=O)[nH]1,435548,active
5537,COCCn1c(nnn1)[C@H](c2cc3cc4c(cc3[nH]c2=O)OCO4)[NH+]5CCN(CC5)c6ccc(cc6)OC,C06136295,inactive
5538,CCN(C1CCOCC1)c1ccc(Cl)c(C(=O)N(C)Cc2c(C)cc(C)[nH]c2=O)c1C,50149907,active
5539,COc1ccc(cc1)S(=O)(=O)c2cnc(nc2N)N3CC[NH+](CC3)C(c4ccccc4)c5ccccc5,C71772053,inactive
5540,COc1cc(cc(c1OC)OC)[C@@H](c2c(n3c(s2)ncn3)O)N4CC[NH+](CC4)C(c5ccccc5)c6ccccc6,C97987857,inactive
5541,Cc1ccc(cc1)S(=O)(=O)/N=C\2/[C@H]([NH+]=c3ccccc3=[NH+]2)Nc4cc(ccc4C(=O)O)Cl,C39984044,inactive
5542,CSc1cc(C)[nH]c(=O)c1CNC(=O)c1c(C)n([C@H](C)[C@H]2CCC(CC2)N2CC[C@@H](F)C2)c2ccccc12,574941,active
5543,COc1cccc(c1F)c2cn(c(=O)n(c2=O)C[C@H](c3ccccc3)[NH3+])Cc4c(cccc4F)F,C28470431,inactive
5544,CCCC1=C2[C@H](C(=C(O[C@@H]2N=N1)[NH3+])C#N)c3cccc(c3OCc4c(cccc4Cl)F)OC,C39964294,inactive
5545,CCOC(=O)c1c(csc1NC(=O)[C@H](C)Sc2cc(c3cc(cc(c3[nH+]2)C)C)C)c4ccccc4,C32529563,inactive
5546,Nc1ncnc2c1ncn2[C@H]1O[C@@H](CSCC[C@H](N)C(=O)NCc2cc(-c3ccccc3)[nH]n2)[C@H](O)[C@@H]1O,CHEMBL5200328,active
5547,c1cc(ccc1NC(=O)NC[C@H]2CCN(C2)c3ccc(cc3)F)N4CCCC4=O,C66343814,inactive
5548,CCc1cc2c(c(c(=[NH2+])oc2c(c1O)[C@H](c3ccccc3)N4CCOCC4)c5nc(cs5)C)O,C20412173,inactive
5549,CSc1cc(C)n(C)c(=O)c1CN1CCN(C)c2c(Cl)cc(-c3c(C)noc3C)c(Cl)c2C1=O,CHEMBL5081019,active
5550,[H]/N=C\1/C(=C/c2ccc(c(c2)OC)OCCOc3ccccc3OC)/C(=O)N=C4N1N=C(S4)c5ccccc5Cl,C08494271,inactive
5551,c1ccc(cc1)OCCOc2ccc(cc2)/C=c\3/c(=[NH2+])n-4[nH]/c(=C/C(=O)N5CCCCC5)/sc4nc3=O,C20333757,inactive
5552,Cc1ccc(c(c1)OCCOc2c(cc(cc2Cl)/C=N/Nc3cc(nc([nH+]3)N4CCCC4)N5CCCC5)OC)C(C)C,C97958910,inactive
5553,CC1=C([C@@H](N2CCCSC2=[NH+]1)c3ccc(cc3)NC(=O)Nc4ccccc4OC)C(=O)OCCOC,C33702980,inactive
5554,c1cc(ccc1c2cc([nH]n2)c3nnc(n3N)SCC(=O)Nc4cc(cc(c4)C(F)(F)F)C(F)(F)F)Cl,C97990114,inactive
5555,CN(C)S(=O)(=O)c1cccc(c1)N/C(=[NH+]/c2cc(cc(c2)Cl)Cl)/[S-],C08579865,inactive
5556,c1ccc(cc1)S(=O)(=O)N(CC(=O)N/[NH+]=C/c2ccccc2O)c3cccc(c3)Br,C03663303,inactive
5557,Cc1ccc2c(c1)cc(c(=O)n2CC(C)C)[C@H]3CC(=Nc4c3c(nn4c5ccc(=O)[nH]n5)C)O,C36357668,inactive
5558,CC1COCc2c(Br)cc(cc2C1)C(=O)NCc1c(C)cc(C)[nH]c1=O,359776,active
5559,CC(C)C[C@@H](C(=O)NC1CCCC1)NC(=O)[C@@H]2C(S[C@@H]3N2C(=O)c4c3cccc4)(C)C,C13556537,inactive
5560,COC1CN(C1)C1CC[C@@H](CC1)[C@@H](C)n1c(C)c(C(=O)NCc2c(SC)cc(C)[nH]c2=O)c2ccccc12,574838,active
5561,CCC[NH+]1CCc2c(sc(c2C(=O)OCC)NC(=O)[C@H]3CCCN3S(=O)(=O)c4ccc(cc4)C)C1,C36660259,inactive
5562,CCCOc1ccc(cc1)c2c(cn(n2)c3ccccc3)/C=N/NC(=O)C(=O)Nc4cccc(c4Cl)Cl,C02521834,inactive
5563,Cc1ccc(cc1F)NC(=S)Nc2cccc(c2)c3nnc4n3CCCCC4,C07353486,inactive
5564,CCCCCOc1ccc(cc1OC)[C@@H]2C(=C(C(=O)N2c3cccc[nH+]3)O)C(=O)c4ccc5c(c4)C[C@@H](O5)C,C34989981,inactive
5565,Cc1cc(c(c(c1)C=O)O)C[NH+](CCN(Cc2ccco2)Cc3cc(cc(c3O)C=O)C)Cc4ccco4,C19370085,inactive
5566,CC1(CC2=C([C@H](c3c([nH]c(nc3=O)SCc4ccc[nH+]c4)N2)c5cccc(c5OC)OC)C(=O)C1)C,C04787185,inactive
5567,c1ccc(cc1)C[C@H](C(=O)N[C@H](Cc2ccccc2)C(=O)OCc3ccc(cc3)[N+](=O)[O-])NC(=O)C[NH3+],C04018289,inactive
5568,CNc1c(cc(cn1)Br)S(=O)(=O)Nc2ccccc2I,C50650702,inactive
5569,Cc1ccc2cc3c(c(sc3nc2c1)C(=O)N4CCN(CC4)c5ccc(cc5)OC)N,C01342825,inactive
5570,CC(=O)c1cccc(c1)NC(=O)CSc2[nH+]c(c(cn2)S(=O)(=O)c3cccs3)N,C16842163,inactive
5571,CCc1ccc(cc1)N([C@H](c2cccc[nH+]2)C(=O)NC3CCCCC3)C(=O)Cn4nc(nn4)c5ccccc5,C00905795,inactive
5572,CCN(C1CCOCC1)c1cc(cc(C(=O)NCc2c(C)cc(C)nc2=O)c1C)-c1cnn(C)c1,172103,active
5573,C[C@H]1Cc2cc(ccc2O1)C(=O)C3=C(C(=O)N([C@@H]3c4ccc(cc4)OC)c5nnc(s5)SCc6ccccc6)O,C97970698,inactive
5574,C[C@]12CC/C(=N\OCC(=O)N[C@H](Cc3c[nH]c[nH+]3)C(=O)OC)/C=C1CC[C@@H]4[C@@H]2CC[C@]5([C@H]4CC[C@@]5(C#C)O)C,C70692260,inactive
5575,c1cc(cc(c1)NS(=O)(=O)c2ccc(cc2)Br)C(=O)NC[C@@H](c3ccco3)[NH+]4CCCC4,C12526206,inactive
5576,c1cc2c(cc1C(=O)N3CCC(CC3)C(=O)N)nc(n(c2=O)C4CCCCC4)SCc5cc[nH+]cc5,C04030322,inactive
5577,C[C@H]1CCCC[C@H]1n2c(nnc2SCC(=O)Nc3c(ccs3)C(=O)N)c4cccnc4,C03368165,inactive
5578,CSc1cc(C)[nH]c(=O)c1CNC(=O)c1c(C)n([C@H](C)[C@H]2OCC(CO2)N2CC(C)(C)C2)c2ccccc12,574940,active
5579,c1ccc(c(c1)C(=O)NCC(=O)N/N=C/c2ccc(cc2)OC(=O)c3cccs3)I,C02542613,inactive
5580,Cc1cccc(c1)NC(=S)N[C@@H](C)[C@@H]2c3cc(c(cc3CC[NH+]2Cc4ccc(cc4)F)OC)OC,C36043249,inactive
5581,c1ccc(cc1)S(=O)(=O)Nc2ccc(cc2)C(=O)N/N=C/c3c4ccccc4ccc3OC(=O)c5ccc(cc5Cl)Cl,C98218923,inactive
5582,Cc1ccc2nc(c(c(=O)n2c1)/C=C/3\C(=O)N(C(=S)S3)CCCCCC(=O)O)N4C[C@@H](C[C@@H](C4)C)C,C33452775,inactive
5583,C[C@H]1c2c(c3ccccc3[nH]2)[C@H](C[NH+]1[C@@H]4CC(=O)N(C4=O)c5ccc(cc5)OC(F)(F)F)c6ccccc6,C72459855,inactive
5584,c1ccc(cc1)[C@@H]2CC(=NN2C(=[NH2+])S[C@@H]3CC(=O)N(C3=O)c4ccc(cc4)F)c5ccccc5,C36048036,inactive
5585,C=CC(=O)N1CCC(N(CC)c2cc(-c3ccc(CN4CCOCC4)cc3)cc(C(=O)NCc3c(C)cc(C)[nH]c3=O)c2C)CC1,CHEMBL5173951,active
5586,Cc1cc(C)c(CNC(=O)c2cc(-c3cnn(C)c3)cc(N(C)C3CCNCC3)c2C)c(=O)[nH]1,CHEMBL3697421,active
5587,COC(=O)c1cc(cc(c1)NC(=O)CSc2nc3c(c(cs3)c4ccccc4)c(=O)n2CC=C)C(=O)OC,C01896064,inactive
5588,CSc1cc(C)[nH]c(=O)c1CNC(=O)c1c(C)n([C@H](C)[C@H]2CCNC[C@@H]2F)c2ccccc12,574887,active
5589,CCN(C1CCOCC1)c1cc2occ(C)c2c(C(=O)NCc2c(OC)cc(C)[nH]c2=O)c1C,50287056,active
5590,Cc1ccc2ccc(N[C@H]3CC[C@H](CNc4ncc(C(O)C(=O)NC5COC5)cn4)CC3)nc2c1Cl,CHEMBL5186598,active
5591,CCCCc1nn2c(=O)cc([nH+]c2s1)N3CCN(CC3)c4ccc(c(c4)NCCc5ccccc5)[N+](=O)[O-],C05946675,inactive
5592,CC1=C([C@@H](C(=C(N1)SCC(=O)Nc2ccc(cc2Br)[N+](=O)[O-])C#N)c3ccc(cc3)Cl)C(=O)C,C98048674,inactive
5593,Cc1cc(C)c(CNC(=O)c2cc3CC(C)(C)Oc3c(\C=C\c3ccccc3)c2)c(=O)[nH]1,359744,active
5594,Cn1nc(CNC(=O)[C@@H](N)CCSC[C@H]2O[C@@H](n3cnc4c(N)ncnc43)[C@H](O)[C@@H]2O)cc1C1CCC1,CHEMBL3397328,inactive
5595,Cc1ccc(cc1)S[C@H](C)C(=O)Nc2ccc(c(c2)S(=O)(=O)Nc3ccc(cc3)OC)OC,C19595875,inactive
5596,C[C@@H](C(=O)Nc1ccccc1Sc2ccccc2)[NH+]3CCN(CC3)CC(=O)Nc4ccc(cc4)F,C22781097,inactive
5597,CCN(C(=O)C1CCCC1)c1cc(cc(C(=O)NCc2c(C)cc(C)[nH]c2=O)c1C)-c1ccc(cc1)C(=O)N1CCOCC1,441966,active
5598,COc1ccc2c(c1CSc3ccccn3)NC(=[NH2+])C4=COc5c(c([nH]n5)c6ccccc6)[C@@H]24,C96581876,inactive
5599,Cc1c(c(n(n1)c2ccccc2)Oc3ccc(cc3F)F)C[NH+](C[C@H](COc4ccccc4)O)C(C)C,C36304092,inactive
5600,COC(=O)c1ccccc1NC(=O)CSc2c([nH+]c([nH]2)c3ccccc3)S(=O)(=O)c4ccccc4,C12112479,inactive
5601,CC[C@H](C)[C@@H](C(=O)NCCC(C)C)NC(=O)[C@@H]1CC2=c3ccccc3=[NH+][C@H]2[C@@H]4N1C(=O)c5c4cccc5,C63383486,inactive
5602,CC[NH+](CC)CCNC(=O)/C(=C\c1cn(c2c1cccc2)S(=O)(=O)N(C)C)/NC(=O)c3ccccc3F,C96498099,inactive
5603,Cc1cccc(c1)Cn2cc(c3c2cccc3)/C=C\4/C(=[NH2+])N5C(=NC4=O)SC(=N5)c6ccccc6Cl,C19853962,inactive
5604,Cc1ccc(c(c1)C)N2C(=O)C[C@H](C2=O)S/C(=[NH+]\Cc3ccc4c(c3)OCO4)/Nc5ccc(cc5)OC,C59446265,inactive
5605,CCN(CC)S(=O)(=O)c1cccc(c1)C(=O)N[C@@H](c2ccccc2)c3ccc4c(c3)[nH]c[nH+]4,C12540126,inactive
5606,c1ccc(cc1)C[C@H](C(=O)N2CCC3(CC2)c4c([nH+]c[nH]4)CCN3)NC(=O)c5ccco5,C25107668,inactive
5607,CCN(CC)S(=O)(=O)c1cc(ccc1C)NC(=O)C[NH2+]c2c(n(n(c2=O)c3ccccc3)C)C,C12617757,inactive
5608,CCS(=O)(=O)n1c(nc(n1)NCc2ccc(cc2)Br)NCc3ccc(cc3)Br,C97995264,inactive
5609,Cc1ccccc1NC(=O)CSc2c3c(c4c5c(c([nH+]c4s3)N6CCOCC6)COC(C5)(C)C)nc(n2)SC,C08767889,inactive
5610,CCCN1C/C(=C\c2ccc(cc2)OCC)/C3=C(C1)[C@H](C(=C(O3)[NH3+])C#N)c4ccc(cc4)OCC,C39324522,inactive
5611,Cc1ccccc1COc2ccc(cc2)C(=O)C3=C(C(=O)N([C@H]3c4cccc(c4)[N+](=O)[O-])CC[NH+](C)C)O,C35445282,inactive
5612,CC[NH+]1CCN(CC1)C(=O)c2cccc(c2)Nc3c(cnn(c3=O)c4cccc(c4)Cl)Oc5ccc(cc5)Cl,C98015466,inactive
5613,CSc1cc(C)[nH]c(=O)c1CNC(=O)c1c(C)n([C@H](C)C2CCN(CCC(F)(F)F)CC2)c2ccccc12,574953,active
5614,c1ccc(cc1)NC(=O)N2CCC(CC2)c3nnc(s3)C(=O)Nc4cccc(c4)F,C33114065,inactive
5615,CCc1ccc(cc1)S(=O)(=O)N2CC[NH+](CC2)[C@H](C)c3nc4ccccc4c(n3)NCc5ccccc5,C22052848,inactive
5616,CCOc1ccc(cc1)C(=O)C2=C(C(=O)N([C@@H]2c3ccc(cc3)F)CCc4c[nH]c5c4cc(cc5)OC)O,C35165423,inactive
5617,c1ccc2=[NH+]CC(=c2c1)/C=N/NC(=O)[C@@H]3[C@H](N(N=N3)c4c(non4)N)CSc5ccc(cc5)Cl,C38688988,inactive
5618,CC(C1CN(C)C1)c1cc(C)c2CCN(Cc3c(C)cc(C)[nH]c3=O)C(=O)c2c1Cl,435578,active
5619,COc1ccc(c(c1)[C@@H]2C(=C(N(C3=C2C(=O)CCC3)c4nnc(s4)SC)[NH3+])C#N)OC,C39439864,inactive
5620,CC(C)[C@H](C(=O)O[C@@H]1C[C@H]2[C@@]([C@@H]3[C@@]1(C4=CC[C@@H]([C@@]4([C@@H](C3)OC(=O)C)C)c5ccoc5)C)([C@H](C[C@H](C2(C)C)OC(=O)C)OC(=O)C)C)O,C67912961,inactive
5621,COc1ccc(cn1)-c1cc(C(=O)NCc2c(C)cc(C)[nH]c2=O)c(C)c2CC(C)(C)Oc12,359755,active
5622,Cc1ccc(cc1)N([C@@H](c2cc[nH+]cc2)C(=O)NC(C)(C)C)C(=O)Cn3nc(nn3)c4ccc(cc4)Cl,C06245101,inactive
5623,Cc1cccc(c1C)[NH+]2CCN(CC2)c3c(c([nH+]cn3)Nc4nc5ccc(cc5s4)OC)N,C54544267,inactive
5624,CC1=NC(=C)C([C@@H](C1C(=O)OC/C=C/c2ccccc2)c3cccc(c3)[N+](=O)[O-])C(=O)OCCOc4ccc(cc4)NC(=O)C,C08439543,inactive
5625,CC[NH+](CC)CCCN1[C@@H](C(=C(C1=O)O)C(=O)c2cc3cccc(c3o2)OC)c4ccc(cc4)OCC=C,C33813696,inactive
5626,CSCC[C@@H]1[C@H]2[C@@H](C(=O)N(C2=O)Cc3ccccc3)[C@@]4(N1)c5ccccc5N(C4=O)Cc6ccc(cc6)F,C98006385,inactive
5627,CSc1cc(C)[nH]c(=O)c1CNC(=O)c1c(C)n([C@H](C)C2CCC(CC2)NCC(F)(F)F)c2ncncc12,574954,active
5628,CC1=C([C@@H]([C@H]2C(=N1)CC(CC2=O)(C)C)c3ccc(c(c3)COc4cccc(c4Cl)Cl)OC)C(=O)Nc5ccc(c[nH+]5)Br,C08450313,inactive
5629,Cc1ccc(cc1Cl)N2C3=C(C(=O)CCC3)[C@@]4(c5ccccc5N(C4=O)C)C(=C2N)C#N,C13567725,inactive
5630,CC(C)c1ccc(cc1)NC(=O)N(Cc2nc(cs2)C(=O)N3CCN(CC3)c4ccccc4OC)C(C)C,C00965008,inactive
5631,c1ccc(cc1)C(c2ccccc2)[NH+]3CCN(CC3)CC(=O)N4CCCc5c4c(=O)oc6c5cc(cc6)O,C20155269,inactive
5632,Cc1nc2n(n1)c(c(s2)[C@H](c3ccc(cc3)F)[NH+]4CCN(CC4)C(c5ccccc5)c6ccccc6)O,C22784269,inactive
5633,COc1ccc(cc1)NCc2nnc(n2N)SCC(=O)Nc3cccc(c3)C(F)(F)F,C59312199,inactive
5634,c1ccc(cc1)c2cnc(c3c2nc(cc3)C(F)(F)F)NCC[NH+]4CCN(CC4)Cc5cccnc5,C24912690,inactive
5635,c1ccc2=[NH+]CC(=c2c1)C[C@H](C(=O)Nc3ccc(cc3)CC#N)NC(=O)c4ccccc4Cl,C63182773,inactive
5636,c1cc(ccc1S(=O)(=O)N=C2C=C(C(=O)C3=C2CC=CC3)NNC(=O)C4=CCNC=C4)Br,C26786642,inactive
5637,c1ccc2=[NH+]CC(=c2c1)C3=NN[C@@H](N3C4CC4)SCC(=O)NN5C(=O)C6(CCCCC6)NC5=O,C39732875,inactive
5638,CSc1cc(C)[nH]c(=O)c1CNC(=O)c1c(C)n([C@H](C)C2CCC(CC2)N2CC(C2)OC(F)F)c2cc(F)ccc12,574878,active
5639,CCOC(=O)C1=C(OC(=C([C@@H]1c2ccc(cc2)Cl)C#N)N)CSc3c(cc4c([nH+]3)CC[NH+](C4)C)C#N,C08448666,inactive
5640,CCN(C1CCN(CC1)C1CCOCC1)c1c(C)c(cc2n(C)ncc12)C(=O)NCc1c(C)cc(C)[nH]c1=O,516862,active
5641,c1ccc2c(c1)ccc(n2)c3c(c4cc(ccc4[nH]3)F)CCCC(=O)Nc5ccc6c(c5)OCO6,C39867546,inactive
5642,CCN([C@H]1CC[C@@H](CC1)N(C)C)c1cc(cc(C(=O)NCc2c(C)cc(C)[nH]c2=O)c1C)-c1ccc(CN2CCOCC2)nc1,601728,active
5643,c1ccc(cc1)/C=C\2/C(=O)N(C(=O)S2)CC(=O)Nc3ccc(cc3)S(=O)(=O)Nc4cccc[nH+]4,C08819048,inactive
5644,CN1CCc2c1ccc(c2)[C@@H](CNC(=O)C(=O)Nc3ccc(c(c3)Cl)F)[NH+]4CCCC4,C08964101,inactive
5645,c1ccc(cc1)C(=O)c2cc(ccc2NC(=O)CCC(=O)OCC(=O)c3ccc(cc3)Br)Cl,C04157239,inactive
5646,CCCN([C@H]1CC[C@@H](CC1)N(C)C)c1cc(cc(C(=O)NCc2c(C)n(C)[nH]c2=O)c1C)-c1ccc(OCCOC)cc1,310773,active
5647,COc1cccc(c1)NC(=O)c2ccc(c(c2)S(=O)(=O)Nc3ccc(cc3)Cl)Cl,C24813151,inactive
5648,CN(C)Cc1ccc(cn1)-c1cc(N(C)C2CCCC2)c(C)c(c1)C(=O)NCc1c(C)cc(C)[nH]c1=O,172029,active
5649,CC(C)Oc1ccc(cc1OC)[C@@H]2[C@H]3CN(CC=C3C(=C(C2(C#N)C#N)[NH3+])C#N)C(=O)OCc4ccccc4,C26607751,inactive
5650,c1ccc(cc1)N2C[C@H](CC2=O)C(=O)Nc3nnc(s3)SCC(=O)Nc4ccc(cc4)C(=O)N,C09517885,inactive
5651,c1ccc2c(c1)ccc(c2/C=[NH+]/NC(=O)CSc3nnc(n3C4CCCCC4)c5ccc(cc5)Cl)O,C02324976,inactive
5652,CCN(C1CCC(CC1)N(C)C)c1cc(cc(C(=O)NCc2c(C)cc(C)[nH]c2=O)c1C)-c1ccc(OCCOC)cc1,50594134,active
5653,c1cc(ccc1C(=O)NNC(=O)CCCN2C(=O)/C(=C/c3ccc4c(c3)OCO4)/SC2=S)F,C12274877,inactive
5654,CCCCCOc1ccc(cc1OC)[C@H]2[C@@H]3CN(CC=C3C(=C(C2(C#N)C#N)[NH3+])C#N)C(=O)OCC,C01776910,inactive
5655,CSc1cc(C)[nH]c(=O)c1CNC(=O)c1c(C)n([C@H](C)[C@H]2CC[C@H](N3CC(OC4CC4)C3)CC2)c2ccccc12,CHEMBL4635863,active
5656,c1ccc(cc1)N2C[C@@H](CC2=O)C(=O)Nc3ccc(cc3)C(=O)Nc4ccc(cn4)Cl,C10462413,inactive
5657,C[C@@H]1C(=C([NH2+]N1[C@@H]2CCS(=O)(=O)C2)C)C[NH2+]C[C@@H](c3cccs3)c4c[nH]c5c4cccc5,C39785755,inactive
5658,Cc1c(sc(c1C(=O)OC)NC(=O)C[NH+]2CC[C@@]3(CCCC[C@@H]3[C@@H]2c4ccc(cc4OC)OC)O)C,C08684643,inactive
5659,c1ccc2=[NH+]CC(=c2c1)CCNC(=O)CCCNC(=O)N3CC[C@H]4[C@@H](C3)N=C5[C@@H]4C=C(C=C5)Cl,C63270969,inactive
5660,CCOc1ccc(cc1)C(=O)Oc2ccc(cc2OCC)/C=N/NC(=O)C(=O)Nc3cccc(c3Cl)Cl,C04296255,inactive
5661,C[C@@]12CC[C@@H](CC1=CC[C@@H]3[C@@H]2CC[C@@]4([C@@H]3CC=C4C(=O)C[C@@H]5c6c(cc7c(c6OC)OCO7)CC[NH+]5C)C)O,C37238532,inactive
5662,CCOc1cc(ccc1OCCC(C)C)[C@@H]2C(=C(C(=O)N2CC[NH+](C)C)[O-])C(=O)c3ccc4c(c3)C[C@H](O4)C,C20533208,inactive
5663,Cc1ccc(c(c1)C)n2c3c(c(=O)n(c(n3)SCC(=O)Nc4nccs4)c5ccccc5OC)sc2=S,C03026885,inactive
5664,Cc1cccc(c1)NC(=O)CSc2nc3c(c([nH]n3)C)c(=[NH2+])n2c4ccc(cc4)Br,C02927056,inactive
5665,CCOc1cc(ccc1OCc2ccccc2)[C@@H]3C(=C(C(=O)N3c4nc5ccc(cc5s4)C)O)C(=O)c6ccc7c(c6)OCCO7,C97969726,inactive
5666,COc1ccc(cc1)NC(=O)[C@@H]2N=N[C@@H](S2)CSCC(=O)NCCC3=c4ccccc4=[NH+]C3,C64491452,inactive
5667,CC(=O)Nc1ccc(cc1)OCc2cc(ccc2OC)[C@@H]3[C@@H]4C(=c5cc(ccc5=[NH+]4)OC)CCN3,C63349920,inactive
5668,c1ccc(cc1)Oc2ccc(cc2)NC(=O)[C@H]3[C@H]4C=C[C@@]5([C@@H]3C(=O)N([C@@H]5C(=O)NC6CCCCC6)Cc7cccs7)O4,C33357055,inactive
5669,CCC(=O)Nc1cc(ccc1C)NC(=O)CSc2c(cc3ccccc3n2)Cc4ccccc4,C13502687,inactive
5670,CCN(C1CCOCC1)c1cc(cc(C(=O)NCc2c(C)cc(C)[nH]c2=O)c1C)C#CCN1CCCC1,601739,active
5671,Cn1c(cc(n1)c2ccc3ccccc3c2)[C@H]4C[NH+]5CC[C@H]4C[C@@H]5COC(=O)Nc6cccc(c6)C(F)(F)F,C67870654,inactive
5672,c1ccc(cc1)CSC2=[NH+]SC3=NC(=O)/C(=C\c4ccc(o4)c5ccc(c(c5)Cl)Cl)/C(=[NH2+])N23,C30732580,inactive
5673,CSc1cc(C)[nH]c(=O)c1CNC(=O)c1c(C)n([C@H](C)C2CCN(CC2)C2CC2)c2ccccc12,574900,active
5674,Cc1ccc(cc1)NC(=O)c2c(nc[nH]2)Nc3[n+](c(c(s3)C(=O)N4CCCCC4)[NH3+])c5ccccc5,C71405247,inactive
5675,Cc1ccc(cc1)S(=O)(=O)N(CC(=O)N/N=C/c2ccc(c(c2)Br)N(C)C)c3ccc(cc3)F,C59652442,inactive
5676,CN(C)c1ccc(cc1)[C@@H](CNS(=O)(=O)c2ccc(s2)Cl)[NH+]3CCN(CC3)c4ccc(cc4)F,C21755146,inactive
5677,CCCCN(CCCC)S(=O)(=O)c1ccc(cc1)C(=O)Nc2c(c3c(s2)C[NH+](CC3)CCC)C(=O)N,C08881234,inactive
5678,Cc1cc(C)c(CN2CCc3c(Cl)cc([C@H](CO)[C@@H]4CCCO4)c(Cl)c3C2=O)c(=O)[nH]1,CHEMBL4073054,active
5679,CCN(C1CCN(C)CC1)c1cc(cc(C(=O)NCc2c(C)cc(C)[nH]c2=O)c1C)-c1ccc(nc1)N1CCN(C)CC1,601721,active
5680,CC1(C)CC(CC(C)(C)N1)NC(=O)c1ccc(Oc2ccccc2C#N)c(F)c1,50010811,active
5681,c1ccc(cc1)c2nnc(n2c3ccccc3)SCC(=O)N/[NH+]=C/4\NC[C@@H](S4)CBr,C36729272,inactive
5682,C[C@@H]1Cc2cc(ccc2O1)C(=O)C3=C(C(=O)N([C@H]3c4ccc(cc4)Br)CCC[NH+](C)C)O,C34990748,inactive
5683,CCN([C@H]1CC[C@@H](CC1)N(C)C)c1cc(cc(C(=O)NCc2c(C)cc(C)[nH]c2=O)c1C)C(=O)N1CCC1,190204,active
5684,COC(C1CCOC1)c1ccc2CCN(Cc3c(C)cc(C)[nH]c3=O)C(=O)c2c1Cl,435626,active
5685,c1cc(ccc1NC(=O)CCNS(=O)(=O)c2ccc(cc2)Cl)S(=O)(=O)NC3CCCCC3,C20628814,inactive
5686,COc1ccc2c(c1)c(c[nH]2)CCN3[C@@H](C(=C(C3=O)O)C(=O)c4cccs4)c5ccc(c(c5)OC)OC,C35164219,inactive
5687,c1cc(ccc1C(=O)C[C@H]2C(=O)N/C(=N\c3ccc(cc3)S(=O)(=O)Nc4nccs4)/S2)F,C39843307,inactive
5688,COc1ccc(cc1OC)[C@H](C(=O)NC2CCCCC2)N(c3ccc(cc3)F)C(=O)[C@H]4COc5ccccc5O4,C00930850,inactive
5689,Cc1cc(C)c(CNC(=O)c2cc(cc3n(ncc23)C2CCCC2)N2CCN(CCN)CC2)c(=O)[nH]1,326159,active
5690,c1cc(ccc1NC(=S)NC(=O)c2ccc(cc2Cl)Cl)S(=O)(=O)NC3CCCCC3,C13978875,inactive
5691,CCOC(=O)[C@@H]1[C@@H](CC2=C(C1=O)[C@@H](C(=C(N2c3ccc(cc3)[N+](=O)[O-])N)C(=O)OCC)c4cccc(c4)F)c5cccs5,C98007113,inactive
5692,Cc1ccc2c(c1)[nH]c([nH+]2)SCC(=O)N3[C@@H]([C@@H]4CCC/C(=C/c5cccs5)/C4=N3)c6cccs6,C35168330,inactive
5693,CC(=O)Nc1ccc(cn1)C#CC2(CCCCC2)NC(=O)C[NH2+][C@@H]3CCS(=O)(=O)C3,C12219583,inactive
5694,C[C@H]1C(=c2ccccc2=[NH+]1)CCN3[C@H](C(=C(C3=O)O)C(=O)c4ccc(cc4)OC)c5ccc(cc5)F,C63515359,inactive
5695,Cc1ccc2ccc(N[C@H]3CC[C@H](CNc4ncc(cn4)C(CO)C(=O)NC4COC4)CC3)nc2c1Cl,50597034,active
5696,c1ccc(c(c1)NS(=O)(=O)c2ccc(cc2)/C=C\C(=O)NNC(=S)NC3CCCCC3)Cl,C97990382,inactive
5697,c1cc(cc(c1)F)C(=O)Oc2c(cc(cc2Br)Br)/C=N/NC(=O)CNC(=O)c3ccco3,C03116219,inactive
5698,Cc1ccc(cc1)S(=O)(=O)N(C[C@H]2CCCO2)C[C@@H](Cn3c4ccc(cc4c5c3ccc(c5)Br)Br)O,C08440919,inactive
5699,Cc1ccc(cc1)Oc2c(c(ncn2)N3CC[NH+](CC3)C(c4ccccc4)c5ccccc5)N,C40729980,inactive
5700,CC[NH+](CC)Cc1c(n(nn1)c2c(non2)N)C(=O)N/N=C(\C)/c3ccc(cc3)OCc4ccc(cc4Cl)Cl,C98215996,inactive
5701,COC(=O)C1=C(OC(=C([C@@H]1c2ccccc2F)C#N)N)CSc3c(cc4c([nH+]3)CCCCC4)C#N,C00663602,inactive
5702,c1cc(ccc1[C@H]2C(=C(C(=O)N2CCCn3cc[nH+]c3)O)C(=O)c4ccc(cc4)Br)Cl,C09240564,inactive
5703,c1cc(ccc1[C@H]2[C@@H]3[C@@H](Oc4ccc(cc4C3=Nc5n2nc[nH+]5)Cl)c6cc[nH+]cc6)F,C49937850,inactive
5704,Cc1ccc(cc1)[C@H](C(=O)NC(C)(C)C)N(Cc2cccs2)C(=O)CCC(=O)Nc3cccc[nH+]3,C08994918,inactive
5705,CCCCCCOc1ccc(cc1)[C@@H]2C(=C(C(=O)N2CCCn3cc[nH+]c3)[O-])C(=O)c4c(nc(s4)C)C,C35567811,inactive
5706,CN(C1CCCCC1)c1cc(cc(C(=O)NCc2c(C)cc(C)nc2=O)c1C)-c1cnn(C)c1,514151,active
5707,CC(=O)Nc1ccc(cc1)C2=Nc3nc(nn3[C@@H](C2)c4ccccc4Cl)CCCO,C02667871,inactive
5708,CC1(O[C@@H]2[C@@H](O1)[C@H](O[C@@H]2[C@H](COC(c3ccccc3)(c4ccccc4)c5ccccc5)[NH3+])OCc6ccccc6)C,C72130304,inactive
5709,COc1ccc(cc1)NC2=[N+](C(=O)/C(=C\c3cccc(c3OC)OC)/S2)CCc4c[nH]c5c4cccc5,C96585426,inactive
5710,COc1ccc(cc1OC)S(=O)(=O)N(CCc2ccccc2)CC(=O)Nc3ccc(cc3)Br,C01202649,inactive
5711,Cc1c(c(n(n1)c2ccccc2)O)/C=C/3\C(=O)NN(C3=O)c4ccc(cc4)Br,C00847557,inactive
5712,CCN(c1cc(/C=C/c2ccc3c(c2)NC(=O)CO3)cc(C(=O)NCc2c(C)c3c([nH]c2=O)CCCC3)c1C)C1CCOCC1,CHEMBL4637305,active
5713,CC(C)c1ccc(cc1)NC(=O)c2ccc(c(c2)[N+](=O)[O-])NCCC[NH+]3CCN(CC3)c4cccc(c4)Cl,C49767745,inactive
5714,CCCOc1ccc(cc1)N2C(=O)C[C@@H](C2=O)SC(=[NH2+])N/N=C(\C)/c3ccc(cc3)C4CCCCC4,C59489400,inactive
5715,CC(=O)Nc1ccc(cc1)S(=O)(=O)Nc2c(nc3ccccc3n2)Nc4ccc(cc4)C(=O)Nc5ccc(cc5)OC,C01876427,inactive
5716,Cc1ccc(cc1S(=O)(=O)NCc2[nH]c3ccccc3n2)c4c5ccccc5c(n[nH+]4)Nc6ccc(cc6)O,C06489501,inactive
5717,Cc1ccc(cc1)C(=O)C2=C(C(=O)N([C@H]2c3ccccc3F)C[C@@H](c4ccc(cc4)Cl)[NH+]5CCCCC5)O,C98048189,inactive
5718,Cc1cccn2c1nc(c2C)C(=O)C3=C(C(=O)N([C@H]3c4ccc(c(c4)OC)O)Cc5ccco5)O,C35484646,inactive
5719,C[C@@H]1CC[C@@]23CCC(=O)[C@H]2[C@]1([C@@H](C[C@@]([C@H]([C@@H]3C)O)(C)C=C)OC(=O)CSC(C)(C)CNC(=O)[C@@H](C(C)C)[NH3+])C,C77320007,inactive
5720,c1ccc(c(c1)[C@@H]2[C@H]3[C@@H](C(=O)N(C3=O)c4ccc(cc4)F)[C@@]([NH2+]2)(CC5=c6ccccc6=[NH+]C5)C(=O)[O-])O,C63465133,inactive
5721,COc1ccc(cc1OC)CCN(CCC(=O)Nc2nnc(s2)c3ccc(cc3)Cl)C(=O)c4cccc(c4)C(F)(F)F,C98016822,inactive
5722,CC1(CC(CC([NH2+]1)(C)C)NC(=O)CSc2nc([nH]n2)N/N=C/c3cc(ccc3OC)Br)C,C20834836,inactive
5723,C[C@@H]1C[C@@H](C[NH+](C1)CCC(=O)O[C@@H]2CC[C@@]3([C@@H]4CC[C@]5([C@@H]([C@@H]4C=C(C3=C2)C)CC[C@@]5(C(=O)C)OC(=O)C)C)C)C,C70701227,inactive
5724,c1c(cc(cc1C(F)(F)F)S(=O)(=O)NCCNS(=O)(=O)c2cc(cc(c2)C(F)(F)F)C(F)(F)F)C(F)(F)F,C95742711,inactive
5725,CCN(c1cc(Cl)cc(C(=O)NCc2c(C)cc(C)[nH]c2=O)c1)C1CCOCC1,CHEMBL3769788,inactive
5726,CSc1cc(C)[nH]c(=O)c1CNC(=O)c1c(C)n([C@H](C)[C@H]2CCC(CC(C)C([O-])=O)CC2)c2ccccc12,575025,active
5727,COc1ccc2CCN(Cc3c(C)cc(C)[nH]c3=O)C(=O)c2c1Cl,50193704,active
5728,Cc1ccc(c(c1)C)n2c3c(c(n2)c4ccccc4)[C@@H](SCC(=O)N3CC(=O)NCc5ccc[nH+]c5)c6ccccc6C,C98012066,inactive
5729,CCc1[nH]c(c([nH+]1)C)CN2CCC3=C([C@@H](S[C@@H]3C2)S(=O)(=O)NCC4CCCCC4)C(=O)OC,C64044149,inactive
5730,CCN(C(=O)C1CCCC1)c1cc(cc(C(=O)NCc2c(C)cc(C)[nH]c2=O)c1C)-c1ccc(CN2CCOCC2)cc1,50575202,active
5731,CN(C)CCCN1CCC(=CC1)c1cc(C(=O)NCc2c(C)cc(C)[nH]c2=O)c2cnn(C3CCCC3)c2c1,326193,active
5732,c1cc(ccc1COc2ccc(cc2C[NH2+]CCNc3ccc(cc3Cl)[N+](=O)[O-])Br)F,C16401809,inactive
5733,CCOc1ccc(cc1OCC)Cn2c3c(nc2SCC(=O)Nc4ccc(cc4)OC(F)(F)Cl)n(c(=O)n(c3=O)C)C,C98005108,inactive
5734,CCOc1ccc(cc1)CC(=O)N[C@H](CCSC)C(=O)N2CCC3(CC2)c4c(nc[nH]4)CCN3,C13570619,inactive
5735,CC(C)CN(CC(=O)Nc1nc(cs1)CC(=O)N2CCN(CC2)c3ccccc3Cl)C(=O)c4ccccc4,C00698548,inactive
5736,C[C@]1(NC(=O)N(N1)c2c(cc(cn2)C(F)(F)F)Cl)C3=NO[C@@H](C3)CNc4c(cc(cn4)C(F)(F)F)Cl,C12856937,inactive
5737,CC1(CC2=C([C@H](C(=C(O2)N)C(=O)OC)c3ccc(o3)COc4cccc(c4)Br)C(=O)C1)C,C00648623,inactive
5738,CC\1=NN(C(=O)/C1=C\Nc2ccc(cc2)S(=O)(=O)/N=c\3/cc(nc([nH]3)OC)OC)c4ccc(cc4)I,C08440974,inactive
5739,COc1cc(cc(c1OC)OC)C(=O)c2cc(ccc2N/C=C(\C#N)/c3nc(cs3)c4cc5ccccc5oc4=O)Cl,C97966516,inactive
5740,[H]/N=C\1/C(=C\c2ccc(c(c2)Cl)OC(=O)c3ccc(cc3)F)/C(=O)N=C4N1N=C(S4)S(=O)(=O)C,C20207984,inactive
5741,C[C@@]1(C(=O)N(C(=O)N1)C[C@@H](c2ccc(cc2F)F)O)c3ccc(cc3Cl)Cl,C51258221,inactive
5742,C[C@H](c1ccccc1)[NH2+]Cc2cc(c(c(c2)Br)OC[C@@H](c3ccc4c(c3)OCCO4)O)OC,C20877123,inactive
5743,CC(=O)Nc1ccc(cc1)S(=O)(=O)NC[C@@H](c2cccs2)S(=O)(=O)c3ccc(cc3)Cl,C38935057,inactive
5744,CCN(c1cc(-c2ccc(CN3CCN(C)CC3)cc2)c(C)c(C(=O)NCc2c(C)cc(C)[nH]c2=O)c1C)C1CCOCC1,CHEMBL5183810,active
5745,C[C@H](c1cccn2c1[nH+]c(c2)c3ccc(cc3)C[C@H](C[NH3+])NC(=O)c4ccc(c(c4)Cl)OC(C)C)O,C98091527,inactive
5746,C[NH+]1CCc2c(sc(c2c3nc4ccccc4s3)NC(=O)[C@@H]5CC(=O)N(C5)c6ccc(cc6)F)C1,C36629116,inactive
5747,Cc1cc2c(c(=O)n1CCc3ccccc3)[C@@H](C(=C(O2)N)C#N)c4ccc(cc4)Cl,C01471951,inactive
5748,CCOC(=O)[C@H](CC(C)C)NC(=O)[C@@H]1C[C@@]23C=C[C@@]1([C@@H]4[C@@]25CC[NH+]([C@@H]3Cc6c5c(c(cc6)OC)O4)C)OC,C96316356,inactive
5749,c1ccc(cc1)/C=C/S(=O)(=O)Nc2ccc(cc2)C(=O)NNC(=O)c3cc(ccc3Cl)Cl,C18098304,inactive
5750,COc1ccc(c(c1)[C@@H]2C(=C(OC(=C2C(=O)OC)CSc3c(cc4c([nH+]3)CCCCC4)C#N)N)C#N)F,C08451209,inactive
5751,c1ccc(cc1)OCCOCCOc2ccc(cc2/C=N/NC(=O)Cc3nnc(s3)N)Br,C13799981,inactive
5752,Cc1ccc(cc1)NC(=O)CSC2=[NH+]C(=C3C[NH+](CN=C3N2c4ccc(cc4)C)CCc5ccc(c(c5)OC)OC)[O-],C98042701,inactive
5753,CCc1cc(c(s1)SCC)[C@@H]2C3C(=NC(=C2C(=O)Nc4cccc[nH+]4)C)C[C@H](CC3=O)c5ccccc5,C05928462,inactive
5754,CCCn1c(c(c(c(c1=O)C#N)C)/C=C/2\C(=O)N(C(=S)S2)CCCCCC(=O)O)N3CCCCCC3,C33813468,inactive
5755,CC1(C[NH+]=C(S1)N2CC[NH+](CC2)C[C@H](COc3ccc(cc3)OC[C@H](CN4CCN(CC4)C5=[NH+]CC(S5)(C)C)O)O)C,C49771564,inactive
5756,Cn1cc(cn1)CC[NH2+][C@@H]2CCc3c(sc4c3c(=O)n(cn4)CCc5cccc(c5)Cl)C2,C14999324,inactive
5757,CC[C@H](C)n1cc(C)c2c(cc(cc12)-c1ccc(nc1)N1CCNCC1)C(=O)NCc1c(C)cc(C)[nH]c1=O,50017293,active
5758,COc1ccc(cc1)n2c(nnc2SCC(=O)N/N=C/c3cc(cc(c3O)Br)Br)c4ccccc4,C97939502,inactive
5759,COc1cc(ccc1OCCc2cccc[nH+]2)CN([C@H]3CCCCNC3=O)S(=O)(=O)c4ccccc4F,C11788778,inactive
5760,COc1ccc(c(c1OC)OC)/C=C/2\C[NH2+]CC3=C2OC(=C([C@@H]3c4ccc(c(c4OC)OC)OC)C#N)N,C39326844,inactive
5761,Cc1ccccc1COc2ccc(cc2)/C(=C/3\[C@H](N(C(=O)C3=O)CCC[NH+](C)C)c4ccc[nH+]c4)/O,C09436765,inactive
5762,CC1CC[NH+](CC1)Cc2c(nnn2c3c(non3)N)C(=O)N/N=C/c4cc(ccc4OCc5cccc6c5cccc6)Cl,C97966655,inactive
5763,c1ccc(c(c1)C(=O)Nc2ccc(cc2)Br)NC(=O)C(=O)N/N=C/c3coc4ccc(cc4c3=O)Cl,C04259756,inactive
5764,C[C@H]1CC[C@@]2(CC[C@@]3(C(=CC[C@@H]4[C@@]3(CC[C@@H]5[C@@]4(CC[C@@H]([C@@]5(C)CO)O)C)C)[C@@H]2[C@@]1(C)O)C)C(=O)O[C@@H]6[C@@H]([C@@H]([C@@H]([C@@H](O6)CO)O)O)O,C67912985,inactive
5765,CC\1(c2ccccc2N(/C1=C\C(=O)[C@H]([C@@H](c3ccc(cc3)OC)[NH+]4CCN(CC4)c5ccccc5F)O)C)C,C32706040,inactive
5766,Cc1c2c(n(n1)c3ccccc3)[NH+]=C4C(=Nc5ccccc5N4[C@@H]2c6ccc(cc6)N(C)C)Nc7ccc(cc7OC)OC,C01879650,inactive
5767,CCN(c1cc(-c2ccc(NC(=O)CCCCCCCNC(=O)C[C@@H]3N=C(c4ccc(Cl)cc4)c4c(sc(C)c4C)-n4c(C)nnc43)cc2)cc(C(=O)NCc2c(C)cc(C)[nH]c2=O)c1C)C1CCOCC1,CHEMBL5175060,active
5768,Cc1c(sc([nH+]1)N)C(=O)N/N=C/c2ccc(cc2)N3[C@@H](CC(=N3)c4ccccc4)[C@H]5CC=CC=C5,C08800963,inactive
5769,CCOc1ccc(cc1Cl)C(=O)C2=C(C(=O)N([C@@H]2c3ccc(cc3)Br)CCCn4cc[nH+]c4)[O-],C53291397,inactive
5770,CC(C)[C@@H](C(=O)NNC(=O)CC1=c2ccccc2=[NH+]C1)NS(=O)(=O)c3cccc(c3)Cl,C64737513,inactive
5771,CSc1cc(C)[nH]c(=O)c1CNC(=O)c1c(C)n([C@H](C)[C@H]2CCC(CC2)NC2(CF)COC2)c2ncccc12,575045,active
5772,C/C(=N\NC(=O)CN(c1ccc(cc1)OC)S(=O)(=O)C)/c2cccc(c2)NC(=O)c3cccc(c3)Cl,C97964098,inactive
5773,Cc1ccc(cc1)S(=O)(=O)Oc2ccc(cc2/C=N/Nc3cc(nc([nH+]3)N4CCCC4)N5CCCC5)Br,C97958957,inactive
5774,Cc1ccc(cc1)S(=O)(=O)C/[NH+]=C(\c2ccccc2)/NC(=S)NN(c3ccccc3)c4ccccc4,C11852420,inactive
5775,Cc1ccc(c(c1)C)NC(=O)[C@H]2CC(=O)[N+](=C(S2)Nc3ccc(cc3)OC)CCc4ccc(cc4)Cl,C58943683,inactive
5776,Cn1c2c(c(=O)n(c1=O)C)n(c([nH+]2)NCCc3c[nH]c4c3cccc4)Cc5ccc(cc5)Br,C08775655,inactive
5777,CC(C)C(=O)Nc1nc(cs1)CC(=O)N(Cc2ccc(c(c2)Cl)Cl)Cc3cccc[nH+]3,C72052623,inactive
5778,c1ccc(cc1)CC(=O)NN2C(=O)/C(=C/c3c[nH]nc3c4cccc(c4)[N+](=O)[O-])/SC2=S,C35516407,inactive
5779,c1ccc(cc1)CN2C(=O)N(C(=O)C23CC[NH+](CC3)Cc4nc5ccccc5s4)CCCc6ccc[nH+]c6,C14744232,inactive
5780,CCOC(=O)c1c2c(sc1NC(=O)c3ccc(cc3)S(=O)(=O)N4CCCc5c4cccc5)C([NH2+]C(C2)(C)C)(C)C,C97963606,inactive
5781,Cc1ccc(cc1C)n2c(nnc2SCC(=O)c3c(n(c(=O)n(c3=O)C)C)N)c4ccccc4,C03232770,inactive
5782,CCS(=O)(=O)N1Cc2ccccc2C[C@@H]1C(=O)Nc3cccc(c3)S(=O)(=O)N4CCCCC4,C09662697,inactive
5783,CC(C)n1ncc2c(cc(nc12)C1CCN(CC1)C(=O)C1CCNCC1)C(=O)NCc1c(C)cc(C)[nH]c1=O,325948,active
5784,C[C@H](Cc1cccs1)[NH+](Cc2ccc(cc2)OC)CC(=O)Nc3cc(cc(c3)C(=O)N)C(=O)N,C24892642,inactive
5785,COc1ccc(cc1)N2C(=O)C[C@H](C2=O)NNc3cc(c4cc(ccc4[nH+]3)Cl)c5ccccc5,C18212464,inactive
5786,C[C@H](C(=O)Nc1ccc(cc1Cl)F)Sc2[nH]nc(n2)c3ccccc3F,C05677387,inactive
5787,CN1C2=C([C@H](NC1=O)c3cccc(c3OC)OC)C(=O)N(C2)CC(=O)Nc4ccccc4F,C34792637,inactive
5788,COc1cc2c(cc[nH+]c2cc1OC)Oc3ccc(cc3)N(c4ccc(cc4)F)C(=O)C5(CC5)C(=O)N,C71623881,inactive
5789,CCN(C1CCS(=O)CC1)c1cc(cc(C(=O)NCc2c(C)cc(C)[nH]c2=O)c1C)-c1ccc(C[N+]2([O-])CCOCC2)cc1,172129,active
5790,CCCCCCCCS(=O)(=O)C[C@H](CSc1c(c(cc([nH+]1)c2ccccc2)c3ccccc3)C#N)O,C08448611,inactive
5791,c1cc(ccc1COc2ccc(cc2)/C=c\3/c(=[NH2+])n-4[nH]/c(=C/C(=O)N5CCCC5)/sc4nc3=O)Cl,C49657382,inactive
5792,CC(=O)Nc1ccc(cc1)/[NH+]=C/c2ccccc2OCOc3ccccc3/C=N/c4ccc(cc4)NC(=O)C,C16321166,inactive
5793,CCOc1ccc(cc1)c2nnc(n2N)SCc3[nH+]c(c4c5c(sc4n3)CCCCC5)N,C10536093,inactive
5794,CCCCCOc1ccc(cc1OCC)[C@@H]2C(=C(C(=O)N2CCC[NH+]3CCOCC3)O)C(=O)c4ccc5c(c4)C[C@H](O5)C,C97967204,inactive
5795,COc1cccc(c1CN2CCC[C@@H](C2)c3c(c[nH]n3)c4ccc(cc4F)F)O,C42881846,inactive
5796,CC(=O)N[C@@H](Cc1ccccc1)C(=O)N[C@@H](Cc2ccccc2)C(=O)N[C@H](Cc3c[nH]cn3)C(=O)OC,C64219159,inactive
5797,CCOC(=O)c1c2c(sc1NC(=O)[C@H](C)Sc3nnc(n3CCOC)c4cccnc4)CCCCC2,C10611103,inactive
5798,CC(C)(C)NC1=Nc2ccccc2C[NH2+][C@@]13CCN(C3)C(=O)c4cccc(c4)F,C65265951,inactive
5799,CCN(c1cc(-c2ccc(CN3CCN(CCCCCCCOc4cccc5c4C(=O)N(C4CCC(=O)NC4=O)C5=O)CC3)cc2)cc(C(=O)NCc2c(C)cc(C)[nH]c2=O)c1C)C1CCOCC1,CHEMBL5089835,active
5800,CN1[C@H](C[C@@H](NS1(=O)=O)c2cccs2)C(=O)Nc3ccc(cc3F)F,C71384988,inactive
5801,CCOc1ccc2c(c1Cl)C(=O)N(Cc1c(C)cc(C)[nH]c1=O)CC2,CHEMBL3947273,active
5802,CC1CN(C2CCCC2)c2cc(cc(C(=O)NCc3c(C)cc(C)[nH]c3=O)c12)-c1ccc(CN2CCOCC2)cc1,50205636,active
5803,C[C@]12CC[C@H]([C@@]([C@H]1Cc3c(nc(s3)NC(=O)C(C)(C)C)[C@H]2CC(=O)NCC[NH+]4CCOCC4)(C)CO)O,C43553446,inactive
5804,C/C(=N/NC(=O)C[NH+]1CCN(CC1)S(=O)(=O)c2ccc(cc2)Br)/c3ccc(cc3)O,C08836680,inactive
5805,COc1c/c(=N/S(=O)(=O)c2ccc(cc2)/[NH+]=C/c3ccc(c(c3)O)O)/[nH]c(n1)OC,C59461106,inactive
5806,Cc1c(c(=O)n(n1C)c2ccccc2)NS(=O)(=O)c3ccc(c(c3)[N+](=O)[O-])NCC[NH+]4CCOCC4,C13138582,inactive
5807,c1ccc(cc1)Cn2c(nnc2SCc3ccc(cc3)F)C4CC[NH+](CC4)Cc5ccc(cc5)O,C11782997,inactive
5808,c1cc(cc(c1)C(F)(F)F)c2ccc(o2)[C@H]3Nc4c(c5c(s4)CCCC5)C(=[NH+]3)O,C02765512,inactive
5809,CC(C)Oc1ccc(cc1)C(=O)[C@H]2[C@@H](N(C(=O)C2=O)CC[NH+]3CC[NH2+]CC3)c4ccc(cc4)[N+](=O)[O-],C08779158,inactive
5810,CC(C)C[C@@H](C(=O)N[C@@H](Cc1c[nH]c[nH+]1)C(=O)Nc2ccc3ccccc3c2)NC(=O)[C@H](Cc4cnc[nH]4)[NH3+],C71788438,inactive
5811,c1ccc(cc1)C(=O)COC(=O)[C@@H](CC2=c3ccccc3=[NH+]C2)NC(=O)c4ccc(cc4)Br,C63623029,inactive
5812,CN1c2ccccc2C(=[NH+][C@@H](C1=O)NC(=O)Nc3ccc(cc3C(F)(F)F)Cl)c4ccccc4,C95929291,inactive
5813,c1ccc(c(c1)NS(=O)(=O)c2ccc(cc2)C(=O)NC[C@H](c3cccs3)[NH+]4CCOCC4)F,C22007880,inactive
5814,CCOc1cc(ccc1OCC=C)[C@@H]2C(=C(C(=O)N2CC[NH+]3CCOCC3)O)C(=O)c4ccc5c(c4)C[C@@H](O5)C,C38140340,inactive
5815,CC(=O)Nc1ccc(cc1)S(=O)(=O)/N=C\2/[C@H]([NH+]=c3ccccc3=[NH+]2)Nc4ccc5ccccc5c4,C39976471,inactive
5816,CC(C)c1ccc2c(c1)[C@H](Cc3ccc(cc3S2)F)[NH+]4CCN(CC4)CCOC(=O)c5cc(c(c(c5)OC)OC)OC,C22789216,inactive
5817,C[C@@H](c1[nH+]c2ccccc2c(n1)NCCc3ccccc3)N4CCN(CC4)S(=O)(=O)c5ccc(cc5)C(C)(C)C,C98230964,inactive
5818,CCN(c1cc(-c2ccc(CNCCO)cc2)cc(C(=O)NCc2c(C)cc(C)[nH]c2=O)c1C)C1CCOCC1,CHEMBL3697487,active
5819,C[C@H](c1ccc(cc1)OC)NC(=O)c2c(nc([nH]2)C3CC[NH+](CC3)C)c4ccc(cc4)OC,C19698723,inactive
5820,C[C@@H](C(=O)N1CCC[C@H]1C(=O)[O-])NC(=O)[C@@H]([C@@H](CCCC[NH3+])N)O,C06020050,inactive
5821,c1ccc(cc1)CC/[NH+]=C(\Nc2ccc(cc2)C(=O)[O-])/N3CC[NH+](CC3)CCOc4ccc(cc4)Cl,C15782773,inactive
5822,C[C@H]1C(=c2ccccc2=[NH+]1)C(=O)[C@H](C)OC(=O)c3ccc(cc3)N4C(=S)S[C@@H](N4)SC,C39943240,inactive
5823,Cc1ccc(c(c1)C)NS(=O)(=O)c2ccc(cc2)NC(=S)NC(=O)COc3ccc(cc3)C(C)(C)C,C12499887,inactive
5824,COc1ccccc1[C@@H](CNC(=O)Nc2ccc(cc2)CCN3CCSCC3)[NH+]4CCCC4,C72049446,inactive
5825,CCOC(=O)c1ccc(cc1)N2C(=O)[C@H](N(C2=S)CCC[NH+]3CCC(CC3)C(=O)N)CC(=O)Nc4ccc(cc4)OC,C98005914,inactive
5826,COc1ccc(cc1OC)CCNS(=O)(=O)c2ccc(c(c2)C(=O)Nc3ccccc3C(F)(F)F)F,C03023995,inactive
5827,Cc1cc(c(c(c1NS(=O)(=O)C)C)S(=O)(=O)Nc2cccc(c2)C(F)(F)F)C,C71974054,inactive
5828,COC(=O)c1c(c2ccc([nH+]c2s1)C[NH+]3CCCC[C@H]3CCO)NC(=O)c4ccc(cc4)F,C11912431,inactive
5829,C[C@@H]1CCCC[NH+]1CCCNC(=O)[C@@H](C2CCCC2)[NH+]3CCN(CC3)C(=O)c4ccc(cc4)Cl,C36256930,inactive
5830,c1cc(sc1)c2cc(nc(n2)SCC(=O)Nc3cc(cc(c3)OCC(C(F)F)(F)F)[N+](=O)[O-])C(F)(F)F,C02799731,inactive
5831,Cc1c(c(=O)n(n1C)c2ccccc2)NC(=S)Nc3ccc(cc3Cl)Br,C01122039,inactive
5832,CCc1ccccc1NC(=O)CSc2nc3c(c4c(s3)CN(CC4)C(=O)C)c(=O)n2Cc5ccco5,C35432188,inactive
5833,Cc1cccc(c1)COc2ccc(cc2)C(=O)C3=C(C(=O)N([C@H]3c4ccccc4F)CCCn5cc[nH+]c5)O,C17044464,inactive
5834,c1ccc(cc1)CN2C(=O)[C@](C(=O)NC2=O)(Cc3ccc(cc3)O)C[NH+]4C[C@H]5C[C@@H](C4)c6cccc(=O)n6C5,C70672240,inactive
5835,c1ccc(cc1)NC(=O)CSc2nnc(n2C[C@H]3CCCO3)c4c(c5ccc[nH+]c5s4)N,C64794536,inactive
5836,Cc1cc(C)c(CNC(=O)c2cc(-c3ccc(CN4CCOCC4)cc3)cc3c2C(C)CN3C2CCOCC2)c(=O)[nH]1,CHEMBL3892623,active
5837,Cc1c([nH+]c[nH]1)CSCCN/C(=C\2/C(=NN(C2=O)c3nc4ccccc4s3)c5ccccc5)/C,C20288214,inactive
5838,CC1(C)CC(NC(=O)c2ccc(Oc3ccccc3C#N)c(Cl)c2)CC(C)(C)N1,CHEMBL3264779,active
5839,c1ccc(cc1)c2[nH]c(nn2)C[NH2+]C3CCN(CC3)c4ccc(cc4)C(=O)N5CCc6ccccc6C5,C12509883,inactive
5840,CCCCOc1ccc(cc1OCC)[C@H]2C(=C(C(=O)N2c3nc4ccc(cc4s3)OCC)O)C(=O)c5ccc6c(c5)OCCO6,C97969793,inactive
5841,C[C@@H]1Cc2c3ccccc3[nH]c2[C@@H]([NH+]1C[C@@H](COc4ccccc4)O)c5ccc(c(c5)OC)OC,C36367820,inactive
5842,c1ccc(c(c1)[C@@H]2C(=C(C(=O)N2CCCn3cc[nH+]c3)O)C(=O)c4ccc(cc4)Br)Cl,C09271930,inactive
5843,CC(C)(C)NC(=O)CSc1nc([nH]n1)N/N=C/c2ccccc2OCc3cccc(c3)Br,C59019314,inactive
5844,C=C1C([C@H]([C@H](C(=N1)SCC(=O)Nc2cccc(c2)C(F)(F)F)C#N)c3cc[nH+]cc3)C(=O)Nc4ccccc4,C08411367,inactive
5845,CCN(c1cc(-c2cnc(N3CCN(C)CC3)nc2)cc2c(NCc3c(C)cc(C)[nH]c3=O)nccc12)[C@H]1CC[C@H](N(C)C)CC1,CHEMBL5190398,active
5846,CC[C@@H](C(=O)N/N=C/c1cc(c(c(c1)Br)[O-])Br)SC2[NH+]=c3ccccc3=[NH+]2,C63562442,inactive
5847,c1ccc2=[NH+]CC(=c2c1)/C=N/NC(=O)[C@@H]3[C@@H](N(N=N3)c4c(non4)N)CSc5ccc(cc5)Cl,C38688986,inactive
5848,CCC1=C[C@H]2C[C@@](c3c(c4ccccc4[nH]3)CC[NH+](C2)C1)(c5cc6c(cc5OC)N([C@@H]7[C@]68CCN9[C@@H]8[C@@](C=CC9)([C@H]([C@@]7(C(=O)OC)O)OC(=O)C)CC)C=O)C(=O)OC,C94303127,inactive
5849,Cc1ccc(o1)CN([C@@H](c2ccc(c(c2)OC)O)C(=O)NC(C)(C)CC(C)(C)C)C(=O)c3ccc(cc3)F,C36602979,inactive
5850,CCOc1ccc(cc1)[C@H]2c3c(nn(c3[NH+]=C4N2c5ccccc5N=C4Nc6ccc(c(c6)Cl)OC)c7ccccc7)C,C01758330,inactive
5851,Cc1ccc(c(c1)C)NS(=O)(=O)c2cc(ccc2Cl)C(=O)NC(C)(C)C,C01075564,inactive
5852,COC(=O)c1c2c(sc1NC(=S)NCCCn3c(c(c(n3)C(F)(F)F)Cl)C4CC4)CCCC2,C13770201,inactive
5853,CCOC(=O)c1c2c(sc1NC(=O)CSc3nnc(n3c4ccc(cc4)F)CNC(=O)Cc5ccccc5)CCCCC2,C33357986,inactive
5854,Cc1ccc(o1)CN([C@@H](c2ccc(cc2)OC)C(=O)NC(C)(C)CC(C)(C)C)C(=O)c3cccc(c3)Cl,C36596149,inactive
5855,Cc1cc(ccc1[N+](=O)[O-])OCc2cc(ccc2OC)[C@@H]3C(=C(N(C4=C3C(=O)CC(C4)(C)C)c5ccc[nH+]c5)N)C#N,C00673434,inactive
5856,c1cc(cc(c1)NC(=O)N(C[C@H]2CCCO2)CC(=O)N(Cc3ccc4c(c3)OCO4)Cc5cccs5)C(F)(F)F,C98016732,inactive
5857,CC1CC(NC(=O)c2ccc(Oc3cccc(-c4ccnnc4)c3C#N)c(Cl)c2)CC(C)N1,CHEMBL3264793,inactive
5858,Cc1cccc(c1NC(=O)CS[C@@H]2NN[C@H](N2[NH3+])[C@@H]3C=C(N=N3)c4ccc(cc4)Cl)C(C)C,C38984774,inactive
5859,CC(C)OCCCNC(=O)C(=O)N/N=C/c1ccc(c(c1)OC)OCC(=O)Nc2cccc(c2)C(F)(F)F,C97964162,inactive
5860,C[C@H]1[C@@H]2[C@@H](C(=O)N(C2=O)c3ccc(cc3)NC(=O)C)[C@@]4([NH2+]1)c5ccccc5N(C4=O)Cc6ccc(cc6)F,C15023251,inactive
5861,CN(C)c1ccc(cc1)NC(=O)CSc2nc([nH]n2)NN=C(Cc3ccccc3)Cc4ccccc4,C20908864,inactive
5862,Cc1ccc(cc1)S(=O)(=O)N2CCC3(CC2)[NH2+][C@H](C(=O)N3Cc4ccccc4)Cc5ccccc5,C36027277,inactive
5863,Cc1cc(c(cc1Nc2c(c(nc[nH+]2)NN3CC[NH+](CC3)C)N)Cl)[C@H](C#N)c4ccc(cc4)Cl,C40688688,inactive
5864,CC(=O)Nc1ccc(cc1)N2[C@H](/C(=C(\c3ccc(cc3)Cl)/O)/C(=O)C2=O)c4ccc(cc4)F,C08921485,inactive
5865,CS(=O)(=O)c1cccc(c1)NC(=O)[C@H](CC2=c3ccccc3=[NH+]C2)NC(=O)c4ccc(cc4)F,C63152623,inactive
5866,c1cc(cc(c1)Cl)NC(=S)N(Cc2ccc(cc2)F)Cc3cc4cc5c(cc4nc3O)OCO5,C06445308,inactive
5867,COc1cc2c(cc1OC)[nH]c3c2ncnc3N4CC[NH+](CC4)[C@H](c5ccccc5)c6ccc(cc6)Cl,C02400068,inactive
5868,CSCC[C@@H](C(=O)N1CCC2(CC1)c3c(nc[nH]3)CC[NH2+]2)NC(=O)c4ccc(cc4)F,C20588515,inactive
5869,c1ccc(cc1)CC(=O)Oc2ccc3c(c2)OC(=C([C@@H]3c4ccccc4Cl)C#N)N,C38651105,inactive
5870,CCCOc1ccc(cc1)[C@@H]2/C(=C(/c3c(c([nH]c3C)C(=O)OC)C)\O)/C(=O)C(=O)N2CCC[NH+](C)C,C09007846,inactive
5871,COc1ccc2cc(c(=O)[nH]c2c1)CN(Cc3ccc[nH+]c3)S(=O)(=O)c4cc(ccc4Cl)C(F)(F)F,C00915934,inactive
5872,COc1ccc(cc1OC)NC(=O)c2ccc(c(c2)NC(=O)c3cccs3)N4C[C@H]5C[C@@H](C4)c6cccc(=O)n6C5,C98049694,inactive
5873,c1cc(ccc1[C@@H]2C[C@@H](N3C(=[NH+]2)C(=C(N3)C(=O)NCCCn4cc[nH+]c4)Cl)C(F)(F)F)Cl,C12844351,inactive
5874,[H]/N=C\1/C(=C/c2ccc(c(c2)OC)OCCOc3ccc(cc3)C)/C(=O)N=C4N1N=C(S4)c5ccccc5Cl,C08493972,inactive
5875,COc1ccc(cc1CSc2nc3ccccc3s2)[C@H]4[C@@H]5C(=c6ccccc6=[NH+]5)C[C@@H]([NH2+]4)C(=O)[O-],C63350042,inactive
5876,COc1ccc(cc1)NC(=O)CSc2nc(nn2CC(=O)Nc3ccc(cc3)Br)c4cc[nH+]cc4,C01225085,inactive
5877,c1cc(cnc1)C/[NH+]=C(/c2c(c3n(n2)[C@H](C[C@H](N3)c4cccs4)C(F)(F)F)Br)\O,C09597182,inactive
5878,CN(C)CCOCc1cccc(c1)-c1cc(C(=O)NCc2c(C)cc(C)[nH]c2=O)c2cnn(C3CCCC3)c2c1,326089,active
5879,CCN(C1CCOCC1)c1cc(cc(C(=O)NCc2c(C)cc(C)[nH]c2=O)c1C)-c1ccc(NC(=O)C[C@@H]2N=C(c3c(C)c(C)sc3-n3c(C)nnc23)c2ccc(Cl)cc2)cc1,50605629,inactive
5880,COc1cccc2n([C@H](C)C3CCN(CC(F)(F)F)CC3)c(C)c(C(=O)NCc3c(SC)cc(C)[nH]c3=O)c12,574969,active
5881,c1ccc2c(c1)C[C@@H](N(C2)S(=O)(=O)c3ccc(cc3)F)C(=O)Nc4cccc(c4)O,C33588774,inactive
5882,c1cc(ccc1C2=C[C@H](N=N2)[C@H]3N=N[C@@H](N3[NH3+])SCC(=O)Nc4ccc(cc4F)Br)F,C39592681,inactive
5883,CC1(CC(CC([NH2+]1)(C)C)NC(=O)CSc2nc([nH]n2)NN=C(Cc3ccccc3)Cc4ccccc4)C,C20909136,inactive
5884,COc1ccc(cc1)C2=N[C@@H]([NH2+][C@H](C2)c3ccccc3O)c4ccc(c(c4)Br)F,C09543047,inactive
5885,COc1ccc(cc1O)[C@H]2CC(=O)Nc3c2[nH+]cn3c4ccc(cc4)Br,C36357761,inactive
5886,C1CCC(CC1)NC(=O)[C@H]2[C@@]34C=C[C@@H](O3)[C@@H]([C@@H]4C(=O)N2C5CCCC5)C(=O)NC6CC6,C04895704,inactive
5887,COc1cc(cc(c1OC)OC)C(=O)Nc2nnc(s2)SC[C@H]3C(=O)[NH+]=c4ccccc4=[NH+]3,C63751986,inactive
5888,Cc1cc(ccc1n2c3cc(c(cc3[nH+]c2N)I)F)OC,C97408121,inactive
5889,CCc1c(c(n(n1)c2ccccc2)Oc3ccc(cc3)F)C[NH+](CCOC)C[C@H](Cc4ccccc4)O,C36303280,inactive
5890,Cc1cc(C)c(CN2CCc3c(Cl)cc(C(CO)N4CCC(F)(F)C4)c(Cl)c3C2=O)c(=O)[nH]1,435549,active
5891,CN(C1CCOCC1)c1cc(cc(C(=O)NCc2c(C)cc(C)[nH]c2=O)c1C)-c1ccc(CN2CCOCC2)cc1,172008,active
5892,c1cc(ccc1c2csc(n2)NC(=O)CSc3nnc(n3N)C(F)(F)F)F,C03373067,inactive
5893,c1cc(ccc1c2c(nnn2c3ccc(cc3)N)S(=O)(=O)c4ccc(cc4)F)F,C11730593,inactive
5894,CC1NC(C)=CC(C)=C1CNC(=O)c1cc(cc2n(ncc12)C1CCCC1)C1=CCN(CC1)C(=O)C1CN(C)C1,382443,active
5895,CCn1c2ccc(cc2[nH+]c1C/[NH+]=c/3\ccc-4c(cc(oc4c3)O)C)S(=O)(=O)N5CCCCC5,C24978772,inactive
5896,COc1ccc(cc1Cn2c3ccccc3nn2)[C@H]4[C@H]5C(=c6ccccc6=[NH+]5)C[C@@H]([NH2+]4)C(=O)[O-],C63291110,inactive
5897,Cc1ccc2cccc(c2[nH+]1)Nc3c(c(ncn3)NNC(=O)Cc4ccccc4)[N+](=O)[O-],C40626815,inactive
5898,c1ccc(cc1)COC[C@H](C[NH+](Cc2cccc(c2)F)C[C@@H]3CC(=NO3)c4ccc(c(c4)Cl)Cl)O,C36146389,inactive
5899,Cc1ccc(cc1)NC(=O)CN2c3ccccc3[C@@]4(C2=O)[C@@H]5[C@@H]([C@@H]([NH2+]4)CCSC)C(=O)N(C5=O)Cc6ccccc6,C35999825,inactive
5900,CCOC(C1CS(=O)(=O)C1)c1cc(Cl)c2CCN(Cc3c(C)cc(C)[nH]c3=O)C(=O)c2c1Cl,50246929,active
5901,c1ccc(cc1)C[C@H](C(=O)NCc2ccc(cc2)OCc3ccc[nH+]c3)NC(=O)c4ccc(cc4)Cl,C46838487,inactive
5902,Cc1cccc(c1NC(=O)CSc2nc3ccc(cc3s2)/N=C/c4c5ccccc5ccc4O)C,C02181408,inactive
5903,CCOc1cc(ccc1OCc2ccccc2)[C@@H]3C(=C(C(=O)N3CCCn4cc[nH+]c4)[O-])C(=O)c5ccc6c(c5)OCCO6,C97970230,inactive
5904,Cc1ccc2[nH+]c(cc(=O)n2c1)CSc3nnc(s3)NC(=O)Nc4ccc(cc4)Cl,C46031619,inactive
5905,CCN(C1CCOCC1)c1cc2oc(CN3CCC(CC3)C(C)C)cc2c(C(=O)NCc2c(OC)cc(C)[nH]c2=O)c1CC,511685,active
5906,C[C@]12CC[C@H]3[C@H]([C@]1(CC[C@@H]2C4=CC(=O)OC4)O)CC[C@]5([C@@]3(CC[C@@H](C5)O)C=[NH+]CCc6ccc(c(c6)OC)OC)O,C70692358,inactive
5907,CC1(C[C@H](CCO1)n2c3c(c(n2)O)[C@H](SCC(=O)N3)c4cccc(c4)OCc5ccc[nH+]c5)C,C96118381,inactive
5908,C[C@@H]1C[C@@H](C[NH+](C1)CCCNC(=O)[C@H](CC2=c3ccccc3=[NH+]C2)NC(=O)C4CCC(CC4)C)C,C63626080,inactive
5909,Cc1cc(c(c(c1)Cl)NC(=O)COC(=O)c2ccccc2NC(=O)CSc3[nH+]ccn3C)C,C11391299,inactive
5910,CCN(CC)c1ccc(cc1)C[NH+](C[C@@H](COc2ccc(cc2)Br)O)[C@@H]3CCS(=O)(=O)C3,C40316691,inactive
5911,c1cc(cc(c1)NC(=S)Nc2ccc(c3c2non3)N4CCOCC4)C(F)(F)F,C13754409,inactive
5912,CC(C)c1ccc(cc1)[C@@H]2C[C@@H](n3c(cc(n3)c4n[nH]c(=S)n4C[C@@H]5CCCO5)N2)C(F)(F)F,C02790813,inactive
5913,Cc1cc(n[nH]1)NC(=O)CSc2nc3ccsc3c(=O)n2c4cc(cc(c4)F)F,C72328302,inactive
5914,c1ccc(cc1)P(=O)(CC(=O)Nc2ccccc2NC(=O)CP(=O)(c3ccccc3)c4ccccc4)c5ccccc5,C01839304,inactive
5915,CC(C)n1ncc2c(cc(nc12)-c1ccc(cc1)S(C)(=O)=O)C(=O)NCc1c(C)cc(C)nc1=O,325837,active
5916,CCN(CC)c1ccc(cc1)/C=C(/C(=O)N2C[C@@H]3C[C@H](C2)c4cccc(=O)n4C3)\NC(=O)c5ccc(cc5)F,C20663100,inactive
5917,Cc1ccc(cc1)n2c(nnc2SCC(=O)N/N=C/c3cc(cc(c3O)Br)Br)c4ccc(cc4)Cl,C98225825,inactive
5918,CCCCOc1ccc(cc1OC)[C@H]2C(=C(C(=O)N2CCC[NH+](CC)CC)O)C(=O)c3ccc4c(c3)C[C@@H](O4)C,C97966814,inactive
5919,c1cc(cc(c1)Cl)NC(=O)C(=O)NCCc2[nH]nc(n2)c3ccco3,C77841782,inactive
5920,C[C@]12CC[C@@H]([C@@]1(CC[C@@]34[C@@H]2CC[C@@H]5[C@@]3(C4)[C@@H](C[C@@H]([C@@]5(C)C(=O)O[C@@H]6[C@@H]([C@@H]([C@@H]([C@@H](O6)CO)O)O)O)O)O)C)[C@@]7(CC[C@@H](O7)C(C)(C)O)C,C67910521,inactive
5921,COC(C1COC1)c1cc(Cl)c2CCN(Cc3c4occc4c(C)[nH]c3=O)C(=O)c2c1Cl,378903,active
5922,c1cc(ccc1n2c(c3c(nc(nc3n2)NCC[NH+]4CCOCC4)c5ccc(c(c5)Cl)F)N)F,C37361662,inactive
5923,CCn1c(nnc1SCC(=O)Nc2cc(ccc2OC)Cl)[C@@H](C)NC(=O)c3ccc(c(c3)Cl)Cl,C01131490,inactive
5924,CCOc1cc(ccc1OCc2ccccc2)[C@@H]3C(=C(C(=O)N3CCC[NH+](C)C)O)C(=O)c4ccc(cc4)F,C35299700,inactive
5925,C[C@H]1C[C@@]([C@@H](C[NH+]1C)C)(CCNC(=O)CO/N=C/2\CC[C@@]3([C@@H]4CC[C@]5([C@@H]([C@@H]4CCC3=C2)CC[C@]5(C#C)O)C)C)c6ccccc6,C70672247,inactive
5926,Cc1cc(nc([nH+]1)N[C@@H](c2ccc(cc2)OC)c3c(c(sc3NC(=O)c4ccccc4)C)C)C,C35476972,inactive
5927,Cc1ccc(cc1)n2c(nnc2SCC(=O)Nc3c(c4c(s3)CCCC4)C(=O)OC)c5c(c(n(n5)C)C)Cl,C02752054,inactive
5928,COc1ccc(c(c1OC)OC)/C=N\NC(=O)CSc2[nH+]c3ccccc3n2Cc4ccccc4Cl,C19826004,inactive
5929,C[NH+](CC(=O)Nc1ccccc1Sc2ccccc2)CC(=O)Nc3ccccc3Br,C12976805,inactive
5930,Cc1nc2n(n1)c(c(s2)[C@@H](c3ccc(cc3)Br)N4CC[NH+](CC4)C(c5ccccc5)c6ccccc6)O,C22852768,inactive
5931,C[C@@]12CC[C@@H]3[C@@]([C@@H]1CC=C4[C@]2(CC[C@@]5([C@@H]4[C@@H](C(CC5)(C)C)O)C(=O)O[C@H]6[C@@H]([C@H]([C@@H]([C@H](O6)CO)O)O)O)C)(C[C@H]([C@@H]([C@]3(C)CO)O)O)C,C67903276,inactive
5932,CCN(C1C[C@@H](C)N[C@H](C)C1)c1cc(cc(C(=O)NCc2c(C)cc(C)[nH]c2=O)c1C)-c1ccc(OC)nc1,601715,active
5933,c1cc(ccc1[C@H]2CC[NH2+]C[C@H]2COc3cc4c(cc3Cc5cc6c(cc5OC[C@H]7C[NH2+]CC[C@H]7c8ccc(cc8)F)OCO6)OCO4)F,C67665276,inactive
5934,CCCc1cc(C)[nH]c(=O)c1CNC(=O)c1cc(Br)c2OCC(C)=C(C)Cc2c1,359838,active
5935,CCOc1cc(ccc1OCCOc2ccc(cc2)C)/C=C\3/C(=[NH2+])N4C(=NC3=O)SC(=N4)c5ccccc5Cl,C97966232,inactive
5936,CC1([C@H]2CC[C@@]1(/C(=C/OC[C@H](C[NH+]3CCN(CC3)C[C@H](CO/N=C/4\C[C@@H]5CC[C@]4(C5(C)C)C)O)O)/C2)C)C,C28297159,inactive
5937,c1cc[nH+]c(c1)N/N=C\c2ccc(cc2)O[C@H]3[C@H](OCCO3)Oc4ccc(cc4)/C=N\Nc5ccccn5,C59347464,inactive
5938,CCOc1cc(ccc1OCc2ccc(cc2)Cl)/C=N/NC(=O)c3c(nnn3c4c(non4)N)c5ccccc5,C02520730,inactive
5939,CCOC(=O)c1c2ccc(c(c2sc1NC(=O)c3ccccc3)OCC[NH+]4CCCCC4)Br,C03146714,inactive
5940,COc1ccc(cc1COc2cc(ccc2[N+](=O)[O-])F)[C@@H]3C4C(=NC(=C)C3C(=O)Nc5cccc[nH+]5)CCCC4=O,C08450308,inactive
5941,CN1C2=C([C@H](NC1=O)c3ccccc3C(F)(F)F)C(=O)N(C2)CC(=O)N(CC[NH+](C)C)Cc4ccccc4,C34792120,inactive
5942,c1cc(sc1)CCNc2c(c(ncn2)N3CC[NH+](CC3)Cc4ccc5c(c4)OCO5)N,C40799493,inactive
5943,Cc1ccc(cc1)S(=O)(=O)N2CCN([C@@H]2c3ccc(cc3)OC)C(=O)CSc4[nH]c5cc(ccc5n4)C,C98008215,inactive
5944,COc1ccc(cc1OC)CCNC(=O)CSc2nc3ccc(cc3s2)/N=C\c4ccccc4O,C00714064,inactive
5945,CCOC(=O)[C@@H](CCc1ccccc1)[NH2+][C@H](C)C(=O)N2[C@@H](C[C@@H]3[C@@H]2CN(CC3)S(=O)(=O)C)C(=O)OCc4ccccc4,C98234268,inactive
5946,COCCOc1ccc(cc1Br)C(=O)NC(=S)NNC(=O)Cc2ccc(cc2)Cl,C14662148,inactive
5947,CCOc1ccccc1/C=C/2\CN(CC3=C2OC(=C([C@@H]3c4ccccc4OCC)C#N)[NH3+])C(C)C,C39324545,inactive
5948,COc1ccccc1CC[NH2+][C@H]2CC(=O)N(C2=O)c3ccc(cc3)N4C(=O)C[C@@H](C4=O)NCCc5ccccc5OC,C98044507,inactive
5949,c1ccc(cc1)[C@@H]2C[C@@H](N3C(=[NH+]2)C(=C(N3)C(=O)Nc4ccccc4C(F)(F)F)Cl)C(F)(F)F,C02375447,inactive
5950,Cn1cc[nH+]c1c2cc3c(s2)c(ccn3)O[C@]4(CC=C(C=C4F)N(C=S)c5ccccc5CC(=O)N)F,C98240633,inactive
5951,C[C@H]1[C@@H]([C@@H](C[C@@H](O1)O[C@@H]2CC[C@@]3([C@H]4CC[C@@]5([C@@H](CC[C@@]5([C@@H]4CC[C@@]3(C2)O)O)C6=CC(=O)OC6)C)/C=[NH+]/CCCO)OC)O,C70708180,inactive
5952,c1ccc(c(c1)NC(=O)CSc2nnc(s2)NN)SCc3cccc(c3)Br,C59048524,inactive
5953,COc1c/c(=N/S(=O)(=O)c2ccc(cc2)NC(=S)NC(=O)c3c(c4ccc(cc4s3)F)Cl)/[nH]c(n1)OC,C03094456,inactive
5954,Cc1ccc(cc1)S(=O)(=O)Nc2ccc(cc2)SCC(=O)Nc3nc(cs3)c4ccc(cc4)F,C22838173,inactive
5955,Cc1cc(c2cc(c(nc2c1)O)[C@H](c3nnnn3Cc4ccccc4)[NH+]5CCC(CC5)Cc6ccccc6)C,C06301945,inactive
5956,c1cc(c(cc1S(=O)(=O)N2CCCC2)NC(=O)C[NH+]3CCc4c(ccs4)[C@H]3C5CC5)Cl,C25061568,inactive
5957,CC(C)n1ncc2c(cc(nc12)N1CCN(CC1)C1CCN(C)CC1)C(=O)NCc1c(C)cc(C)[nH]c1=O,325947,active
5958,CC(=O)N[C@H]1CC[NH+](C1)[C@@H]2C[C@H](N3[C@@H](Cc4c5ccccc5[nH]c4[C@H]3C2)C(=O)OC)c6ccccc6,C67879188,inactive
5959,Cc1ccc(s1)C(=O)CSc2nc3ccccc3c(=O)n2CCc4ccc(cc4)S(=O)(=O)N,C23297215,inactive
5960,Cc1cc(-c2ccc(N3CCN(C)CC3)nc2)c2ccc(C(=O)NCc3c(OC(C)C)cc(C)[nH]c3=O)c(C)c2n1,CHEMBL5205079,active
5961,CCCCOc1ccc(cc1OCC)[C@@H]2c3c(n[nH]c3C(=O)N2Cc4cc[nH+]cc4)c5ccccc5O,C38610077,inactive
5962,Cc1cc(cc(c1)NC(=O)[C@H]2[C@H]3C=C[C@@]4([C@@H]2C(=O)N([C@@H]4C(=O)NC5CCCCC5)CC[NH+]6CCCCC6)O3)C,C15962881,inactive
5963,CCOc1ccc(cc1OCC)NC(=O)C[NH+](C)CCC(=O)Nc2ccc(cc2F)Br,C24897743,inactive
5964,c1cc(c(c(c1)Cl)NC(=O)C[NH+]2CCC[C@@H]2c3ccc4c(c3)OCCCO4)C(F)(F)F,C12868859,inactive
5965,c1ccc2c(c1)c(c[nH]2)C(=O)[C@@H]([C@@H](c3ccc(cc3)Cl)[NH+]4CCN(CC4)CCO)O,C23119698,inactive
5966,CN(C1CCCC1)c1cc(cc(C(=O)NCc2c(C)cc(C)[nH]c2=O)c1C)-c1cnn(CCN2CCOCC2)c1,172014,active
5967,Cc1ccc(cc1)C2=NN3C(=[NH2+])/C(=C/c4ccc(c(c4)OC)OCCOc5ccc(cc5)Br)/C(=O)N=C3S2,C97966239,inactive
5968,c1cc2c(cc(c(c2[nH+]c1)OCC(=O)Nc3ccc(cc3)F)I)Cl,C15439479,inactive
5969,c1ccc(c(c1)C(F)(F)F)NC(=O)CSc2[nH+]cc(n2CC(=O)NC3CCCC3)CO,C09827591,inactive
5970,Cc1cc(C)c(CNC(=O)c2cc3CC(C)(C)Oc3c(c2)-c2cnc(nc2)N2CCN(CC2)C(=O)OC(C)(C)C)c(=O)[nH]1,359746,active
5971,Cc1cccc(c1)NC(=O)N2CCC[C@H]2c3nnc(s3)C(=O)Nc4ccc(c(c4)F)F,C64930835,inactive
5972,c1ccc(cc1)c2c(cn[nH]2)C[NH+]3CCC4(CC3)C[C@@H]4C(=O)NCC5(CCCC5)c6ccccc6,C12242420,inactive
5973,CCOC(=O)c1c(csc1NC(=O)C[NH+](C)CC(=O)Nc2cccc(c2)F)c3ccc(cc3C)C,C13031228,inactive
5974,COC(=O)c1ccc(cc1)/C=N/NC(=O)CCn2c3ccc(cc3c4c2ccc(c4)I)I,C04528033,inactive
5975,CCCc1cc(=O)n2c(c(sc2n1)C(=O)Nc3ccc(cc3)C(=O)OC)C(=O)Nc4ccc(cc4)CC,C01320793,inactive
5976,COc1ccc2c(c1Cl)C(=O)N(Cc1c(C)cc(C)[nH]c1=O)CCO2,CHEMBL3956280,active
5977,C[C@H]1C[C@@H](CN(C1)S(=O)(=O)c2ccc(cc2)C(=O)Nc3ccc(cc3C(F)(F)F)NC(=O)C)C,C10641233,inactive
5978,CCCCOc1ccc(cc1C)/C(=C/2\[C@H](N(C(=O)C2=O)CCC[NH+](C)C)c3cccc(c3)Br)/O,C09273274,inactive
5979,CC(C)[C@@H]1c2c(c(c(c(c2OC3=C1C(=O)C(C(=O)C3(C)C)(C)C)C(=O)C(C)C)O)[C@H](C4C(=O)C(C(=O)C(C4=O)(C)C)(C)C)C(C)C)O,C67912871,inactive
5980,c1cc(ccc1OC(=O)N[C@@H]2CCS(=O)(=O)C2)S(=O)(=O)c3ccc(cc3)OC(=O)N[C@@H]4CCS(=O)(=O)C4,C98000198,inactive
5981,C[C@@H]1[C@@H]([C@@H](C[C@@H](O1)O[C@H]2CC[C@@]3([C@H]4CC[C@@]5([C@H](CC[C@@]5([C@@H]4CC[C@@]3(C2)O)O)C6=CC(=O)OC6)C)C=[NH+]CCc7ccccc7)O)O,C70692090,inactive
5982,CCCCCOc1ccc(cc1OC)[C@@H]2C(=C(C(=O)N2c3nc4ccc(cc4s3)F)O)C(=O)c5ccc6c(c5)C[C@@H](O6)C,C98048035,inactive
5983,CCN(C1CCN(CC1)C(=O)C=C)c1cc(cc(C(=O)NCc2c(C)cc(C)[nH]c2=O)c1C)-c1ccc(CN2CCCCC2)cc1,50594152,active
5984,Cc1ccc(cc1)NS(=O)(=O)c2cccc(c2)C(=O)N[C@@H](C)[C@@H](c3cccs3)[NH+]4CCCC4,C09402974,inactive
5985,C[NH+]1CCc2c(sc3c2C(=N[C@@H](N3)c4cccc(c4)OC(=O)c5cc(c(c(c5)OC)OC)OC)O)C1,C17180781,inactive
5986,Cc1cc(ccc1OCc2ccccc2)C(=O)[C@H]3[C@H](N(C(=O)C3=O)Cc4ccc[nH+]c4)c5ccc(c(c5)OC)O,C03979823,inactive
5987,c1ccc(cc1)N[C@H]2[C@H](C(=C(S2)C(=O)c3ccc(cc3)[N+](=O)[O-])N)C4[NH+]=c5ccccc5=[NH+]4,C39336691,inactive
5988,c1cc(oc1)C(=O)Nc2ccc(c(c2)C(F)(F)F)NCC(=O)Nc3ccc(cc3)[NH+]4CCCCC4,C72037257,inactive
5989,Cc1cc(C)c(CN2CCc3c(Cl)cc(-c4cn[nH]c4C)c(Cl)c3C2=O)c(=O)[nH]1,CHEMBL3947760,active
5990,CCN(c1cc(-c2ccc(CN3CCC[C@H](O)C3)cc2)cc(C(=O)NCc2c(C)cc(C)[nH]c2=O)c1C)C1CCOCC1,CHEMBL3697466,active
5991,COc1ccc-2c(c1)NC3(CC[NH+](CC3)C[C@H](Cc4ccc(cc4)Br)O)c5n2ccc5,C72336303,inactive
5992,C[C@@H]1CCc2c(sc(c2C(=O)N[C@@H]3CCS(=O)(=O)C3)NC(=O)c4ccc(cc4)[N+](=O)[O-])C1,C39836219,inactive
5993,COc1cc2cc(c(nc2cc1OC)[C@@H]3CCCN(C3)C(=O)[C@H]4CCC[C@@H](C4)OC)N,C19550966,inactive
5994,c1c(c(cc(c1F)I)[N+](=O)[O-])N2CC(C2)CO,C97401179,inactive
5995,c1ccc2c(c1)cccc2/C=C(\C(=O)NCCCn3cc[nH+]c3)/NC(=O)c4cccc(c4)Br,C09075787,inactive
5996,c1ccc2=[NH+]CC(=c2c1)CCN/C(=N/C(=O)c3ccc(cc3)Br)/Nc4ccccc4F,C63589331,inactive
5997,CCN(c1cc(-c2ccc(CNCC3CC3)cc2)cc(C(=O)NCc2c(C)cc(C)[nH]c2=O)c1C)C1CCOCC1,CHEMBL3697482,active
5998,Cc1c(c(c(c(c1C)C)S(=O)(=O)N2CCN(CC2)[C@@H](C)C(=O)N)C)C,C38641184,inactive
5999,COc1ccc(cc1)Cn2c(nnn2)[C@@H](c3cc4cc5c(cc4[nH]c3=O)OCO5)[NH+]6CCc7ccccc7C6,C06239831,inactive
6000,Cc1ccc(cc1)c2csc(n2)NC(=O)c3cccc(c3)NS(=O)(=O)c4ccccc4,C20570272,inactive
6001,Cc1cccc(c1)c2n[nH]c(=S)n2CC(=O)N[C@@H](c3ccccc3)c4ccc5c(c4)[nH]c[nH+]5,C25145867,inactive
6002,CCN(c1cc(Cl)cc(C(=O)NCc2c[nH]c(C)cc2=O)c1C)[C@H]1CC[C@H](N(C)C)CC1,CHEMBL5192941,active
6003,CCc1c(c(n(n1)C)COC(=O)c2ccc(c(c2)N)Br)Br,C91348211,inactive
6004,c1ccc(cc1)COc2ccc(cc2)OCC(=O)N/N=C/c3ccc(cc3)OC(=O)c4ccccc4I,C04372606,inactive
6005,COc1cc(cc(c1OCCOc2ccc(cc2)Br)Cl)/C=C\3/C(=O)NC(=O)N(C3=O)c4ccc(cc4)Cl,C97959200,inactive
6006,CCOc1cccc(c1)N2C(=O)C[C@@H](C2=O)SC(=[NH2+])N/N=C(/C)\c3ccc(cc3)O,C83304201,inactive
6007,COc1ccc(cc1)C2=NN([C@@H](C2)c3ccco3)c4[nH+]c(cs4)c5ccc(cc5)S(=O)(=O)N6CCOCC6,C98045394,inactive
6008,C/C(=N/S(=O)(=O)c1ccc(cc1)NS(=O)(=O)c2cc(ccc2Cl)Cl)/O,C13953877,inactive
6009,[H]/N=C\1/C(=C/c2cccn2c3ccc(c(c3)C)C)/C(=O)N=C4N1N=C(S4)CC(C)C,C13281086,inactive
6010,CCOc1cccc(c1O)[C@@H]2CC(=N[C@@H]([NH2+]2)c3ccc(c(c3)[N+](=O)[O-])Cl)c4cccc(c4)OC,C20764894,inactive
6011,CC[NH+]1CCc2c(sc(c2[C@@H](C)NC(=O)Nc3cc(c(cc3OC)OC)Cl)n4cccc4)C1,C08590241,inactive
6012,CC(=O)N[C@H]1CCN(C1)C(=O)C[C@H]2[C@@H](CC[C@H]3[C@]2(CC[C@H]([C@@]3(C)CO)OC(=O)Nc4ccc(cc4)OC)C)O,C04236672,inactive
6013,COc1ccc(cc1OC)[C@@H](C[NH+]2CCC3(CC2)C[C@@H](c4ccc5ccccc5c4O3)O)O,C19559920,inactive
6014,CCCCCCOc1ccc(cc1)N2C(=O)C[C@@H](C2=O)SC(=[NH2+])N/N=C(\C)/c3ccc(c(c3)F)OC,C59489384,inactive
6015,c1ccc2=[NH+]C([NH+]=c2c1)CS[C@H]3Nc4cc(ccc4C(=O)N3C5CCCCC5)C(=O)N6CCCCC6,C63433666,inactive
6016,C[C@H]1c2cc(c(cc2CC[NH+]1Cc3cc(ccc3OC)[C@H]4[C@@H]5C(=c6ccccc6=[NH+]5)CCN4)OC)OC,C63349818,inactive
6017,c1cc(sc1)[C@H](CNC(=O)CCNS(=O)(=O)c2ccc(cc2)Br)[NH+]3CCCC3,C22755106,inactive
6018,CC[NH+](CC)CCCN1[C@@H](/C(=C(/c2ccc3c(c2)C[C@H](O3)C)\O)/C(=O)C1=O)c4ccc(cc4)Br,C09311979,inactive
6019,c1cc(ccc1NC(=O)[C@@H]2CCN(C2=O)c3ccc(c(c3)F)F)N4CCCC4=O,C53122098,inactive
6020,c1ccc2c(c1)OC[C@@H](O2)CNC(=O)CSc3[nH]c(c[nH+]3)c4ccc(cc4)Br,C09350347,inactive
6021,C[C@H](C1CCN(CC(F)(F)F)CC1)n1c(C)c(C(=O)NCc2c(Cl)cc(C)[nH]c2=O)c2ccccc12,50541919,active
6022,c1ccc(cc1)CCc2nnc(n2N)SCC(=O)Nc3ccccc3SCc4ccccc4Cl,C59047040,inactive
6023,CCN(CC)C(=O)CN1c2ccccc2[C@@]3(C1=O)[C@@H]4[C@@H]([C@@H]([NH2+]3)CCSC)C(=O)N(C4=O)Cc5ccccc5,C29749025,inactive
6024,Cc1cccc(c1)NC(=O)CCN2C(=O)/C(=C/c3cc(ccc3O)Cl)/SC2=S,C15037433,inactive
6025,Cc1ccccc1NC(=O)C2=C(NC(=C([C@H]2c3cccs3)C#N)SCC(=O)Nc4ccc(cc4)I)C,C97999660,inactive
6026,Cn1cc(cc1C#N)c2cc(nc(c2C#N)N)c3cc(cs3)CN(C)C,C71639097,inactive
6027,c1cc(c(cc1NC(=O)[C@H]2[C@H]3C=C[C@@]4([C@@H]2C(=O)N([C@@H]4C(=O)NC5CCCCC5)CC[NH+]6CCCCC6)O3)Cl)Cl,C38147120,inactive
6028,Cc1cc(nc([nH+]1)N/C(=[NH+]\C(=O)NC2C3CC4CC(C3)CC2C4)/NCCc5ccc(cc5)S(=O)(=O)N)C,C12652023,inactive
6029,CC(C)n1ncc2c(cc(nc12)C1=CCOCC1)C(=O)NCc1c(C)cc(C)[nH]c1=O,325989,active
6030,CCN([C@H]1CC[C@@H](CC1)N(C)C1COC1)c1cc(Cl)cc(C(=O)NCc2c(C)cc(C)[nH]c2=O)c1C,190211,active
6031,c1ccc(cc1)/C=C\C=C\2/C(=O)N(C(=S)S2)CCC(=O)Nc3ccc(cc3)S(=O)(=O)N,C33343996,inactive
6032,C[C@@H](C(=O)Nc1cccc(c1Cl)Cl)[NH+](C)CC(=O)Nc2ccc(c(c2)Cl)Cl,C13038344,inactive
6033,c1ccc2c(c1)cccc2NC(=O)NCCOCCOCCNC(=O)Nc3cccc4c3cccc4,C11917701,inactive
6034,CCN(c1cc(-c2ccc(CN3CC[C@H](O)C3)cc2)cc(C(=O)NCc2c(C)cc(C)[nH]c2=O)c1C)C1CCOCC1,CHEMBL3697460,active
6035,CCOC(=O)c1ccc(cc1)c2ccc(o2)[C@@H]3[C@H]([C@@]([NH+]=C(N3)O)(C(F)(F)F)O)C(=O)c4ccccc4,C16732010,inactive
6036,C[C@@H]1CN(C[C@@H](O1)C)S(=O)(=O)c2ccc(cc2)C(=O)Nc3c(c4c(s3)CCCC4)C(=O)NC,C17247188,inactive
6037,CC(C)[C@@H]1C(=O)N(CC(=O)N1)c2ccc(c(c2)Br)OC,C88331241,inactive
6038,Cc1ccc(cc1)N2C(=O)[C@@H]3[C@H]([NH2+][C@]([C@H]3C2=O)(CCSC)C(=O)OC)c4ccc(c(c4)OC)O,C12497414,inactive
6039,C[C@@H](CO)c1cc(Cl)c2CCN(Cc3c(C)cc(C)[nH]c3=O)C(=O)c2c1Cl,50246969,active
6040,CC(O)C(C)c1cc(Cl)c2CCN(Cc3c(C)cc(C)[nH]c3=O)C(=O)c2c1Cl,435515,active
6041,CCN(CC)S(=O)(=O)c1ccc(cc1)Nc2c(c([nH+]cn2)Nc3ccc(c(c3)C(F)(F)F)Cl)N,C40759525,inactive
6042,CCOc1ccc(cc1)[C@@H]2C(=C(N(C3=C2C(=O)CCC3)c4cccc(c4)C)N)C#N,C00713483,inactive
6043,c1cc(sc1)CN2[C@@H]([C@@]34C=C[C@@H](O3)[C@@H]([C@@H]4C2=O)C(=O)Nc5ccc(cc5)Cl)C(=O)NC6CCCCC6,C36066311,inactive
6044,c1cc(ccc1C(=O)Nc2nc3c(s2)CCC[C@@H]3C(=O)NC4CCCC4)Cl,C09073076,inactive
6045,CCOC(=O)c1c2c(sc1NC(=O)CSc3cn(c4c3cccc4)CCNC(=O)c5ccc(cc5)C)CCCC2,C97963743,inactive
6046,CCN(C1CCN(CC(F)(F)F)CC1)c1c(C)c(cc2n(C)ncc12)C(=O)NCc1c(C)cc(C)[nH]c1=O,516836,active
6047,c1c(nc(s1)N2CCNC2=O)CC(=O)N[C@@H]3C[C@H]4C[C@@H]3[C@@H]5[C@@H]4CCC5,C76356838,inactive
6048,Cc1cc(ccc1c2c(cn(n2)c3ccccc3)/C=C\4/C(=O)[NH+]=C(S4)N5CCC(CC5)C(=O)N)OCC=C,C35239614,inactive
6049,Cc1ccc(cc1)S(=O)(=O)NCC(=O)Nc2ccc(cc2C(=O)c3ccccc3)Cl,C01147725,inactive
6050,CCOc1ccccc1N2C(=O)[C@@](C(=O)NC2=O)(Cc3ccc(cc3OC)OC)CN4C[C@H]5C[C@@H](C4)c6cccc(=O)n6C5,C70671984,inactive
6051,COc1ccc(cc1OC)CCN2CC(=O)N3[C@H](C2=O)Cc4c5ccccc5[nH]c4[C@@H]3c6cc(c(c(c6)OC)OC)OC,C02092896,inactive
6052,CCN([C@H]1CC[C@H](CC1)N1CC(C1)OC)c1c(CC)c(cc2n(C)ncc12)C(=O)NCc1c(C)cc(C)[nH]c1=O,516847,active
6053,CCOC(=O)c1ccc(cc1)NC(=O)CS[C@H]2NN[C@H](N2[NH3+])[C@@H]3C=C(N=N3)c4ccc(cc4)C,C39007764,inactive
6054,c1ccc(c(c1)COc2ccc(cc2)/C=C\3/C(=[NH2+])N4C(=NC3=O)SC(=N4)c5ccccc5Cl)Cl,C19853957,inactive
6055,CC(C)c1ccc(cc1)OC[C@H]2c3ccsc3CCN2C(=O)CN(CC[NH+]4CCCC4)C(=O)NC(C)(C)C,C36122159,inactive
6056,Cc1c2c(=[NH2+])n(c(nc2[nH]n1)SCC(=O)NCc3ccccc3)c4ccc(cc4)OC,C08583953,inactive
6057,CCN([C@H]1CC[C@@H](CC1)N(C)C)c1cc(cc(C(=O)NCc2c(C)cc(C)[nH]c2=O)c1C)-c1ccc(cc1)-c1nn[nH]n1,172155,active
6058,c1cc(c(cc1S(=O)(=O)NNC(=O)c2csc(n2)COc3cc(cc(c3)Cl)Cl)Cl)Cl,C01047477,inactive
6059,COc1ccc(cc1)/[NH+]=c\2/c(cc3ccccc3o2)C(=O)Nc4nc(cs4)c5ccc(cc5Cl)Cl,C97958826,inactive
6060,Cc1ccc2ccc(N[C@H]3CC[C@H](CNc4ncc(C(F)(F)C(=O)NC5COC5)cn4)CC3)nc2c1Cl,CHEMBL5196215,active
6061,CCN(C(=O)C1CCCC1)c1cc(cc(C(=O)NCc2c(C)cc(C)[nH]c2=O)c1C)-c1ccc(CC(=O)N2CCOCC2)cc1,441968,active
6062,c1cc2c(cc1Br)c3cc(ccc3n2C[C@@H](CN4CC[NH+](CC4)CCO)O)Br,C22798223,inactive
6063,CSc1cc(C)[nH]c(=O)c1CNC(=O)c1c(C)n([C@H](C)[C@H]2CC[C@H](NC3COC3)CC2)c2ccccc12,CHEMBL4634677,active
6064,C[C@@H](C(=O)Nc1ccc(cc1)S(=O)(=O)N)OC(=O)c2cccnc2Cl,C03347670,inactive
6065,CCOC(=O)c1c([nH]c(c1c2ccc(cc2)OC)C(=O)C(=O)Nc3ccc(cc3)Br)C,C38790272,inactive
6066,Cc1cc(ccc1Cl)OCCn2c3ccccc3[nH+]c2CCCCCNC(=O)Cc4ccccc4Cl,C40221475,inactive
6067,COc1ccc(cc1)N2C(=O)/C(=C\c3cc(c(c(c3)I)OC)OC)/C(=O)NC2=O,C59533764,inactive
6068,CC[C@H]([C@@H](c1ccc(s1)Br)Oc2ccc3c(c2)OCO3)[NH3+],C43264850,inactive
6069,CC1(CC2=NC(=C)C([C@H](C2C(=O)C1)c3ccc(c(c3)COc4ccc(cc4)I)OC)C(=O)Nc5cccc[nH+]5)C,C08450341,inactive
6070,C[C@@H](C(=O)NCCc1ccc(c(c1)OC)OC)N2C(=O)[C@@]3([C@@H]4C(=c5cc(ccc5=[NH+]4)OC)CCN3C2=O)C,C63363045,inactive
6071,Cc1cc[nH+]c(c1)NC(=O)C2[C@H](C3C(=NC2=C)C[C@H](CC3=O)c4ccccc4)c5ccc(c(c5)COc6c(c(cc(c6F)F)F)F)OC,C08440461,inactive
6072,CC(C)(c1ccc(c(c1)Cl)Cl)C(=O)Nc2ccc(cc2)NS(=O)(=O)C,C50556786,inactive
6073,c1cc(cc(c1)Cl)NC(=O)[C@H]2CC(=O)N=C(S2)Nc3ccc(cc3)Cl,C05892247,inactive
6074,Cc1cc(C)c(CN2CCc3ccc([C@@H](CO)[C@@H]4CCOC4)c(Cl)c3C2=O)c(=O)[nH]1,435554,active
6075,COC(=O)c1c2c(sc1NC(=O)[C@H]3CC(=O)N(C3)c4ccccc4)C[NH+](CC2)Cc5ccccc5,C36629478,inactive
6076,CN(C)Cc1ccc(cn1)-c1cc(N(C)C2CCNCC2)c(C)c(c1)C(=O)NCc1c(C)cc(C)[nH]c1=O,172035,active
6077,COc1cc(cc(c1OCCOc2ccccc2)Br)/C=C\3/C(=O)NC(=O)N(C3=O)c4ccc(cc4)Br,C97959464,inactive
6078,c1ccc(cc1)C2=NN=C(C2)C(=O)N3CCN(CC3)C[C@H]4Nc5ccccc5S4,C39957671,inactive
6079,CCCOc1ccc(cc1)C(=O)C2=C(C(=O)N([C@@H]2c3ccc(cc3)Br)CCCn4cc[nH+]c4)O,C09046339,inactive
6080,COc1ccc(cc1)[C@H]2CCCCCN2C(=O)[C@H]3CCCN(C3)C(=O)N,C24393368,inactive
6081,Cn1c(cc(=O)c(c1CN2CCN(CC2)CCOc3ccc(cc3)F)O)C[NH+]4C[C@H]5C[C@@H](C4)c6cccc(=O)n6C5,C85879680,inactive
6082,Cn1c(nnc1SCC(=O)Nc2cccc3c2cccc3)c4c(c5ccc[nH+]c5s4)N,C64370048,inactive
6083,CCOC(=O)c1c(nc(s1)NC(=O)CC[C@@H](C)[C@H]2CC[C@@H]3[C@@]2([C@H](C[C@H]4[C@H]3CC[C@H]5[C@@]4(CC[C@H](C5)O)C)O)C)C,C72326059,inactive
6084,COc1ccc(cc1)C(=O)N[C@@H](Cc2ccccc2)C(=O)N3CCC4(CC3)c5c([nH+]c[nH]5)CCN4,C13569969,inactive
6085,CC(C)n1cc2\C=C\CCc3cc(C)[nH]c(=O)c3CNC(=O)c3cc(Cl)cc1c23,50594120,active
6086,C[C@@H]1Cc2cc(ccc2O1)C(=O)C3=C(C(=O)N([C@H]3c4ccc(cc4)OC)c5nnc(s5)SCc6ccc(cc6)Cl)O,C97970277,inactive
6087,Cc1c2c(c(c[nH+]1)CO)Cc3c(nc(nc3SCC(=O)Nc4ccc(cc4)OC)c5ccccc5OC)O2,C97987097,inactive
6088,CCOCCCNS(=O)(=O)c1ccc(cc1)Sc2cc(c3c(c2N)C(=O)c4ccccc4C3=O)O,C31475838,inactive
6089,COc1c(cc(cc1Br)Br)C[NH2+]CCNc2ccc(cc2Cl)[N+](=O)[O-],C16194484,inactive
6090,CC(C)n1ncc2c(cc(nc12)C1CCN(CC1)C1CCN(C)CC1)C(=O)NCc1c(C)cc(C)[nH]c1=O,325983,active
6091,COc1ccc(cc1)C2=C[C@@H](N3C(=[NH+]2)N=C(N3)CCCO)c4cccc(c4)Br,C01889845,inactive
6092,CC(C)[C@H]1C(=O)N(C2([NH2+]1)CCN(CC2)S(=O)(=O)c3ccc(cc3)F)CCc4ccc(c(c4)OC)OC,C36024490,inactive
6093,CCOc1ccc(cc1)[C@H]2CC3=C([C@@H](Nc4ccccc4N3)c5ccccc5OC(C)C)C(=O)C2,C20881766,inactive
6094,Cc1ccccc1COc2ccc(cc2)C(=O)C3=C(C(=O)N([C@@H]3c4ccc(cc4)O)CC[NH+](C)C)O,C09313126,inactive
6095,c1ccc(cc1)n2cc(c(n2)c3cccs3)/C=N/NC(=O)CSc4nnc(n4c5ccccc5)c6ccncc6,C08636905,inactive
6096,C[C@H]1CSc2ccc(cc2NC1=O)S(=O)(=O)Nc3ccc(cc3)OC(F)(F)F,C15730808,inactive
6097,Cc1c2c([nH]n1)NC(=O)[C@H](S[C@H]2c3ccc(cc3)OCc4ccc(cc4)Cl)C,C06678750,inactive
6098,c1c(cc(c2c1OCCO2)Br)[C@H]3[C@H](CCCO3)C(=O)O,C79898128,inactive
6099,COc1ccc(cc1OC)C(=O)N(Cc2cc3ccc(cc3[nH+]c2N4CCC(CC4)O)F)C[C@@H]5CCCO5,C12185592,inactive
6100,Cc1ccc2c(c1)[nH]c([nH+]2)CN(CC[NH+](Cc3[nH]c4ccc(cc4n3)C)Cc5[nH]c6cc(ccc6n5)C)Cc7[nH]c8ccc(cc8n7)C,C77029766,inactive
6101,CCN(C(=O)C1CC1)c1cc(cc(C(=O)NCc2c(C)cc(C)[nH]c2=O)c1C)-c1ccc(cc1)N1CCOCC1,50575217,active
6102,CN1CC[NH+](CC1)CCN2[C@H](C(=O)N(C2=S)c3ccc(cc3)Cl)CC(=O)Nc4ccc(cc4)Cl,C20115194,inactive
6103,COc1cccc(c1)C2=N[C@@H]([NH2+][C@@H](C2)c3cc(ccc3O)Br)c4ccc(cc4)C(=O)OC,C09542036,inactive
6104,c1ccc(cc1)c2c(c(=O)n3ccsc3[nH+]2)C(=O)NCCC(=O)Nc4ccc(cc4)F,C77969343,inactive
6105,C/C(=N/NC(=O)c1cc(cc(c1)Cl)Cl)/c2ccc(cc2)NC(=O)C(F)(F)F,C17091305,inactive
6106,CC(=O)Nc1ccc(cc1)OC[C@H](C[NH+]2CCN(CC2)CCN3C(=O)c4cccc5c4c(ccc5)C3=O)O,C22916722,inactive
6107,CCCN1c2ccccc2[C@@]3(C1=O)C(=C(C(=O)N3CCC[NH+](C)C)O)C(=O)c4cccc(c4)S(=O)(=O)N(C)C,C98046803,inactive
6108,c1ccc(cc1)C2=CN=[NH+][C@H]2c3ccc(cc3O)OCCN4CC[NH+](CC4)Cc5ccc6c(c5)OCO6,C38776989,inactive
6109,Cc1cc(c(c(c1)C)NC(=O)CNC(=O)C[NH+]2CCC[C@H](C2)c3nnc4n3CCCCC4)C,C32894955,inactive
6110,CN(Cc1cccc(c1OC)OC)C(=O)c2ccc(cc2)NS(=O)(=O)c3ccc4=[NH+]C(=O)[NH+]=c4c3,C39791653,inactive
6111,c1ccc2c(c1)c3c(o2)c(=O)n(c(=O)n3CC(=O)NC4CCCCC4)CC(=O)NC5CCCC5,C72331992,inactive
6112,CCCc1ccc(cc1)S(=O)(=O)NC[C@H](c2ccc3c(c2)OCO3)[NH+]4CCN(CC4)c5ccccc5F,C38620952,inactive
6113,Cc1cc(C)c(CNC(=O)c2cc(cc3n(ncc23)C2CCCC2)-c2ccc(CN3CCOCC3)cc2)c(=O)[nH]1,50075051,active
6114,c1cc(sc1)/C=C(\c2cccs2)/C(=O)OCC(=O)NNC(=O)c3ccc(cc3)Br,C03360676,inactive
6115,C=C1[C@H](C[C@@H]([C@H]1COCc2ccccc2)OCc3ccccc3)n4cnc5c4nc([nH+]c5OCc6ccccc6)N,C98231316,inactive
6116,CCCc1cc(C)[nH]c(=O)c1CNC(=O)c1cc(-c2ccc(N3CCN(CC)CC3)nc2)cc2c1cnn2C(C)C,CHEMBL4557033,active
6117,Cc1ccc(cc1)/C(=C\2/[C@H](N(C(=O)C2=O)Cc3cccnc3)c4ccc(cc4)O)/O,C05800672,inactive
6118,CC1=C(/C(=C/c2ccc(o2)CNS(=O)(=O)c3ccc(cc3)Br)/C(=O)N1Cc4ccco4)C(=O)OC,C33353618,inactive
6119,c1ccc2c(c1)c3c([nH]2)[C@H]([NH2+][C@@H](C3)C(=O)[O-])c4cc(ccc4OCc5ccccn5)Br,C08740407,inactive
6120,C[NH+](C)CCNC(=O)C[NH+]1CC[NH+](CC1)[C@H](c2c[nH]c3c2ccc(c3)OCc4ccccc4)C(=O)[O-],C31814360,inactive
6121,CN(C)c1ccc(cc1)[C@H](CNC(=O)Nc2cccc(c2OC)OC)[NH+]3CCN(CC3)c4ccc(cc4)F,C22418913,inactive
6122,c1ccc2c(c1)[nH]c([nH+]2)C3CCN(CC3)C(=O)c4csc(n4)c5cc(cs5)Br,C68743410,inactive
6123,Cc1ccc(cc1)[C@@H]2/C(=C(\c3ccc(cc3)OCc4cccc(c4)C)/O)/C(=O)C(=O)N2CCCn5cc[nH+]c5,C13571433,inactive
6124,CCC(CC)n1ccc2c(C(=O)NCc3c(C)cc(C)[nH]c3=O)cc(C#N)cc21,CHEMBL3414574,active
6125,CCCOc1ccc(cc1OC)[C@H]2C(=C(C(=O)N2CC[NH+]3CCCC3)O)C(=O)c4cc(ccc4OC)F,C41543186,inactive
6126,c1ccc(cc1)Cn2c(c(c([nH+]2)c3ccc(cc3)Cl)NC(=O)NCCOc4ccccc4)N,C34785498,inactive
6127,Cc1c(sc(n1)c2ccccc2)C(=O)C3=C(C(=O)N([C@H]3c4ccc(cc4)C(=O)OC)CCC[NH+](C)C)O,C33813567,inactive
6128,C/C(=N/[N+]1=C(SC[C@@]1(c2ccc(cc2)[N+](=O)[O-])O)Nc3ccccc3F)/c4ccc(cc4)n5cc[nH+]c5,C35352160,inactive
6129,CCCCn1c[nH+]c2c1c(=O)n(c(=O)n2Cc3ccccc3)CC(=O)Nc4c(ccs4)C(=O)N,C09367080,inactive
6130,Cc1ccc(cc1)S(=O)(=O)N[C@@H](CC(C)C)C(=O)N[C@H](C)c2ccc(cc2)S(=O)(=O)N,C09441910,inactive
6131,c1cc(c[nH+]c1)[C@@H]2C3=C(c4cc(ccc4O[C@H]3c5ccc(c(c5)Cl)Cl)Cl)Nc6n2ncn6,C09293264,inactive
6132,c1ccc(cc1)c2nnc(n2c3ccccc3)SCC(=O)NNC4=[NH+]C[C@H](S4)CBr,C36729273,inactive
6133,CC[C@@H](c1sc2c(c1C)CN(Cc1c(C)cc(C)[nH]c1=O)CC2)C1CCN(Cc2ccnc(OC)c2)CC1,CHEMBL4128591,active
6134,CC[NH2+]CCS(=O)(=O)NC[C@@]1(N(N=C(S1)NC(=O)C(C)(C)C)C(=O)C(C)(C)C)c2ccccc2,C56898863,inactive
6135,CCCc1cc(C)[nH]c(=O)c1CNC(=O)c1cc(cc2n(ncc12)C(C)C)N1CCNCC1,50536582,active
6136,Cc1c(c(n(n1)c2ccccc2)O)[C@H](c3ccc(cc3)Cl)[C@@H](C(=O)c4ccccc4)NS(=O)(=O)C,C18198603,inactive
6137,C[NH+](C)[C@@H](CNC(=O)Nc1ccc(cc1)S(=O)(=O)N(C)Cc2ccccc2)c3cccs3,C71901458,inactive
6138,c1cc(ccc1C/[NH+]=C(/Nc2ccc(cc2)F)\S[C@H]3CC(=O)N(C3=O)c4ccc(cc4)Cl)Cl,C59491214,inactive
6139,C[C@H](c1ccc(cc1)S(=O)(=O)N)NC(=O)CS[C@H]2NN=C(N2C3CC3)C4=c5ccccc5=[NH+]C4,C39933395,inactive
6140,CC[NH+]1CCN(CC1)c2ccc(cc2)NC(=O)CSc3[nH]c(c(n3)C)Cc4ccccc4,C37773208,inactive
6141,Cc1ccc(cc1)NC(=O)C[NH+](CC(=O)Nc2c(cccc2C)C)CC(=O)Nc3c(cccc3C)C,C21324916,inactive
6142,Cc1ccc(cc1)S(=O)(=O)N2CCC3(CC2)C(=[NH+]CCN3)NCc4ccccc4OC,C65074671,inactive
6143,CC(C)S(=O)(=O)N1CCc2c(sc(n2)NC(=O)C[C@@H]3CSc4n3c(=O)c5c(n4)CCC5)C1,C96334947,inactive
6144,c1ccc(cc1)NC(=O)N[C@H]2C[C@H]3C(=O)NC[C@H]([NH+]3C2)CCC(=O)N4CCc5c4cccc5,C15707595,inactive
6145,CCOc1cc(ccc1OCc2ccccc2)[C@H]3C(=C(C(=O)N3CCC[NH+](C)C)[O-])C(=O)c4ccc5c(c4)OCCO5,C97970340,inactive
6146,CCN([C@H]1CC[C@@H](CC1)N(C)C)c1cc(Cl)cc(C(=O)NCc2c(C)[nH]n(CC)c2=O)c1C,310751,active
6147,c1ccc(cc1)CC(=O)Nc2nc3c(s2)C(=O)C[C@H](C3)C(=O)N[C@@H](c4ccccc4)c5cc[nH+]cc5,C14995544,inactive
6148,Cc1cccc(c1)CS(=O)(=O)c2ncc(c(n2)C(=O)Nc3c(c4c(s3)CCCC4)C(=O)NC)Cl,C38646213,inactive
6149,c1ccc(cc1)n\2c(=O)/c(=C\c3ccc(o3)c4cccc(c4)Cl)/s/c2=C(\C#N)/C(=O)N,C12041996,inactive
6150,c1ccn2c(c1)nnc2CNC(=O)C(=O)Nc3cc(c(cc3Cl)Cl)Cl,C48959805,inactive
6151,CCOC(=O)c1c(csc1NC(=S)NC(=O)C[NH2+]C2CCCCCC2)c3ccc(c(c3)OC)OC,C09346028,inactive
6152,c1ccc2c(c1)c3ccccc3n2C[C@@H](CN4CC[NH+](CC4)C[C@@H](Cn5c6ccccc6c7c5ccc(c7)Br)O)O,C22873391,inactive
6153,COc1ccc(cc1)S(=O)(=O)c2cnc(nc2N)N3CC[NH+](CC3)Cc4ccc(c(c4OC)OC)OC,C71772054,inactive
6154,CCCCCOc1ccc(cc1OCC)[C@H]2C(=C(C(=O)N2c3nnc(s3)SCc4ccc(cc4Cl)Cl)O)C(=O)c5ccc6c(c5)OCCO6,C97968284,inactive
6155,Cc1cc(C)c(CNC(=O)c2cc(Br)cc(N(C)C3CCNCC3)c2C)c(=O)[nH]1,CHEMBL3771013,active
6156,CCC[NH+](Cc1c(nn(c1Oc2ccc(cc2)F)C)c3ccccc3)C[C@H](COc4ccccc4C)O,C36307691,inactive
6157,Cc1cc(ccc1OC)C(=C2[C@@H](N(C(=O)C2=O)Cc3ccc[nH+]c3)c4cccc(c4)Oc5ccccc5)O,C09019995,inactive
6158,CN(C)Cc1ccc(cn1)-c1cc(N(C)C2CCCCC2)c(C)c(c1)C(=O)NCc1c(C)cc(C)nc1=O,514173,active
6159,C[C@@H]1CCC[C@H]([C@@H]1C)NC(=O)[C@@H]2[C@@]34C=C[C@@H](O3)[C@@H]([C@@H]4C(=O)N2CCC[NH+]5CCCC5)C(=O)Nc6ccc(cc6)Cl,C38147114,inactive
6160,Cc1ccc(cc1C)S(=O)(=O)N2CCc3c2ccc(c3)S(=O)(=O)N,C10518812,inactive
6161,Cc1cc(C)c(CN2CCc3c(Cl)cc(C(CO)N4CCOCC4)c(Cl)c3C2=O)c(=O)[nH]1,435550,active
6162,COc1ccc(cc1)NC(=O)C2(CCCCC2)N(Cc3ccc[nH+]c3)C(=O)CN4C[C@@H](NC4=S)c5ccccc5,C08695918,inactive
6163,CCCc1cc(C)[nH]c(=O)c1CNC(=O)c1cc(cc2n(ncc12)C1CCCC1)-c1ccc(nc1)N1CCN(CC1)C(C)C,50536573,active
6164,c1cc(ccc1c2nnco2)OC[C@H](C[NH+]3CCN(CC3)C[C@H](COc4ccc(cc4)c5nnco5)O)O,C26893745,inactive
6165,CC(C)CCn1c(c(c2c1[nH+]cc(c2)NCc3cnn(c3)c4ccc(cc4)F)NC(=O)C)C(=O)OC,C14537685,inactive
6166,c1ccc2cc(ccc2c1)S(=O)(=O)N[C@H]3CO[C@H]4[C@@H]3OC[C@@H]4n5c(nnn5)Oc6ccc(cc6)n7cc[nH+]c7,C04147863,inactive
6167,CCN(C(=O)C1CCCC1)c1cc(cc(C(=O)NCc2c(C)cc(C)[nH]c2=O)c1C)-c1ccnc(c1)N1CCN(C)CC1,441963,active
6168,CCOc1ccc(cc1)C2=N[C@@H]([NH2+][C@@H](C2)c3cccc(c3O)OCC)c4ccc(c(c4)Br)F,C20764325,inactive
6169,CCOC(=O)c1c2c(sc1NC(=O)CSc3[nH]c4cc(ccc4n3)OC)C([NH2+]C(C2)(C)C)(C)C,C12520278,inactive
6170,Cc1ccc(s1)CC(=O)Nn2cnc3c(c2=O)c(c(s3)C)C,C98096998,inactive
6171,Cc1cc(C)c(CNC(=O)c2cc(-c3cnn(CCN4CCOCC4)c3)cc(N(C)C3CCCC3)c2C)c(=O)[nH]1,CHEMBL3697413,active
6172,c1ccc2c(c1)CC[NH+](C2)[C@@H](CNC(=O)c3ccc(cc3)S(=O)(=O)N4CCCCC4)c5ccsc5,C38674105,inactive
6173,CCOc1ccc(cc1)C(=O)C2=C(C(=O)N([C@@H]2c3cccc[nH+]3)CCc4c[nH]c5c4cc(cc5)OC)O,C15920463,inactive
6174,CCc1ccc(cc1)n2c(nnc2SCC(=O)Nc3ccc(cc3Cl)Br)c4ccncc4,C00664233,inactive
6175,C[C@@H]1C(=C(N=N1)C)CC[NH2+]C[C@@H]2CN(N[C@@H]2c3ccccc3Cl)c4ccc(cc4)OC,C39461400,inactive
6176,CCOC(=O)c1ccc(cc1)NC(=O)CSc2[nH+]cc(c(n2)N)S(=O)(=O)c3ccc(cc3)C(C)C,C09673573,inactive
6177,c1ccc(cc1)n2c(=O)c3c([nH]2)NC4=C([C@@H]3c5cccs5)C(=O)C[C@H](C4)c6ccco6,C18200002,inactive
6178,CC(C)Sc1nnc(s1)N2C3=C([C@H](C(=C2[NH3+])C#N)c4cccc(c4)OC)C(=O)CC(C3)(C)C,C39425984,inactive
6179,c1ccc(cc1)c2c3c(=[NH2+])n(cnc3n(c2c4ccccc4)Cc5ccco5)CCC[NH+]6CCOCC6,C02206877,inactive
6180,CCN([C@H]1CC[C@@H](CC1)N(C)C)c1cc(cc(C(=O)NCc2c(C)cc(C)nc2=O)c1C)-c1ccc(CN2CCOCC2)cc1,172135,active
6181,CCCCN1[C@H]([C@H](CC1=O)C(=O)NNC(=O)c2cc(cn2C)Br)c3ccc(cc3)OC,C28329658,inactive
6182,c1ccc2c(c1)CC[NH+](C2)[C@H](CNC(=O)Nc3ccccc3C(F)(F)F)c4ccsc4,C38674222,inactive
6183,c1ccc(c(c1)n2c3ccc(cc3[nH+]c2N)I)OC(F)F,C97352380,inactive
6184,Cc1c2c(n[nH]1)NC(=O)[C@H](S[C@@H]2c3ccc(c(c3)OC)OCc4ccc(cc4)F)C,C13995194,inactive
6185,COc1cc(ccc1OC(=O)c2ccc(c(c2)Cl)Cl)/C=N/NC(=O)CNC(=O)c3ccc(cc3)Cl,C02529648,inactive
6186,c1ccc(cc1)[C@@H](c2cccs2)NC(=O)CN3CC[NH+](CC3)CC(=O)Nc4ccccc4Cl,C22782071,inactive
6187,Cc1ccc(cc1)NC(=O)[C@@H]2N=N[C@@H](S2)CCCC(=O)NCCC3=c4cc(ccc4=[NH+]C3)Cl,C64538858,inactive
6188,CCC(=O)Nc1ccc(c(c1)C)S(=O)(=O)NC[C@H](c2ccc3c(c2)CCCN3C)N4CC[NH+](CC4)C,C38673175,inactive
6189,CC1(CC2=C([C@@H](C(=C(N2c3ccc[nH+]c3)N)C#N)c4ccc(c(c4)COc5ccccc5)OC)C(=O)C1)C,C00695874,inactive
6190,CCN(C1CCCCC1)c1cc(cc(C(=O)NCc2c3CCCCc3c(C)[nH]c2=O)c1C)-c1ccc(CN2CCN(C)CC2)cc1,50594154,active
6191,CCC[C@@H](C[NH+](Cc1ccco1)Cc2[nH]c(=O)c3c(csc3n2)c4cc(ccc4C)C)O,C40404738,inactive
6192,c1ccc2c(c1)c(nc(n2)CN3CCN(CC3)C(=O)Cc4ccc(cc4)Cl)N,C29864184,inactive
6193,CCOC(=O)c1c2c(sc1NC(=O)CCCS(=O)(=O)c3ccc(cc3)C)C([NH2+]C(C2)(C)C)(C)C,C09911561,inactive
6194,COc1ccc(c(c1OC)OC)[C@@H]2[C@H]3CN(CC=C3C(=C(C2(C#N)C#N)[NH3+])C#N)C(=O)OCc4ccccc4,C26608626,inactive
6195,COc1ccc(cc1)S(=O)(=O)Nc2ccc(cc2)S(=O)(=O)Nc3ccc(c(c3)C(F)(F)F)Cl,C59651325,inactive
6196,CC(=O)Nc1c2ccc(nc2sc1C(=O)OC)C[NH+]3CC[C@]([C@@H]4[C@H]3CCCC4)(c5ccccc5)O,C12152027,inactive
6197,CN(C)Cc1ccc(cc1)-c1cc(N(C)[C@@H]2CC[C@H](N)CC2)c(C)c(c1)C(=O)NCc1c(C)cc(C)[nH]c1=O,172041,active
6198,CC(=O)c1ccc(cc1)NC(=O)CN2c3ccccc3[C@@](C2=O)(c4cccc(c4)F)O,C65155406,inactive
6199,Cc1c(c(n([nH+]1)c2ccccc2)Nc3nc4ccccc4n3Cc5ccccc5)/C=C(\C)/c6ccccc6,C21548899,inactive
6200,c1ccc(cc1)C/[NH+]=C(/c2cccc(c2)n3c(c4ccc(cc4nc3=S)Cl)[O-])\O,C03043849,inactive
6201,CCN(CC)S(=O)(=O)c1ccc(cc1)Nc2c(c(nc[nH+]2)NC34CC5CC(C3)CC(C5)C4)N,C40755640,inactive
6202,CC[NH+](CC)CCN1[C@H](C(=C(C1=O)O)C(=O)c2ccc(cc2)OCC=C)c3cc(c(c(c3)Br)O)OC,C98047189,inactive
6203,C[NH+](CC(=O)NCCc1ccc(cc1)S(=O)(=O)N)CC(=O)Nc2ccc(c(c2)C(F)(F)F)Cl,C15351913,inactive
6204,CC(C)OC(=O)c1c2c(sc1NC(=O)c3cc4n(n3)[C@H](C[C@H](N4)c5ccc(cc5)Br)C(F)(F)F)CCCC2,C08444941,inactive
6205,C[C@@]1(C(=O)N(C(=O)N1)CC(=O)NC[C@H](c2ccc(cc2)OC)[NH+]3CCCC3)c4ccc5ccccc5c4,C32960830,inactive
6206,CCN([C@H]1CC[C@@H](CC1)N(C)C)c1cc(Cl)cc(C(=O)NCc2c(N3CCCC3)n(C)[nH]c2=O)c1C,310795,active
6207,Cc1cc(C)c(CNC(=O)c2cc3CC(C)(C)Oc3c(C)c2)c(=O)[nH]1,359735,active
6208,CC(C)(C)C1CCC(CC1)OC[C@@H](C[NH+]2CCN(CC2)CCN3C(=O)c4cccc5c4c(ccc5)C3=O)O,C22914723,inactive
6209,Cc1ccc(c(c1)NC(=O)CSc2[nH+]ccn2c3ccc(cc3)C(=O)NCc4cccs4)OC,C96324452,inactive
6210,CCOC(=O)[C@@]1([C@@H]2[C@@H]([C@@H]([NH2+]1)c3ccc(c(c3)OC)O)C(=O)N(C2=O)c4ccc(cc4)C)CCSC,C12497421,inactive
6211,Cc1c2c(n(n1)c3ccccn3)[NH+]=C4C(=Nc5ccccc5N4[C@@H]2c6ccc(cc6)F)Nc7cccc(c7)OC,C97952621,inactive
6212,CC1(CC2=C([C@@H](n3c(nc(n3)SCc4ccccc4Cl)N2)c5cc[nH]c5)C(=O)C1)C,C19630951,inactive
6213,c1ccc(cc1)[C@@H]2Cc3c4ccccc4[nH]c3[C@H]([NH2+]2)c5ccc(cc5)[N+](=O)[O-],C02110215,inactive
6214,c1ccc2=[NH+]C(=O)[C@H]([NH+]=c2c1)CSc3ccc(cc3)NC(=O)Nc4ccc(cc4)Br,C63751890,inactive
6215,CC1=C([C@@H](C2=C(N1)C[C@@H](CC2=O)c3ccc(c(c3)OC)OC)c4cc(c(cc4Br)OC)OC)C(=O)OC,C00650070,inactive
6216,c1ccc2c(c1)c([nH+]c(n2)c3cccc(c3)Br)N(CCC(=O)NCc4cccc(c4)C(F)(F)F)Cc5ccco5,C98009837,inactive
6217,c1cc(cc(c1)S(=O)(=O)N2CCCCC2)NC(=O)c3ccc(c(c3)S(=O)(=O)N)Cl,C13098927,inactive
6218,c1cc(cc(c1)F)CN2[C@@H]([C@@H](OC2=O)c3ccc(cc3)NC(=O)c4ccco4)C(=O)NCc5ccc[nH+]c5,C36220580,inactive
6219,c1cc(cc(c1)N2CCN(CC2)[C@H]3[C@H](O[C@H]([C@H]3O)CO)C[NH+](Cc4ccc(cc4)F)Cc5ccc(cc5)F)C(F)(F)F,C67890382,inactive
6220,C[NH+](CC(=O)Nc1ccc(c(c1)C(F)(F)F)Cl)CC(=O)Nc2cccc3c2cccn3,C12816598,inactive
6221,Cc1ccc(cc1)C(=O)N/C(=C\c2ccc(o2)c3cc(ccc3Cl)Cl)/C(=O)NCCCn4cc[nH+]c4,C09380332,inactive
6222,CCN(C1CCOCC1)c1cc(\C=C\c2ccc(CN3CCOCC3)cc2)cc(C(=O)NCc2c3CCCCc3c(C)[nH]c2=O)c1C,50544772,active
6223,c1ccc(cc1)n2c(nnc2SCC(=O)N/N=C/c3ccco3)CNc4ccc(cc4)I,C02741613,inactive
6224,Cc1ccc(c(c1)Br)NC(=O)CSc2nnc(n2c3ccc(cc3)OC)COc4ccccc4,C02209640,inactive
6225,c1cc(ccc1COc2ccc(cc2)C(=O)C3=C(C(=O)N([C@H]3c4ccc(cc4)[N+](=O)[O-])CCC[NH+]5CCOCC5)O)F,C98218429,inactive
6226,C[C@@H]1[C@H]([C@H]([C@@H]([C@@H](O1)O[C@@H]2CC[C@@]3([C@@H]4CC[C@@]5([C@@H](CC[C@@]5([C@@H]4CC[C@@]3(C2)O)O)C6=CC(=O)OC6)C)C=O)OC)OC)OC(=O)C,C98223037,inactive
6227,Cc1ccc(c(c1)C)NC(=S)N[C@@H](C(Cl)(Cl)Cl)NC(=O)c2ccc(c(c2)OC)OC,C03137382,inactive
6228,CN(C)Cc1ccc(cn1)-c1cc(N(C)[C@@H]2CC[C@@H](CC2)NC(C)=O)c(C)c(c1)C(=O)NCc1c(C)cc(C)nc1=O,172049,active
6229,CC(C)C1=CC2=CC[C@@H]3[C@@]([C@@H]2CC1)(CCC[C@@]3(C)C(=O)N[C@@H](CCCNC(=[NH2+])N)C(=O)OC)C,C35179574,inactive
6230,c1ccc(cc1)C(=O)N[C@@H](C(=O)N2CCN(CC2)C(=O)c3ccco3)S(=O)(=O)c4ccccc4,C09764141,inactive
6231,Cn1cc[nH+]c1SCc2ccc(o2)C(=O)NNC(=O)c3ccc(s3)c4ccc(cc4)F,C71851648,inactive
6232,Cc1c(c(=O)n(n1C)c2ccccc2)N[C@@H](C(Cl)(Cl)Cl)NC(=O)c3cccc4c3cccc4,C00725852,inactive
6233,CC(C)Cc1cc(C)[nH]c(=O)c1CNC(=O)c1cc(cc2n(ncc12)C(C)C)-c1ccc(nc1)N1CCN(CC1)C(C)C,50536598,active
6234,Cc1c(sc(n1)C)C(=O)C2=C(C(=O)N([C@@H]2c3cc(c(c(c3)C(C)(C)C)O)C(C)(C)C)CCC[NH+](C)C)O,C35566605,inactive
6235,CCN(c1cc(-c2ccc(N3CCN(C)CC3)nc2)cc(C(=O)NCc2c(C)cc(C)[nH]c2=O)c1C)C1CCOCC1,CHEMBL3701030,active
6236,Cc1nc2c(c(cs2)c3cccs3)c(n1)S[C@H](C)C(=O)Nc4ccc(cc4)S(=O)(=O)N,C13038360,inactive
6237,COc1ccc(cc1)c2csc(n2)NC(=O)CCCCC(=O)Nc3nc(cs3)c4ccc(cc4)OC,C59487879,inactive
6238,COC(C1CN(C1)C(=O)CO)c1cc(Br)c2CCN(Cc3c(C)cc(C)[nH]c3=O)C(=O)c2c1Cl,435632,active
6239,CCOC(=O)N1CCc2c(sc3c2c(=O)n(c(=O)n3CC(=O)Nc4ccc(cc4)F)c5ccccc5)C1,C09938755,inactive
6240,COc1ccc(cn1)-c1cc(cc2CC(C)CCOc12)C(=O)NCc1c(C)cc(C)[nH]c1=O,359777,active
6241,Cc1cc(ccc1NC(=O)[C@@H]2CCCN2C(=O)C3CC3)C(=O)N4CCCC[C@H]4C,C69402764,inactive
6242,CCN(C1CCC(CC1)N1CCNCC1)c1c(CC)c(cc2n(C)ncc12)C(=O)NCc1c(C)cc(C)[nH]c1=O,516858,active
6243,CCCc1cc(C)[nH]c(=O)c1CNC(=O)c1cc(-c2ccc(N3CCN(C(C)C)CC3)nc2)cc2c1cnn2C(C)(C)C,CHEMBL4539055,active
6244,COc1ccc(cc1)c2c3ccccc3c(n[nH+]2)Nc4ccc(cc4)OCC(=O)N5CCN(CC5)c6ccccc6,C97952106,inactive
6245,C[C@H](C1CCN(CC(F)(F)F)CC1)n1c(C)c(C(=O)NCc2c(SC3CCC3)cc(C)[nH]c2=O)c2ccccc12,50541897,active
6246,CN([C@@H]1CC[C@H](N)CC1)c1cc(cc(C(=O)NCc2c(C)cc(C)nc2=O)c1C)-c1cnn(CCN2CCOCC2)c1,514187,active
6247,CC(=O)N[C@H]1[C@@H](C[C@@](O[C@@H]1[C@@H]([C@@H](CO)O)O)(C(=O)OC)O)O,C02558706,inactive
6248,C[NH+](C)CCCn1c(n[nH]c1=S)C2=CC3=N[C@@H](C[C@@H](N3N2)C(F)(F)F)c4ccc(cc4)Cl,C20028576,inactive
6249,COc1cc(cc(c1OC[C@H](c2ccc3c(c2)OCCO3)O)Br)C[NH2+]C4CCCC4,C20877125,inactive
6250,C[C@H]1Cc2cc(ccc2N1S(=O)(=O)c3cccc(c3)F)S(=O)(=O)N,C22023450,inactive
6251,COc1ccc(c(c1)NS(=O)(=O)c2ccc(cc2)NC(=O)CSc3ccc(cc3)Cl)OC,C02991529,inactive
6252,CN(C)c1ccc(cc1)[C@H](CNC(=O)Nc2ccc(cc2)OC)[NH+]3CCN(CC3)c4ccc(cc4)F,C22418855,inactive
6253,CC[C@@H](C(=O)Nc1ccc2c(c1)sc(n2)SCC(=O)Nc3ccc(cc3)F)Sc4[nH+]ccn4C,C59854103,inactive
6254,CC(C)(C)CC(C)(C)NC(=O)[C@@H](c1ccc(c(c1)OC)OC)N(c2ccccc2)C(=O)c3ccc(cc3)O,C36609916,inactive
6255,Cc1c(sc2c1c(nc([nH+]2)[C@H](C)Sc3ccc(cn3)S(=O)(=O)N4CCCCCC4)N)C,C08720387,inactive
6256,COC(=O)C[NH2+][C@@H](c1ccccc1)c2cc(ccc2NC(=O)[C@@H](Cc3ccccc3)NC(=O)OCc4ccccc4)Br,C49762804,inactive
6257,Cc1cc(C)c(CNC(=O)c2c(C)n([C@H](C)C3CCN(CC(F)(F)F)CC3)c3ccccc23)c(=O)[nH]1,CHEMBL4641325,active
6258,C[C@@H]1Cc2cc(ccc2O1)C(=O)C3=C(C(=O)N([C@H]3c4cc(c(c(c4)OC)OC)OC)c5nc6ccc(cc6s5)F)O,C97955188,inactive
6259,CN(CC(=O)NCc1ccc[nH+]c1)C(=O)c2csc(n2)Nc3cccc(c3Cl)Cl,C36010626,inactive
6260,CCOc1ccc(cc1)NC(=O)c2ccccc2NC(=O)C(=O)N/[NH+]=C/c3c4ccccc4ccc3O,C02520226,inactive
6261,Cc1cccc(c1)COc2ccc(cc2)C(=O)C3=C(C(=O)N([C@H]3c4ccc(cc4)O)CCCn5cc[nH+]c5)O,C13552441,inactive
6262,Cc1ccc(cc1)S(=O)(=O)Nc2ccc(cc2)C(=O)N/N=C/c3ccc(cc3)OC(=O)c4cccs4,C02520066,inactive
6263,CC[C@H]([C@@H]1NN=C(N1c2ccc(cc2)OC)S[C@@H](C)C(=O)C3=c4ccccc4=[NH+][C@@H]3C)[NH+](C)C,C40001421,inactive
6264,CCCCCCc1cc2c(=O)c(c(oc2c(c1O)C[NH+]3C[C@H](O[C@H](C3)C)C)C(F)(F)F)Oc4cc(cc(c4)C)C,C95663422,inactive
6265,CCOc1ccc(cc1)N2C(=O)[C@H](N(C2=S)CC[NH+]3CCC(CC3)C)CC(=O)Nc4ccc(cc4)OC,C20114926,inactive
6266,Cc1cc(C)c(CNC(=O)c2cc(-c3ccc(CN(C)C)nc3)cc(N(C)C3CCCCC3)c2C)c(=O)[nH]1,CHEMBL3639962,active
6267,CCN(c1cc(-c2ccc(CN3CCN(CCCCCCCCCCCCOc4cccc5c4C(=O)N(C4CCC(=O)NC4=O)C5=O)CC3)cc2)cc(C(=O)NCc2c(C)cc(C)[nH]c2=O)c1C)C1CCOCC1,CHEMBL5081244,active
6268,CC(=O)c1ccc(cc1)NC(=O)Cn2c(c(c([nH+]2)SC)c3nc(no3)c4ccccc4)N,C45895459,inactive
6269,C[C@@H](C(=O)Nc1cccc(c1)Br)Sc2ccc(c[nH+]2)S(=O)(=O)N3CCCCC3,C18522477,inactive
6270,CC(C)[NH+](CCNC(=O)CN1c2ccccc2S/C(=C/c3ccc(cc3)Cl)/C1=O)Cc4ccccc4,C03037106,inactive
6271,C[C@@H]1[C@H]([NH2+][C@H]([C@H](C1(c2ccc(cc2)F)O)C)c3cc(ccc3OC)OC)c4cc(ccc4OC)OC,C15768956,inactive
6272,c1cc(ccc1OC[C@H](C[NH+]2CCCCCC2)O)S(=O)(=O)c3ccc(cc3)OC[C@H](C[NH+]4CCCCCC4)O,C97998443,inactive
6273,c1ccc(c(c1)NC(=O)CNc2cc(ccc2C(=O)N3CCCCC3)Cl)Cl,C55851852,inactive
6274,C[C@@H]1C(=c2ccccc2=[NH+]1)CCN3[C@@H]4[C@@H](C(=NC3=O)[O-])C([NH+]=C(N4)C)(C(F)(F)F)C(F)(F)F,C63514073,inactive
6275,Cc1ccc(cc1)COc2cc(c(cc2OC)/C=N/NC(=O)C(c3ccccc3)(c4ccccc4)O)Br,C04196403,inactive
6276,c1ccc(cc1)CN2C(=O)[C@H]3[C@@H](N(O[C@@H]3C2=O)c4ccccc4)c5ccc(c(c5)O)O,C13787570,inactive
6277,COc1ccc(c(c1)C[NH+]2CCC[C@](C2)(Cc3ccccc3c4cncnc4)C(=O)N)OC,C19551495,inactive
6278,CCCOc1ccc(cc1OC)[C@H]2CN3C(=O)CN(C(=O)[C@@]3([C@@H]4C2=c5ccccc5=[NH+]4)C)CCCCCO,C63372663,inactive
6279,c1ccc2c(c1)CC[NH+](C2)Cc3ccc(cc3)C(=O)Nc4ccc(cc4)S(=O)(=O)N5CCCCC5,C02979349,inactive
6280,Cc1ccccc1COc2ccc(cc2)C(=O)C3=C(C(=O)N([C@@H]3c4cccc(c4)O)Cc5cc[nH+]cc5)O,C17207548,inactive
6281,COc1cc(cc(c1OC)OC)[C@H]2Nc3ccc(cc3[C@H]([NH+]2CC(=O)OC)c4ccccc4Cl)Br,C53290251,inactive
6282,CSCC[C@@H](C(=O)N1CCC2(CC1)c3c([nH]cn3)CC[NH2+]2)NC(=O)c4ccc(cc4)Cl,C13550998,inactive
6283,Cc1ccc(o1)[C@@H]2Nc3ccc(cc3C(=O)N2NC(=O)c4ccc(cc4)OCC=C)I,C02746607,inactive
6284,C[C@@H]1CCC[C@H]([C@@H]1C)NC(=O)[C@@H]2[C@@]34C=C[C@@H](O3)[C@@H]([C@@H]4C(=O)N2CC[NH+]5CCCC[C@@H]5C)C(=O)Nc6cccc(c6)Cl,C53229715,inactive
6285,CC1(C)CC(NC(=O)c2ccc(C3(c4ccccc4)CC3)cc2)CC(C)(C)N1,CHEMBL3264761,inactive
6286,CC[C@@H]1CCCCN1c2c(c(ncn2)N3CC[NH+](CC3)C(c4ccccc4)c5ccccc5)N,C40729659,inactive
6287,COc1cc(C)[nH]c(=O)c1CN1CCN(C)c2c(Cl)cc(c(Cl)c2C1=O)-c1ccc(CN2CCOCC2)cc1,50586170,active
6288,c1cc(sc1)S(=O)(=O)Nc2ccc(cc2)C(=O)Nc3ccc(cc3F)F,C10009720,inactive
6289,COc1ccc(c2c1cccc2)C[C@@]3(CCC(=O)N3)CCC(=O)N[C@@H](c4ccccc4)c5cc[nH+]cc5,C11789025,inactive
6290,Cc1[nH]c(=O)c(CNC(=O)c2cc(-c3ccc(N4CCN(C(C)C)CC4)nc3)cc3c2cnn3C(C)C)c2c1CCC2,CHEMBL4532360,active
6291,COc1ccc(cc1)[C@H]2CC(=NN2c3[nH+]c(cs3)c4ccc(cc4)S(=O)(=O)N5CCOCC5)c6ccc(cc6)OC,C33358429,inactive
6292,CCN(CC)c1ccc2c(c1)Oc3cc(ccc3C24c5ccccc5C(=O)N4CC[NH3+])N(CC)CC,C87489320,inactive
6293,COc1cc(C)[nH]c(=O)c1CNC(=O)c1cc2c(-c3ccn[nH]3)ccn2c(C(C)N2CCN(CC(F)(F)F)CC2)c1C,CHEMBL5206590,active
6294,C#CCn\1c2ccc(cc2s/c1=N\C(=O)c3cc(sc3Cl)Cl)S(=O)(=O)N,C96129282,inactive
6295,Cc1cccn2c1nc(c2C)C(=O)C3=C(C(=O)N([C@H]3c4cccc(c4)O)CCCn5cc[nH+]c5)O,C35484744,inactive
6296,CCCCCCOc1ccc(cc1)N2C(=O)C[C@@H](C2=O)[NH+]3CCC(CC3)(C(=O)N)N4CCCCC4,C18123075,inactive
6297,c1ccc(cc1)CCNC(=O)/C(=c\2/n(c(=O)/c(=C/c3ccc(o3)c4ccc(cc4)[N+](=O)[O-])/s2)c5ccccc5)/C#N,C01900951,inactive
6298,CCOc1ccccc1[C@@H]2[NH2+][C@@H](CC(=N2)c3cccc(c3)OC)c4cc(ccc4O)Br,C09543184,inactive
6299,CC1(C)CC(NC(=O)c2ccc(Oc3ccccc3)cc2)CC(C)(C)N1,CHEMBL3264749,inactive
6300,COc1cc(cc(c1)OC)NC(=O)NC[C@@H](c2ccc3c(c2)OCO3)[NH+]4CCN(CC4)c5ccccc5F,C38621303,inactive
6301,c1ccc2c(c1)[nH+]c(n2C[C@H](c3ccc(cc3)C(F)(F)F)O)CC(=O)NCc4ccc(cc4)Cl,C71949510,inactive
6302,Cc1cc(ccc1NC(=O)CSc2nc([nH]n2)N/N=C/c3ccc(c(c3)OC)O)Br,C58995045,inactive
6303,CN([C@@H]1CC[C@H](N)CC1)c1cc(cc(C(=O)NCc2c(C)cc(C)[nH]c2=O)c1C)-c1cnn(C)c1,172040,active
6304,CCc1ccc(cc1)OCC(=O)Nc2c(c3c(s2)C[C@@H](CC3)C(C)(C)C)C(=O)N[C@@H]4CCS(=O)(=O)C4,C39836547,inactive
6305,COc1cc(cc(c1OC)OC)c2nnc(n2c3ccccc3)SCC(=O)Nc4cccc(c4)C(F)(F)F,C00886515,inactive
6306,Cc1cc(ccc1NC(=O)CSc2nc([nH]n2)N/N=C/c3cc(ccc3O)Br)OC,C59016970,inactive
6307,C[C@H](C[NH2+]CC[NH2+]Cc1cc(c(c(c1)Br)OCc2ccccc2)Br)O,C20477753,inactive
6308,C[C@H](C(=O)Nc1ccc(cc1)C(=O)Nc2ccccc2OC)[NH+](C)Cc3cccc(c3Cl)Cl,C16590263,inactive
6309,CC(OCC#C)c1c(C)c(cc2cccn12)C(=O)NCc1c(C)cc(C)[nH]c1=O,490124,active
6310,CCOc1ccc(cc1)[C@H]2CC(=NN2C(=O)C[NH+]3CCC(CC3)C(=O)N)c4ccc(cc4OC)OC,C36342565,inactive
6311,COc1cc(C)[nH]c(=O)c1CN1CCc2c(Cl)cc([C@H](CO)[C@@H]3CCCO3)c(Cl)c2C1=O,435597,active
6312,Cc1ccc([nH+]c1)NC(=O)C2[C@H](C3=C(CC(CC3=O)(C)C)N=C2C)c4ccc(c(c4)CSc5nc(cc(n5)C(F)F)C)OC,C08440579,inactive
6313,C[C@H](c1nnc(n1c2ccc(cc2)Cl)S[C@H](C)C(=O)Nc3ccc(cc3Cl)Cl)[NH+](C)C,C09100950,inactive
6314,Cc1cc(c(n1c2cccc(c2)Br)C)/C=N/NC(=O)CN(c3ccc(c(c3)C(F)(F)F)Cl)S(=O)(=O)C,C59647246,inactive
6315,Cc1ccc(cc1)S(=O)(=O)N/N=C/2\CCCc3c2c(c(o3)C(=O)N[NH2+]C(=O)c4ccco4)C,C40815312,inactive
6316,CSc1cc(C)[nH]c(=O)c1CNC(=O)c1c(C)n([C@H](C)[C@H]2OC[C@@H](CO2)N2CCC22COC2)c2ccccc12,575037,active
6317,c1ccc(c(c1)/C=N/N=C/2\NC(=O)[C@@H](S2)Cc3cc(ccc3Cl)Cl)O,C04339366,inactive
6318,CCN(c1cc(-c2ccc(C(F)(F)F)cc2)cc(C(=O)NCc2c(C)cc(C)[nH]c2=O)c1C)[C@H]1CC[C@H](N(C)C)CC1,CHEMBL3701009,active
6319,[H]/N=C\1/C(=C\c2cc(n(c2C)c3ccc(cc3OC)OC)C)/C(=O)N=C4N1N=C(S4)N5CCCCC5,C20356539,inactive
6320,COc1cccc(c1O)[C@@H]2[C@@H]3CC=C[C@H]3c4cc(ccc4N2)S(=O)(=O)N5CCCCCC5,C20694028,inactive
6321,CC(=O)N[C@H]1CC[C@@H](N(C)c2cc(-c3ccc(CN4CCOCC4)cc3)cc(C(=O)NCc3c(C)cc(C)[nH]c3=O)c2C)CC1,CHEMBL3697415,active
6322,CCCCOc1ccc(cc1OC)[C@H]2c3ccc(cc3OC(=C2C#N)N)OC(=O)Cc4ccccc4,C38660207,inactive
6323,COc1ccc(cc1OC)Cc2[nH+]c3ccccc3n2CC(=O)N/N=C\c4ccc(cc4Cl)Cl,C33924601,inactive
6324,COc1ccc(cc1F)/C(=C\2/[C@H](N(C(=O)C2=O)CCCn3cc[nH+]c3)c4ccc(cc4)OCc5ccccc5)/O,C08567679,inactive
6325,COc1ccc(cc1)n2cc(c3c2[C@H](CC(=[NH+]3)O)c4ccsc4)C(=O)[O-],C40266992,inactive
6326,c1ccc2cc(ccc2c1)OC[C@H](C[NH+]3CCN(CC3)C[C@H](COc4ccc5ccccc5c4)O)O,C22130659,inactive
6327,Cc1cc(ccc1O[C@H](C)C(=O)Nc2ccc(cc2)/C(=N/NC(=O)C3CCN(CC3)S(=O)(=O)c4ccccc4)/C)Cl,C97965838,inactive
6328,C1CCC(CC1)N([C@H]2CCS(=O)(=O)C2)C(=O)CSc3[nH+]c4c(c5c(s4)CCCC5)c(n3)N,C09635480,inactive
6329,CCN(C1CCOCC1)c1cc(cc(C(=O)NCc2c(OC)cc(C)[nH]c2=O)c1C)-c1ccc2CCC(N3CCOCC3)c2c1,50594135,active
6330,Cn1c(cc(=O)c(c1CN2CCN(CC2)CCOc3ccccc3Cl)O)C[NH+]4C[C@H]5C[C@@H](C4)c6cccc(=O)n6C5,C85879873,inactive
6331,CCOc1ccc(cc1OCC)CCNC(=O)Cc2ccc(cc2)NC3=[NH+][C@H]4CS(=O)(=O)C[C@H]4S3,C09530039,inactive
6332,CC(C)C[C@@H](c1nnc(n1C)SCC(=O)Nc2nc3ccccc3s2)NC(=O)c4ccccc4Cl,C98045490,inactive
6333,CCCc1cc(C)[nH]c(=O)c1CNC(=O)c1cc(-c2ccc(N3CCN(C(C)C)CC3)nc2)cc2nn(C(C)C)cc12,CHEMBL4521009,active
6334,CCOc1cc(ccc1OCC(=O)Nc2cccc(c2)C(F)(F)F)/C=N/NC(=O)C(=O)Nc3ccccc3Cl,C08452642,inactive
6335,c1ccc2c(c1)ccc(c2/C=N/NS(=O)(=O)c3ccc(cc3)Br)O,C03526928,inactive
6336,Cc1cc(C)c(CNC(=O)c2cc(Br)c3OCC=C(C)Cc3c2)c(=O)[nH]1,359775,active
6337,C[NH+](C)CCNC(=O)c1cccc(c1)Nc2c(cnn(c2=O)c3ccc(cc3)OC)Oc4ccccc4,C36084860,inactive
6338,CCCC(=O)Nc1ccc(cc1)S(=O)(=O)NC[C@H](c2ccc3c(c2)CCCN3C)N4CC[NH+](CC4)C,C38673171,inactive
6339,COc1ccc(cc1OC)c2nnc(n2c3ccccc3)SCC(=O)N/N=C/c4cc(ccc4O)Br,C02703033,inactive
6340,[H]/N=C/1\C(=C/c2ccc(cc2)OCCCOc3ccccc3Cl)\C(=O)N=C4N1C(=NS4)S(=O)(=O)C,C96459910,inactive
6341,CCC(C)c1cc(C)c(CNC(=O)c2cc(cc3n(ncc23)C(C)C)-c2ccc(nc2)N2CCN(CC2)C(C)C)c(=O)[nH]1,50536596,active
6342,Cc1cc(C)c(CNC(=O)c2cc(cc3n(ncc23)C2CCCC2)-c2cnn(CCN3CCOCC3)c2)c(=O)[nH]1,326100,active
6343,COc1ccc(cc1)[C@@H]2[C@H](c3ccccc3C(=O)N2c4ccc(cc4)OC)C(=O)Nc5nc6ccc(cc6s5)OC,C33356741,inactive
6344,c1cc(cc(c1)Cl)COc2ccc(cc2)/C=N/NC(=O)c3c(n(nn3)c4c(non4)N)CSC5=[NH+]CCS5,C01879082,inactive
6345,CCOc1c(cc(cc1Br)[C@H]2C(=C([NH+]=C3N2NN=N3)C)C(=O)Nc4ccc(cc4C)C)OC,C38223082,inactive
6346,CCOc1cc(cc(c1O)Br)[C@H]2c3c(n[nH]c3OC(=C2C#N)[NH3+])c4cc(ccc4OC)OC,C00987185,inactive
6347,CCOC(=O)[C@@H]1[C@@H](CC2=C(C1=O)[C@@H](C(=C(N2c3ccccc3C(F)(F)F)N)C(=O)OCC)c4ccc(cc4)F)c5cccs5,C98007111,inactive
6348,CCN(c1cc(/C=C/c2ccc(CN3C[C@@H](C)O[C@@H](C)C3)c(F)c2)cc(C(=O)NCc2c3c(c(C)[nH]c2=O)CCCC3)c1C)C1CCOCC1,CHEMBL4646490,active
6349,COC(C1CN(C1)S(C)(=O)=O)c1cc(Cl)c2CCN(Cc3c(C)cc(C)[nH]c3=O)C(=O)c2c1Cl,435670,active
6350,CC[C@@]1(C(=O)N(C(=O)N1)NC(=O)CS[C@@H]2NN=C(O2)C3=c4ccccc4=[NH+]C3)c5ccccc5,C39792267,inactive
6351,Cc1cc(C)c(CNC(=O)c2cccc3c2nnn3C(C)C)c(=O)[nH]1,CHEMBL3769778,inactive
6352,CCN(C1CCOCC1)c1cc(cc(C(=O)NCc2c(C)cc(C)nc2=O)c1CC)-c1ccc(CN2CCOCC2)cc1,172133,active
6353,Cc1cc(C)c(CNC(=O)c2cc(-c3ccc(CN4CCOCC4)cc3)cc(N(CC3CCC3)C3CCOCC3)c2C)c(=O)[nH]1,CHEMBL3697453,active
6354,CCN1CCN(c2ccc(-c3cc(C(=O)NCc4c(C)cc(C)[nH]c4=O)c(C)c(N(CC)C(=O)C4CC4)c3)cc2)CC1,CHEMBL4861991,active
6355,CCOc1ccc(cc1Br)NS(=O)(=O)c2cccc(c2)C(=O)NC3=NCCS3,C24839004,inactive
6356,CC[C@@H](c1nnnn1Cc2ccc(cc2)OC)[NH+](Cc3cccs3)Cc4cc5cc(ccc5[nH]c4=O)OCC,C01375862,inactive
6357,CN(C)c1ccc(cc1)/C=C(/C(=O)N/N=C/c2ccc(c(c2)OC)OC(=O)c3cccs3)\NC(=O)c4ccccc4,C97964232,inactive
6358,c1ccc2=[NH+]CC(=c2c1)C[C@@H](C(=O)Nc3ccc(cc3)N4CCOCC4)NC(=O)c5cccs5,C63194349,inactive
6359,Cc1c(n2ccccc2[nH+]1)C(=O)NNC(=O)Cn3c4ccccc4[nH+]c3COc5ccccc5,C24882465,inactive
6360,CC(C)CCOc1cccc(c1)[C@@H]2/C(=C(\c3ccc4c(c3)OCCO4)/O)/C(=O)C(=O)N2CCCn5cc[nH+]c5,C09437166,inactive
6361,Cc1c(noc1NS(=O)(=O)c2ccc(cc2)NC(=O)CSc3c(c(cc(n3)c4cccs4)C(F)(F)F)C#N)C,C06229141,inactive
6362,CC1=CCOc2c(Br)cc(C(=O)NCc3c(C)cc(C)[nH]c3=O)cc2C1,CHEMBL5188141,active
6363,Cc1ccc(o1)CN([C@H](c2ccc(c(c2)OC)OC)C(=O)NC(C)(C)CC(C)(C)C)C(=O)c3ccc(cc3)O,C36597312,inactive
6364,c1ccc2c(c1)CCC[C@@H]2Sc3nc4ccccc4c(=O)n3CCc5ccc(cc5)S(=O)(=O)N,C69624256,inactive
6365,CC(C)C[C@H]1[C@H]2[C@@H](C(=O)N(C2=O)c3ccc(cc3)NC(=O)C)[C@@]4([NH2+]1)c5ccccc5N(C4=O)C,C15305409,inactive
6366,CSc1cc(C)[nH]c(=O)c1CNC(=O)c1c(C)n([C@H](C)C2CCN(CC2)C2(C)CC2)c2ncccc12,575007,active
6367,Cc1cc(C)c(CNC(=O)c2cc3[C@@H]4CCC[C@]4(C)Oc3c(Br)c2)c(=O)[nH]1,359803,active
6368,CCN(c1cc(-c2ccc(CN3CCN(CCCCCCCCCOc4cccc5c4C(=O)N(C4CCC(=O)NC4=O)C5=O)CC3)cc2)cc(C(=O)NCc2c(C)cc(C)[nH]c2=O)c1C)C1CCOCC1,CHEMBL5073227,active
6369,CCN(CC)c1ccc(cc1)[C@H]2[C@@H](C(=Nc3n2nc(n3)SCc4ccccc4Cl)C)C(=O)N,C02719071,inactive
6370,COc1cccc(c1O)[C@H]2Nc3ccc(cc3C(=O)N2NC(=O)c4ccc(cc4)OCC=C)I,C02745060,inactive
6371,Cc1cccc(c1NC(=O)Cn2c(c(c([nH+]2)SC)c3nc(no3)c4ccc(cc4)Cl)N)C,C46915005,inactive
6372,Cc1ccc(cc1)[C@@H](c2cccs2)NCC(=O)N3CC[NH+](CC3)CC(=O)Nc4c(cccc4C)C,C12905765,inactive
6373,CCn1c(nnc1SCC(=O)Nc2ccc(cc2)S(=O)(=O)Nc3cc(nc(n3)C)C)c4ccc(cc4)C(C)(C)C,C01884999,inactive
6374,c1ccc(c(c1)c2[nH]c3ccccc3[nH+]2)NC(=O)CNC4=NS(=O)(=O)c5c4cccc5,C98065668,inactive
6375,Cc1cc(C)c(CNC(=O)c2cc(C3=CC(C)(C)NC(C)(C)C3)nc3c2cnn3C(C)C)c(=O)[nH]1,CHEMBL3770922,active
6376,c1ccc(c(c1)n2cc(cn2)NC(=O)CNC(=O)NCc3ccco3)F,C88350447,inactive
6377,CC(OCc1cccc(F)c1)c1c(C)c(cc2cccn12)C(=O)NCc1c(C)cc(C)[nH]c1=O,490134,active
6378,CCCc1cc(C)[nH]c(=O)c1CNC(=O)c1cc(Cl)cc(N(CC)C2CCN(C)CC2)c1C,CHEMBL3945718,active
6379,c1ccc(c(c1)/C=C/2\C(=O)N(C(=O)S2)CCNC(=O)[C@H]3CCCN3c4c5ccccc5ncn4)F,C96936175,inactive
6380,COc1cc(cc(c1OC[C@@H](c2ccc3c(c2)OCO3)O)Br)C[NH2+]Cc4ccccc4Cl,C20876997,inactive
6381,CC(CCO)c1cc(Cl)c2CCN(Cc3c(C)cc(C)[nH]c3=O)C(=O)c2c1Cl,435522,active
6382,CCCN1[C@H](C(=C(N(C1=O)C)[O-])C(=O)CSc2nnc(n2C3CC3)C4=c5ccccc5=[NH+]C4)[NH3+],C63209592,inactive
6383,c1ccc(cc1)[C@H]2C=C(Nc3n2nc(n3)C(F)(F)F)c4ccncc4,C08192593,inactive
6384,Cc1cc(C)c(CNC(=O)c2cc3CC4(CCCC4)Oc3c(c2)-c2cnc(nc2)N2CCN(CC2)C(=O)OC(C)(C)C)c(=O)[nH]1,359819,active
6385,c1ccc2=[NH+]C(=O)[C@@H]([NH+]=c2c1)CSc3nnc(s3)NC(=O)Nc4ccc(c(c4)Cl)F,C63752112,inactive
6386,CC(C)(C)c1cc(CNC(=O)[C@@H](N)CCSC[C@H]2O[C@@H](n3cnc4c(N)ncnc43)[C@H](O)[C@@H]2O)n[nH]1,CHEMBL3397330,inactive
6387,CC(C)(C)C1CCC(CC1)OC[C@H](C[NH+]2CCN(CC2)CCN3C(=O)c4cccc5c4c(ccc5)C3=O)O,C22914718,inactive
6388,Cc1ccc(cc1)COc2c(cc(cc2Br)/C=N/NC(=O)CC[C@H](c3ccccc3)O)OC,C83315324,inactive
6389,CCOc1cc(c(cc1OC)/C=C\2/c3c(c(c(nc3C(=C2C)C#N)N)C#N)C)Br,C34878257,inactive
6390,C[C@@H](C(=O)Nc1ccc2c(c1)OCCO2)Sc3[nH]c(c[nH+]3)c4ccc(cc4)Br,C08720141,inactive
6391,Cc1ccc(cc1)S(=O)(=O)n2c(cnc2SCC(=O)Nc3cc(ccc3OC)Cl)c4ccccc4,C00853509,inactive
6392,Cc1ccc(cc1)C(=O)N2CCN(CC2)c3ccc(cc3)NC(=S)NC(=O)c4ccc5c(c4)nsn5,C21595749,inactive
6393,Cc1cc[nH+]c(c1)n2c(=O)c3ccccc3[nH+]c2S[C@H](C)C(=O)Nc4cccc(c4)C(F)(F)F,C35535816,inactive
6394,c1cc(ccc1C2SCCS2)C(=O)Nc3ccc(cc3)NS(=O)(=O)c4ccc(c(c4)F)F,C15744009,inactive
6395,Cc1c(ccc(n1)NC(=S)NC(=O)c2cccc(c2)OC)I,C17095258,inactive
6396,[H]/N=C\1/C(=C\c2cc(n(c2C)c3cccc(c3C)C)C)/C(=O)N=C4N1N=C(S4)C(C)C,C05487840,inactive
6397,CN(C)c1ccc(cc1)[C@H](CNC(=O)Nc2cc(ccc2OC)Cl)[NH+]3CCN(CC3)c4ccccc4,C22418718,inactive
6398,Cc1cc(C)c(CNC(=O)c2cc(C#N)cc3c2C(C)CN3C(C)C)c(=O)[nH]1,CHEMBL3906288,active
6399,CSc1cc(C)[nH]c(=O)c1CNC(=O)c1c(C)n([C@@H](C)C2OCC(CO2)NC2(C)COC2)c2ccccc12,574843,active
6400,Cc1cccc(c1)C2=NN3C(=[NH2+])/C(=C/c4ccc(c(c4)Cl)OCc5ccccc5)/C(=O)N=C3S2,C33859837,inactive
6401,COc1ccc(cc1)C(=O)N/C(=C\c2ccc(cc2)Br)/C(=O)NCCC3=c4ccccc4=[NH+]C3,C63254424,inactive
6402,Cc1cc(C)c(CNC(=O)c2cc(cc3N(CCc23)C2CCOCC2)C#N)c(=O)[nH]1,50205638,inactive
6403,[H]/N=C\1/C(=C\c2cc(c(c(c2)OC)OCCOc3ccccc3Cl)OC)/C(=O)N=C4N1N=C(S4)Cc5ccccc5,C97959144,inactive
6404,CCCCNc1ccc-2c(cc1=O)[C@H](CCc3c2c(c(c(c3)OC)OC)OC)[NH+](C)Cc4ccccc4O,C12660195,inactive
6405,Cc1ccc(cc1)c2[nH]c(c([nH+]2)SCC(=O)Nc3ccc(cc3)F)c4ccc(c(c4)OC)OC,C20182439,inactive
6406,c1ccc2c(c1)CCC[C@@H]2NC(=O)[C@H]3CCCN(C3)S(=O)(=O)N4CCCCCC4,C06535918,inactive
6407,C[C@H]1Cc2cc(ccc2O1)C(=O)C3=C(C(=O)N([C@@H]3c4ccc(cc4)OCc5ccccc5)c6cccc[nH+]6)O,C38249459,inactive
6408,CCOc1ccc(cc1C)C(=O)C2=C(C(=O)N([C@@H]2c3cccc(c3)Oc4ccccc4)Cc5ccc[nH+]c5)O,C09993699,inactive
6409,Cc1ccccc1[C@H]2c3c(nn(c3N(C(=O)CS2)CC(=O)NCc4ccc[nH+]c4)c5ccccc5Cl)c6ccccc6,C98012111,inactive
6410,Cc1c(c(n2c(n1)nc(n2)SC)C)CC(=O)NCCCc3c(c(n(n3)c4ccc(cc4)F)N)C#N,C36834671,inactive
6411,COc1ccc2c(c1)c(c[nH]2)[C@@H](CC(=O)NCCc3cccc[nH+]3)c4cccc(c4)OCc5ccccc5,C96278595,inactive
6412,c1ccc(cc1)[C@H]2CC3=C([C@H](C(=C(N3c4[nH]ncn4)[NH3+])C#N)c5cccc(c5)[N+](=O)[O-])C(=O)C2,C27551907,inactive
6413,Cc1cc(C)c(CNC(=O)c2cc(-c3ccc(CN4CCOCC4)cc3)cc(N(C)C3CCNCC3)c2C)c(=O)[nH]1,CHEMBL3697407,active
6414,CC[C@@H]1C[NH+]2CCc3cc(c(cc3[C@@H]2C[C@@H]1[C@@H]4c5c(cc(cc5OC)OC)CC[NH2+]4)OC)OC,C83314512,inactive
6415,CSc1nc([nH]n1)N2[C@H]([C@@H](C(=O)[C@@H]2O)c3ccccc3)c4ccccc4,C72332364,inactive
6416,Cc1cc(C)c(CNC(=O)c2cc(-c3ccc(CN4CCOCC4)cc3)cc(N(C)[C@H]3CC[C@H](N)CC3)c2C)c(=O)[nH]1,CHEMBL3697435,active
6417,CCc1ccc(cc1)n2c3c(c(=O)n(c(n3)SCC(=O)Nc4nccs4)c5ccc(cc5)C)sc2=S,C03034717,inactive
6418,c1ccc(cc1)C2=N/C(=C\c3cc(ccc3OCC(=O)N)Br)/C(=O)O2,C05946682,inactive
6419,Cc1ccc(cc1)CN2c3ccsc3C(=O)/C(=C/NCCC4=c5ccccc5=[NH+]C4)/S2(=O)=O,C63584608,inactive
6420,CC(=O)Nc1ccc(cc1)S(=O)(=O)/N=C\2/[C@H]([NH+]=c3ccccc3=N2)Nc4ccc(c(c4)OC)OC,C39978771,inactive
6421,CCCN1C(=O)c2c([nH+]cn2C[C@@]1(C)C(=O)NCCC(C)C)C(=O)NCCC[NH+]3CCCCCC3,C15735679,inactive
6422,c1c2cc3c(cc2nc(c1CN(CCCO)C(=S)NCCC[NH+]4CCOCC4)O)OCCO3,C06445101,inactive
6423,CSc1cc(C)[nH]c(=O)c1CNC(=O)c1c(C)n([C@H](C)C2CCC(CC2)N2CCC(F)(F)C2)c2ccccc12,574963,active
6424,CC(C)n1ncc2c(cc(nc12)-c1ccc(CN(C)C)cc1)C(=O)NCc1c(C)cc(C)[nH]c1=O,325826,active
6425,CC[NH+](CC)CCCN1[C@@H](C(=C(C1=O)O)C(=O)c2c(nc(s2)C)C)c3c(cccc3Cl)Cl,C35568314,inactive
6426,CCN(c1cc(-c2ccc(CN3CCN(C)CC3)cc2)cc(C(=O)NCc2c3c(c(C)[nH]c2=O)CCCC3)c1C)C1CCCCC1,CHEMBL5178720,active
6427,C[C@@]1(C(=O)N(C(=O)N1)CC(=O)NC[C@@H](c2ccc(cc2)OC)[NH+]3CCCC3)c4ccc5ccccc5c4,C32960832,inactive
6428,CC(C)C[C@@H]1C(=O)N(C2([NH2+]1)CCN(CC2)C(=S)Nc3ccc(cc3)OC)Cc4ccc(cc4)F,C36029852,inactive
6429,CCCCCOc1ccc(cc1OC)[C@H]2c3c(n[nH]c3C(=O)N2Cc4cc[nH+]cc4)c5ccccc5O,C38609995,inactive
6430,CN(C)c1ccc(cc1Br)/C=N/NC(=O)CN(c2ccccc2OC)S(=O)(=O)c3ccccc3,C02190167,inactive
6431,Cc1cccc(c1)C2=NN3C(=[NH2+])/C(=C\c4cc(c(c(c4)OC)OCCOc5ccccc5C)OC)/C(=O)N=C3S2,C97958085,inactive
6432,Cc1ccc(cc1)C(=O)NCC(=O)N/N=C/c2ccc(c(c2)Br)OCc3ccccc3C#N,C09305464,inactive
6433,CC(C)c1cc(Cl)c2CCN(Cc3c(C)cc(C)[nH]c3=O)C(=O)c2c1Cl,435503,active
6434,CSCC[C@H](C(=O)N1CCC2(CC1)c3c([nH+]c[nH]3)CC[NH2+]2)NC(=O)c4ccc(cc4)Br,C13551865,inactive
6435,C[C@@H]1CCCCN1S(=O)(=O)c2ccc(cc2)C(=O)Nc3c(c4c(s3)CN(CC4)C(C)C)C(=O)OC,C08583070,inactive
6436,CCN(C1C[C@@H](C)N[C@H](C)C1)c1cc(cc(C(=O)NCc2c(C)cc(C)[nH]c2=O)c1C)-c1ccc(CN2CCOCC2)nc1,601718,active
6437,c1ccc(cc1)N2CCN(CC2)CC(=O)N3CCNC(=O)[C@H]3CC(=O)Nc4ccc(cc4)Br,C20676892,inactive
6438,Cc1cc(ccc1/C(=C/2\C=CC(=[N+](CCO)CCO)C=C2C)/c3ccccc3Cl)N(CCO)CCO,C04014682,inactive
6439,CN1CCc2c1ccc(c2)[C@H](CNC(=O)NCc3ccc(c(c3)OC)OC)[NH+]4CCCCC4,C38517863,inactive
6440,Cc1ccccc1OCCOc2ccc(cc2)/C=c\3/c(=[NH2+])n-4[nH]/c(=C/C(=O)N5CCCC5)/sc4nc3=O,C49686828,inactive
6441,C[C@@H]1CC[C@@]2(CC[C@@]3(C(=CC[C@@H]4[C@]3(CC[C@@H]5[C@@]4(CC[C@@H](C5(C)C)O[C@H]6[C@@H]([C@H]([C@@H]([C@H](O6)CO)O)O)O)C)C)[C@@H]2[C@@H]1C)C(=O)[O-])C(=O)O,C67903139,inactive
6442,COC(=O)C1CC[NH+](CC1)[C@@H](c2c[nH]c3c2cc(cc3)Br)C(=O)[O-],C20723199,inactive
6443,CC1=CC=CN2[C@H]1NC(=C(C2=O)Cc3nnc(n3C)SCC(=O)NCC4[NH+]=c5ccccc5=[NH+]4)C,C64482310,inactive
6444,COc1ccc(cc1/C(=[NH+]/c2c(c3ccccc3oc2=O)NCc4ccccc4)/O)Br,C20258460,inactive
6445,CN(C)CC(=O)N1CCC(=CC1)c1cc(C(=O)NCc2c(C)cc(C)[nH]c2=O)c2cnn(C3CCCC3)c2c1,326140,active
6446,COCCN1[C@@H]([C@H](C(=O)C1=O)C(=O)c2ccc(cc2)OCC=C)c3cc(c(c(c3)Br)O)OC,C16735001,inactive
6447,CC(=O)Nc1ccc(cc1)S(=O)(=O)NC[C@H](c2ccc(cc2)N(C)C)[NH+]3CCc4ccccc4C3,C38666965,inactive
6448,COc1ccc(cc1OC)c2nnc(n2c3ccccc3)SCC(=O)N/N=C/C(=C/c4ccccc4)/Br,C01884845,inactive
6449,CC(C)(C)NC1=Nc2ccccc2CN[C@]13CCN(C3)C(=O)c4ccccn4,C65265984,inactive
6450,CCOC(=O)[C@H]1CC[C@@H](CC1)N(CC)c1cc(Cl)cc(C(=O)NCc2c(C)cc(C)[nH]c2=O)c1C,190217,active
6451,CCCCN1c2ccccc2[C@@]3(C1=O)C(=C(C(=O)N3CC[NH+](C)C)O)C(=O)c4cccc(c4)S(=O)(=O)N(C)C,C98046807,inactive
6452,COc1ccc(cc1NC(=O)CSc2[nH+]c(c(cn2)S(=O)(=O)c3cccs3)N)Cl,C16842180,inactive
6453,CC1COc2c1cc(cc2-c1ccc(nc1)N1CCOCC1)C(=O)NCc1c(C)cc(C)[nH]c1=O,359757,active
6454,CCn1c(nnc1SCC(=O)Nc2ccc(cc2)C(=O)C)c3ccc(cc3)S(=O)(=O)N4CCCC4,C00879218,inactive
6455,CC(C)n1ncc2cc(cc(-c3ccc(nc3)N3CCN(CCOCCC(=O)Nc4cccc5C(=O)N(C6CCC(=O)NC6=O)C(=O)c45)CC3)c12)C(=O)NCc1c(C)cc(C)[nH]c1=O,50594124,active
6456,C[C@@H](C(=O)Nc1ccc(cc1)S(=O)(=O)N2CCCC2)Sc3[nH]c(c[nH+]3)c4ccc(cc4)F,C17749638,inactive
6457,COc1c(cc(cc1I)I)/C=N/NC(=O)COc2ccccc2[N+](=O)[O-],C33353894,inactive
6458,CCCc1cc(C)[nH]c(=O)c1CNC(=O)c1cc2CC(C)(Oc2c(c1)-c1ccc(nc1)N1CCNCC1)C(C)=C,359839,active
6459,CC(=O)Oc1c(cc(cc1Br)[C@@H]2c3c(n[nH]c3OC(=C2C#N)N)c4cc(ccc4OC)OC)OC,C02841015,inactive
6460,COC(=O)c1ccc2c(c1)nc([nH]c2=O)CSc3[nH]c(c([nH+]3)c4cccs4)c5cccs5,C09635235,inactive
6461,CCCOc1ccc(cc1OC)[C@@H]2CN3C(=O)CN(C(=O)[C@@]3(c4c2c5ccccc5[nH]4)C)CCC[NH+](CC)CC,C70692199,inactive
6462,CCN(C1CCOCC1)c1cc(cc(C(=O)NCc2c(cc(C)[nH]c2=O)C(C)C)c1C)-c1ccc(nc1)N1CCN(C)CC1,172178,active
6463,CC1CCC(CC1)N2[C@@H]([C@]34C=C[C@H](O3)[C@@H]([C@H]4C2=O)C(=O)Nc5ccc(cc5)Cl)C(=O)NC6CCCCC6,C97962344,inactive
6464,c1ccc(cc1)N2c3ccccc3[NH2+][C@@H]2CCc4ccc(cc4)NC(=O)[C@H]5C=C(N=N5)c6cccs6,C63600613,inactive
6465,CCOC(=O)CNC(=O)CSc1nc2c(c3c(s2)CCCC3)c(=O)n1c4ccc(cc4)Br,C02508172,inactive
6466,CNC(=O)c1cc(ccn1)S(=O)(=O)c2ccc3c(c2)[nH]c([nH+]3)Nc4cccc(c4)C(F)(F)F,C85393804,inactive
6467,C=CCNC(=S)N1CC[NH+](CC1)[C@H]2c3cccc4c3c(ccc4)[C@H]2NS(=O)(=O)c5ccc(cc5)Cl,C09043926,inactive
6468,CC(C)n1ncc2c(cc(nc12)C1=CCN(CC1)C1CCNCC1)C(=O)NCc1c(C)cc(C)[nH]c1=O,325944,active
6469,C[NH+](C)[C@@H](CNC(=O)c1cccc(c1)NS(=O)(=O)c2ccc(c(c2)Cl)Cl)c3ccco3,C12584865,inactive
6470,CCN(C(=O)C1CC1)c1cc(cc(C(=O)NCc2c(C)cc(C)[nH]c2=O)c1C)-c1cnc(N2CCN(CC3CC3)CC2)c(C)c1,50575223,active
6471,C[C@H]1CCC=C2[C@@]1([C@H]([C@H]3[C@@H](C2)OC(=O)[C@H]3CNC4CC[NH+](CC4)Cc5ccccc5)O)C,C70686673,inactive
6472,COc1ccc(cc1F)C(=O)C2=C(C(=O)N([C@H]2c3ccc(c(c3)OC)OCc4ccccc4)CCCn5cc[nH+]c5)O,C98217037,inactive
6473,C[C@]([C@H]1C[C@@]23CC[C@@]1([C@H]4[C@@]25CC[NH+]([C@@H]3C(=O)c6c5c(c(cc6)O)O4)CC7CC7)OC)(C(C)(C)C)O,C65748322,inactive
6474,CCN(c1cc(/C=C/c2ccc(CN3C[C@H]4C[C@@H]3CO4)c(F)c2)cc(C(=O)NCc2c(C)c3c([nH]c2=O)CCCC3)c1C)C1CCOCC1,CHEMBL4649585,active
6475,c1cc(ccc1NC(=O)C[NH+]2CCN(CC2)CC(=O)NCC3(CCCCC3)[NH+]4CCCCC4)F,C22791260,inactive
6476,C[C@H]1C(=c2cc(ccc2=[NH+]1)OC)CCNC(=O)[C@@H]3C=C4N=C(C=C(N4N3)C(F)(F)Cl)c5cccs5,C63514049,inactive
6477,Cc1ccc2=[NH+]CC(=c2c1)CCNC(=O)CSC[C@@H]3N=N[C@H](S3)C(=O)Nc4ccc(cc4)OC,C64491458,inactive
6478,Cn1cc[nH+]c1SCC(=O)Nc2ccc(cc2)C(=O)NCCOc3ccc4ccccc4c3,C09866295,inactive
6479,c1ccc(cc1)C[C@@H](C(=O)Nc2ccc(c(c2)C(F)(F)F)Cl)NS(=O)(=O)c3cccc4c3nsn4,C08596303,inactive
6480,CCOc1cc(ccc1OCc2ccc(cc2)F)[C@@H]3c4c(n[nH]c4OC(=C3C#N)[NH3+])c5ccccc5,C20175977,inactive
6481,c1ccc(cc1)c2c3cc(ccc3nc(n2)N/N=C/C4=N[C@@H]5C=CC=C[C@H]5N4)Br,C25337420,inactive
6482,CC(C)C[C@@H](C(=O)NCCc1ccc(cc1)Cl)N2C(=O)[C@@]3([C@H]4C(=c5ccccc5=[NH+]4)CCN3C2=O)C,C63373382,inactive
6483,CN(C[C@H]1C[NH+]2CC[C@@H]1C[C@@H]2CNC(=S)Nc3ccc(cc3)n4cccn4)c5ccccc5,C43527556,inactive
6484,c1cc(sc1)[C@@H]2CC(=NN2C(=O)CSc3nnc(s3)SCC(=O)N)c4cccs4,C22091457,inactive
6485,CC[C@H](C)NS(=O)(=O)c1ccc2c(c1)[C@H]3C=CC[C@H]3[C@H](N2)c4ccc5c(c4)c6ccccc6n5CC,C20685385,inactive
6486,c1cc(ccc1[C@H]2C(=C(C(=O)N2CCCn3cc[nH+]c3)[O-])C(=O)c4ccc5c(c4)OCCO5)Br,C01108365,inactive
6487,Cc1ccc(cc1)CNC(=O)CCCCCn2c(=O)c3c(ccs3)nc2SCc4cc(=O)n5ccccc5[nH+]4,C02925327,inactive
6488,c1ccc(cc1)C(c2ccccc2)(C3CCN(CC3)C(=S)Nc4ccc(cc4)S(=O)(=O)/N=c/5\[nH]ccs5)O,C97948341,inactive
6489,CC1(Cc2c(cc(c(=O)n2c3ccc(cc3)Cl)C(=O)N[C@H](CO)[C@H](c4ccc(cc4)SC)O)C(=O)C1)C,C49816802,inactive
6490,CCN(C1CCOCC1)c1cc(cc(C(=O)NCc2c(C)cc(C)[nH]c2=O)c1C)-c1ccc(CN2CCCNCC2)cc1,172080,active
6491,COc1ccc(cc1)C(=O)OCc2c3c(c(c4c2OCO4)OC)[C@@H](NCC3)[C@@H]5c6ccc(c(c6C(=O)O5)OC)OC,C44459643,inactive
6492,COc1cc(cc(c1)OC)C(=O)/N=C(/NCc2cc[nH+]cc2)\Nc3cccc(c3)Br,C45940728,inactive
6493,Cc1ccc(c(c1)S(=O)(=O)N[C@H](C)C(=O)Nc2ccc(c(c2)Cl)Cl)C,C00630613,inactive
6494,c1cc(cc(c1)F)CN[C@H]2C[C@H]([NH+](C2)Cc3ccc(cc3)Cl)C(=O)NCc4ccc[nH+]c4,C32561778,inactive
6495,c1ccc2c(c1)nc(s2)NC(=O)CSc3nnc(s3)NC(=O)c4ccc(cc4)S(=O)(=O)N5CCCCC5,C97961698,inactive
6496,CCCC1=NN2C(=[NH2+])/C(=C\c3cn(c4c3cccc4)CCOc5ccc(c(c5)C)Cl)/C(=O)N=C2S1,C51225273,inactive
6497,CN(c1ccc(cc1)C(=O)Nc2ccc(cc2)S(=O)(=O)Nc3ccc(cc3)Br)S(=O)(=O)c4ccccc4,C08384597,inactive
6498,COc1ccc(cc1OC)CCNC(=O)CCn2c(=O)c3ccccc3nc2SCc4cc(=O)n5ccccc5[nH+]4,C02973613,inactive
6499,Cc1cccc(c1)n2c3c(c(n2)C(C)(C)C)[C@H](SCC(=O)N3CC(=O)NCC[NH+](C)C)c4ccc(cc4F)F,C98010985,inactive
6500,c1ccc(cc1)Cn\2c3ccccc3[nH]/c2=N\C(=O)c4c(cn[nH]4)I,C12648953,inactive
6501,CCN(C1CCOCC1)c1cc(cc(C(=O)NCc2c(C)cc(C)[nH]c2=O)c1C)-c1ccc(CN2CCCCC2)nc1,601698,active
6502,c1ccc2c(c1)c(nc([nH+]2)c3cccs3)N(CCC(=O)NCc4cccc(c4)C(F)(F)F)Cc5ccco5,C98009862,inactive
6503,Cc1cc2CC\C=C\Cc3c(O[C@H]4CC[C@H](N)CC4)cc(Cl)cc3C(=O)NCc2c(=O)[nH]1,50061975,active
6504,c1ccc2c(c1)[nH+]c(n2CCOc3ccc(cc3Cl)Cl)S[C@@H]4[C@H]([C@@H]([C@@H]([C@@H](O4)CO)O)O)O,C39915994,inactive
6505,CC[NH+](CC)CCC[C@@H](C)Nc1c2cc(ccc2[nH+]c(n1)/C=C/c3ccc(cc3Br)Br)OC,C95721745,inactive
6506,CCCc1cc(C)[nH]c(=O)c1CNC(=O)c1cc(-c2ccc(N3CCN(C)CC3)nc2)cc2c1cnn2C(C)C,CHEMBL2204997,active
6507,Cc1ccccc1N2C[C@@H](CC2=O)C(=O)Nc3nnc(s3)SCC(=O)Nc4ccccc4F,C08904753,inactive
6508,CN(C)c1ccc(cc1)/C=N/Nc2nnc(n2N)SCC(=O)Nc3cccc(c3)Br,C20527585,inactive
6509,c1ccc(c(c1)C(=O)N/C(=C/c2ccc(cc2)Cl)/C(=O)Nc3ccncc3)Cl,C59168071,inactive
6510,COc1ccc2c(NC3CCN(C)CC3)cc(N3CCCN(C)CC3)nc2c1,CHEMBL5196210,inactive
6511,CCN([C@H]1CC[C@@H](CC1)N(C)C)c1cc(Cl)cc(C(=O)NCc2c(C)[nH]n(C)c2=O)c1C,310749,active
6512,c1cc(ccc1NC(=O)CSc2nnc(n2N)N/N=C/c3ccc(cc3Cl)Cl)[N+](=O)[O-],C20527935,inactive
6513,c1ccc(cc1)CNc2cc(ccc2[N+](=O)[O-])N3CCN(CC3)CN4c5ccccc5C6(C4=O)OCCCO6,C16480194,inactive
6514,C[C@H]([C@@H](c1ccc(cc1)O)O)[NH+]2C[C@@H](O[C@@H](C2)COCc3ccccc3OC)COCc4ccccc4OC,C40556050,inactive
6515,CCN(C1CCOCC1)c1cc(Br)cc(C(=O)NCc2c(C)cc(C)[nH]c2=O)c1C,50149895,active
6516,CCOC(=O)[C@H](Cc1ccc(cc1)NC(=O)/C(=C/c2ccc(cc2)OC(=O)C)/NC(=O)C)N3C(=O)c4ccccc4C3=O,C08672712,inactive
6517,CC(C)N1c2c(cc(cn2)NC(=O)[C@H](CC3=c4ccccc4=[NH+]C3)NC(=O)OCc5ccccc5)CN1,C63160869,inactive
6518,CSc1cc(C)[nH]c(=O)c1CNC(=O)c1c(C)n([C@H](C)C2CCN(CC2)C(=O)CN(C)C)c2ccccc12,575022,active
6519,CN1CCN(CC1)c1ccc(cn1)-c1cc(C(=O)NCc2c(C)cc(C)[nH]c2=O)c2c(C)cn(c2c1)S(=O)(=O)C1(CC=C)CC1,464515,active
6520,COc1ccc(cc1)NC(=O)CCN(Cc2ccco2)c3c4ccccc4[nH+]c(n3)c5cccc(c5)Br,C98009827,inactive
6521,CCCCOc1ccccc1[C@@H]2C(=C(C(=O)N2c3nc(c(s3)C(=O)C)C)O)C(=O)c4c(nc(s4)C)C,C35566121,inactive
6522,Cc1cc(Cl)[nH]c(=O)c1CNC(=O)c1c(C)n([C@H](C)C2CCN(CC(F)(F)F)CC2)c2ccccc12,CHEMBL4633053,active
6523,Cc1cccc(c1C)N2C[C@H](CC2=O)C(=O)Nc3ccc(cc3)C(=O)Nc4nccs4,C24917782,inactive
6524,c1ccc(c(c1)C(=O)N2CCC(CC2)C(=O)Nc3ccc(cc3)S(=O)(=O)NC[C@H]4CCCO4)Cl,C20612191,inactive
6525,CC[C@H](C)Sc1nnc(s1)NC(=O)CCNS(=O)(=O)c2ccc(cc2)Br,C09342933,inactive
6526,C[C@@H](C(=O)Nc1ccc(cc1)S(=O)(=O)N)Sc2nnc(n2c3ccccc3)C[NH+]4CCCC4,C08725872,inactive
6527,CC(=O)NCc1ccc(s1)c2csc(n2)NC(=O)c3cccc(c3)OCc4cn5ccccc5[nH+]4,C12540227,inactive
6528,CC[C@H](C(=O)Nc1ccc(cc1)F)Sc2c3c(nc(n2)c4ccccc4F)Oc5c([nH+]cc(c5C3)CO)C,C97987165,inactive
6529,CC(C)(C)c1ccc(cc1)S(=O)(=O)[C@@H]2CS(=O)(=O)C[C@H]2[NH2+]CCc3c[nH]c4c3cccc4,C36594936,inactive
6530,COc1ccc(cc1)c2c3c([nH]n2)C(=O)N([C@H]3c4ccc(c(c4)OC)OCc5ccccc5)C[C@@H]6CCCO6,C40345822,inactive
6531,C[NH+](CC(=O)Nc1ccc(cc1)N2CCCCC2)CC(=O)Nc3ccccc3Br,C09508810,inactive
6532,c1ccc(cc1)C#CCNC(=O)N2CC[NH+](CC2)CC(=O)Nc3ccc(c(c3)C(F)(F)F)Cl,C32802884,inactive
6533,c1cc(c(c(c1)F)F)C[NH2+]C2CCN(CC2)c3ccc(cc3)C(=O)N4CCC[C@H](C4)CO,C12162458,inactive
6534,c1cc2c(cc1C(=O)NCC[NH+]3CCN(CC3)c4nc5ccc(cc5s4)Br)scn2,C38774107,inactive
6535,Cc1cc(C)c(CNC(=O)c2cc(-c3ccc(CN4CCOCC4)cc3)cc3c2CCN3C(=O)C2CCCC2)c(=O)[nH]1,CHEMBL4875308,active
6536,C[NH+](C)[C@H](Cc1ccccc1)CNC(=O)c2cccc(c2)NS(=O)(=O)c3ccc4c(c3)OCCO4,C25382474,inactive
6537,Cc1cc(nc(n1)SCC(=O)N(Cc2ccccc2)[C@@H](c3ccc(c(c3)OC)OC)C(=O)Nc4ccc(cc4)OC)C,C08712647,inactive
6538,Cc1ccc(cc1)S(=O)(=O)[N-]c2c(cccc2)/C=[NH+]/CC(O)C/[NH+]=C/c3c(cccc3)[N-]S(=O)(=O)c4ccc(cc4)C,C97965292,inactive
6539,Cc1ccc(c(c1)NC(=O)CSc2c3c(nc(n2)c4ccccc4OC)Oc5c([nH+]cc(c5C3)CO)C)C,C97986842,inactive
6540,c1cc(ccc1C(=O)OC[C@@H]2CCC[NH+]3[C@@H]2CCCC3)NC(=O)c4cc5cc(ccc5oc4=O)Br,C97966199,inactive
6541,c1ccc(cc1)n2c3c(cn2)c(=[NH2+])n(cn3)NC(=S)Nc4ccc(cc4Cl)Cl,C08636728,inactive
6542,[H]/N=C\1/C(=C/c2cc(c(c(c2)Cl)OCCOc3c(cccc3C)C)OCC)/C(=O)N=C4N1N=C(S4)c5ccccc5Cl,C08494919,inactive
6543,CCC(=O)N(CC)c1cc(-c2ccc(CN3CCOCC3)cc2)cc(C(=O)NCc2c(C)cc(C)[nH]c2=O)c1C,CHEMBL4878548,active
6544,COc1ccc(cc1)C(=O)[C@@H]2[C@@H](NC(=O)N[C@@]2(C(F)(F)F)O)c3ccccc3OC,C06924861,inactive
6545,CCN(C1CCOCC1)c1c(C)c(cc2cccn12)C(=O)NCc1c(C)cc(C)[nH]c1=O,490179,active
6546,c1cc[nH+]c(c1)CNC/C(=N/c2cc(ccc2Cl)S(=O)(=O)N3CCCCC3)/O,C57376074,inactive
6547,COc1ccc2=[NH+][C@@H]3[C@@H](NCCC3=c2c1)c4ccc(c(c4)CN5CCN(CC5)c6ccccc6F)OC,C63350053,inactive
6548,CC(=O)Nc1cc(c(cc1Cl)C(=O)Nc2ccc(cc2)Br)OC,C06158786,inactive
6549,CCOC(=O)Cc1csc(n1)NC(=O)CSc2c(c(cc([nH+]2)c3ccc(cc3)OC)C(F)(F)F)C#N,C08414303,inactive
6550,Cc1nc2ccc3c(c2s1)sc(n3)NC(=O)c4cccc(c4)NS(=O)(=O)c5ccc(cc5)F,C20570433,inactive
6551,c1ccc2c(c1)c(=O)n(c(n2)SCC(=O)NC3CCCC3)CC4CCC(CC4)C(=O)NC[C@@H]5CCCO5,C09473433,inactive
6552,CN([C@H]1CC[C@@H](CC1)NC(C)=O)c1cc(cc(C(=O)NCc2c(C)cc(C)[nH]c2=O)c1C)-c1cnn(C)c1,172019,active
6553,C[C@@H](CCC1=c2ccccc2=[NH+]C1)Nc3cc4c([nH+]c3)N([C@@H]([C@@H]4NC(=O)COC)C(=O)OC)C,C63980664,inactive
6554,CC(C)[NH+]1c2ccccc2[C@@H]([C@@H]1/C=C\[C@@H](C[C@@H](CC(=O)OC(C)(C)C)O)O)c3ccc(cc3)F,C83261385,inactive
6555,Cc1cc(C)c(CNC(=O)c2cc(cc3n(ncc23)C2CCCC2)C2CCN(CCN)CC2)c(=O)[nH]1,326197,active
6556,CC1(CN(CCS1)C(=O)NC[C@H]2CN3CCCC[C@@H]3CO2)C,C90682965,inactive
6557,CCOc1ccccc1[C@@H]2C3C(=O)C[C@@H](C=C3N=C(C2C(=O)Nc4cccc([nH+]4)C)C)c5cccs5,C16393605,inactive
6558,COc1ccc(cc1)c2c(cn[nH]2)C(=O)Nc3ccc(cc3)I,C97024451,inactive
6559,CCN(c1cc(-c2cnccn2)cc(C(=O)NCc2c(C)cc(C)[nH]c2=O)c1C)[C@H]1CC[C@H](N(C)C)CC1,CHEMBL3701033,active
6560,C[C@H](C(=O)N/N=C/c1cc(c(c(c1)Br)O)Br)Sc2nnc(n2CC=C)COc3ccccc3,C02744202,inactive
6561,C[C@@H](c1ccc(cc1)S(=O)(=O)N)[NH+](C)CC(=O)N2[C@@H](CC(=N2)c3cccs3)c4cccs4,C09595363,inactive
6562,COc1ccc(cc1)C(=O)Nc2ccc(cc2)S[C@H](c3ccccc3)C(=O)Nc4ccc(cc4)F,C22744185,inactive
6563,CSCC[C@@H](C(=O)N1CCC2(CC1)c3c(nc[nH]3)CC[NH2+]2)NC(=O)COc4ccc(cc4)Cl,C20589581,inactive
6564,c1ccn2c(c1)nc(c(c2=O)/C=C/3\C(=O)N(C(=S)S3)Cc4ccc5c(c4)OCO5)NCCC[NH+]6CCOCC6,C98227018,inactive
6565,Cc1c(c(n(n1)CC(=O)[O-])C)NC(=O)Cc2[nH]c3ccc(cc3[nH+]2)Cl,C55402147,inactive
6566,Cc1c(c(c(c([nH+]1)OCC(=O)N/N=C/c2ccc(cc2O)O)C#N)COC)Br,C16249262,inactive
6567,c1ccc(cc1)N2CC[NH+](CC2)CCNC(=O)[C@@H]3[C@@H]4C=C[C@]5([C@@H]3C(=O)N(C5)Cc6ccccc6Cl)O4,C97915203,inactive
6568,CC1=C2[C@H](C(=C(O[C@H]2N=N1)N)C#N)c3cc(cs3)CSc4nc5ccccc5s4,C39217428,inactive
6569,c1ccc2c(c1)c3ccccc3n2C[C@@H](C[NH+]4CCN(CC4)C[C@H](CC5c6ccccc6-c7c5cccc7)O)O,C20790575,inactive
6570,CCOc1cc(ccc1OC[C@H](CN(Cc2cccc(c2)Br)[C@@H]3CCS(=O)(=O)C3)O)C=O,C40320262,inactive
6571,CC[NH+]1CCc2c(sc(c2C(=O)OC)NC(=O)c3ccc(cc3)S(=O)(=O)N4CCCc5c4cccc5)C1,C03007021,inactive
6572,CC(C)CCOc1ccc(cc1OC)[C@H]2C(=C(C(=O)N2CCC[NH+](C)C)O)C(=O)c3ccc4c(c3)OCCO4,C98046553,inactive
6573,CCN(C1CCC(CC1)N(C)CCOC)c1c(C)c(cc2n(C)ncc12)C(=O)NCc1c(C)cc(C)[nH]c1=O,516837,active
6574,c1cc(ccc1NC(=O)CSc2c(c(sn2)SCC(=O)Nc3ccc(cc3)OC(F)(F)Cl)C#N)OC(F)(F)Cl,C33354917,inactive
6575,COc1ccc(cc1)CCC(=O)N[C@@H](CCSC)C(=O)N2CCC3(CC2)c4c([nH+]c[nH]4)CCN3,C95190777,inactive
6576,CCN(C1CCC(CN(C)C)CC1)c1c(C)c(cc2n(C)ncc12)C(=O)NCc1c(C)cc(C)[nH]c1=O,516855,active
6577,CCOc1cc(ccc1OCc2ccc(cc2)Br)/C=N/NC(=O)C(=O)Nc3cccc(c3)Cl,C02165697,inactive
6578,CNS(=O)(=O)c1ccc(cc1)/C=C\C(=O)N2CCC[C@H](C2)C(=O)Nc3ccccc3,C96927252,inactive
6579,CC[NH+](CC)CCOC(=O)c1ccc(cc1)NC(=S)Nc2c(c3c(s2)C[C@H](CC3)C)C(=O)OC,C13749795,inactive
6580,c1ccc(c(c1)N2CC[NH+](CC2)[C@@H](CNC(=O)NCc3ccc(cc3)Cl)c4ccc5c(c4)OCO5)F,C38621278,inactive
6581,Cc1ccc(cc1)C(=O)C2=C(C(=O)N([C@@H]2c3ccccc3OC)CCc4c[nH]c5c4cc(cc5)OC)O,C35164973,inactive
6582,C[NH+](C)c1ccc(cc1)NC(=O)[C@H]2CCCN(C2)c3nc4c(cccc4s3)F,C90506864,inactive
6583,CN([C@@H](Cc1ccc(cc1)OC)C[NH+]2CCN(CC2)C(=O)[O-])S(=O)(=O)c3ccc(cc3)OCC[NH3+],C98239942,inactive
6584,Cc1ccc(cc1S(=O)(=O)N2CC[NH+](CC2)C)c3c4ccccc4c(nn3)Nc5ccc(cc5)S(=O)(=O)N,C97967024,inactive
6585,Cc1cc(C)c(CNC(=O)c2cc(cc3n(ncc23)C2CCCC2)-c2ccc(CN3CCC[C@@H]3C(N)=O)cc2)c(=O)[nH]1,382371,active
6586,CN(C)Cc1ccc(cc1)-c1cc(N(C)C2CCOCC2)c(C)c(c1)C(=O)NCc1c(C)cc(C)nc1=O,514154,active
6587,CN([C@@H]1CC[C@@H](CC1)NC(C)=O)c1cc(cc(C(=O)NCc2c(C)cc(C)nc2=O)c1C)-c1cnn(CCN2CCOCC2)c1,514177,active
6588,COc1ccc(cn1)-c1cc(cc2c1OCC2(C)C)C(=O)NCc1c(C)cc(C)[nH]c1=O,359769,active
6589,c1ccc(cc1)[C@H](c2ccc3c(c2)[nH]c[nH+]3)NC(=O)[C@@H]4CCCN(C4)S(=O)(=O)c5ccc(cc5)F,C36039817,inactive
6590,Cc1[nH]c(=O)c(CN2CCc3c(Cl)cc(N4CC5(C4)CCOCC5)c(Cl)c3C2=O)c2occc12,378886,active
6591,CCCCc1ccc(cc1)NC(=O)C(=O)N/N=C/C23c4ccccc4C(c5c2cccc5)[C@@H]6[C@H]3C(=O)N(C6=O)c7ccc(cc7)Br,C29491879,inactive
6592,CCN1c2ccccc2[C@]3(C1=O)C(=C(C(=O)N3CC[NH+](C)C)O)C(=O)c4ccc(cc4)S(=O)(=O)N5CCCCCC5,C98046926,inactive
6593,CC(=O)c1ccc(cc1)NC(=O)COC(=O)c2ccc(cc2)N3C(=O)[C@H]4[C@@H]5C[C@@H]([C@@H](C5)[C@@H]4C3=O)c6ccccc6,C59211792,inactive
6594,CCOc1cccc(c1)C(=O)C2=C(C(=O)N([C@H]2c3cccc(c3)Br)CCCn4cc[nH+]c4)O,C33468855,inactive
6595,c1ccc(c(c1)n2c3c(c(n2)C(=O)N4CCC[C@@H](C4)O)CCC3)F,C33223029,inactive
6596,Cc1cc(nc(n1)SCC(=O)N(Cc2ccc[nH+]c2)[C@H]([C@H]3CCC=CC3)C(=O)Nc4ccc5c(c4)OCO5)C,C01407833,inactive
6597,COc1cc(c(c(c1O)/C=N/NC(=O)/C(=C\c2ccc3c(c2)OCO3)/NC(=O)c4ccccc4)Br)Br,C97960480,inactive
6598,CC(C)(C)NC(=O)[C@H](c1ccc(cc1)F)N(c2cccc(c2)F)C(=O)CCC(=O)Nc3cccc[nH+]3,C13501473,inactive
6599,c1ccc2c(c1)cnn(c2=O)CC(=O)N3CCC(CC3)(c4ccc(cc4)Cl)O,C71283597,inactive
6600,Cc1cc(ccc1Oc1ccccc1C#N)C(=O)NC1CC(C)(C)NC(C)(C)C1,50010812,active
6601,CCOC(=O)c1c2c(sc1NC(=O)CSc3c(c(cc(n3)c4ccccc4)C(F)(F)F)C#N)CCC2,C08451106,inactive
6602,Cc1nnn(C)c1-c1cc(Cl)c2CCN(Cc3c4cc[nH]c4c(C)[nH]c3=O)C(=O)c2c1Cl,378909,active
6603,COc1ccc(cc1)c2nnc(n2c3ccc(cc3)Cl)SCC(=O)N/N=C/c4cc(ccc4O)Br,C53337991,inactive
6604,c1ccc(c(c1)NC(=O)CSc2nc([nH]n2)N/N=C/c3cc(cc(c3O)Cl)Cl)F,C21079635,inactive
6605,CC(C)n1ncc2c(cc(nc12)C1CCN(CCC(F)(F)F)CC1)C(=O)NCc1c(C)cc(C)[nH]c1=O,325980,active
6606,CN1CCCc2c1ccc(c2)[C@@H](CNC(=O)C(=O)Nc3cccc(c3)C(F)(F)F)[NH+]4CCCC4,C09135783,inactive
6607,c1ccc(cc1)C(=O)NCCCC[C@H](C(=O)N/N=C/c2ccc(o2)c3ccccc3Cl)[NH+]4CCCCC4,C33959583,inactive
6608,CCN(C1CCC(CC1)N(C)CCOC)c1c(C)c(cc2n(C)ncc12)C(=O)NCc1c(OC)cc(C)[nH]c1=O,516843,active
6609,CCCCCOc1ccc(cc1OC)[C@H]2c3c(n[nH]c3C(=O)N2[C@H]4CCS(=O)(=O)C4)c5ccccc5O,C40547569,inactive
6610,CCN(C1CCOCC1)c1cc(cc(C(=O)NCc2c(C)cc(C)[nH]c2=O)c1Cl)-c1ccc(CN2CCOCC2)cc1,172170,active
6611,c1cc(c(cc1Cl)[N+](=O)[O-])NC(=O)[C@](C(F)(F)F)(OC([C@](C(F)(F)F)(OC(C(C(F)(F)F)(F)F)(F)F)F)(F)F)F,C95100602,inactive
6612,CN([C@@H]1CC[C@H](N)CC1)c1cc(cc(C(=O)NCc2c(C)cc(C)[nH]c2=O)c1C)-c1cnn(CCN2CCOCC2)c1,172042,active
6613,c1cc[nH+]c(c1)CNC(=O)[C@@H]2CCCCN2C(=O)c3csc(n3)Nc4cccc(c4Cl)Cl,C37436155,inactive
6614,C[NH+](C)CCCN1C(=O)C(=C([C@@]12c3ccccc3N(C2=O)CC=C)C(=O)c4ccc(cc4)S(=O)(=O)N5CCCCC5)O,C98046888,inactive
6615,CCCCCCOc1ccc(cc1)C(=O)NC(=S)Nc2ccc(c[nH+]2)I,C16638277,inactive
6616,C[C@@H]1CCCC[NH+]1Cc2c(nnn2c3c(non3)N)C(=O)N/N=C\c4ccc(s4)Br,C33923904,inactive
6617,CN(C)N1C2=C([C@@H](C(=C1N)C#N)c3ccccc3OC)C(=O)C[C@@H](C2)c4ccccc4,C02541783,inactive
6618,c1ccc(c(c1)c2ccc(o2)[C@@H]3[C@@H]([C@@]([NH+]=C(N3)O)(C(F)(F)F)O)C(=O)c4ccc(cc4)Cl)[N+](=O)[O-],C09312513,inactive
6619,CC(C)n1ncc2c(cc(nc12)-c1ccc(cc1)N1CCN(C)CC1)C(=O)NCc1c(C)cc(C)[nH]c1=O,325813,active
6620,c1ccc2cc(ccc2c1)OC[C@H](C[NH+]3CCN(CC3)CCN4C(=O)c5cccc6c5c(ccc6)C4=O)O,C22802560,inactive
6621,CCCCN(CC)S(=O)(=O)c1ccc(cc1)C(=O)Nc2c(c3c(s2)C[NH+](CC3)C)c4nc5ccccc5s4,C97963380,inactive
6622,COc1cc(ccc1OC(=O)c2ccccc2Cl)/C=N/NC(=O)C(=O)Nc3ccc(cc3)Br,C02518539,inactive
6623,CCOC(=O)[C@@H]1CC[C@@H](CC1)N(CC)c1cc(Cl)cc(C(=O)NCc2c(C)cc(C)[nH]c2=O)c1C,190218,active
6624,C[C@H](C(=O)Nc1ccc(cc1)S(=O)(=O)Nc2ccc(c(c2)C(F)(F)F)Cl)N(c3ccc(cc3)OC)S(=O)(=O)C,C59646550,inactive
6625,Cc1ccc(cc1Nc2nccc(n2)c3ccc[nH+]c3)NC(=O)/C=C/c4ccc(c(c4)OC)OC(=O)C,C95929176,inactive
6626,Cn1c2ccc(cc2[nH+]c1CCN3CCN(CC3)c4cccc[nH+]4)[N-]S(=O)(=O)c5ccc(cc5)Cl,C33556208,inactive
6627,C[NH+](C)CCNC(=O)CN1CC[NH+](CC1)[C@H](c2c[nH]c3c2cc(cc3)OCc4ccccc4)C(=O)[O-],C31816459,inactive
6628,Cc1ccc(cc1)NC(=O)[C@H](C)Sc2c(c(cc([nH+]2)c3ccc(cc3)OC)c4ccc(cc4)Cl)C#N,C06245218,inactive
6629,COc1ccc(cc1)N/C(=[NH+]/CCc2ccc(c(c2)OC)OC)/S[C@@H]3CC(=O)N(C3=O)c4cccc(c4)Cl,C08431888,inactive
6630,c1cc(ccc1[C@@H](C[NH+]2CCC(CC2)(c3ccc(cc3)F)O)O)N4CCCC4=O,C12327634,inactive
6631,c1ccc(c(c1)C(=O)Oc2ccc(cc2/C=N/NC(=O)COc3ccc(cc3Br)[N+](=O)[O-])Br)Cl,C98001664,inactive
6632,CC1=C([C@H](N(N1)Cc2c(cccc2Cl)Cl)Cl)/C=N/NC(=O)C3=c4ccccc4=[NH+]C3,C63896809,inactive
6633,COc1cc2cc[nH+]c(c2cc1OC)Cc3cc(c(cc3NC(=O)CSc4nc5ccccc5s4)OC)OC,C98048348,inactive
6634,[H]/N=C\1/C(=C/c2ccc(c(c2)OC)OCCOc3cccc(c3)OC)/C(=O)N=C4N1N=C(S4)COc5ccccc5,C08494133,inactive
6635,Cc1cc(nc(n1)N/C(=N\C(=S)Nc2cc(ccc2OC)OC)/NC3CC([NH2+]C(C3)(C)C)(C)C)C,C14157986,inactive
6636,c1ccc(cc1)COC[C@]2(CC(=O)[C@@H]([C@H]([C@@H]2OCc3ccccc3)OCc4ccccc4)OCc5ccccc5)O,C98231972,inactive
6637,COc1cccc(C(=O)NCc2c(C)cc(C)[nH]c2=O)c1OC,CHEMBL3905088,inactive
6638,c1ccc2=[NH+]CC(=c2c1)C[C@@H](C(=O)OCC(=O)Nc3cc(ccc3F)F)NC(=O)c4cccs4,C63864545,inactive
6639,CC(C)N1CCN(CC1)c1ccc(cn1)-c1cc(C(=O)NCc2c(C)[nH]c(=O)[nH]c2=O)c2cnn(C(C)C)c2c1,50536569,inactive
6640,C[NH+](C)CCCN1[C@@H](C(=C(C1=O)O)C(=O)c2cc3cccc(c3o2)OC)c4ccc(cc4)Br,C20219811,inactive
6641,COC([C@H](C)CO)c1cc(Cl)c2CCN(Cc3c(C)cc(C)[nH]c3=O)C(=O)c2c1Cl,435634,active
6642,CC1(C)CC(CC(C)(C)N1)NC(=O)c1ccc(Oc2ccccc2C#C)cc1,50010680,inactive
6643,CCCCCC[NH2+]Cc1cc(c(c(c1)Br)OC[C@H](c2ccc3c(c2)OCCO3)O)OC,C20877171,inactive
6644,C[C@H]1c2c(c3ccccc3[nH]2)[C@H](C[NH+]1[C@@H]4CC(=O)N(C4=O)c5cccc6c5cccc6)c7ccccc7,C72459847,inactive
6645,CC[C@H](C)NC(=O)[C@H](CC(C)C)NC(=O)[C@@H]1CC2=c3ccccc3=[NH+][C@@H]2[C@@H]4N1C(=O)c5c4cccc5,C63383778,inactive
6646,c1cc(cc(c1)[N+](=O)[O-])[C@@H]2/C(=C(\c3ccc(cc3)Br)/O)/C(=O)C(=O)N2CCCn4cc[nH+]c4,C09334385,inactive
6647,CCOc1cc(cc(c1OC(=O)c2cccs2)[N+](=O)[O-])[C@@H]3C(=C(OC4=C3C(=O)C[C@H](C4)c5ccco5)N)C#N,C03672540,inactive
6648,Cc1ccc(c(c1)[NH+]2CCN(CC2)[C@@H]3CC(=O)N(C3=O)c4ccc(cc4)N5C(=O)C[C@H](C5=O)N6CC[NH+](CC6)c7cc(ccc7C)C)C,C98044503,inactive
6649,CC[C@@H](C)c1ccc(cc1)OCCOc2c(cc(cc2Br)/C=C\3/C(=O)NN(C3=O)c4ccccc4)OC,C97966208,inactive
6650,CC(C)(C)CC(C)(C)NC(=O)[C@H](c1c(cc(cc1O)O)O)N(C(=O)c2cccc(c2)Cl)C(C)(C)C,C36585146,inactive
6651,CN(C)CC(=O)N1CCC(CC1)n1ncc2c(cc(Br)cc12)C(=O)NCc1c(C)cc(C)[nH]c1=O,326131,active
6652,CCOC(=O)c1ccccc1NC(=O)[C@H]2CN(CCN2S(=O)(=O)c3ccccc3)S(=O)(=O)c4ccccc4,C08454145,inactive
6653,CCN(c1cc(-c2nccn2C)cc(C(=O)NCc2c(C)cc(C)[nH]c2=O)c1C)[C@H]1CC[C@H](N(C)C)CC1,CHEMBL3701028,active
6654,COc1ccc(cc1)NC(=O)[C@@H]2[C@H]3C=C[C@@]4([C@@H]2C(=O)N([C@@H]4C(=O)NC5CCCCC5)CC[NH+]6CCCCC6)O3,C15942195,inactive
6655,CC(C)N1CCN(CC1)c1ccc(cn1)-c1cc(C(=O)NCc2cnc[nH]c2=O)c2cnn(C(C)C)c2c1,50536568,inactive
6656,c1ccc(cc1)CNC(=O)N2CCCN(CC2)C(=O)C[NH+]3CCc4c(ccs4)[C@H]3c5cccc(c5)F,C34788906,inactive
6657,Cc1cc([nH+]c(c1C#N)SCC(=O)NCCc2c([nH]c3c2cc(cc3)OC(F)(F)Cl)C)C,C01425192,inactive
6658,Cc1cc[nH+]c(c1)NC(=O)CCC(=O)N(Cc2ccccc2Cl)CC(=O)NCc3ccc(cc3)F,C13503688,inactive
6659,CCOC(=O)C1[C@H](C(=C(N=C1C)SCC(=O)N[C@@H](C)C23CC4CC(C2)CC(C4)C3)C#N)c5cccs5,C08411190,inactive
6660,COc1ccc(cc1OC)CCN2[C@@H](C(=O)N(C2=S)c3ccc(cc3)Cl)CC(=O)Nc4ccc(cc4)C(=O)OC,C33355566,inactive
6661,Cc1ccc2ccc(N[C@H]3CC[C@H](CNc4ncc(C(C#N)C(=O)NC5COC5)cn4)CC3)nc2c1Cl,CHEMBL5204916,active
6662,Cc1cc(c(c(c1)Br)NC(=O)COC(=O)CCC2=c3ccccc3=[NH+]C2)Br,C63873850,inactive
6663,CCc1ccc2c(c1)sc(n2)N3[C@H](C(=C(C3=O)O)C(=O)c4ccc(cc4)OC)c5cc(c(c(c5)OC)OC)OC,C01451442,inactive
6664,CCOC(=O)N1CCc2c(sc(c2C(=O)NC)NC(=O)c3ccc(cc3)S(=O)(=O)N4C[C@H](C[C@@H](C4)C)C)C1,C02725228,inactive
6665,Cc1cccc(c1)NC(=O)c2ccccc2NC(=O)C(=O)N/N=C/c3ccc(cc3)OC(=O)c4ccccc4Cl,C02520384,inactive
6666,Cc1c2c(c(c[nH+]1)CO)Cc3c(nc(nc3SCc4ccc(cc4)F)c5ccc(cc5)OC)O2,C09116359,inactive
6667,CN(C)c1ccc(cc1)[C@@H](CNS(=O)(=O)c2ccc3c(c2)CCCC3)[NH+]4CCN(CC4)c5ccccc5,C21754926,inactive
6668,CCN(C1CCOCC1)c1cc(cc(C(=O)NCc2c(C)cc(C)[nH]c2=O)c1C)-c1ccc(CN2CCCC(F)C2)cc1,172073,active
6669,Cc1ccc(cc1)S(=O)(=O)NC[C@H]2C[C@@H]3CC[NH+]2C[C@@H]3c4cc(nn4C)c5ccc(c(c5)OC)OC,C08635518,inactive
6670,[H]/N=C\1/C(=C/c2cn(c3c2cccc3)CCCOc4ccccc4)/C(=O)N=C5N1N=C(S5)SCc6ccccc6,C01853472,inactive
6671,Cc1cc(nc([nH+]1)N2CCOCC2)Nc3ccc(cc3)NS(=O)(=O)c4ccccc4C(F)(F)F,C64802178,inactive
6672,C[C@@]12CC[C@H]([C@@]([C@H]1Cc3c(nc(s3)NC(=O)OCC=C)[C@H]2CC(=O)NC4CCCCC4)(C)CO)O,C04237013,inactive
6673,C[NH+](C)CCOC(=O)c1ccc(cc1)NC(=O)CCCN2C(=O)/C(=C/C=C/c3ccccc3)/SC2=S,C08820501,inactive
6674,CC(=O)Nc1ccc(cc1)/C=[NH+]\c2ccc(cc2)SSc3ccc(cc3)/N=C/c4ccc(cc4)NC(=O)C,C01646876,inactive
6675,CC[NH+]1CCN(CC1)c2ccc(cc2)NC(=O)CN[C@@H](c3ccc(cc3)C)c4cccs4,C12516154,inactive
6676,CCN(c1cc(Cl)cc(C(=O)NCc2c(C)cc(C)[nH]c2=O)c1C)[C@H]1CC[C@@H](C(=O)N2CCCC2)CC1,CHEMBL3941092,active
6677,c1ccc(cc1)n2c(nnc2SCC(=O)N/N=C/c3cccs3)CNc4ccc(cc4)I,C02740178,inactive
6678,CCOc1cc(cc(c1OCc2ccc(cc2Cl)Cl)Br)/C=C\3/C(=O)NC(=O)N(C3=O)c4cccc(c4)Br,C97960610,inactive
6679,CCOc1ccc(cc1)N2C(=O)[C@@H](N(C2=S)CC[NH+]3CCC(CC3)C)CC(=O)Nc4ccc(cc4)OC,C20114928,inactive
6680,Cc1c(sc(n1)C)C(=O)C2=C(C(=O)N([C@H]2c3ccc(cc3Cl)Cl)CCCn4cc[nH+]c4)O,C35567826,inactive
6681,Cc1cc(nn1c2ccccc2F)c3c([nH+]c4n(c3=O)c(cs4)CC(=O)NCC[NH+]5CCCCC5)C,C35925767,inactive
6682,Cc1[nH]c2ccc(cc2[nH+]1)NC(=O)CSc3nnc(n3Cc4ccccc4)c5cc6ccccc6o5,C20193790,inactive
6683,Cc1cc(cc(c1)NC(=O)[C@@H]2[C@H]3C=C[C@@]4([C@@H]2C(=O)N([C@@H]4C(=O)N[C@@H]5CCC[C@@H]([C@@H]5C)C)CCC[NH+]6CCCC6)O3)C,C38147134,inactive
6684,CCc1cc(C)c(CNC(=O)c2cc(-c3ccc(N4CCN(C(C)C)CC4)nc3)cc3c2cnn3C(C)C)c(=O)[nH]1,CHEMBL4483642,active
6685,CC1CCN(CC1)S(=O)(=O)c2ccc(cc2)C(=O)Nc3ccc(cc3)C4[NH+]=c5ccccc5=[NH+]4,C63667480,inactive
6686,CSc1cc(C)[nH]c(=O)c1CNC(=O)c1c(C)n([C@H](C)[C@H]2CC[C@@H](CC2)N2CC(C2)OC2CC2)c2ncccc12,50541911,active
6687,c1c(cc(c(c1Cl)S(=O)(=O)N2CCC[C@H](C2)[NH3+])Cl)Br,C20432476,inactive
6688,Cc1nc(n(n1)c2ccccc2NC(=O)N[C@H](C)C[C@H](c3ccco3)O)C,C89271857,inactive
6689,c1ccc(c(c1)[C@H]2c3c([nH]c(=O)s3)S[C@@H]4[C@H]2C(=O)N(C4=O)c5ccc(cc5)Cl)O,C47145628,inactive
6690,COc1ccc(cc1OC)C(=O)NNC(=O)COc2ccc(cc2Br)Br,C13983032,inactive
6691,Cc1ccccc1N2C[C@@H](CC2=O)C(=O)Nc3nnc(s3)SCC(=O)NCc4ccccc4,C08904879,inactive
6692,CCc1ccc(cc1)c2[nH+]c(c(c(n2)N)I)COC,C97611850,inactive
6693,c1ccc(c(c1)N2C[C@H](CC2=O)C(=O)Nc3nc4c(s3)CCCC4)F,C23119092,inactive
6694,CC[C@H](C)n1cc(C)c2c(cc(cc12)-c1ccc(nc1)N1CCN(CCCCCCCCCCCOc2cccc3C(=O)N(C4CCC(=O)NC4=O)C(=O)c23)CC1)C(=O)NCc1c(C)cc(C)[nH]c1=O,50582384,active
6695,COc1cc(ccc1OCCn2c3ccccc3[nH+]c2CCNC(=O)Cc4ccccc4Cl)CC=C,C40202724,inactive
6696,CC(C)Oc1cc(Cl)c2CCN(Cc3c4cc[nH]c4c(C)[nH]c3=O)C(=O)c2c1Cl,378892,active
6697,COc1ccc(cc1)c2cc([nH+]c(c2C#N)SCC(=O)Nc3ccc(cc3)OC)c4ccc(cc4)OC,C00853511,inactive
6698,COc1ccccc1[C@H](CNC(=O)CCNC(=O)c2ccc(cc2)Br)[NH+]3CCCCC3,C68734268,inactive
6699,CC(=O)N[C@H]1c2cc(cnc2N([C@@H]1C(=O)OC)CCC3=c4ccccc4=[NH+]C3)NC5CCSCC5,C63994304,inactive
6700,CCCCOc1ccc(cc1)c2cc(c(c([nH+]2)SCC(=O)Nc3ccc(cc3)OC)C#N)C(F)(F)F,C16728933,inactive
6701,C[NH+]1CCc2c(sc-3c2CN([C@@H](c4n3ccc4)c5ccc(cc5)F)C(=O)Nc6ccc(cc6)F)C1,C35427051,inactive
6702,Nc1ncnc2c1ncn2[C@@H]1O[C@H](CSCC[C@H](N)C(=O)NCC2CC2)[C@@H](O)[C@H]1O,CHEMBL3397317,inactive
6703,c1ccc2c(c1)c(nc(n2)CN3CCN(CC3)C(=O)Cc4csc(n4)c5ccc(cc5)F)N,C29862863,inactive
6704,COc1cc(cc(c1OC)OC)[C@@H]2[C@H]3C(=NC(=C)C2C(=O)Nc4ccc(c[nH+]4)Br)CCCC3=O,C08413470,inactive
6705,c1cc([nH+]cc1Br)NC(=O)C(C(C(C(C(C(C(=O)Nc2ccc(cn2)Br)(F)F)(F)F)(F)F)(F)F)(F)F)(F)F,C08426949,inactive
6706,c1ccc(c(c1)C(=O)NNc2c(c(ncn2)Nc3ccc[nH+]c3)[N+](=O)[O-])Br,C40628397,inactive
6707,CN(C)c1ccc(cc1Br)/C=N/NC(=O)CN(c2ccc(c(c2)C(F)(F)F)Cl)S(=O)(=O)C,C59652410,inactive
6708,Cc1cc(c2c(c1)cc(c(=O)[nH]2)[C@@H](c3nnnn3CCOC)[NH+](Cc4ccc[nH+]c4)Cc5ccco5)C,C06177939,inactive
6709,COc1ccc(cc1C(=O)NNC(=O)CSc2cc(ccc2Cl)Cl)S(=O)(=O)N,C12672137,inactive
6710,COc1cc2cc[nH+]c(c2cc1OC)Cc3cc(c(cc3NC(=O)c4cc(c(c(c4)OC)OC)OC)OC)OC,C02442248,inactive
6711,Cc1cccn2c1[nH+]c3c(c2=O)cc(s3)C(=O)Nc4ccc(cc4)S(=O)(=O)Nc5cc(nc(n5)C)C,C02722936,inactive
6712,c1ccc2c(c1)CCN2S(=O)(=O)c3cc(ccc3Cl)C(=O)Nc4cc(ccc4n5cncn5)C(F)(F)F,C98050270,inactive
6713,C[C@H](c1ccc(cc1)S(=O)(=O)N)[NH+](C)CC(=O)Nc2ccc3c(c2)OC(O3)(F)F,C39972236,inactive
6714,Cc1ccc(cc1)n2c3c(c(=O)[nH]c2=O)C(N=C(N3)c4cccc(c4)OC)(C(F)(F)F)C(F)(F)F,C01315385,inactive
6715,c1ccc(cc1)CC[NH+]2C[C@H](C[C@H](C2)C(=O)Nc3ccc4c(c3)CCC4)C(=O)NCc5cccs5,C14744576,inactive
6716,C[C@H]1Cc2cc(ccc2N1C(=O)CSc3nc4ccccc4n3C(F)F)S(=O)(=O)N,C12540859,inactive
6717,CN(C)c1ccc(cc1)/C=N/NC(=[NH2+])S[C@H]2CC(=O)N(C2=O)c3cc(ccc3Cl)Cl,C06135773,inactive
6718,c1ccc(cc1)C2=NN(CC2)C(=O)CCC(=O)NNC(=O)CSc3cc(ccc3Cl)Cl,C15464817,inactive
6719,c1ccc2c(c1)c(cn2Cc3ccc(cc3)F)[C@@H](CC(=O)NCCc4cccc[nH+]4)c5cccc(c5)[N+](=O)[O-],C96274851,inactive
6720,CSc1cc(C)[nH]c(=O)c1CNC(=O)c1c(C)n([C@H](C)[C@H]2CC[C@@H](CC2)NC2(C)COC2)c2ccccc12,574801,active
6721,Cn1cc[nH+]c1[C@H](c2ccc(cc2)F)NC[C@@H](COC(c3ccc(cc3)F)c4ccc(cc4)F)O,C28657938,inactive
6722,c1ccc2c(c1)CCN(C2)[C@@H](CNC(=O)Nc3ccccc3Cl)c4ccco4,C38633062,inactive
6723,CC1(C)CC(NC(=O)c2ccc(Sc3ccccc3)cc2)CC(C)(C)N1,CHEMBL3264752,inactive
6724,c1ccc(cc1)COc2ccc(cc2)[C@H]3c4c(n[nH]c4C(=O)N3Cc5cc[nH+]cc5)c6ccc(cc6)Cl,C40343796,inactive
6725,CCN(C(=O)CC)c1cc(cc(C(=O)NCc2c(C)cc(C)[nH]c2=O)c1C)-c1ccc(CN2CCOCC2)cc1,50575206,active
6726,CC(C)(CO)[NH2+]Cc1cc(c(c(c1)Br)OC[C@H](c2ccc3c(c2)OCO3)O)OC,C20876976,inactive
6727,CC(=O)Nc1ccc(cc1)NC(=O)CSc2nc3ccc(cc3n2S(=O)(=O)c4ccc(cc4)Cl)OC,C06180982,inactive
6728,[H]/N=C/1\C(=C\c2ccc(o2)c3ccc(cc3[N+](=O)[O-])OC)\C(=O)N=C4N1N=C(S4)[C@@H](CC)c5ccccc5,C96475733,inactive
6729,Cc1cc(C)c(CNC(=O)c2cc(-c3ccc(N4CCNCC4)cc3)cc3c2c(C)cn3C(C)C)c(=O)[nH]1,CHEMBL4792256,active
6730,c1cc(ccc1[C@@H]2C[C@H](n3c(c(c(n3)C(=O)NCCCn4cc[nH+]c4)Cl)N2)C(F)(F)F)Br,C08440973,inactive
6731,COc1ccc(cc1)c2nnc(n2N)SCC(=O)Nc3nccs3,C05257260,inactive
6732,c1cc(sc1)C2(CCCC2)CNC(=O)CNC(=O)C(=O)Nc3ccc(c(c3)F)F,C13803658,inactive
6733,Cc1c(c(=O)n(n1C)c2ccccc2)NC(=O)/C(=C/c3cn(nc3c4ccc(cc4)[N+](=O)[O-])c5ccccc5)/C#N,C98226674,inactive
6734,C[C@H]1C[C@@]([C@@H](C[NH+]1C)C)(CCNC(=O)CO/N=C/2\CC[C@@]3([C@@H]4CC[C@]5([C@@H]([C@@H]4CCC3=C2)CC[C@]5(C#C)O)C)C)c6ccc(cc6)OC,C70671829,inactive
6735,COc1cc(cc(c1OC)OC)[C@@H]2[C@@H]3CC=C[C@H]3c4cc(ccc4N2)S(=O)(=O)NC[C@@H]5CCCO5,C20683732,inactive
6736,CCOC(=O)c1c(nc(s1)N2[C@@H](C(=C(C2=O)O)C(=O)c3ccc(c(c3)C)OC)c4ccc(cc4)Br)C,C53306738,inactive
6737,Cc1ccc(cc1)S(=O)(=O)[N-]c2ccc(=O)n3c2[C@@H]4C[C@H](C3)C[NH+](C4)C5CCN(CC5)C(=O)C,C35415766,inactive
6738,c1ccc(cc1)[C@H](C(=O)c2c[nH]c3c2cccc3)[NH+]4CCC(CC4)C(=O)Nc5ccc6c(c5)OCO6,C08881017,inactive
6739,CN1CCc2c1ccc(c2)[C@H](CNC(=O)C(=O)Nc3ccc(cc3)OC(F)(F)F)[NH+]4CCCCC4,C13008029,inactive
6740,c1cc(oc1)C(=O)n2c(nc(n2)NCc3ccc(cc3)Br)NCc4ccc(cc4)Br,C97995262,inactive
6741,COC(=O)c1ccc(cc1)N2C(=O)C[C@H](C2=O)S/C(=[NH+]\CCc3ccccc3)/Nc4cccc(c4)Cl,C58870803,inactive
6742,CC(C)COc1ccc(cc1)C(=C2[C@@H](N(C(=O)C2=O)Cc3ccc[nH+]c3)c4ccc(c(c4)OC)O)O,C09280995,inactive
6743,c1cc(ccc1/C=C(\C(=O)Nc2cc[nH+]cc2)/NC(=O)c3ccc(cc3)Br)Br,C59168047,inactive
6744,C[C@@]1(CC[C@@]2([C@@H](C1)C(C[C@@H]2NC(=O)Cc3cccs3)(C)C)CCC(=O)NCC[NH+]4CCOCC4)O,C43547802,inactive
6745,c1ccc(cc1)[C@H](c2cccc(c2)C(F)(F)F)OCCN3CC[NH+](CC3)Cc4cc(cc(c4)O)O,C23336445,inactive
6746,CNCCN1CCC(CC1)c1cc(C(=O)NCC2=C(C)C=C(C)NC2C)c2cnn(C3CCCC3)c2c1,382444,active
6747,c1ccc2c(c1)C(=O)[C@@H](N(S2(=O)=O)c3ccc(cc3)c4ccc(c(c4)Cl)Cl)C(=O)N,C98233677,inactive
6748,CCc1c(C(=O)NCc2c(C)cc(C)[nH]c2=O)cc(Cl)cc1N(CC)[C@H]1CC[C@@H](N(C)C)CC1,CHEMBL3957571,active
6749,COC(C1CCN(CC1)C1COC1)c1cc(C)c2CCN(Cc3c(C)cc(C)[nH]c3=O)C(=O)c2c1Cl,435648,active
6750,Cc1ccc(cc1)n2c3c(c(n2)c4ccccc4)[C@H](SCC(=O)N3CC(=O)NCc5ccc[nH+]c5)c6ccccc6C,C98011783,inactive
6751,c1ccc(cc1)CCC2=[NH+]C(c3c(=O)[nH]c(=O)n(c3N2)Cc4ccccc4)(C(F)(F)F)C(F)(F)F,C09424021,inactive
6752,c1ccc2c(c1)c(c[nH]2)CCNC(=O)CC3(CCCC3)CC(=O)N4CCn5c(nnc5C(F)(F)F)C4,C70632686,inactive
6753,C[C@@H]1C[NH+](C[C@H](O1)C)Cc2csc(n2)NC(=O)[C@@H](C(C)C)NC(=O)Cc3ccccc3,C40034534,inactive
6754,CCN(C(=O)C1CCCC1)c1cc(cc(C(=O)NCc2c(C)cc(C)[nH]c2=O)c1C)-c1ccc(C#N)c(F)c1,441965,active
6755,CCOc1ccc(cc1OC)c2c3c(n[nH]2)OC(=C([C@@H]3c4ccc(cc4)C(=O)OC)C#N)[NH3+],C09292538,inactive
6756,CCN(c1cc(-c2ccco2)cc(C(=O)NCc2c(C)cc(C)[nH]c2=O)c1C)[C@H]1CC[C@H](N(C)C)CC1,CHEMBL3701012,active
6757,CSc1cc(C)[nH]c(=O)c1CNC(=O)c1c(C)n([C@H](C)C2CCN(C3COC3)CC2)c2ccccc12,CHEMBL4633932,active
6758,c1cc(sc1)[C@@H](c2ccc(cc2)F)[NH2+]CC(=O)N3CCN(CC3)CC(=O)Nc4ccc(cc4)F,C14237860,inactive
6759,CC1=C2[C@H](C(=C(O[C@@H]2N=N1)[NH3+])C#N)c3cc(c(c(c3)Br)OCc4ccc(cc4)Cl)OC,C38611434,inactive
6760,Cc1cc(ccc1OC)S(=O)(=O)[C@H]2CS(=O)(=O)C[C@H]2[NH2+]CCc3c[nH]c4c3cccc4,C36589744,inactive
6761,COC1CN(C1)C1CCC(CC1)[C@@H](C)n1c(C)c(C(=O)NCc2c(SCF)cc(C)[nH]c2=O)c2ccccc12,574960,active
6762,COc1ccc(cc1)C(=O)Oc2ccc(cc2OC)/C=N/NC(=O)c3ccc(cc3)NS(=O)(=O)c4ccccc4,C02519907,inactive
6763,CCOC(=O)C1=C(OC(=C([C@H]1c2ccc(cc2)F)C#N)N)CSc3c(cc4c(n3)CC[NH+](C4)C)C#N,C01814145,inactive
6764,CC(C)CCOc1ccc(cc1OC)[C@H]2c3c(n[nH]c3C(=O)N2CC[NH+]4CCOCC4)c5ccc(cc5)OC,C40345682,inactive
6765,C[C@@H](C(=O)N1CCOCC1)Sc2nnc(n2N)c3ccc(cc3Cl)Cl,C08644734,inactive
6766,Cc1cccc(c1C)OCC(=O)N/N=C\2/c3cc(ccc3N(C2=O)C[NH+]4C[C@H]5C[C@@H](C4)c6cccc(=O)n6C5)Br,C72332842,inactive
6767,CN(C)c1ccc(cc1)CN(CCCn2cc[nH+]c2)C(=S)Nc3ccc(c(c3)Cl)C(F)(F)F,C39413562,inactive
6768,C[NH+]1CCc2cc(c(cc2[C@H]1Cc3ccc(c(c3)Oc4ccc(cc4)C[C@@H]5c6cc(c(cc6CCN5C)OC)OC)O)OC)O,C85492190,inactive
6769,COc1ccc(cc1)[C@@H]2CC(=NN2C3=NC(=O)[C@H](S3)CC(=O)Nc4ccc(cc4)F)c5ccc(cc5)OC,C33357630,inactive
6770,CCc1c(c(nc(n1)N2CCN(CC2)C)NC)I,C90754843,inactive
6771,COc1ccc(cc1I)C(=O)NC(=S)NNC(=O)c2ccccc2[N+](=O)[O-],C12502937,inactive
6772,CN([C@H]1CC[C@H](N)CC1)c1cc(cc(C(=O)NCc2c(C)cc(C)nc2=O)c1C)-c1ccc(CN2CCOCC2)nc1,514189,active
6773,c1ccc(cc1)CCNS(=O)(=O)c2ccc(cc2)NC(=S)NC(=O)c3ccc(c(c3)[N+](=O)[O-])Cl,C13981906,inactive
6774,C[C@@H](c1nnc(n1c2ccc(cc2)Cl)S[C@H](C)C(=O)Nc3cccc(c3Cl)Cl)[NH+](C)C,C09100998,inactive
6775,c1cc(cnc1)[C@H](CN2[C@@H](CCC2=O)CC[NH2+]Cc3cc4c(cc3Cl)OCO4)[NH+]5CCOCC5,C12040489,inactive
6776,c1cc(sc1c2nc(on2)C[C@H]3CNCCO3)Br,C91295126,inactive
6777,[H]/N=c/1\cc(sn1/C(=N\c2ccc(cc2)C(=O)C)/Nc3ccc(c(c3)C)Cl)C,C20352410,inactive
6778,C[C@H]([C@H](c1cccs1)[NH+]2CCN(CC2)c3ccccc3)NS(=O)(=O)c4ccc(cc4)Br,C09382626,inactive
6779,COc1cc2c(cc(c(n2)N3CCC[C@H](C3)O)C[NH2+]Cc4ccccc4Cl)c(c1OC)OC,C11978841,inactive
6780,C[C@H]1Cc2cc(ccc2O1)C(=C3[C@H](N(C(=O)C3=O)Cc4ccc[nH+]c4)c5cccc(c5)OCCC(C)C)O,C09471161,inactive
6781,CCOc1cccc(c1)NC(=O)C[C@@H]2C(=O)[N+](=C(S2)Nc3ccc(cc3)OC)CCc4ccc(c(c4)OC)OC,C97960249,inactive
6782,Cn1cc(cc1C(=O)OC)NC(=O)C[NH+]2CCC[NH+](CC2)CC(=O)Nc3cc(n(c3)C)C(=O)OC,C24992535,inactive
6783,CN1C(=O)/C(=C\c2cc(c(c(c2)I)OCC(=O)Nc3ccccc3)OC)/N(C1=S)c4ccc(cc4)OC,C08443664,inactive
6784,C[C@H]1CCc2cc(ccc2N1S(=O)(=O)c3ccc(cc3)NC(=S)Nc4cc(ccc4OC)OC)F,C20572253,inactive
6785,CCc1cc(C)c(CNC(=O)c2cc(cc3n(ncc23)C(C)C)-c2ccc(nc2)N2CCN(CC2)C(C)C)c(=O)[nH]1,50536605,active
6786,C[C@@H]1C[C@@H](CN(C1)S(=O)(=O)c2cccc(c2)c3csc([n+]3CCc4ccc(cc4)OC)Nc5ccccc5)C,C97946786,inactive
6787,Cc1ccc(cc1)SCc2c3c(n[nH]2)OC(=C([C@@H]3c4ccc(c(c4OC)OC)OC)C#N)[NH3+],C09085871,inactive
6788,c1cc(cc(c1)NC(=O)C(=O)N[C@H]2CCc3c2ccc(c3)Cl)Cn4cccn4,C67431031,inactive
6789,[H]/N=C\1/C(=C\c2ccc(c(c2)Cl)OCCOc3cccc(c3)C)/C(=O)N=C4N1N=C(S4)S(=O)(=O)C,C20208003,inactive
6790,CC(=O)Nc1ccc(c(c1)C(F)(F)F)NS(=O)(=O)c2cc(sc2Cl)Cl,C22314166,inactive
6791,c1ccc(cc1)C[C@@H](C(=O)N2CCC3(CC2)c4c([nH]cn4)CC[NH2+]3)NC(=O)c5ccc(cc5)Br,C13571702,inactive
6792,c1ccc2c(c1)NC(=O)[C@@H](S2)CC(=O)Nc3nc([nH]n3)c4ccco4,C73974286,inactive
6793,C[C@H](C(=O)Nc1ccc(cc1)SC(F)F)[NH+](C)CC(=O)Nc2ccccc2Br,C15144007,inactive
6794,C[C@@H](C(=O)N1CCC2(CC1)c3c([nH]cn3)CC[NH2+]2)NC(=O)COc4ccc(cc4)Cl,C09409955,inactive
6795,CCOc1ccc(cc1)C(=O)C2=C(C(=O)N([C@@H]2c3cc(c(c(c3)OC)OC)OC)c4nc5ccc(cc5s4)OC)O,C97968986,inactive
6796,Cc1cc(n([nH+]1)[C@H](C)C(=O)Nc2ccc(cc2Cl)NS(=O)(=O)c3ccc(c(c3)Cl)F)C,C68779412,inactive
6797,C[C@@]12CCC(=O)N1c3ccccc3C(=O)N2CCCC(=O)Nc4ccc(cc4)NCCc5ccccc5,C78497200,inactive
6798,CCOc1ccc(cc1OC)[C@H]2C(=C(C(=O)N2CCCn3cc[nH+]c3)O)C(=O)c4c(n5cccc(c5n4)C)C,C35484715,inactive
6799,CCN(c1cc(-c2ccc(NC(=O)C[C@@H]3N=C(c4ccc(Cl)cc4)c4c(sc(C)c4C)-n4c(C)nnc43)cc2)cc(C(=O)NCc2c(C)cc(C)[nH]c2=O)c1C)C1CCOCC1,CHEMBL5208895,inactive
6800,c1ccc(cc1)C/[NH+]=C(/c2c(c3n(n2)[C@@H](C[C@@H](N3)c4cccs4)C(F)(F)F)Br)\O,C00865764,inactive
6801,CSc1cc(C)[nH]c(=O)c1CNC(=O)c1c(C)n([C@H](C)[C@H]2CCC(CC2)NC2(CF)COC2)c2ccccc12,575042,active
6802,Cc1cc(C)c(CN2CCc3c(Cl)cc(O[C@@H]4CCOC4)c(Cl)c3C2=O)c(=O)[nH]1,CHEMBL3981606,active
6803,CC1=C([C@H]([C@@H](C(=N1)SCC(=O)Nc2ccc(cc2)Br)C#N)c3cc[nH+]cc3)C(=O)Nc4ccc(cc4)Cl,C11024235,inactive
6804,Cc1cc(C)c(CNC(=O)c2cc(cc3n(ncc23)C2CCCC2)-c2ccc(CN3CCOCC3)nc2)c(=O)[nH]1,326069,active
6805,Cc1ccc(cc1S(=O)(=O)NC[C@H](c2ccc(cc2)N(C)C)[NH+]3CCN(CC3)c4ccccc4)[N+](=O)[O-],C21754915,inactive
6806,CC[C@@]1(C[C@@H]2C[C@@](c3c(c4ccccc4[nH]3)CC[NH+](C2)C1)(c5cc6c(cc5OC)N([C@@H]7[C@]68CC[NH+]9[C@H]8[C@@](C=CC9)([C@H]([C@@]7(C(=O)OC)O)OC(=O)C)CC)C=O)C(=O)OC)O,C85432549,inactive
6807,CCOC(=O)C1=c2n(c(=O)/c(=C/c3ccccc3C(F)(F)F)/s2)C(=C([C@H]1c4ccccc4C(F)(F)F)C#N)N,C01845435,inactive
6808,Cc1ccc(cc1)S(=O)(=O)c2c([nH]c([nH+]2)c3ccccc3)S(=O)(=O)CC(=O)Nc4ccc(cc4)F,C15838068,inactive
6809,c1ccc(c(c1)C(=O)N/N=C/c2ccc(cc2O)O)NS(=O)(=O)c3ccc(cc3)Cl,C02521904,inactive
6810,CC(C)(CNC(=S)Nc1ccc(cc1)OC(F)F)CNC(=S)Nc2ccc(cc2)OC(F)F,C12621405,inactive
6811,COc1ccc(c(c1)F)c2c3c(n(nc3nc(n2)NCC[NH+]4CCOCC4)c5ccc(cc5)F)N,C35929102,inactive
6812,CCN(c1cc(-c2ccc(N3CCNCC3)nc2)cc(C(=O)NCc2c(C)cc(C)[nH]c2=O)c1C)C1CCOCC1,CHEMBL3701032,active
6813,c1ccc(cc1)c2cnc(nc2[C@H]3CCC[NH+](C3)C[C@@H]4C=c5ccccc5=[NH+]C4=O)c6ccncc6,C39357071,inactive
6814,CCOc1cccc(c1O)[C@@H]2CC(=N[C@H]([NH2+]2)c3ccc(cc3)Cl)c4ccc(cc4)Cl,C09542390,inactive
6815,CCC/C(=N\C[C@H](C)/N=C(\CCC)/C1=C(CC([C@@H](C1=O)C(=O)OC)(C)C)O)/C2=C(CC([C@@H](C2=O)C(=O)OC)(C)C)O,C70671685,inactive
6816,Cc1cccc(c1)Cc2cnc(s2)NC(=O)C[NH+](C)CC(=O)Nc3ccccc3SC,C31040261,inactive
6817,C[C@H](Oc1ccc(cc1)-c1cc2c(ncnc2[nH]1)C1=CCNCC1)c1ccccc1,50606100,inactive
6818,C[NH+]1CCN(CC1)C(=O)c2cccc(c2)Nc3c(cnn(c3=O)c4cccc(c4)Cl)Oc5ccc6c(c5)OCO6,C98015470,inactive
6819,CCN([C@H]1CC[C@@H](CC1)N(C)C)c1cc(Br)cc(C(=O)NCc2c[nH]c(C)cc2=O)c1C,50594128,active
6820,CCCCCOc1ccc(cc1OC)[C@@H]2C(=C(C(=O)N2CC[NH+](C)C)O)C(=O)c3ccc(cc3)OCC(C)C,C35025681,inactive
6821,CCOc1ccc(cc1)C(=O)NC(=S)NNC(=O)COc2ccc(cc2Br)C(C)(C)C,C14012755,inactive
6822,CN([C@H]1CC[C@@H](CC1)NC(C)=O)c1cc(cc(C(=O)NCc2c(C)cc(C)[nH]c2=O)c1C)-c1ccc(CN2CCOCC2)cc1,172017,active
6823,Cn1c2c(c(=O)n(c1=O)C)n(c([nH+]2)N/N=C/c3ccc(cc3)OC(=O)c4ccco4)Cc5ccccc5Cl,C08683382,inactive
6824,c1nc2c3c4c(c(nc3sc2c(n1)NCCCO)N5CCOCC5)CCCC4,C19808876,inactive
6825,CC(C)(C)OC(=O)COc1ccc(cc1)/C=N/NC(=O)CN(c2cc(ccc2Cl)C(F)(F)F)S(=O)(=O)c3ccccc3,C08384486,inactive
6826,CCOc1ccc(cc1)/C(=N\N\2C(=O)[C@@H](S/C2=N/c3cccc(c3C)C)CC(=O)Nc4ccc(cc4[N+](=O)[O-])OC)/C,C80749478,inactive
6827,CCOc1cc(cc(c1OCc2cccc(c2)C)Br)[C@H]3C(=C(O[C@@H]4C3=C(N=N4)C)[NH3+])C#N,C39243228,inactive
6828,CCCOc1c(cc(cc1I)I)/C=C(\C#N)/c2c(c(n(n2)c3ccccc3)N)C#N,C97962773,inactive
6829,Cc1ccc(cc1)C(=O)Oc2ccc(cc2/C=N/NC(=O)CNC(=O)c3ccc(c(c3)OC)OC)Br,C04360090,inactive
6830,COc1ccc(cc1)NC(=O)CSc2[nH+]ccn2c3ccc(cc3)C(=O)NCc4ccccc4F,C38653995,inactive
6831,Cc1cc(c(c(c1)C)S(=O)(=O)N2CCC3(CC2)C(=[NH+]CCN3)NCc4cc(cc(c4)F)F)C,C65074651,inactive
6832,COc1cc2c(cc(c(n2)N3CCC[C@H](C3)O)C[NH2+]Cc4ccsc4)c(c1OC)OC,C12028097,inactive
6833,CCOc1cc(ccc1OCc2ccccc2)c3cc(nc(c3C#N)SCC(=O)Nc4ccc(cc4)C(=O)OC)c5ccccc5,C06089749,inactive
6834,CCN(C(C)=O)c1cc(cc(C(=O)NCc2c(C)cc(C)[nH]c2=O)c1C)-c1ccc(CN2CCOCC2)cc1,50575207,active
6835,CCOc1cc(ccc1O)[C@H]2C(=C(C(=O)N2CCCn3cc[nH+]c3)O)C(=O)c4c(n5cccc(c5n4)C)C,C35484723,inactive
6836,c1ccc(cc1)[C@H](Cc2[nH]cc[nH+]2)NC(=O)c3ccc(c(c3)S(=O)(=O)N4CCCCCC4)Cl,C09112707,inactive
6837,CN1CCc2c1ccc(c2)[C@@H](CNC(=O)C(=O)Nc3cccc(c3)C(F)(F)F)[NH+]4CCCC4,C08964199,inactive
6838,CC(CO)c1cc(Cl)c2CCN(Cc3c(C)cc(C)[nH]c3=O)C(=O)c2c1Cl,435506,active
6839,CCN(C1CCOCC1)c1cc(cc(C(=O)NCc2c(C)cc(C)[nH]c2=O)c1C)-c1ccc(CN2CCC(F)CC2)cc1,172074,active
6840,Cc1cc(C)c(CNC(=O)c2cc(cc3n(ncc23)C2CCCC2)-c2ccc(CN3CCOCC3)c(Cl)c2)c(=O)[nH]1,326095,active
6841,C/C(=C\1/[C@@H](N(C(=O)C1=O)c2ccc(cc2)Br)c3ccc(c(c3)OC)O)/O,C00677889,inactive
6842,C[C@H](C(=O)N/N=C/c1ccc(c(c1)OC)O)Sc2nnc(n2CC=C)CNc3ccc(cc3)I,C00695499,inactive
6843,COc1cccc(c1OC)C[NH2+]C2CCN(CC2)c3ccc(cc3)NC(=O)CCc4ccccc4,C15002334,inactive
6844,C[C@@H]([C@@H](c1ccc(cc1)O)O)[NH+]2C[C@@H](O[C@@H](C2)COCc3ccccc3OC)COCc4ccccc4OC,C40556049,inactive
6845,COCC[NH+]1CCN(CC1)c2nc(c3c(n(nc3n2)c4cccc(c4)F)N)c5cccc(c5F)F,C37360041,inactive
6846,c1cc2c(cc1NC(=S)Nc3cc(cc(c3)OCC(F)(F)F)OCC(C(F)F)(F)F)OCO2,C13748029,inactive
6847,CC1(CC2=C([C@@H](C(=C(N2Nc3ccccc3)[NH3+])C#N)c4ccc(c(c4)OC)OCC=C)C(=O)C1)C,C02170045,inactive
6848,CC(C)Cc1ccc(cc1)c2csc(n2)NC(=O)CSc3[nH]c(c([nH+]3)c4ccccc4)c5ccccc5,C59103106,inactive
6849,CN1C[C@@H](C=C1C(=O)N)S(=O)(=O)N2CCC(CC2)C(=O)N3CCC(CC3)C4=c5ccccc5=[NH+]C4,C63908555,inactive
6850,CC(=O)c1ccc(cc1)NC(=S)Nc2ccc(cc2)S(=O)(=O)/N=c\3/cc(nc([nH]3)OC)OC,C13749272,inactive
6851,COC(C1CN(C1)C1COC1)c1cc(C)c2CCN(Cc3c(C)cc(C)[nH]c3=O)C(=O)c2c1Cl,435675,active
6852,C[C@]12C[C@H](CC(C1)(C)C)N(C2)c3c(c(ncn3)N4CCN(CC4)c5cccc(c5)Cl)N,C40728032,inactive
6853,c1ccc(cc1)C[NH+]2CCc3c(sc(n3)NC(=O)COc4ccccc4C5SCCS5)C2,C09165585,inactive
6854,CN1c2ccccc2[C@]3(C1=O)C(=C(C(=O)N3CCC[NH+](C)C)O)C(=O)c4ccc(cc4)S(=O)(=O)N5CCCC5,C98046903,inactive
6855,CSCC[C@H]1[C@H]2[C@@H](C(=O)N(C2=O)Cc3ccccc3)[C@@]4([NH2+]1)c5ccccc5N(C4=O)Cc6cccc7c6cccc7,C08439499,inactive
6856,c1ccc(cc1)CC[NH+]2CC[C@H](C2)CNC(=O)c3c(n(nn3)c4ccc(cc4)Br)C5CC5,C97549323,inactive
6857,CCCCCOc1ccc(cc1OCC)[C@@H]2C(=C(C(=O)N2CCC[NH+](C)C)O)C(=O)c3ccc4c(c3)OCCO4,C97967411,inactive
6858,CCOc1ccc(cc1Cl)[C@@H]2C[C@H](n3c([nH+]cn3)N2)c4cc(ccc4F)Br,C02918239,inactive
6859,Cc1ccc(cc1)[C@@H](c2cccs2)NC(=O)C[NH+](C)CC(=O)Nc3ccccc3C(F)(F)F,C15446453,inactive
6860,CCN(C1CCOCC1)c1cc(cc(C(=O)NCc2c(C)cc(C)nc2=O)c1C)-c1ccc(CN2CCN(C)CC2)nc1,172105,active
6861,CCN(C1CCOCC1)c1cc2oc(F)cc2c(C(=O)NCc2c(OC)cc(C)[nH]c2=O)c1CC,458820,active
6862,CCOC(=O)c1c2c(sc1/N=C(/[C@@H](C)[NH+](C)CC(=O)Nc3ccc(c(c3F)F)F)\[O-])C[C@@H](CC2)C,C34800878,inactive
6863,CCN(CC)C(=O)C1=c2n(c(=O)/c(=C/c3ccccc3F)/s2)C(=C([C@@H]1c4ccccc4F)C#N)N,C59293527,inactive
6864,CC[C@@H](C)[NH+](Cc1c(nn(c1Oc2ccccc2OC)c3ccccc3)C)C[C@@H](COCc4ccccc4)O,C36302051,inactive
6865,C[C@H]1Cc2cc(ccc2O1)C(=C3[C@H](N(C(=O)C3=O)C[C@@H]4CCCO4)c5ccc(c(c5)OC)OCCC(C)C)O,C00703059,inactive
6866,CC(C)OC(=O)[C@@H](c1cc(c2ccccc2c1O)NS(=O)(=O)c3ccc(c(c3)[N+](=O)[O-])OC)C(=O)C(F)(F)F,C59587339,inactive
6867,Cc1c2c(c(sc2[nH+]c(c1Cl)C)C(=O)N(C)CCOC(=O)c3c(c4c(c(c(nc4s3)C)Cl)C)N)N,C98008437,inactive
6868,CCOc1cc(ccc1OCc2ccccc2)N3C4=C(NC(=NN4C=N3)Nc5ccccc5)N6CCCCC6,C59226952,inactive
6869,CN1CCc2c1ccc(c2)[C@H](CNC(=O)Nc3ccc(cc3)C(F)(F)F)[NH+]4CCCCC4,C38671796,inactive
6870,CC(=O)N1CCC2(CC1)[NH2+][C@@H](CC(=N2)c3cc(ccc3[O-])Cl)c4ccc(cc4)OC,C65298555,inactive
6871,C[C@H]1Cc2c3ccccc3[nH]c2[C@@H]([NH+]1C[C@@H](COc4ccccc4)O)c5ccc(c(c5)OC)OC,C36367821,inactive
6872,CC(=O)[C@]1(CC[C@@H]2[C@@]1(CC[C@@H]3[C@H]2CCC4=C/C(=N\OCC(=O)NCCc5c[nH]c[nH+]5)/CC[C@@]34C)C)O,C16036757,inactive
6873,CCS(=O)(=O)C1=NSC2=NC(=O)/C(=C\c3ccc(c(c3)OC)OC(=O)c4ccc(cc4)F)/C(=[NH2+])N21,C20206652,inactive
6874,c1cc(ccc1COc2ccc(cc2)/C=c\3/c(=[NH2+])n-4[nH]/c(=C/C(=O)N5CCCC5)/sc4nc3=O)[N+](=O)[O-],C49670662,inactive
6875,Cc1cccc(c1Nc2c3ccccc3nc(n2)[C@@H](C)N4CCN(CC4)S(=O)(=O)c5ccc(cc5)C(F)(F)F)C,C98240230,inactive
6876,CSc1ccc(cc1)/C=C/2\C(=O)NC(=O)N(C2=O)c3ccc(cc3)F,C01185482,inactive
6877,COc1ccc(cc1)[C@H]2[NH2+][C@@H](CC(=N2)c3cccc(c3)OC)c4cc(ccc4O)Br,C09541779,inactive
6878,c1ccc(cc1)c2c[nH]c([nH+]2)SCC(=O)Nc3nc(cs3)c4ccc(cc4)C5CCCCC5,C08856305,inactive
6879,COc1ccc(cc1)CC[NH+]2CCC(CC2)C(c3ccc(cc3)OC(F)(F)F)(c4ccc(cc4)OC(F)(F)F)O,C08448315,inactive
6880,C[C@@H](Cn1ccc2c1c(ncn2)Nc3ccc(c(c3)Cl)Oc4cccc(c4)C(F)(F)F)NC(=O)CS(=O)(=O)C,C98239215,inactive
6881,Cc1ccc(cc1)C(=O)N(CC[NH+]2CCCCC2)CC(=O)N(CCc3ccc(c(c3)OC)OC)Cc4ccc(o4)C,C98019826,inactive
6882,COc1cc(C)[nH]c(=O)c1CNC(=O)c1cc2c(ccn2c(C(C)N2CCN(CC(F)(F)F)CC2)c1C)-c1ccc(N)nc1,490279,active
6883,Cc1ccc(cc1)[C@H]2C(=C(c3ccc(cc3)OCc4cccc(c4)C)O)C(=O)C(=O)N2Cc5cc[nH+]cc5,C09507353,inactive
6884,C=CCc1cccc(c1O)/C=N\NC(=O)C[NH+]2CCN(CC2)S(=O)(=O)c3ccc(cc3)Br,C19861215,inactive
6885,CCc1ccccc1NS(=O)(=O)c2ccc3c(c2)c(=O)c(c[nH]3)/C(=N/Cc4ccc[nH+]c4)/O,C09680037,inactive
6886,CCN(c1cc(-c2cncnc2)cc(C(=O)NCc2c(C)cc(C)[nH]c2=O)c1C)[C@H]1CC[C@H](N(C)C)CC1,CHEMBL3701011,active
6887,Cc1c2c(c(c[nH+]1)CO)Cc3c(nc(nc3SCc4ccc(cc4)Cl)c5cccc(c5)OC)O2,C09116335,inactive
6888,CCCC[NH+](C)CCN1[C@@H]([C@@]23C=C[C@@H](O2)[C@@H]([C@@H]3C1=O)C(=O)Nc4ccc(cc4)C)C(=O)NC5CCCCC5,C36066408,inactive
6889,Cc1ccccc1OCCOc2ccc(cc2)[C@H]3C(=C(C(=O)N3CCC[NH+](C)C)O)C(=O)c4cccs4,C20228296,inactive
6890,CSc1cc(C)[nH]c(=O)c1CNC(=O)c1c(C)n([C@H](C)[C@H]2OC[C@@H](CO2)N(C)C)c2ccccc12,50541906,active
6891,c1ccc(cc1)c2c3c(n(n2)c4ccccc4Cl)N(C(=O)CS[C@H]3c5cccc(c5)F)CC(=O)NCc6ccc[nH+]c6,C98011859,inactive
6892,CC1=C([C@H]([C@H]2C(=N1)C[C@@H](CC2=O)c3ccccc3)c4ccc(c(c4)COc5ccc(cc5)C#N)OC)C(=O)Nc6cccc[nH+]6,C08440491,inactive
6893,Cc1ccc(cc1)OC(=O)c2c(c3c(c4c([nH+]c3s2)CCN(C4)C)c5cccc(c5)OC)N,C40570206,inactive
6894,Cc1ccc(cc1S(=O)(=O)Nc2ccc(cc2)F)NC(=O)COc3ccc(cc3)Br,C16044210,inactive
6895,CCOc1cc2c(cc1NC(=O)/C(=C/CN3CC[NH+](CC3)C)/F)c(ncn2)Nc4ccc(c(c4)Cl)F,C83292424,inactive
6896,CCOC(=O)c1c[nH+]c(nc1N)SCC2=C([C@@H](NC(=O)N2)c3ccc(cc3)Cl)C(=O)OCC,C11396356,inactive
6897,CC[C@@H]1[C@@]([C@@H]([C@@H](C(=O)[C@@H](C[C@@]([C@@H]([C@@H]([C@@H]([C@@H](C(=O)O1)C)O[C@@H]2C[C@@]([C@@H]([C@@H](O2)C)O)(C)OC)C)O[C@@H]3[C@@H]([C@@H](C[C@@H](O3)C)[NH+](C)C)OC(=O)CCC(=O)OCC)(C)O)C)C)O)(C)O,C85731497,inactive
6898,CC[NH+]1CCN(CC1)c2ccc(cc2NC(=O)c3cccc(c3)NC(=O)C)S(=O)(=O)N4CCCCC4,C12527627,inactive
6899,CC(=O)Nc1cccc(c1)NC(=O)C2CCN(CC2)S(=O)(=O)c3ccc4c(c3)CCCC4,C08825362,inactive
6900,Cc1ccccc1NC(=O)CSc2nnc(s2)NC(=O)[C@@H]3CC(=O)N(C3)c4ccccc4C,C08904677,inactive
6901,COc1ccc(c(c1)S(=O)(=O)Nc2cc(c(cc2Cc3c4cc(c(cc4ccn3)OC)OC)OC)OC)OC,C06229281,inactive
6902,CCOc1cc(ccc1O)/C=N/Nc2[nH]nc(n2)SCCC(=O)Nc3ccc(cc3)Br,C21083983,inactive
6903,CO[C@@H]1CN(C[C@H]1F)C1CC[C@@H](CC1)[C@@H](C)n1c(C)c(C(=O)NCc2c(SC)cc(C)[nH]c2=O)c2cccnc12,574973,active
6904,CSc1cc(C)[nH]c(=O)c1CNC(=O)c1c(C)n([C@H](C)[C@H]2CCC(CCCC([O-])=O)CC2)c2ccccc12,575023,active
6905,Cc1cccc(c1C)N2CCN(CC2)S(=O)(=O)c3cc(cnc3N)Br,C20467599,inactive
6906,CCCCOc1ccc(cc1)S(=O)(=O)N2CCN(CC2)[C@H](C)c3nc4ccccc4c(n3)NCc5ccccc5OC,C98230877,inactive
6907,Cc1ccc(o1)[C@@H]2C(=C(NC(=C2C(=O)Nc3ccccc3OC)C)SCC(=O)Nc4ccccc4C(F)(F)F)C#N,C01277969,inactive
6908,Cc1cccc(c1)c2nc(c(o2)NCc3ccc[nH+]c3)S(=O)(=O)c4ccc(cc4)Br,C39844361,inactive
6909,CCc1c(c(n(n1)C)COc2ccc(cc2[C@H](C)[NH3+])Br)Br,C91332861,inactive
6910,CCCCNC(=O)[C@@H](c1ccc(cc1)N(C)C)N(Cc2ccco2)C(=O)Cc3ccc(cc3)Br,C36497781,inactive
6911,CSc1cc(C)[nH]c(=O)c1CNC(=O)c1c(C)n([C@H](C)C2CCN(CC2)C2CC(F)C2)c2ncccc12,574923,active
6912,COc1ccc(cc1)S(=O)(=O)N(Cc2ccccc2)c3ccccc3C(=O)N/N=C/c4ccc(cc4)OCC#N,C59647360,inactive
6913,CCN([C@H]1CC[C@@H](CC1)N(C)C)c1cc(cc(C(=O)NCc2c(C)cc(C)[nH]c2=O)c1C)-c1cccs1,172159,active
6914,C[C@@H]1Cc2cc(ccc2O1)C(=O)C3=C(C(=O)N([C@@H]3c4cccc(c4)OCc5ccccc5)CCCn6cc[nH+]c6)O,C97954733,inactive
6915,Cc1c(c(n(n1)Cc2ccc(cc2)F)C)NC(=O)CCCS(=O)(=O)c3nc(cc(n3)C(F)(F)F)c4ccccc4OC,C98043160,inactive
6916,c1cc(ccc1NC(=[NH2+])NC(=[NH2+])Nc2ccc(cc2)Br)S(=O)(=O)Nc3cnccn3,C04362781,inactive
6917,COC1(C)CN(C1)C1CC[C@@H](CC1)[C@@H](C)n1c(C)c(C(=O)NCc2c(SC)cc(C)[nH]c2=O)c2ccccc12,574956,active
6918,COc1cc(cc(c1OC)OC)/C=N\NC(=O)CSc2[nH+]c3ccccc3n2Cc4ccc(cc4)Cl,C33733113,inactive
6919,c1cc(ccc1c2cn3c([nH+]2)SCC3)NS(=O)(=O)c4cc(c(cc4Cl)Cl)Cl,C38718506,inactive
6920,CC(C)N(c1ccccc1)C(=O)CSC2=[NH+]C\3=C(CCC/C3=C\c4ccc(cc4)OC(F)F)[C@H](N2)c5ccc(cc5)O,C97970783,inactive
6921,Cn1cc[nH+]c1[C@H](c2ccc(cc2)Cl)NC(=O)CCCC[C@H]3[C@@H]4[C@@H](CS3(=O)=O)NC(=O)N4,C37021520,inactive
6922,c1cc2cccc3c2c(c1)[C@@H]([C@@H]3NS(=O)(=O)c4ccc(cc4)Cl)[NH2+]Cc5ccco5,C06131321,inactive
6923,C[C@]1(C(=O)N(C(=O)N1)NC(=O)c2ccc(o2)c3nc4ccccc4s3)c5ccc(cc5)OC,C09875667,inactive
6924,COc1ccc(cc1)C(=O)/C=C/c2cn(c3c2cccc3)C[C@@H](C[NH2+]CCc4c[nH]c5c4cc(cc5)OC)O,C08757880,inactive
6925,COc1ccc(c(c1)OC)[C@H]2C3C(=NC(=C)C2C(=O)Nc4ccc(c[nH+]4)Br)C[C@@H](CC3=O)c5ccccc5,C08440296,inactive
6926,COc1cc(C)[nH]c(=O)c1CN1CCc2c(Cl)c3OC(C)(Oc3c(C)c2C1=O)C12CCC(CC1)(CC2)N(C)C,588032,active
6927,CCc1ccccc1N2[C@H](N=C3C(=C(N=N3)C)C2=[NH2+])SCC(=O)Nc4ccc(cc4)Br,C63720295,inactive
6928,C[NH+](C)CCN1CCN(CCC1=O)c2c(cc3ccc(cc3[nH+]2)OC)CNCc4ccccc4C(F)(F)F,C14967506,inactive
6929,CCN(C1CCCC1)c1cc(cc(C(=O)NCc2c(C)cc(C)[nH]c2=O)c1C)-c1ccc(CN2CCOCC2)cc1,172030,active
6930,COc1ccc(cc1)N2[C@@H](C(=O)C(=C2N)c3nc4ccccc4s3)c5ccccc5,C06320094,inactive
6931,c1ccc2=[NH+]C([NH+]=c2c1)N3CCC(CC3)C(=O)NCCCN4CCN(CC4)c5cccc(c5)Cl,C63695080,inactive
6932,Cc1ccc(cc1)CN([C@H](C(C)C)C(=O)Nc2ccc(cc2)N(C)C)C(=O)CN3c4ccccc4C(=O)C3=O,C36057014,inactive
6933,Cc1c2c(n(n1)c3ccccc3)O[C@H]([C@@H]([C@@H]2c4cc(ccc4OCc5ccccc5Cl)[N+](=O)[O-])C#N)[NH3+],C39793570,inactive
6934,C[C@H](C[NH2+]Cc1cc(c(c(c1)Br)OC[C@@H](c2ccc3c(c2)OCCO3)O)OC)O,C20877163,inactive
6935,CC(C)C[C@@H](C(=O)NCCCOC)NC(=O)[C@@H]1CC2=c3ccccc3=[NH+][C@H]2[C@H]4N1C(=O)c5c4cccc5,C63383549,inactive
6936,c1ccc(cc1)[C@H](C(=O)Nc2ccc(cc2C(F)(F)F)Cl)N3CC[NH+](CC3)CC(=O)NC4CC4,C22793221,inactive
6937,CCOC(=O)[C@@H]1[C@H]([C@@H]1C(=O)N/N=C\C2=c3ccccc3=[NH+]C2)C(=O)Nc4cccc(c4)C(F)(F)F,C39313199,inactive
6938,C[NH+](C)[C@@H](CNC(=O)c1ccccc1SCC(=O)Nc2ccc(c(c2)OC)OC)c3cccs3,C25385767,inactive
6939,CSc1cc(C)[nH]c(=O)c1CNC(=O)c1c(C)n([C@H](C)C2CCC(CC2)N2CC(C2)OC2CC2)c2ccccc12,574968,active
6940,C[C@H](C1CCN(CC(F)(F)F)CC1)n1c(C)c(C(=O)NCc2c(C)cc(C)[nH]c2=O)c2ccccc12,50541918,active
6941,Cc1ccc(cc1)S(=O)(=O)Nc2ccccc2C(=O)Nc3ccccc3C4[NH+]=c5ccccc5=[NH+]4,C63637961,inactive
6942,c1ccc(cc1)CSc2[nH]c3c(c(=O)n2)[C@H](CC(=O)N3)c4cc(cc(c4)F)F,C06748309,inactive
6943,c1cc(cc(c1)Br)S(=O)(=O)NNC(=O)c2cc3c(s2)CCCCC3,C12971324,inactive
6944,CC(=O)CCC(=O)O[C@@H]1[C@H]([C@@H](O[C@H]2[C@@H]1O[C@@H](OC2)c3ccccc3)Sc4ccccc4)NOC(=O)C,C08497617,inactive
6945,CCOC(=O)[C@]1([C@@H]2[C@@H]([C@@H]([NH2+]1)c3ccc(c(c3)OC)O)C(=O)N(C2=O)c4ccccc4)c5ccccc5,C12497096,inactive
6946,CC[NH2+]c1ccc(cc1NCC(=O)Nc2ccc(c(c2)Cl)F)S(=O)(=O)N(C)C,C08687756,inactive
6947,c1cc(ccc1N/C=C/2\C(=O)NC(=O)N(C2=O)c3ccc(cc3)F)Cl,C06471929,inactive
6948,COc1cc2cc[nH+]c(c2cc1OC)Cc3cc(c(cc3NC(=O)C(=O)c4c5ccccc5[nH]c4c6ccccc6)OC)OC,C98005843,inactive
6949,CC[NH+](CC(=O)Nc1ccc(cc1)NC(=O)C)[C@@H](C)C(=O)Nc2cccc(c2)Br,C14922550,inactive
6950,COc1cc2ccnc(c2cc1OC)Cc3cc(c(cc3NC(=O)C(=O)c4c[nH]c5c4cccc5)OC)OC,C55104829,inactive
6951,Cc1ccc(cc1)N2[C@@H](NN=C2SCC(=O)N/N=C/C3=c4ccccc4=[NH+]C3)c5ccc(cc5)Cl,C39575889,inactive
6952,CC(C)n1ncc2c(cc(cc12)-c1ccc(CN2CCOCC2)cc1)C(=O)NCc1c(C)cc(C)[nH]c1=O,326072,active
6953,CCCc1cc(C)[nH]c(=O)c1CNC(=O)c1cc(-c2ccc(N3CCN(C(C)C)CC3)nc2)cc2c1cnn2C(CC)CC,CHEMBL4545986,active
6954,CC[C@@H]1CCCCN1S(=O)(=O)c2ccc(cc2)NC(=O)CCNS(=O)(=O)c3ccc(cc3)F,C09342691,inactive
6955,C[C@]12CC/C(=N/OCC(=O)N[C@@H](Cc3ccccc3)C(=O)OC)/C=C1CC[C@@H]4[C@@H]2CC[C@]5([C@H]4CC[C@@]5(C#C)O)C,C70692329,inactive
6956,c1cc(sc1)[C@H](c2ccc(cc2)F)NC(=O)CN3CC[NH+](CC3)CC(=O)Nc4ccc(cc4)F,C22785267,inactive
6957,CC(C)NC(=O)c1ccc(cc1)c2[nH+]c3cc(ccc3n2C)NS(=O)(=O)c4ccc(cc4F)F,C33277062,inactive
6958,c1cc(c(c(c1)Cl)Cl)CON/C=N\C(=O)c2ccc(c(c2)CS(=O)(=O)c3ccc(cc3)Cl)[N+](=O)[O-],C06322029,inactive
6959,Cc1c(c(n(n1)c2ccccc2)Oc3ccc(cc3F)F)C[NH+](CC4CC4)C[C@H](COCC(C)C)O,C36304270,inactive
6960,CCOc1cc(cc(c1OCc2ccccc2)Cl)[C@@H](c3ccc4cccnc4c3O)Nc5cc(cc[nH+]5)C,C09601830,inactive
6961,C1CCC[NH+](CC1)CCCNC(=O)CSCc2[nH]c(=O)c3c4c(sc3n2)CCCC4,C69248482,inactive
6962,CCOc1ccc(cc1OCC)[C@@H]2C(=C(c3ccc4c(c3)C[C@@H](O4)C)O)C(=O)C(=O)N2CCc5ccccc5,C09424108,inactive
6963,COc1cc(ccc1S(=O)(=O)NCCNc2c3ccc(cc3nc(n2)c4cccs4)Cl)F,C98354039,inactive
6964,CCOc1ccc(cc1)N2C(=O)[C@@H]3[C@@H]([NH2+][C@@]([C@@H]3C2=O)(CCSC)C(=O)OC)c4ccc(cc4)O,C20150717,inactive
6965,COc1cc(cc(c1OC[C@H](c2ccc3c(c2)OCCO3)O)Br)C[NH2+]C[C@H]4CCCO4,C20877147,inactive
6966,CCOc1cc(ccc1OC(=O)c2ccco2)[C@@H]3c4c(n[nH]c4OC(=C3C#N)[NH3+])c5ccc(cc5)OC,C08569247,inactive
6967,CC(C)n1ncc2c(cc(nc12)-c1cccc(CN(C)CCN2CCCC2)c1)C(=O)NCc1c(C)cc(C)[nH]c1=O,382144,active
6968,COc1ccc(cc1NC(=O)CSc2nc([nH]n2)N/N=C/c3ccccc3OCc4ccccc4)Cl,C59019225,inactive
6969,CC(C)(C)NC(=O)[C@@H](c1ccc(c(c1)OC)O)N(Cc2ccco2)C(=O)Cc3cccc(c3Cl)Cl,C36501070,inactive
6970,C[C@H](c1nnc2n1cccc2)NC(=O)Nc3ccc(c(c3)NC(=O)C)F,C44015381,inactive
6971,CCCOc1ccc(cc1OC)[C@@H]2[C@@H]3CN(CC=C3C(=C(C2(C#N)C#N)[NH3+])C#N)C(=O)OC(C)(C)C,C01818748,inactive
6972,CC(C)n1ncc2c(cc(C)nc12)C(=O)NCc1c(C)cc(C)nc1=O,190177,active
6973,Cn1cc[nH+]c1[C@H](c2ccc(cc2)Cl)NC(=O)c3ccc(cc3)NC(=O)CSc4nccn4C,C16263046,inactive
6974,Cc1ccc(cc1)[C@H](c2c(n3c(s2)ncn3)O)N4CC[NH+](CC4)C(c5ccccc5)c6ccccc6,C22027256,inactive
6975,C[C@H](c1ccc(cc1)S(=O)(=O)N)[NH+](C)CC(=O)Nc2ccc(cc2)C(=O)OC(C)C,C23259818,inactive
6976,CC(O)[C@H](N)C(=O)N1CCC(=CC1)c1cc(C(=O)NCc2c(C)cc(C)[nH]c2=O)c2cnn(C(C)C)c2n1,325976,active
6977,Cc1c2c(c(c[nH+]1)CO)Cc3c(nc(nc3SCC(=O)Nc4ccccc4OC)c5ccccc5)O2,C09116159,inactive
6978,COc1cc(cc(c1OC[C@@H](c2ccc3c(c2)OCO3)O)Br)C[NH2+]C[C@@H]4CCCO4,C20877018,inactive
6979,CCN(CC)C(=O)Oc1ccc2c(c1NC(=O)c3ccc(c(c3)F)C(F)(F)F)ccn2Cc4ccc(cc4)Cl,C97941700,inactive
6980,c1cc(c(cc1Cl)Cl)[C@@H](CNC(=O)N2CCC[C@@H](C2)CO)[NH+]3CCc4c(ccs4)C3,C58245153,inactive
6981,Cc1ccc(cc1)C(=O)C[C@H]2C(=O)N/C(=N\c3ccc(cc3)S(=O)(=O)Nc4nccs4)/S2,C39843305,inactive
6982,c1ccc2c(c1)cccc2CC(=O)Nc3nnc(s3)SCC(=O)Nc4cccc(c4)C(F)(F)F,C39723407,inactive
6983,c1ccc(cc1)N2C[C@@H](CC2=O)C(=O)Nc3nnc(s3)SCCC(=O)Nc4cccc(c4)Cl,C59317300,inactive
6984,c1cc(c(cc1Cl)C(=O)N)OCc2cc3c(cc2Br)OCCO3,C08734656,inactive
6985,CCN(c1cc(Cl)cc(C(=O)NCc2c(C)cc(C)[nH]c2=O)c1C)[C@H]1CC[C@H](N(C)CC(F)F)CC1,CHEMBL3910693,active
6986,CCOC(=O)C1=C(OC(=C([C@@H]1c2cccc(c2)F)C#N)N)CSc3c(ccc([nH+]3)c4cccs4)C#N,C08809612,inactive
6987,c1ccc(c(c1)CNC(=O)c2ccc(cc2)n3cc[nH+]c3SCC(=O)Nc4ccc(cc4)F)F,C38654013,inactive
6988,Cc1ccc(cc1)S(=O)(=O)c2c([nH]c([nH+]2)c3ccccc3)SCC(=O)Nc4cccc(c4)C(=O)C,C12252962,inactive
6989,CCOc1ccc(cc1)[C@H]2C(=C(C(=O)N2CCC[NH+](C)C)O)C(=O)c3ccc(cc3)OCc4ccccc4C,C35445381,inactive
6990,[H]\N=C\1/C(=C/c2cc(c(c(c2)OC)OCCOc3ccccc3C)OC)/C(=O)N=C4N1C(=NS4)SCc5ccccc5,C97958971,inactive
6991,CCN(C1CCOCC1)c1cc(cc(C(=O)NCc2c(C)cc(C)nc2=O)c1C)-c1ccc(CN2CCOCC2)c(c1)C#N,172134,active
6992,c1c(c(cc(c1Cl)Cl)Cl)OCC(=O)NCCC[NH+]2CCN(CC2)CCCNC(=O)COc3cc(c(cc3Cl)Cl)Cl,C95862355,inactive
6993,CCCCCCN/C(=C(/C#N)\C(=O)N1CC[NH+](CC1)C)/SCC(=O)Nc2c(cccc2C(C)C)C,C25265982,inactive
6994,CCN(C1CCOCC1)c1cc(cc(C(=O)NCc2c(C)cc(C)[nH]c2=O)c1C)-c1ccc(CNCC(F)(F)F)cc1,172098,active
6995,COc1ccc(cc1)S(=O)(=O)N2CCCO[C@@H]2CNC(=O)C(=O)NCCC3=c4ccccc4=[NH+]C3,C63679612,inactive
6996,c1cc([nH+]cc1)N/N=C/c2ccc(cc2)O[C@H]3OCCO[C@@H]3Oc4ccc(cc4)/C=N/Nc5[nH+]cccc5,C12524173,inactive
6997,Cc1cc(cc(c1)NC(=O)CSc2nnc(s2)NC(=O)C34CC5CC(C3)CC(C5)C4)C,C09365339,inactive
6998,c1ccc(cc1)C[C@H](C(=O)N[C@H]2CCCc3c2cccc3)NS(=O)(=O)c4cccc5c4nsn5,C09692538,inactive
6999,C[C@@H](C(=O)c1c(n(c(=O)n(c1=O)C)C)N)Sc2nc3ccc(cc3c(=O)n2CC(C)C)Cl,C09091507,inactive
7000,COc1cc(C)[nH]c(=O)c1CN1CCc2c(Cl)cc([C@H](OC)C3COC3)c(Cl)c2C1=O,CHEMBL4080228,active
7001,CCN([C@H]1CC[C@@H](CC1)C(=O)N1CCCC1)c1cc(Cl)cc(C(=O)NCc2c(C)cc(C)[nH]c2=O)c1C,190221,active
7002,Cc1ccc(cc1)c2c([nH+]c([nH]2)c3ccc(cc3)F)SCC(=O)Nc4ccc(c(c4)OC)OC,C08594663,inactive
7003,CC(=O)OC(C)(C)/C=C/C(=O)[C@@](C)([C@@H]1[C@@H](C[C@@]2([C@@]1(CC(=O)[C@@]3([C@H]2CC=C4[C@H]3C[C@@H](C(=O)C4(C)C)O[C@H]5[C@@H]([C@H]([C@@H]([C@H](O5)CO)O)O)O)C)C)C)O)O,C67910872,inactive
7004,CCCc1n[nH]c(=S)n1CC(=O)Nc2nc3c(s2)C[NH+](CC3)Cc4ccccc4,C24963762,inactive
7005,Cc1cc(c2c(c1)sc(n2)N3[C@H](C(=C(C3=O)O)C(=O)c4ccc(cc4)OC)c5cccc(c5OC)OC)C,C01480649,inactive
7006,CCN(C1CCOCC1)c1cc(cc(C(=O)NCc2c(C)cc(C)[nH]c2=O)c1C)-c1ccc(CN(C)CC2CC2)cc1,172091,active
7007,c1cc(sc1)c2cc(n3c(n2)c(cn3)C(=O)Nc4ccc(cc4)Cc5cc[nH+]cc5)C(F)(F)F,C59460396,inactive
7008,CC(=O)NCCC1=c2ccccc2=[NH+][C@@H]1/C=C/3\C(=O)NC(=O)N(C3=O)c4ccccc4Cl,C38669500,inactive
7009,C[C@H]1Cc2cc(ccc2O1)C(=O)C3=C(C(=O)N([C@H]3c4ccc(cc4)OC)c5nnc(s5)SCc6ccc(cc6)Cl)O,C97970278,inactive
7010,CCN(c1cc(-c2ccc(CN3CC4(COC4)C3)cc2)cc(C(=O)NCc2c(C)cc(C)[nH]c2=O)c1C)C1CCOCC1,CHEMBL3697494,active
7011,Cc1cc(ccc1Cl)OC[C@@H](C[NH+]2CCN(CC2)C[C@@H](COc3ccc(c(c3)C)Cl)O)O,C22942656,inactive
7012,CCOc1cc(ccc1OCc2ccccc2Cl)C[NH2+]CCNc3ccc(cc3Cl)[N+](=O)[O-],C16689262,inactive
7013,Cc1ccc(cc1)S(=O)(=O)Nc2ccccc2C(=O)Nc3ccc(cc3)S(=O)(=O)N4CCCCC4,C67190013,inactive
7014,Cc1ccc(c(c1)NC(=O)c2ccc(c(c2)S(=O)(=O)NC(C)(C)C)Cl)F,C22403357,inactive
7015,Cc1ccc(c(n1)N(C)C)NC(=O)[C@@H]2Cc3cc(ccc3OC2)F,C90690862,inactive
7016,c1ccc(c(c1)N2CC[NH+](CC2)[C@H](CNS(=O)(=O)c3ccc(cc3)F)c4ccc5c(c4)OCO5)F,C38638277,inactive
7017,CCOC(=O)C1=C([NH+]=C2N([C@H]1c3ccc(cc3)NC(=O)Nc4ccc(cc4)C(F)(F)F)CCCS2)C,C35252802,inactive
7018,C[C@H](c1ccc(cc1)n2cc[nH+]c2)[NH2+][C@H](C)C(=O)Nc3ccc(cc3)S(=O)(=O)N4CCCC4,C12627431,inactive
7019,CSc1c(c(n(n1)CC(=O)Nc2cc(ccc2F)F)N)S(=O)(=O)c3ccc(cc3)Cl,C45986938,inactive
7020,CCCCCOc1ccc(cc1OC)[C@@H]2C(=C(C(=O)N2CC[NH+](C)C)O)C(=O)c3c(n4cccc(c4n3)C)C,C35484308,inactive
7021,c1ccc(cc1)C[C@@H](C(=O)Nc2ccc(cc2)Cl)NS(=O)(=O)c3ccc(cc3)Br,C54201023,inactive
7022,CC(C)n1ncc2c(cc(nc12)-c1cnn(CCN2CCOCC2)c1)C(=O)NCc1c(C)cc(C)[nH]c1=O,325809,active
7023,C[C@H](C(=O)Nc1ccc(cc1)C(=O)C)Oc2ccc3c(c2)c4cc[nH+]c5c4n3c(=O)c6c5ccc(c6OC)OC,C70708086,inactive
7024,CC(=O)Nc1ccc(cc1)C=[NH+]c2ccc(cc2)SSc3ccc(cc3)/N=C/c4ccc(cc4)NC(=O)C,C01646876,inactive
7025,c1ccc(cc1)/C=C/C(=O)Oc2ccc(cc2/C=N/NC(=O)C(=O)Nc3ccccc3C(=O)Nc4ccc(cc4)Cl)Br,C04259679,inactive
7026,CS(=O)(=O)Nc1cc(ccc1F)NC(=O)[C@H](CC(=O)[O-])[NH3+],C85814703,inactive
7027,COc1ccc(cc1)NC(=O)C2(CCCC2)N(Cc3ccc[nH+]c3)C(=O)CN4C[C@H](NC4=S)c5ccccc5,C08695893,inactive
7028,CC(C)COc1ccc(cc1OC)[C@H]2c3c(n[nH]c3C(=O)N2[C@H]4CCS(=O)(=O)C4)c5ccccc5O,C40547786,inactive
7029,Cc1cc(C)c(CNC(=O)c2cc(cc(N(CC(F)F)C3CCOCC3)c2C)-c2ccc(CN3CCOCC3)cc2)c(=O)[nH]1,172137,active
7030,CCC(CC)n1ncc2c(cc(cc12)C#N)C(=O)NCc1c(C)cc(C)[nH]c1=O,50597876,active
7031,C[C@H]([C@H](C(=O)N[C@@H]([C@@H](C)O)C(=O)N[C@@H]([C@@H](C)O)C(=O)[O-])[NH3+])O,C05462362,inactive
7032,CCC(OC)c1cc(Cl)c2c(c1Cl)C(=O)N(Cc1c(C)cc(C)[nH]c1=O)CC2,CHEMBL4061098,active
7033,CCN(C1CCOCC1)c1cc2oc(CN3CCCC3)cc2c(C(=O)NCc2c(OC)cc(C)[nH]c2=O)c1CC,458798,active
7034,Cc1ccc(cc1)NC(=O)CSc2nnc(n2N)N/N=C/c3cc(ccc3OC)Br,C21320444,inactive
7035,C[NH+](C)C[C@H](c1ccccc1)NS(=O)(=O)c2cccc(c2)C(=O)Nc3ccc4c(c3)OCCCO4,C10025570,inactive
7036,CCOc1ccc(cc1)C2=N[C@@H]([NH2+][C@@H](C2)c3cccc(c3O)OCC)c4ccc(c(c4)Br)OC,C09542603,inactive
7037,CC(C)CN(CC(C)C)S(=O)(=O)c1ccc(cc1)C(=O)Nc2c(c3c(s2)C[NH+](CC3)Cc4ccccc4)C(=O)N,C97963475,inactive
7038,C[C@@]12CC[C@@H]3[C@@]([C@H]1CC=C4[C@]2(CC[C@@]5([C@H]4[C@@H](C(CC5)(C)C)O)C(=O)O[C@H]6[C@@H]([C@H]([C@@H]([C@H](O6)CO)O)O)O)C)(C[C@H]([C@@H]([C@@]3(C)CO)O)O)C,C49823254,inactive
7039,Cc1cc2c(cc1C)sc(n2)N(CCC[NH+](C)C)C(=O)c3ccc(cc3)NS(=O)(=O)c4ccccc4,C36698988,inactive
7040,CC1(CC(CC([NH2+]1)(C)C)NC(=O)C2CCN(CC2)S(=O)(=O)c3ccc(c(c3)C(F)(F)F)Cl)C,C32999424,inactive
7041,c1ccc(cc1)C(c2ccccc2)[NH+]3CCN(CC3)C(=O)c4c(c5n(n4)[C@@H](C[C@@H](N5)c6ccco6)C(F)(F)F)Br,C08444620,inactive
7042,Cc1cccc2c1[nH]c(=O)c(c2)[C@H](c3nnnn3Cc4ccccc4)[NH+](Cc5ccccc5)Cc6ccc[nH+]c6,C06443886,inactive
7043,CCCc1cc(C)[nH]c(=O)c1CNC(=O)c1cc(cc2n(ncc12)C(C)C)-c1ccc(nc1)N1CCN(CCCCc2cn(CCN3C(=O)N(CC)C(=O)\C(=C\C=C\C=C4\N(CCC(=O)OCOC(C)=O)c5ccc(cc5C4(C)C)C(=O)OCOC(C)=O)C3=O)nn2)CC1,50075072,active
7044,CC[C@]1(CC[C@@H](O1)[C@@]2(CC[C@@]3(O2)C[C@@H]([C@H]([C@H](O3)[C@@H](C)[C@H]([C@H](C)C(=O)[O-])OC)C)O)C)[C@H]4[C@H](C[C@@H](O4)[C@@H]5[C@H](C[C@H]([C@@](O5)(CO)O)C)C)C,C08143466,inactive
7045,COc1ccc(cc1OC)Cc2nc3ccccc3n2C[C@H](C[NH+](C4CCCCC4)C5CCCCC5)O,C27693873,inactive
7046,Cc1cc(C)c(CNC(=O)c2ccc3OC(C)(C)Cc3c2C)c(=O)[nH]1,359737,active
7047,Cc1c(n2ccccc2[nH+]1)C(=O)NNC(=O)[C@@H](Cc3ccccc3)NS(=O)(=O)c4ccccc4F,C25401697,inactive
7048,CSCC[C@H]1[C@H]2[C@H](C(=O)N(C2=O)C[C@H]3CCCO3)[C@]4([NH2+]1)c5cc(ccc5NC4=O)Br,C20572195,inactive
7049,CCn1c2ccc(cc2[nH+]c1CCC(=O)N(CC)CC(=O)Nc3c(cccc3F)F)S(=O)(=O)N(C)C,C12534967,inactive
7050,CSc1cc(C)[nH]c(=O)c1CNC(=O)c1c(C)n([C@H](C)[C@H]2OCC(CO2)N2CCC2(C)C)c2ccccc12,574854,active
7051,CCOc1ccc(cc1)NC(=O)Cn2c(c(c([nH+]2)SC)c3nc(no3)c4ccc(cc4)Cl)N,C46914944,inactive
7052,CCC(C)n1cc(C)c2c(cc(cc12)-c1ccc(nc1)N1CCNCC1)C(=O)NCc1c(C)[nH]c(C)cc1=O,310221,active
7053,c1ccc2c(c1)N(C(=O)c3cccnc3S2)CCC(=O)NCC[C@H]4C=c5cc(ccc5=[NH+]4)Cl,C63506212,inactive
7054,CC(C)CNc1c(c(=O)n2ccccc2n1)/C=C/3\C(=O)N(C(=S)S3)CCc4ccc(c(c4)OC)OC,C35303879,inactive
7055,c1cc2c(cc1Br)c3cc(ccc3n2C[C@@H](C[NH2+]C(CO)(CO)CO)O)Br,C10384381,inactive
7056,c1cc(ccc1NC2CC[NH+](CC2)[C@@H]3CC(=O)N(C3=O)c4ccc(cc4)Cl)OC(F)(F)F,C18217997,inactive
7057,COc1ccc(cc1)n2c(c3c(nc(nc3n2)N4CCC(CC4)[NH+]5CCCCC5)c6cccc(c6)F)N,C37359747,inactive
7058,Cc1cccc(c1NC(=O)CSc2c([nH+]c([nH]2)c3ccccc3)S(=O)(=O)c4ccccc4)C,C12112483,inactive
7059,COc1ccccc1N/C(=N\C(=O)c2ccc(cc2)Br)/NCCC3=c4ccccc4=[NH+]C3,C63588699,inactive
7060,Cn1c(cc2c1c(c(c(c2)OC)OC)OC)C(=O)NCCC(=O)NC3[NH+]=c4ccccc4=[NH+]3,C63295807,inactive
7061,CCC[NH+]1CCc2c(sc(c2C(=O)N)NC(=O)[C@H]3CCCN(C3)S(=O)(=O)c4ccccc4)C1,C14023382,inactive
7062,CC(C)[C@H](C(=O)NC(=O)N)Sc1nc2c(c(cs2)c3cccs3)c(=O)n1C,C21231308,inactive
7063,Cc1ccc(cc1)NC(=O)CSc2nnc(n2/N=C/c3ccco3)SCC(=O)Nc4ccc(cc4)C,C59937902,inactive
7064,CC1(Cc2c(c(sc2C([NH2+]1)(C)C)NC(=O)[C@@H]3CCCCN3S(=O)(=O)c4cccs4)C(=O)OC)C,C36648028,inactive
7065,c1ccc(c(c1)CNC(=O)C[NH+]2CCc3c(sc(n3)NC(=O)c4ccccn4)C2)Cl,C77145319,inactive
7066,C[C@H](C1CCN(CC(C)(C)F)CC1)c1sc2CCCN(Cc3c(C)cc(C)[nH]c3=O)C(=O)c2c1C,439164,active
7067,Cc1ccc2ccc(N[C@H]3CC[C@H](CNc4ncc(C(CO)C(=O)NC5COC5)cn4)CC3)nc2c1Cl,CHEMBL5197827,active
7068,c1ccc2=[NH+]CC(=c2c1)C[C@@H](C(=O)Nc3ccc(cc3)N4CCCC4=O)NC(=O)c5ccc(cc5)F,C63194356,inactive
7069,Cc1ccccc1OC[C@@H](C[NH+](CC=C)CC(=O)N2CCc3c(ccs3)[C@@H]2COc4ccc(cc4)F)O,C36309891,inactive
7070,Cc1cc(C)c(CNC(=O)c2cc(-c3ccc(CN(C)C)nc3)cc(N(C)C3CCCC3)c2C)c(=O)[nH]1,CHEMBL3697427,active
7071,Cc1ccc(c(c1)C)c2csc(n2)NC(=O)c\3cc4cc(ccc4o/c3=[NH+]\c5cccc(c5C)C)OC,C13899558,inactive
7072,CC1(CC2=C([C@@H](C(=C(N2c3nnc(s3)SCc4cccc(c4)C(F)(F)F)N)C#N)c5cccnc5)C(=O)C1)C,C98006091,inactive
7073,Cc1cccc(c1)COc2ccc(cc2)C(=O)C3=C(C(=O)N([C@H]3c4ccc(cc4)[N+](=O)[O-])CCCn5cc[nH+]c5)[O-],C97969231,inactive
7074,C=CCn1c(nnc1SCCC(=O)Nc2ccc(cc2)I)CNc3ccccc3,C59265824,inactive
7075,c1ccc(cc1)Cn2c(c3c(nc(nc3n2)N4CC[NH+](CC4)Cc5ccccc5)c6ccc(cc6)F)N,C35929878,inactive
7076,COc1ccc(c(c1)OC)C2=NC(=CC3=c4ccccc4=[NH+][C@@H]32)C(=O)NCCc5ccc(c(c5)OC)OC,C38564967,inactive
7077,COc1ccc(c(c1)NC(=O)CSc2nnc(n2N)N/N=C/c3ccc(cc3)Br)OC,C21316099,inactive
7078,CCOc1cc(ccc1OCCOc2ccc(cc2)C)/C=C/3\C(=[NH2+])N4C(=NC3=O)SC(=N4)c5ccccc5C,C97958945,inactive
7079,CCCCCOc1ccc(cc1)[C@@H]2C(=C(C(=O)N2Cc3cc[nH+]cc3)O)C(=O)c4cccc(c4)OCCC,C35520464,inactive
7080,COc1cc(cc(c1O)Br)/C=N/Nc2nc(nc(n2)Nc3ccccc3)Nc4ccccc4,C09296447,inactive
7081,c1ccc2c(c1)[nH]c([nH+]2)SCC(=O)Nc3ccc(cc3)Sc4ccc(cc4)NC(=O)CSc5[nH]c6ccccc6n5,C50704965,inactive
7082,CCCNC(=O)[C@H]([C@H](C)CC)NC(=O)[C@@H]1CC2=c3ccccc3=[NH+][C@@H]2[C@@H]4N1C(=O)c5c4cccc5,C63383498,inactive
7083,c1cc(ccc1[C@@H]2C(=C(C(=O)N2CC[NH+]3CCOCC3)O)C(=O)c4ccc(cc4)S(=O)(=O)N5CCOCC5)Br,C98047026,inactive
7084,c1ccc(cc1)Oc2ccc(cc2)NC(=O)[C@H]3[C@H]4C=C[C@@]5([C@@H]3C(=O)N([C@@H]5C(=O)NC6CCCCC6)CCN7CCCCCC7)O4,C29752783,inactive
7085,CN(C)S(=O)(=O)c1cccc(c1)c2cs/c(=[NH+]\c3ccccc3)/n2CCC[NH+]4CCOCC4,C13639105,inactive
7086,CCc1ccc(cc1)S(=O)(=O)[C@@H]2[C@H]3[NH+]=C(c4ccccc4N3N=N2)NCCC5=c6ccccc6=[NH+]C5,C63493676,inactive
7087,c1ccc(cc1)C[C@@H](c2ccccc2)NC(=O)c3csc(n3)CSc4nnc(n4c5cc(ccc5Cl)Cl)c6ccco6,C98017633,inactive
7088,CCCN1C/C(=C\c2ccc(c(c2)OC)OC)/C3=C(C1)[C@H](C(=C(O3)[NH3+])C#N)c4ccc(c(c4)OC)OC,C39324524,inactive
7089,[H]/N=C\1/C(=C\c2ccc(c(c2)OC)OCCOc3ccc(cc3)Br)/C(=O)N=C4N1N=C(S4)c5ccccc5C,C97958766,inactive
7090,CC1(C[C@H](CCO1)n2c3c(c(n2)O)[C@@H](SCC(=O)N3)c4ccc(c(c4OC)OC)OC)C,C96118134,inactive
7091,Cc1cc(OC(F)F)c(CN2CCc3c(Cl)cc(C(C4CCOCC4)C(O)=O)c(Cl)c3C2=O)c(=O)[nH]1,435545,active
7092,c1ccc(cc1)C2=C[C@H](N=N2)[C@@H]3NN[C@@H](N3[NH3+])SCC(=O)Nc4cc(ccc4Cl)Cl,C38986353,inactive
7093,CCN(c1cc(-c2ccsc2)cc(C(=O)NCc2c(C)cc(C)[nH]c2=O)c1C)[C@H]1CC[C@H](N(C)C)CC1,CHEMBL3701016,active
7094,CN(C)CCCN1CCC(CC1)c1cc(C(=O)NCc2c(C)cc(C)[nH]c2=O)c2cnn(C3CCCC3)c2c1,326132,active
7095,COc1ccc(cc1)NC(=O)C(=O)N/N=C/c2ccc(c(c2)OC)OC(=O)c3cccc(c3)Br,C02544303,inactive
7096,Cc1ccc(cc1)NC(=O)CSC2=C([C@H](C(=C(N2)C)C(=O)Nc3nc4ccccc4s3)c5ccco5)C#N,C98048536,inactive
7097,Cc1cc(ccc1NC(=O)c2c(nc(s2)COc3ccc(cc3)Cl)C)C[NH+]4CCSCC4,C68822237,inactive
7098,c1ccc(cc1)NC(=O)c2nnc(s2)[C@@H]3CCCN(C3)C(=O)Nc4ccc(cc4)F,C33113523,inactive
7099,CSc1cc(C)[nH]c(=O)c1CNC(=O)c1c(C)n([C@H](C)C2CCC(CC2)N2CC[C@@H](F)C2)c2ncc(Cl)cc12,574978,active
7100,CCOc1cccc(c1O)[C@H]2CC(=N[C@H]([NH2+]2)c3ccc(cc3)F)c4ccc5c(c4)OCO5,C09541759,inactive
7101,Cc1ccc(cc1)NC(=O)CSc2c3c(nc(n2)c4ccccc4Cl)Oc5c([nH+]cc(c5C3)CO)C,C09116218,inactive
7102,CCOc1cccc(c1)C(=O)C2=C(C(=O)N([C@H]2c3ccc(cc3)OCc4ccccc4)Cc5cc[nH+]cc5)O,C33451015,inactive
7103,CCN(C1CCOCC1)c1cc(cc(C(=O)NCc2c(C)cc(C)[nH]c2=O)c1C)-c1ccc(CN2CCN(CCCCCCCCCCCCOc3cccc4C(=O)N(C5CCC(=O)NC5=O)C(=O)c34)CC2)cc1,50582394,active
7104,c1ccc(c(c1)CNC(=O)CSc2nc3ccccc3c(=O)n2NC(=O)CCc4c[nH]c5c4cccc5)Cl,C02971532,inactive
7105,CN1CC(C1)C(=O)N1CCC(=CC1)c1cc(C(=O)NCc2c(C)cc(C)[nH]c2=O)c2cnn(C3CCCC3)c2c1,326152,active
7106,Cc1ccc(cc1)c2[nH]c(c([nH+]2)S(=O)(=O)c3ccccc3)SCC(=O)Nc4cc(cc(c4)OC)OC,C12112533,inactive
7107,CSc1cc(C)[nH]c(=O)c1CNC(=O)c1c(C)n([C@H](C)C2CCC(CC2)N2CC(O)C2)c2ccccc12,575013,active
7108,c1ccc(c(c1)CN2C[C@@H](C[C@H]2C(=O)NCc3cn4ccccc4[nH+]3)Sc5ccc(cc5)F)F,C64093423,inactive
7109,c1cc(ccc1NS(=O)(=O)c2c[nH]c(=O)[nH]c2=O)S(=O)(=O)N,C33327121,inactive
7110,CCOC(=O)N1CCN(CC1)S(=O)(=O)c2ccc(cc2)C(=O)N(CC[NH+](C)C)c3nc4ccc(cc4s3)Cl,C38144547,inactive
7111,c1ccc(cc1)CCC(=O)Nc2ccc3c(c2)sc(n3)SCC(=O)NCCOc4ccccc4,C59474780,inactive
7112,CCCc1cc(C)[nH]c(=O)c1CNC(=O)c1cc(-c2ccc(N3CCNCC3)nc2)cc2c1cnn2C(C)C,CHEMBL4594174,active
7113,c1ccc(cc1)NC(=O)C[C@@H]2CSc3n2c(=O)c4c(n3)CCC4,C38755779,inactive
7114,COc1ccc2c(c1)[nH]c3c2CC[NH+]4[C@H]3C[C@H]5[C@@H](C4)C[C@H]([C@H]([C@H]5C(=O)OC)OC)OC(=O)c6ccc(cc6)N,C17287332,inactive
7115,c1ccc(cc1)S(=O)(=O)NN2[C@H](Nc3ccccc3C2=O)c4ccc(c(c4)Cl)Cl,C20530111,inactive
7116,Cc1ccc(cc1S(=O)(=O)NCc2ccccn2)c3c4ccccc4c(n[nH+]3)Nc5ccc(cc5)OCC(=O)N,C06485771,inactive
7117,CCN(C1CCOCC1)c1cc(C(=O)NCc2c(C)cc(C)[nH]c2=O)c(C)c2n(C)ncc12,516876,inactive
7118,CC(C)(C)C1CCC2(CC1)C(=O)N(C(=O)N2)CC(=O)N3CCC[C@H](C3)c4nnc5n4CCCCC5,C23026727,inactive
7119,COc1ccccc1CNC(=O)[C@H]2C[C@H](C[NH+](C2)CCc3ccccc3)C(=O)Nc4ccc(cc4)F,C14747971,inactive
7120,COC(C(C)=O)c1cc(Cl)c2CCN(Cc3c(C)cc(C)[nH]c3=O)C(=O)c2c1Cl,435539,active
7121,CC(C)n1ncc2c(cc(nc12)C1CCN(CC1)C(=O)C1CCN(C)C1)C(=O)NCc1c(C)cc(C)[nH]c1=O,325949,active
7122,c1cnccc1c2ncc3c(n2)CCC[C@H]3NC(=O)c4c(c(sn4)Cl)Cl,C12254334,inactive
7123,Cc1c(cc(n1C)c2nc(cs2)c3cccc(c3)Cl)S(=O)(=O)NCC[NH+]4CCC(CC4)C,C65008946,inactive
7124,c1ccc(cc1)[C@@H]2CNC(=O)[C@@H]2C(=O)N/N=C/C=C\c3ccc(cc3)Br,C34861431,inactive
7125,c1ccc(cc1)NC(=O)C(=O)Nc2c(ncnc2Cl)Nc3ccc(cc3)/[NH+]=C\c4ccc5ccccc5c4O,C02271187,inactive
7126,Cc1cc(ccc1OC(C)C)/C(=C/2\[C@@H](N(C(=O)C2=O)CCC[NH+](C)C)c3ccc(c(c3)OC)O)/O,C08740762,inactive
7127,COc1cc(C)[nH]c(=O)c1CN1CCc2c(Cl)cc(-c3c(C)noc3C)c(Cl)c2C1=O,CHEMBL4082565,active
7128,CC(=O)c1ccc(cc1)NC(=O)c2cc(cc(c2)NC(=O)c3ccc(cc3)[N+](=O)[O-])C(=O)Nc4ccc(cc4)C(=O)C,C02924879,inactive
7129,Cc1ccccc1N\2[C@@H]3CS(=O)(=O)C[C@H]3S/C2=N\C(=O)[C@@H](Cc4ccccc4)NC(=O)OC(C)(C)C,C32635126,inactive
7130,CCc1c(c(nc(n1)C)N2CC[NH+](CC2)C[C@@H](C[NH+]3CCOCC3)O)Cc4ccc(cc4)Cl,C36340760,inactive
7131,CCc1ccccc1NC(=O)CNC(=O)CSc2[nH+]ccn2c3ccc(cc3)Br,C27999033,inactive
7132,CN(C)c1ccc(cc1)NC(=O)CSc2nc([nH]n2)N/N=C/c3ccc(o3)OCc4ccc(cc4)OC,C20424756,inactive
7133,CCN([C@H]1CC[C@@H](CC1)N(C)C)c1cc(cc(C(=O)NCc2c(C)cc(C)[nH]c2=O)c1C)C#CC(C)(C)C,190207,active
7134,CC(C)C[C@@H]1[C@@H]2[C@@H](C(=O)N(C2=O)c3ccc(cc3)NC(=O)C)[C@@]4([NH2+]1)c5ccccc5N(C4=O)CC(=O)N6CCc7c6cccc7,C98007363,inactive
7135,c1cc(ccc1NC(=O)CSc2ccc(n[nH+]2)NCc3ccc4c(c3)OCO4)Br,C64945215,inactive
7136,CCOC(=O)c1c(c(sc1NC(=O)CSc2nc3c(c(cs3)c4ccc(cc4)F)c(=O)n2c5ccccc5)C(=O)OC)C,C08431742,inactive
7137,Cc1cc(C)c(CNC(=O)c2cc(-c3cnn(C)c3)cc(N(C)[C@H]3CC[C@H](N)CC3)c2C)c(=O)[nH]1,CHEMBL3697436,active
7138,CCOc1cccc2c1nc(s2)N3CC[NH+](CC3)CCNC(=O)CCSc4ccc(cc4)Cl,C38774965,inactive
7139,Cc1ccc(cc1F)S(=O)(=O)Nc2cccc(c2)C(=O)N[C@@H](c3ccc(cc3)F)c4[nH+]ccn4C,C14404790,inactive
7140,c1ccc(cc1)COc2ccc(cc2)[C@@H]3C(=C(C(=O)N3c4cccc[nH+]4)O)C(=O)c5ccc6c(c5)OCCO6,C34990473,inactive
7141,c1ccc2c(c1)nc(n2C[C@@H](CN3CCN(CC3)C[C@H](Cn4c5ccccc5nc4C(F)(F)F)O)O)C(F)(F)F,C98048156,inactive
7142,c1cc(ccc1CC[n+]2c(csc2Nc3ccc(cc3)OC(F)(F)F)c4ccc(s4)Cl)S(=O)(=O)N,C97966138,inactive
7143,Cc1cc(C)c(CNC(=O)c2ccc(C(C)c3ccccc3)cc2)c(=O)[nH]1,CHEMBL3605441,active
7144,CCCCOc1ccc(cc1)[C@H]2C(=C(C(=O)N2CCCn3cc[nH+]c3)[O-])C(=O)c4c(n5cccc(c5n4)C)C,C35484733,inactive
7145,Cc1cccc(c1C)N2CCN(CC2)c3c(c(ncn3)Sc4cccc5c4nccc5)N,C54551064,inactive
7146,c1ccc(cc1)[C@H](c2ccc3c(c2)[nH]cn3)NC(=O)[C@H]4CCCN(C4)S(=O)(=O)c5ccc(cc5)F,C36039819,inactive
7147,C[C@H](C1CCN(CC2CCCC2)CC1)c1sc2CCCN(Cc3c(C)cc(C)[nH]c3=O)C(=O)c2c1C,439133,active
7148,Cc1ccccc1/C=N/NC(=O)CSc2nnc(n2c3ccccc3)CNc4ccc(cc4)I,C02736466,inactive
7149,CCOc1cc(ccc1OCC=C)[C@H]2C(=C(C(=O)N2CCC[NH+](C)C)O)C(=O)c3c(n4cccc(c4n3)C)C,C35484086,inactive
7150,CC[NH+]1CC[NH+](CC1)c2ccc(c(c2)C)Nc3ccc(cc3[N+](=O)[O-])S(=O)(=O)N4CCOCC4,C62417808,inactive
7151,CCOC(=O)c1c2c(nc3ccccc3[nH+]2)n(c1N)c4ccc(cc4)NC(=O)c5cc(c(c(c5)OC)OC)OC,C97954461,inactive
7152,c1ccc(c(c1)C[NH2+]CC(=O)CS[C@H]2N=C3C(=CN=N3)C(=O)N2c4cccc(c4)C(F)(F)F)Cl,C63710109,inactive
7153,C[C@H]1Cc2cc(ccc2N1C(=O)C3CC3)S(=O)(=O)N4CCC(CC4)C(=O)Nc5ccc(cc5)OC(F)(F)F,C33355732,inactive
7154,CN1C(=O)C(=C2C[C@@H](Sc3ccccc3N2)c4cc(c(c(c4)OC)OC)OC)C(=O)N(C1=O)C,C21149783,inactive
7155,CCCc1c(c(nc(n1)[C@H]2C[NH+]3CCC[C@@H]3CO2)[O-])Br,C91687366,inactive
7156,c1ccc2c(c1)C(=O)C(=O)N2CC(=O)N(Cc3ccc(cc3)F)[C@H](c4cccs4)C(=O)Nc5ccc6c(c5)OCO6,C03773528,inactive
7157,Cc1cc(C)c(CNC(=O)c2cc(Br)cc3n(ncc23)C2CCN(C2)C(=O)C(C)(C)C)c(=O)[nH]1,326135,active
7158,Cc1cc(C)c(CNC(=O)c2cc(cc3n(ncc23)C2CCCC2)N2CCNCC2)c(=O)[nH]1,326121,active
7159,Cc1ccc(cc1C)NC(=O)[C@H](C)NS(=O)(=O)c2ccc3c(c2)OCCCO3,C13070394,inactive
7160,c1ccc(c(c1)F)S(=O)(=O)Nc2ccc(cc2)S(=O)(=O)/N=C/3\CCCCCN3,C13040785,inactive
7161,C[C@@H](C(=O)Nc1nc(cs1)c2ccc(cc2)OC)Sc3ccc(cc3)NC(=O)c4ccc(cc4)OC,C22844264,inactive
7162,Cc1c2c(ncnc2sc1C(=O)N3CCC(CC3)[NH+]4CCC[C@H](C4)CO)NCCC5=CCCCC5,C14994628,inactive
7163,Cc1c([nH]c(n1)SCC(=O)N2CC[NH+](CC2)CC(=O)Nc3ccc(cc3)F)Cc4ccccc4,C12547993,inactive
7164,CC(=O)c1cccc(c1)N2C(=O)[C@@H]3[C@@H]([NH2+][C@]([C@H]3C2=O)(c4ccccc4)C(=O)OC)c5ccc(cc5)N(C)C,C12498278,inactive
7165,Cc1cc(cc(c1Cl)C)OCC(=O)NC(=S)Nc2ccc(cc2)N3CCN(CC3)C(=O)c4ccccc4F,C97995798,inactive
7166,CSc1cc(C)[nH]c(=O)c1CNC(=O)c1c(C)n([C@H](C)C2CCN(CC(F)(F)F)CC2)c2cc(F)ccc12,574959,active
7167,Cc1ccc(cc1)S(=O)(=O)NC[C@@H]2[C@@H]([C@@H]([C@@H](O2)CO)O)[NH+]3CCN(CC3)c4cccc(c4)C(F)(F)F,C67890433,inactive
7168,CCOc1ccc2c(c1)sc(n2)N3[C@H](C(=C(C3=O)O)C(=O)c4ccc(cc4)F)c5cc(ccc5OC)OC,C01480874,inactive
7169,CCCOc1ccc(cc1OCC)[C@@H]2C(=C(C(=O)N2c3nnc(s3)SCc4ccc(cc4Cl)Cl)O)C(=O)c5ccc6c(c5)C[C@H](O6)C,C97967851,inactive
7170,Cn1c[nH+]c(c1Cl)S(=O)(=O)[N-]c2ccccc2Br,C26527240,inactive
7171,Cc1c2ccccc2[nH+]c(c1CC(=O)N3CCN(CC3)S(=O)(=O)c4cc(n(c4)C)C(=O)N)C,C24760443,inactive
7172,c1ccc(cc1)CSc2nnc(s2)N3[C@@H](C(=C(C3=O)O)C(=O)c4cc5ccccc5o4)c6ccc(cc6)O,C08441216,inactive
7173,COc1ccc(cc1OC)CCNC(=O)C[C@H](c2cc(cc(c2)OC)OC)c3c[nH+]c4n3cc(cc4)Cl,C35178942,inactive
7174,CCOC(=O)C1=C(OC(=C([C@H]1c2ccccc2Cl)C#N)N)CSc3c(c(cc([nH+]3)C)C)C#N,C00850129,inactive
7175,Cc1ccc(c(c1)CN2c3ccccc3[C@H]([C@@H]2C(=O)O)C[NH2+]CCC4=c5ccccc5=[NH+]C4)C,C65321679,inactive
7176,c1cnc(nc1)N2CCN(CC2)C[C@H]3C[NH+]4CC[C@H]3C[C@@H]4CNC(=S)Nc5ccc(cc5)n6cccn6,C67870889,inactive
7177,C[NH+](C)[C@H](CNC(=O)[C@H](CC1=c2ccccc2=[NH+]C1)NC(=O)c3ccccc3Cl)c4ccccc4,C63778243,inactive
7178,COc1ccc(cc1)N2CC[NH+](CC2)CCNC(=O)Cn3c(=O)c4ccc(cc4[nH]c3=S)C(=O)OC,C32959223,inactive
7179,CCN(c1cc(-c2ccc(CN3CCCN(C)CC3)cc2)cc(C(=O)NCc2c(C)cc(C)[nH]c2=O)c1C)C1CCOCC1,CHEMBL3697476,active
7180,CCC(CC)(/C(=N/O)/N)NS(=O)(=O)c1cc(ccc1Br)Br,C40376966,inactive
7181,CC1CC[NH+](CC1)CCN2[C@H](C(=O)N(C2=S)c3cccc(c3)SC)CC(=O)Nc4ccc(cc4)OC,C20115112,inactive
7182,c1cc(ccc1NC(=O)c2ccc(o2)Br)S(=O)(=O)N3CCCC3,C00672628,inactive
7183,COCCNC(=O)[C@@H]1C[C@@H](C[NH+]1C2Cc3ccccc3C2)NCc4cccc(c4)Oc5ccccc5,C32576326,inactive
7184,c1ccc2c(c1)C(=NS2(=O)=O)N(CCC(=O)NC3CCCCC3)/N=C/c4cc5c(cc4Cl)OCO5,C01461815,inactive
7185,C[NH2+][C@H]1CCc2cc(c(c(c2-c3c1cc(=O)c(cc3)NCc4cc(cc(c4)OC)OC)OC)OC)OC,C08766481,inactive
7186,CCN1c2ccccc2[C@@]3(C1=O)C(=C(C(=O)N3CCC[NH+](C)C)O)C(=O)c4ccc(cc4)S(=O)(=O)N5CCCCCC5,C98046927,inactive
7187,Cc1cc(C)c(CNC(=O)c2cc(-c3ccc(CN(C)C)nc3)cc(N(C)[C@H]3CC[C@@H](N)CC3)c2C)c(=O)[nH]1,CHEMBL3697443,active
7188,c1ccc(cc1)C[C@@H](C(=O)N2CCN(CC2)S(=O)(=O)c3ccc(cc3)Cl)/[NH+]=C(/N)\O,C09120383,inactive
7189,CCOC(=O)c1c2c(sc1NC(=O)c3cc(cc(c3)C(F)(F)F)C(F)(F)F)C[NH+](CC2)C(C)C,C36629325,inactive
7190,CN([C@@H]1CC[C@@H](CC1)NC(C)=O)c1cc(cc(C(=O)NCc2c(C)cc(C)nc2=O)c1C)-c1ccc(CN2CCOCC2)cc1,514161,active
7191,Cc1cc(C)c(CNC(=O)c2cc3CC(C)(C)Oc3c(c2)-c2ccc(CN3CCCCC3)cc2)c(=O)[nH]1,359749,active
7192,c1ccc(cc1)[C@@H]2CNC(=O)[C@@H]2C(=O)N/N=C\C=C/c3ccc(cc3)Br,C34861428,inactive
7193,c1ccc(c(c1)C(=O)Nc2ccc(cc2)Cl)NC(=O)C(=O)N/N=C/c3ccc(cc3)OC(=O)c4ccc(cc4)Cl,C04261018,inactive
7194,CCOc1cccc(c1O)[C@@H]2CC(=N[C@@H]([NH2+]2)c3ccc(cc3)Cl)c4ccc(cc4)Cl,C09542386,inactive
7195,CCOC(=O)c1ccccc1COCc2cc(ccc2OC)[C@@H]3[C@@H]4C(=c5ccccc5=[NH+]4)C[C@@H](N3)C(=O)OC,C63350061,inactive
7196,COC(=O)[C@@H]1Cc2c3ccccc3[nH]c2[C@@H]4N1[C@@H](C[C@@H](C4)[NH2+]CCc5c[nH]c[nH+]5)c6cccc(c6)Cl,C20504049,inactive
7197,CCOc1c(cc(cc1Cl)[C@@H]2NC(=[NH+]c3n2c4cc5c(cc4n3)OCCCO5)N)OC,C12549650,inactive
7198,c1ccn2cc([nH+]c2c1)COc3cccc(c3)C(=O)Nc4ccc(cc4)S(=O)(=O)N,C17639591,inactive
7199,c1cc(ccc1NC(=O)CSc2c(cc3c([nH+]2)CCC3)C#N)S(=O)(=O)Nc4nccs4,C06189399,inactive
7200,COc1ccc(c(c1)OC)NC(=O)C2=C(C3=[NH+][C@H](C[C@H](N3N2)C(F)(F)F)c4cccs4)Cl,C00674024,inactive
7201,c1ccc(cc1)[C@H]2C=C([NH+]=C3N2NC(=N3)NS(=O)(=O)c4ccc(cc4)Cl)c5ccc(cc5)Cl,C09012059,inactive
7202,CCOc1cc(c(c(c1O)/C=N\c2cccc(c2)c3[nH]c4ccccc4[nH+]3)Br)Br,C09892040,inactive
7203,C[NH+](Cc1ccccc1)Cc2cn(nn2)[C@H]3CO[C@H]4[C@@H]3OC[C@@H]4[NH2+]Cc5ccc(cc5)c6ccccc6,C05412523,inactive
7204,CC(C)(C)CC(C)(C)NC(=O)[C@H](c1c(cccc1Cl)Cl)N(C(=O)c2cccc(c2O)O)C(C)(C)C,C36587026,inactive
7205,CCCCOc1cccc(c1)C(=O)C2=C(C(=O)N([C@H]2c3ccc(c(c3)OC)OCC)CCCn4cc[nH+]c4)O,C33478350,inactive
7206,C[C@H]1CCCC[C@H]1NC(=O)[C@@H]2[C@@]34C=C[C@@H](O3)[C@@H]([C@@H]4C(=O)N2CC[NH+](C)C)C(=O)Nc5ccc(cc5)C(C)C,C36066467,inactive
7207,c1ccc(cc1)Nc2cc3c4c5c2C(=O)N(C(=O)c5cc(c4C(=O)N(C3=O)c6ccccc6)Nc7ccccc7)c8ccccc8,C06473757,inactive
7208,CC(C)Oc1cc(Cl)c2CCN(Cc3c4occc4c(C)[nH]c3=O)C(=O)c2c1Cl,378861,active
7209,Cc1cc(C)c(CN2CCc3c(Cl)cc(C(CO)O[C@@H]4CCOC4)c(Cl)c3C2=O)c(=O)[nH]1,435594,active
7210,c1cc(cc(c1)n2cc(cn2)Br)C(=O)OCC(=O)NCC(=O)Nc3ccc(c(c3)F)F,C62569387,inactive
7211,Cc1ccc(cc1F)NC(=O)[C@H]2CCCN(C2)S(=O)(=O)c3cc([nH]c3)C(=O)N4CCC(CC4)C,C35426506,inactive
7212,Cc1cccc(c1)COc2ccc(cc2)C(=O)C3=C(C(=O)N([C@H]3c4ccc(cc4)[N+](=O)[O-])CCCn5cc[nH+]c5)O,C97969231,inactive
7213,c1cc(c(cc1NC(=O)CSc2[nH]c3c(n2)cc(cn3)Br)Cl)F,C09009844,inactive
7214,CC1(C)CC(COc2ccc(Oc3cccc(-c4ccncn4)c3C#N)c(Cl)c2)CC(C)(C)N1,CHEMBL3264795,active
7215,CCc1nc2n(n1)c(c(s2)[C@@H](c3cccc(c3)Cl)N4CC[NH+](CC4)CCO)O,C22578209,inactive
7216,C[C@@H]1C[C@@H](C[NH+](C1)CCCNC(=O)[C@@]2(Cn3c4cc(ccc4cc3C(=O)N2Cc5ccc[nH+]c5)OC)C)C,C20918381,inactive
7217,Cc1cc2cccc(c2[nH+]c1)S(=O)(=O)Nc3cc(ccc3O)S(=O)(=O)Nc4ccccc4OC,C12548417,inactive
7218,CCN(c1cc(-c2cnc(C)nc2)cc(C(=O)NCc2c(C)cc(C)[nH]c2=O)c1C)[C@H]1CC[C@H](N(C)C)CC1,CHEMBL3701023,active
7219,CCc1cc(C)n(C)c(=O)c1CN1CCc2c(Cl)cc(-c3c(C)noc3C)c(Cl)c2C1=O,CHEMBL5092557,active
7220,CCN(c1cc(-c2ccc(CN3CCCC(F)C3)cc2)cc(C(=O)NCc2c(C)cc(C)[nH]c2=O)c1C)C1CCOCC1,CHEMBL3697469,active
7221,C[C@](CC(=O)[O-])(CC(=O)OC[C@@H]1[C@@H]([C@@H]([C@@H]([C@@H](O1)Oc2cc3c(cc2OC)cc(c(=O)o3)Oc4ccc5ccc(=O)oc5c4)O)O)O)O,C08829748,inactive
7222,CCN(C1CCOCC1)c1cc(\C=C\c2cccc(CN(C)C)c2)cc(C(=O)NCc2c(C)c3CCCCc3[nH]c2=O)c1C,50544779,active
7223,C[C@@H]1[C@H]([C@@H](C[C@@H](O1)O[C@H]2CC[C@@]3([C@H]4CC[C@@]5([C@H](CC[C@@]5([C@@H]4CC[C@@]3(C2)O)O)C6=CC(=O)OC6)C)C=[NH+]CCc7ccccc7)O)O,C70692092,inactive
7224,C[NH+]1C[C@@H](C[C@H]2[C@H]1Cc3c4c2cccc4[nH]c3Br)Cn5ccnc5c6ccccc6,C38563583,inactive
7225,CC(=O)N(c1ccccc1)c2nc(cs2)/C=C/C(=O)NCCN3C(=O)/C(=C\c4ccccc4)/SC3=O,C97985853,inactive
7226,CCNC(=O)NC(=O)COC(=O)c1ccccc1NS(=O)(=O)c2ccc(s2)Br,C03601937,inactive
7227,CCCCOc1cccc(c1)[C@H]2c3c(n[nH]c3C(=O)N2[C@@H]4CCS(=O)(=O)C4)c5cc(cc(c5O)C)C,C38702154,inactive
7228,Cc1ccc(cc1)NS(=O)(=O)c2cc(ccc2OC)C(=O)NC[C@H](c3cccc(c3)F)[NH+](C)C,C12734388,inactive
7229,Cc1ccc(s1)C2=C3C(=NC(=NC3=O)CNc4ccc(cc4)NC(=O)C)SC2,C39791904,inactive
7230,Cc1ccc(c2c1nc(s2)NNC(=O)c3cccc(c3)S(=O)(=O)C)Cl,C05271981,inactive
7231,COc1ccc(cc1)c2c3n(c(n2)c4ccccc4)CC[NH+](C3)Cc5cn(c6c5cccc6)CC(=O)N,C14746843,inactive
7232,CC(C)(C)c1ccc(cc1)C(=O)Nc2ccc(cc2)C(=O)NNC(=S)NC(=O)/C=C/c3ccc(cc3)F,C13977277,inactive
7233,c1ccc2c(c1)CC[C@]23C(=O)N(C(=O)N3)CC(=O)NCCc4ccc(s4)Cl,C49010453,inactive
7234,COc1ccc(cc1)C(=O)[C@@H]2[C@H](NC(=O)N[C@]2(C(F)(F)F)O)c3ccccc3OC,C00913056,inactive
7235,CC(=O)NCC[NH2+][C@H]1C[C@H](N2[C@@H](Cc3c4ccccc4[nH]c3[C@H]2C1)C(=O)OC)c5ccc(cc5)OC(F)(F)F,C35955558,inactive
7236,c1ccc(cc1)Cn2c(=O)c3ccccc3n4c2nnc4CCC(=O)NCCC[NH+]5CCN(CC5)c6cccc(c6)Cl,C11024182,inactive
7237,CCOC(=O)c1ccc(cc1)NC(=O)C[C@@H]2C(=O)N(/C(=N/c3ccc(cc3)OC)/S2)Cc4ccc(cc4)OC,C97960301,inactive
7238,c1ccc2c(c1)cccc2C(=O)Oc3ccc(cc3)/C=N/NC(=O)CNC(=O)c4ccccc4I,C02542586,inactive
7239,COc1ccc(cc1)NC(=O)NC2(CCOCC2)c3cccc(c3)Br,C95955084,inactive
7240,CCN(c1cc(-c2ccc(CN3CCOCC3)cc2)cc(C(=O)NCc2c3c(c(C)[nH]c2=O)CCCCC3)c1C)C1CCOCC1,CHEMBL5184205,active
7241,c1cc(oc1)[C@H]2C[C@@H](n3c(c(c(n3)/C(=[NH+]/CCC[NH+]4CCOCC4)/O)Cl)N2)C(F)(F)F,C22147989,inactive
7242,Cc1c(n(c(c1C#N)NC(=O)CSc2nnc(n2C)[C@H]3CCS(=O)(=O)C3)C4CCCCC4)C,C12567748,inactive
7243,COc1ccc(cc1COc2c(c(c(c(c2F)F)F)F)F)[C@@H]3[C@H]4C(=NC(=C)C3C(=O)Nc5cccc[nH+]5)C[C@H](CC4=O)c6ccccc6,C08450326,inactive
7244,CC(C)C[C@@H](c1[nH+]c2ccc[nH+]c2n1C)NC(=O)N[C@@H](CC(C)C)c3nc4cccnc4n3C,C13566953,inactive
7245,CNC(=O)c1ccc(cc1)c2[nH+]c3cc(ccc3n2C)NS(=O)(=O)c4ccc5c(c4)CCCC5,C33276995,inactive
7246,CCOc1ccc(cc1)NC(=O)N2CCN(CC2)C(=O)C[NH+]3CCc4c(ccs4)[C@H]3c5cccc(c5)F,C34788873,inactive
7247,CN1CCN(CC1)/C(=[NH+]/S(=O)(=O)c2ccc(cc2)Cl)/[S-],C20227294,inactive
7248,CC(C)(CCl)C(=O)Nc1ccc(c(c1)S(=O)(=O)NCCc2ccc(c(c2)OC)OC)N3CCCC3,C34919329,inactive
7249,Cc1c(c(=O)n(n1C)c2ccccc2)[NH2+]/C=C\3/c4ccccc4C(=O)N(C3=O)c5cccc(c5)C(F)(F)F,C02869839,inactive
7250,Cn1c2ccc(cc2nc1SCc3ccc(c(c3)Cl)Cl)S(=O)(=O)N,C08345190,inactive
7251,CCCOc1ccc(cc1OCC)[C@H]2C(=C(C(=O)N2CC[NH+]3CCOCC3)[O-])C(=O)c4ccc5c(c4)C[C@H](O5)C,C97967201,inactive
7252,COC1CN(C1)[C@H]1CC[C@@H](CC1)[C@@H](C)c1scc(C(=O)NCc2c(C)cc(C)[nH]c2=O)c1C,50594145,active
7253,Cc1c(c2c(s1)[C@@]3(c4ccccc4N(C3=O)CC(=O)Nc5ccc(cc5)OC)C(=C(O2)N)C#N)C(=O)OC,C98008978,inactive
7254,CCN(C1CCS(=O)(=O)CC1)c1cc2occc2c(C(=O)NCc2c(OC)cc(C)[nH]c2=O)c1CC,458826,active
7255,Cc1ccc(c(c1)N/C(=[NH+]/[C@H](C)[C@@H](c2cccs2)[NH+]3CCOCC3)/[S-])C,C23182190,inactive
7256,CC(C)n1ncc2c(cc(nc12)-c1cccc(CN(C)CCN)c1)C(=O)NCc1c(C)cc(C)[nH]c1=O,325840,active
7257,Cc1ccc(c(c1)S(=O)(=O)Nc2ccc(c(c2)S(=O)(=O)Nc3ccccc3OC)N4CCCCC4)C,C14360060,inactive
7258,Cc1cccc(c1)n2c(=[NH2+])c3c([nH]nc3nc2SCC(=O)Nc4ccccc4OC)C,C02927346,inactive
7259,C[C@@H]1CC(=O)Nc2cc(ccc2S1)S(=O)(=O)Nc3nc4ccc(cc4s3)Cl,C15730391,inactive
7260,Cc1c(c(n(n1)c2ccc(cc2)Br)O)/C=[NH+]/c3ccc(cc3)S(=O)(=O)/N=c/4\[nH]ccs4,C08686711,inactive
7261,c1ccc(cc1)[C@H](CCC(=O)N/N=C/c2ccc(cc2)OCc3ccc(cc3)I)O,C58888856,inactive
7262,Cc1ccc(cc1NS(=O)(=O)/C=C/c2ccc(cc2)Cl)S(=O)(=O)Nc3ccccc3OC,C16129040,inactive
7263,C[C@@H]1Cc2cc(ccc2O1)/C(=C/3\[C@@H](N(C(=O)C3=O)CC[NH+](C)C)c4cc(c(c(c4)Br)O)OC)/O,C04817919,inactive
7264,CN1CCN(CC1)c2nc(nc(n2)N3CC[NH+](CC3)C45CC6CC(C4)CC(C6)C5)Nc7ccc(cc7)OC(F)(F)Cl,C98005058,inactive
7265,COc1ccc2c(c1)sc(n2)Nc3c(c([nH+]cn3)Nc4cc(cc(c4)C(=O)OC)C(=O)OC)N,C40705798,inactive
7266,CSc1cc(C)[nH]c(=O)c1CNC(=O)c1c(C)n([C@@H](C)[C@@H]2OC[C@@H](CO2)N2CCC22COC2)c2ccccc12,575038,active
7267,[H]/[O+]=c\1/c(=N\C2CC2)/c(c1[O-])[NH+]3CCC(CC3)CNc4c5ccc(nc5c(cn4)c6ccccc6)C(F)(F)F,C24908443,inactive
7268,Cc1cc(C)c(CNC(=O)c2cc3[C@@H]4CCC[C@]4(C)Oc3c(c2)-c2ccc(CN3CCCCC3)cc2)c(=O)[nH]1,359807,active
7269,COc1cc(cc(c1OC)OC)NC(=O)C[NH+]2CCCC[C@H]2C(=O)Nc3ccc(c(c3)Cl)Cl,C31788671,inactive
7270,CCc1ccc(cc1)NC(=O)CSc2nc3ccc(cc3s2)NC(=O)[C@@H](CC)Sc4[nH+]ccn4C,C59854080,inactive
7271,C[C@H](C(=O)NC(=S)Nc1ccc(cc1Br)[N+](=O)[O-])Oc2ccc(cc2Cl)Cl,C12380540,inactive
7272,C[C@H]1Cc2cc(ccc2O1)C(=C3[C@@H](N(C(=O)C3=O)Cc4ccc[nH+]c4)c5ccc(c(c5)OC)OCc6ccccc6)O,C00703176,inactive
7273,COc1cc(cc(c1OC)OC)[C@@H]2C3=C(CCCC3=O)N(C(=C2C(=O)c4ccccc4)N)c5ccccc5C(F)(F)F,C02151966,inactive
7274,Cc1ccc(cc1)NC(=O)c2nnc(s2)COCC(=O)NCCc3c[nH]c4c3cc(cc4)Cl,C33256917,inactive
7275,C[C@H](c1ccccc1)N(Cc2cc(c(c(c2)OC)OC)OC)C(=S)NC3CC([NH2+]C(C3)(C)C)(C)C,C21263386,inactive
7276,c1cc(cc(c1)Oc2ccc(cc2)NC(=O)CSC3=[NH+]CCS3)NC(=O)CSC4=NCCS4,C59443558,inactive
7277,c1cc(ccc1Cn2cc([nH+]c2SCC(=O)Nc3ccc(cc3)C(F)(F)F)CO)F,C36713914,inactive
7278,c1ccc2c(c1)CCC[NH+]2C[C@H](COc3ccc(cc3)OC[C@H](CN4CCCc5c4cccc5)O)O,C16676092,inactive
7279,CCCn1c2ccc(cc2[nH+]c1CNc3ccccc3I)S(=O)(=O)N(C)C,C30286322,inactive
7280,COc1ccccc1[C@@H](CNC(=O)CCNS(=O)(=O)c2ccc(cc2)Br)[NH+]3CCCC3,C32983087,inactive
7281,CCN(C(=O)C1CC1)c1cc(-c2ccc(N3CCN(CC4CC4)CC3)nc2)cc(C(=O)NCc2c(C)cc(C)[nH]c2=O)c1C,CHEMBL4852135,active
7282,C[C@H](C/N=C/1\N=C(S1)N(Cc2ccc(c(c2OC)OC)OC)C3CCCC3)[NH2+]C4CC([NH2+]C(C4)(C)C)(C)C,C20285982,inactive
7283,C/C(=N/Nc1[nH+]c2c(n1C[C@H](COc3ccc(cc3)OC)O)c(=O)[nH]c(=O)n2C)/c4ccc(cc4)Cl,C05295836,inactive
7284,CCc1nc2n(n1)c(c(s2)[C@H](c3ccc(c(c3)F)F)N4CC[NH+](CC4)Cc5ccccc5)O,C22854739,inactive
7285,C[C@@H](C(=O)NC1CCCC1)N(c2cc3ccccc3[nH+]c2)C(=O)C[S@](=O)CC(=O)Nc4ccc(cc4)F,C06177127,inactive
7286,Cc1ccccc1OC(=O)c2c(c3c(c4c(nc3s2)CC[NH+](C4)C)c5cc(c(c(c5)OC)OC)OC)N,C40570115,inactive
7287,COc1cc(cc(c1OC[C@@H](c2ccc3c(c2)OCCO3)O)Br)C[NH2+]Cc4ccc(cc4)F,C20877178,inactive
7288,C[NH+]1CCc2cc(c(cc2[C@H]1Cc3ccc(cc3)Oc4cc(ccc4O)C[C@@H]5c6cc(c(cc6CCN5C)OC)O)OC)OC,C85492224,inactive
7289,C[C@H](c1[nH+]c2ccccc2c(n1)NCc3ccccc3OC)N4CCN(CC4)S(=O)(=O)c5ccc(cc5)Br,C98230849,inactive
7290,COc1ccc(cc1)N2CCN(CC2)[C@H](CNC(=O)C(=O)Nc3cc(ccc3F)F)c4ccco4,C38619681,inactive
7291,c1ccc(cc1)CN2C(=O)N[C@H]([C@@H]([C@@]2(C(F)(F)F)O)C(=O)c3cccs3)c4ccc5c(c4)ccc[nH+]5,C35569235,inactive
7292,c1cc(ccc1C(=O)NCCC(=O)N2CCC3(CC2)c4c([nH+]c[nH]4)CCN3)Br,C20573493,inactive
7293,Cc1ccccc1COc2ccc(cc2)C(=O)C3=C(C(=O)N([C@@H]3c4cccc(c4)[N+](=O)[O-])CCC[NH+](C)C)O,C35445277,inactive
7294,CCN(C(=O)C1CCC1)c1cc(cc(C(=O)NCc2c(C)cc(C)[nH]c2=O)c1C)-c1ccc(CN2CCOCC2)cc1,50575203,active
7295,C[C@H]1C(=c2ccccc2=[NH+]1)CCNC(=O)/C(=C/c3cccc(c3)[N+](=O)[O-])/NC(=O)c4ccc(cc4)OC,C63513884,inactive
7296,c1ccc(cc1)/C(=[NH+]/CS(=O)(=O)c2ccccc2)/NC(=S)Nc3ccc(cc3)Br,C04890589,inactive
7297,[H]\N=C\1/C(=C/c2ccc(c(c2)OC)OCc3ccc(cc3)C)/C(=O)N=C4N1C(=NS4)S(=O)(=O)C,C20205985,inactive
7298,c1ccc(cc1)NC(=O)CSCC(=O)Nc2ccc3c(c2)sc(n3)SCc4[nH]c5ccccc5[nH+]4,C59855225,inactive
7299,C1[C@H]2[C@@H]([C@H](S1)CCCCC(=O)N/N=C/c3c(c(c(c(c3F)F)F)F)F)NC(=O)N2,C16158620,inactive
7300,c1cc(c(c(c1)Cl)CN(CC(=O)NCCCn2cc[nH+]c2)S(=O)(=O)c3ccc(cc3)Cl)Cl,C38556546,inactive
7301,C[C@@H]1C[C@H](CN(C1)S(=O)(=O)c2ccc(cc2)C(=O)Nc3c(c4c(s3)C[NH+](CC4)C(C)C)C(=O)NC)C,C08920798,inactive
7302,CCCCN(C)S(=O)(=O)c1ccc(cc1)C(=O)/N=c\2/n(c3ccc(cc3s2)S(=O)(=O)N)CC=C,C09725627,inactive
7303,CN1[C@H](C[C@H](NS1(=O)=O)c2cccs2)C(=O)Nc3ccc(cc3F)F,C12159667,inactive
7304,CCOC(=O)c1c(c2cc(ccc2[nH]1)OC)NC(=O)[C@@H](C)[NH+]3C[C@H]4C[C@@H](C3)c5cccc(=O)n5C4,C02139633,inactive
7305,COC(=O)[C@@H](Cc1cc(no1)[C@@H]2CCCN2C(=O)Cc3ccc(cc3)OCc4ccc(cc4)Cl)[NH3+],C44126824,inactive
7306,c1ccc(cc1)C/[NH+]=C\2/[C@@]3(CCN(C3)C(=O)c4ccco4)NCc5ccccc5N2,C65265848,inactive
7307,CC1(Cc2c(c(sc2C([NH2+]1)(C)C)NC(=O)c3ccc(cc3)S(=O)(=O)N4CCOCC4)C(=O)OC)C,C09391506,inactive
7308,C[NH+]1CCN(CC1)[C@@H](CNC(=O)C(=O)Nc2ccc(cc2)C(F)(F)F)c3ccc4c(c3)CCCN4C,C38673192,inactive
7309,Cc1ccc(c(c1)NC(=O)C(=O)N2CCC3(CC2)N(CCO3)S(=O)(=O)c4ccc(cc4)OC)C,C39703536,inactive
7310,Cc1nnn(C)c1-c1cc(Br)c2CCN(Cc3c(C)cc(C)[nH]c3=O)C(=O)c2c1Cl,50562994,active
7311,CC(=O)Nc1cc(ccc1F)NC(=O)/C=C/c2cn(nc2c3ccc[nH+]c3)Cc4ccccc4,C25511506,inactive
7312,C[C@@H](C(=O)Nc1c(ccs1)C#N)Sc2[nH]c(c[nH+]2)c3ccc(cc3)Br,C18597306,inactive
7313,Cc1cccc([nH+]1)N[C@@H](c2ccc(c(c2)OC)OC)c3c(c(sc3NC(=O)c4ccccc4)C)C,C38547514,inactive
7314,Cc1cc[nH+]c(c1)N[C@@H](c2ccc[nH+]c2)c3c4c(sc3NC(=O)c5ccccc5)CCCC4,C35476872,inactive
7315,CCC[NH+]1CCc2c(sc(c2C(=O)NC)NC(=O)c3ccc(cc3)S(=O)(=O)N4C[C@H](C[C@@H](C4)C)C)C1,C08920584,inactive
7316,CCCOc1ccc(cc1OCC)[C@H]2C(=C(C(=O)N2CCCn3cc[nH+]c3)O)C(=O)c4ccc5c(c4)C[C@@H](O5)C,C97955002,inactive
7317,CC1=C([C@H](C2=C(N1)C[C@@H](CC2=O)c3ccc(c(c3)OC)OC)c4cc(ccc4Cl)[N+](=O)[O-])C(=O)OC(C)C,C00781305,inactive
7318,c1cc(c(cc1S(=O)(=O)N2CC[NH+](CC2)CCC(=O)NC(=O)N)C(F)(F)F)Cl,C22058653,inactive
7319,CCOc1ccc(cc1)N(CC(=O)NCCC[NH+]2CCCCCC2)S(=O)(=O)c3ccc(c(c3)OC)OC,C13675410,inactive
7320,CCCN(C1CCOCC1)c1cc(cc(C(=O)NCc2c(C)cc(C)[nH]c2=O)c1C)-c1ccc(CN2CCOCC2)cc1,172053,active
7321,c1ccc(cc1)[C@@H](C(=O)Nc2ccc(cc2C(F)(F)F)Cl)[NH2+]Cc3ccc(cc3)S(=O)(=O)N,C03431319,inactive
7322,C[C@@H]1Cc2cc(ccc2O1)C(=O)C3=C(C(=O)N([C@@H]3c4cccc(c4)OCC=C)c5nnc(s5)SCc6ccccc6)O,C97969338,inactive
7323,CSc1cc(C)[nH]c(=O)c1CNC(=O)c1c(C)n([C@H](C)[C@H]2CCC(CC2)N2CC(F)(F)C2)c2ccccc12,574869,active
7324,CCC(C)(C)n1c(nnn1)[C@@H](c2cc3cc(c(cc3[nH]c2=O)C)C)[NH+](Cc4ccccc4)Cc5ccc[nH+]c5,C06077500,inactive
7325,c1cc(ccc1NC(=O)[C@H]2[C@H]3C=C[C@@]4([C@@H]2C(=O)N([C@@H]4C(=O)NC5CCCCC5)CC[NH+]6CCCCC6)O3)Br,C38147193,inactive
7326,Cc1cc(C)c(CNC(=O)c2cc(-c3ccc(CN4CCOCC4)nc3)cc(N(C)[C@H]3CC[C@H](N)CC3)c2C)c(=O)[nH]1,CHEMBL3697441,active
7327,Cn1c2cc(cc(c2cc1C(=O)N3CCc4c(c5cc(ccc5[nH]4)F)C3)OC)OC,C12321181,inactive
7328,Cc1nc(cc(n1)[C@H]2C[NH+]3CC[C@H]2C[C@@H]3CN(Cc4c[nH]c5c4cccc5)Cc6c[nH]c7c6cccc7)c8cccs8,C67870595,inactive
7329,CCOc1cc(ccc1O)[C@H]2/C(=C(/c3cc4ccccc4o3)\O)/C(=O)C(=O)N2CCCn5cc[nH+]c5,C00702967,inactive
7330,CCC[C@H]1[C@H]([NH2+][C@H](C[C@]1(C#Cc2ccccc2)O)c3ccc(cc3)OC)c4ccc(cc4)OC,C13750554,inactive
7331,CCOc1ccc(cc1)n2c(=O)c3c4c(sc3nc2SCC(=O)Nc5ccc(cc5)Br)CN(CC4)C,C01269972,inactive
7332,c1ccc2c(c1)c(ccn2)CN3C[C@@H](C[C@H]3C(=O)NCCc4cccc(c4)F)SC5[NH+]=c6ccccc6=[NH+]5,C64058248,inactive
7333,c1ccc2c(c1)S(=O)(=O)N(S2(=O)=O)NC(=O)[C@@H](C34CC5CC(C3)CC(C5)C4)NC(=O)c6ccc(cc6)[N+](=O)[O-],C33358080,inactive
7334,c1cc(c[nH+]c1)CN2[C@@H](C(=C(c3ccc(cc3)S(=O)(=O)N4CCCC4)O)C(=O)C2=O)c5ccc(cc5)F,C01105744,inactive
7335,C[C@H](c1nc2ccccc2c(n1)NCc3ccccc3OC)N4CCN(CC4)S(=O)(=O)c5ccc(cc5)F,C98230941,inactive
7336,CCN(C1CCOCC1)c1cc(cc(C(=O)NCc2c(C)cc(C)[nH]c2=O)c1C)-c1ccc(CNC)cc1,172084,active
7337,c1ccc(c(c1)CN2CCCN(C2=O)c3cccc(c3)/C(=[NH+]/CCc4[nH]c5ccccc5n4)/O)F,C15867924,inactive
7338,COc1ccc2c(NC3CCN(C)CC3)cc(nc2c1)N1CCCN(C)CC1,50594161,inactive
7339,CCC[NH+]1C/C(=C\c2cccc(c2OC)OC)/C3=C(C1)[C@H](NC(=S)N3)c4cccc(c4OC)OC,C96581445,inactive
7340,c1ccc2c(c1)nc(s2)SCc3ccc(cc3)C(=O)NNC(=O)CCC(=O)c4ccc(cc4)F,C25259639,inactive
7341,Cc1ccccc1C2=NN3C(=[NH2+])/C(=C\c4ccc(c(c4)OC)OCCOc5ccc(cc5)Br)/C(=O)N=C3S2,C97958766,inactive
7342,c1cc(cc(c1)N2CCCC2=O)NC(=O)CSc3nnc(n3N)c4ccc(cc4)Br,C59265134,inactive
7343,c1ccc(c(c1)NC(=S)N[C@@H](C(Cl)(Cl)Cl)NC(=O)c2cccc(c2)[N+](=O)[O-])I,C01218857,inactive
7344,COCc1c(c(nc(n1)c2cc3c(c(c2)Br)OCO3)N)Br,C97626396,inactive
7345,C[C@@H]1C[C@@H](C[NH+](C1)CCCNC(=O)CN2c3ccccc3O/C(=C/c4cccc(c4)Br)/C2=O)C,C20726081,inactive
7346,c1csc(n1)NC(=O)[C@](C(F)(F)F)(OC([C@](C(F)(F)F)(OC(C(C(F)(F)F)(F)F)(F)F)F)(F)F)F,C68574577,inactive
7347,CSc1cc(C)[nH]c(=O)c1CNC(=O)c1cc(Cl)c2O[C@@](C)(Oc2c1C)[C@H]1CC[C@@H](CC1)N(C)C,542469,active
7348,c1cc(c(c(c1)Cl)[C@@H](CNC(=O)C2CCC(CC2)NC(=O)CC3CCCCC3)[NH+]4CCCC4)F,C72071536,inactive
7349,Cc1ccc(cc1)NC2=Nc3ccccc3N4C2=[NH+]c5c(c(nn5c6ccccc6)C)[C@@H]4c7cc(c(c(c7)OC)OC)OC,C01898196,inactive
7350,CSc1cc(C)[nH]c(=O)c1CNC(=O)c1c(C)n([C@H](C)[C@H]2CCC(O)CC2)c2ccccc12,574861,active
7351,CCN(CC)S(=O)(=O)c1ccc(cc1)C/[NH+]=C(/c2ccccc2OCc3cn4ccccc4[nH+]3)\O,C09377248,inactive
7352,CCN(c1cc(-c2ccc(CN3CCN(CCCCCCCCOc4cccc5c4C(=O)N(C4CCC(=O)NC4=O)C5=O)CC3)cc2)cc(C(=O)NCc2c(C)cc(C)[nH]c2=O)c1C)C1CCOCC1,CHEMBL5077357,active
7353,CCN(C(=O)C1CCC1)c1cc(-c2ccc(CN3CCOCC3)cc2)cc(C(=O)NCc2c(C)cc(C)[nH]c2=O)c1C,CHEMBL4871035,active
7354,Cc1cc(c(s1)C)[C@H]2C(=C(N(C3=C2C(=O)C[C@@H](C3)c4ccccc4)c5cccnc5)N)C#N,C09981755,inactive
7355,c1ccc2c(c1)c(c[nH]2)/C=C\3/C(=O)NC(=O)N(C3=O)c4ccc(cc4)Br,C00904383,inactive
7356,CN1[C@@H]2[C@@H](C(=NC1=O)[O-])N(C(=[NH+]2)N3CCN(CC3)c4ccccc4)CCSc5[nH]c6ccccc6[nH+]5,C38675894,inactive
7357,Cc1cc(C)c(CNC(=O)c2cc(cc3n(ncc23)C2CCCC2)-c2ccc(CN3CCOCC3)cn2)c(=O)[nH]1,326082,active
7358,CC(=O)c1cccc(c1)NC(=O)Cn2c(c(c([nH+]2)SC)c3nc(no3)c4ccccc4)N,C45895455,inactive
7359,COc1ccc(cc1Br)c2csc([n+]2Cc3ccc(cc3)S(=O)(=O)N)Nc4ccccc4,C97966097,inactive
7360,C[C@H](c1ccc(cc1)S(=O)(=O)C)NC(=O)N[C@H](C)c2ccc(cc2Cl)Cl,C32862962,inactive
7361,C[C@@H](c1ccc(cc1)S(=O)(=O)N)N(C)CCC(=O)N[C@@H]2CCCc3c2cccc3,C97006700,inactive
7362,c1ccc2=[NH+]C([NH+]=c2c1)SCC(=O)Nc3ccc4c(c3)sc(n4)SCC(=O)NC5CC5,C63277033,inactive
7363,c1cc(cc(c1)N2CCCC2=O)NC(=O)CSc3nc([nH]n3)N/N=C/c4ccc(cc4)Br,C21078380,inactive
7364,c1ccc2cc(ccc2c1)S(=O)(=O)NCCC(=O)NC[C@@H](c3cccc(c3)Cl)[NH+]4CCCC4,C71892110,inactive
7365,CCN(CC)c1ccc(cc1)/C=C/2\C(=O)c3ccc(c(c3O2)C[NH+]4C[C@@H]5C[C@H](C4)c6cccc(=O)n6C5)O,C62977213,inactive
7366,C[NH+](CC1=NC(=O)C2=C(CSC2=N1)c3ccc(cc3)F)CC(=O)Nc4ccc(c(c4)Cl)Cl,C40059090,inactive
7367,CCOC(=O)c1c(n(c2c1c(c(c(c2)Br)[O-])C[NH+](C)C)C)CSc3c(c(cc(n3)C)C)C#N,C01423452,inactive
7368,CCN([C@H]1CC[C@@H](CC1)N(C)C)c1cc(cc(C(=O)NCc2c(C)cc(C)[nH]c2=O)c1C)-c1ccc(CN2CCCN(C)CC2)nc1,601723,active
7369,C[C@@H]1CCCCN1S(=O)(=O)c2ccc3c(c2)c(cc(n3)[O-])/C(=N/CC[NH+]4CCc5ccccc5C4)/O,C20686664,inactive
7370,C[C@@H](Cc1cncs1)[NH2+]C2CCN(CC2)c3cccc(c3)NS(=O)(=O)c4ccc(cc4)F,C12246638,inactive
7371,CCOc1cccc2c1oc(c2)C(=O)Nc3c(c4c(s3)C([NH2+]C(C4)(C)C)(C)C)C(=O)OCC,C08960135,inactive
7372,c1ccc(cc1)C(=O)N/C(=C/[P+](c2ccccc2)(c3ccccc3)c4ccccc4)/C(=O)Nc5ccc(cc5Cl)[N+](=O)[O-],C98229542,inactive
7373,C[C@@H]1CCCC[C@@H]1N2[C@@H]([C@@]34C=C[C@@H](O3)[C@@H]([C@@H]4C2=O)C(=O)Nc5ccc(cc5)OC)C(=O)NC6CCCCC6,C36066287,inactive
7374,COc1cc(C(=O)NCc2c(C)cc(C)[nH]c2=O)cc2c1OCCO2,CHEMBL3605438,inactive
7375,c1ccc(cc1)c2csc(n2)CN(C(=O)Cn3c4ccccc4nn3)C5(CCCC5)C(=O)Nc6ccc7c(c6)OCO7,C01419088,inactive
7376,CC(C)n1ncc2c(cc(nc12)C1=CCN(CC1)C(=O)CN(C)C)C(=O)NCc1c(C)cc(C)[nH]c1=O,325959,active
7377,CCOc1ccc(cc1)N(CC(=O)Nc2ccc(cc2)S(=O)(=O)N3CCCC3)S(=O)(=O)c4ccc(cc4)F,C59620718,inactive
7378,Cc1cc(C)c(CNC(=O)c2cc(-c3ccc(CN(C)C)cc3)cc(NC3CCCC3)c2C)c(=O)[nH]1,CHEMBL3697399,active
7379,Cc1cc([nH+]c(c1C#N)S[C@@H]2CC(=O)N(C2=O)c3cccc(c3)N4C(=O)C[C@H](C4=O)Sc5c(c(cc([nH+]5)C)C)C#N)C,C08426188,inactive
7380,CN(C)S(=O)(=O)c1ccc(cc1)C(=O)C2=C(C(=O)N([C@@H]2c3ccc(cc3)OC)CC[NH+]4CCCCC4)O,C06165866,inactive
7381,Cc1c(sc(n1)C2=C([NH+](CC2=O)C[C@]3(CCC[C@]4([C@@H]3CCc5c4ccc(c5)C(C)C)C)C)N)C,C30819384,inactive
7382,COc1cccc(c1O)C[NH+]2CCC(CC2)[C@@]3(C(=O)N(C(=O)N3)CC4CC4)Cc5ccccc5Cl,C14882453,inactive
7383,CC(C)n1ncc2c(cc(nc12)C1=CCN(CC1)C(=O)C1CNC1)C(=O)NCc1c(C)cc(C)[nH]c1=O,325936,active
7384,CC[C@H](C)n1cc(C)c2c(cc(cc12)-c1ccc(nc1)N1CCN(CCCCCCCOc2cccc3C(=O)N(C4CCC(=O)NC4=O)C(=O)c23)CC1)C(=O)NCc1c(C)cc(C)[nH]c1=O,50582380,active
7385,c1cc(ccc1c2cc(n3c(n2)c(c(n3)C(=O)Nc4cc(cc(c4)Sc5ccc(cc5)Br)[N+](=O)[O-])Cl)C(F)(F)F)F,C33354217,inactive
7386,Cc1c(sc([nH+]1)N)c2nnc(n2CC=C)SCC(=O)Nc3ccccc3C(F)(F)F,C16755337,inactive
7387,COc1ccccc1NC(=O)/C(=c\2/n(c(=O)/c(=C/c3cc(c(c(c3)OC)OC)OC)/s2)c4ccccc4)/C#N,C02233762,inactive
7388,C[C@H]1C(=c2cc(ccc2=[NH+]1)OC(F)(F)F)CCN3C(=O)OC4([C@@]3(C)O)CC(NC(C4)(C)C)(C)C,C63506874,inactive
7389,C[NH+](C)C[C@@H]1CCCC[C@@H]1NC(=O)CCC(=O)Nc2nnc(s2)SCc3ccc(cc3)Cl,C72245508,inactive
7390,Cc1c(c(n(n1)Cc2cc(ccc2OC)[C@H]3c4c(c5cc(ccc5[nH]4)OCc6ccccc6)CC[NH2+]3)C)[N+](=O)[O-],C01794268,inactive
7391,C/C(=[NH+]\c1ccc(cc1)OC)/C2=C(C(=O)N([C@H]2c3ccc(cc3)Br)CCO)O,C04295097,inactive
7392,c1ccc(cc1)S(=O)(=O)Nc2ccccc2CNC(=O)/C=C/c3ccc(c(c3)C(F)(F)F)Cl,C72081980,inactive
7393,c1ccc(cc1)C[NH+]2CCc3c(sc4c3C(=N[C@@H](N4)c5ccc(cc5)OC(=O)c6cccc(c6)F)O)C2,C15947327,inactive
7394,COC(=O)[C@@H](Cc1ccc[nH+]c1)NC(=O)[C@@H]2CN(CCN2C(=O)NC3CCCCC3)C(=O)c4cccc(c4)F,C04147966,inactive
7395,CS(=O)(=O)C1=[NH+]SC2=NC(=O)/C(=C\c3ccc(cc3)OC(=O)c4ccccc4Cl)/C(=[NH2+])N12,C20206189,inactive
7396,Cc1cc([S+](C)[O-])c(CNC(=O)c2c(C)n([C@H](C)C3CCN(CC(F)(F)F)CC3)c3ccccc23)c(=O)[nH]1,CHEMBL4633598,active
7397,CC1(Cc2c(c([nH+]c3c2c(c(s3)c4ccc(o4)C(=O)OC)NC(=O)c5ccccc5)N6CCOCC6)CO1)C,C97949637,inactive
7398,c1ccc(cc1)OP(=O)(N=P(c2ccccc2)(c3ccccc3)Nc4ncccn4)Oc5ccccc5,C98008931,inactive
7399,Cc1c2c(cc(/c(=[NH+]/c3ccc(cc3)OC(F)(F)F)/o2)C(=O)Nc4ccc(cc4OC)OC)c(cn1)CO,C59513774,inactive
7400,C[C@@](CNS(=O)(=O)c1ccc(s1)Br)(c2cc3ccccc3o2)O,C98283476,inactive
7401,CCN1CC=C2[C@H](C1)[C@H](C(C(=C2C#N)[NH3+])(C#N)C#N)c3ccc(c(c3)OCC)OCC[NH+]4CCOCC4,C39323526,inactive
7402,CSCC[C@H](c1[nH+]c2ccccc2n1CC(=O)Nc3ccc4c(c3)CCC4)NC(=O)c5ccccc5,C32957689,inactive
7403,CCN(C1CCOCC1)c1cc2oc(cc2c(C(=O)NCc2c(OC)cc(C)[nH]c2=O)c1C)C#N,50287068,active
7404,Cc1ccc(s1)C[NH+](CCCOC)Cc2ccc(o2)C(c3ccc(cc3)OC)(c4ccc(cc4)OC)O,C36154590,inactive
7405,CC(C)Cn1c2c(c(=O)[nH]c1=O)C(N=C(N2)c3cccc(c3)[N+](=O)[O-])(C(F)(F)F)C(F)(F)F,C15304755,inactive
7406,COc1ccc(cc1)[C@@H]2[C@@H]3CC=C[C@@H]3c4cc(ccc4N2)S(=O)(=O)Nc5cccc(c5)C(F)(F)F,C58848389,inactive
7407,CN(C1CCCCC1)c1cc(cc(C(=O)NCc2c(C)cc(C)nc2=O)c1C)-c1ccc(CN2CCOCC2)cc1,514155,active
7408,COC(=O)[C@H](CCSC)NC(=O)N1CCc2c([nH]c[nH+]2)[C@H]1c3ccc(c(c3F)F)F,C20732844,inactive
7409,Cc1cccc(c1)N2C(=O)[C@@H]3[C@H](N[C@@]4([C@@H]3C2=O)c5cc(ccc5NC4=O)F)CC6=c7ccccc7=[NH+]C6,C63479950,inactive
7410,COc1ccc(cc1NC(=S)N[C@H](C(Cl)(Cl)Cl)NC(=O)c2ccc(cc2)I)[N+](=O)[O-],C98221437,inactive
7411,Cc1c(c(n(n1)Cc2ccc(cc2)Br)C)NC(=O)c3cnn4c3nc(cc4C(F)F)c5ccc(cc5)OC,C00649089,inactive
7412,CCCN1C/C(=C\c2ccc(cc2)OCC)/C3=C(C1)[C@@H](C(=C(O3)[NH3+])C#N)c4ccc(cc4)OCC,C39324521,inactive
7413,C[C@@H]1CCC[C@H]([C@@H]1C)NC(=O)[C@@H]2[C@@]34C=C[C@@H](O3)[C@@H]([C@@H]4C(=O)N2Cc5ccc[nH+]c5)C(=O)Nc6ccc(cc6)C(C)C,C59522829,inactive
7414,CCCCOc1cccc(c1)[C@@H]2C(=C(C(=O)N2c3nc4ccc(cc4s3)OCC)O)C(=O)c5ccc6c(c5)OCCO6,C97967461,inactive
7415,CCCCNC(=O)[C@H]([C@H](C)CC)NC(=O)[C@@H]1CC2=c3ccccc3=[NH+][C@H]2[C@@H]4N1C(=O)c5c4cccc5,C63383876,inactive
7416,[H]/N=c\1/c(cc2cc3c4c(c2o1)CCCN4CCC3)C(=O)Nc5ccc(c(c5)Cl)F,C04193211,inactive
7417,[H]/N=c/1\c2c(ncn1CCc3ccc(c(c3)OC)OC)Oc4ccc5ccccc5c4[C@@H]2c6ccc(c(c6)OC)OC,C97954721,inactive
7418,Cc1ccc(cc1)S(=O)(=O)N[C@H](C(C)C)C(=O)NC[C@@H](c2ccc(cc2)F)[NH+]3CCOCC3,C32970872,inactive
7419,CN(C1CCNCC1)c1cc(Br)cc(C(=O)NCc2c(C)cc(C)[nH]c2=O)c1C,50149896,active
7420,C[C@@H](c1nnc(n1c2ccc(cc2)Cl)SCC(=O)Nc3ccccc3Br)[NH+](C)C,C03379632,inactive
7421,CN(C)c1ccc(cc1)NC(=O)CSc2nnc(n2N)NN=C(Cc3ccccc3)Cc4ccccc4,C20918911,inactive
7422,CCCCn1c(c(c(c(c1=O)C#N)C)/C=C/2\C(=O)N(C(=S)S2)C(C)C)NCc3ccc4c(c3)OCO4,C39851762,inactive
7423,c1ccc(c(c1)CN2C(=O)[C@@H]3[C@H]([NH2+][C@@]4([C@@H]3C2=O)c5cc(ccc5NC4=O)Cl)CCC(=O)[O-])Cl,C16020672,inactive
7424,Cn1cc(cc1C(=O)NN/C(=C/Oc2ccc(cc2Cl)Cl)/[NH3+])C(=O)c3ccc(cc3Cl)Cl,C18152612,inactive
7425,CC(C)n1ncc2c(cc(nc12)-c1ccc(CNCCN(C)C)cc1)C(=O)NCc1c(C)cc(C)[nH]c1=O,325845,active
7426,Cn1cc[nH+]c1[C@H](c2ccc(cc2)F)NC(=O)c3cccc(c3)NC(=O)c4ccc(o4)Br,C46913081,inactive
7427,c1ccc(c(c1)N2CCN(CC2)C(=O)Cc3csc(n3)NC(=O)c4cccs4)O,C44174308,inactive
7428,CC(C)(CNC(=O)[C@H]1Cc2c(sc(n2)NC(=O)c3cccs3)C(=O)C1)C[NH+](C)C,C11838991,inactive
7429,CCN(C(=O)C(C)C)c1cc(-c2ccc(CN3CCOCC3)cc2)cc(C(=O)NCc2c(C)cc(C)[nH]c2=O)c1C,CHEMBL4845841,active
7430,c1ccc(cc1)n2cc(c(n2)c3cccs3)/C=C\C(=O)NNC(=O)COc4cccc(c4)C(F)(F)F,C33390771,inactive
7431,CCN([C@H]1CC[C@@H](CC1)N(C)C)c1cc(Cl)cc(C(=O)NCc2c(C)cc(C)n(C)c2=O)c1C,190186,active
7432,CCN(C1CCOCC1)c1cc2oc(CN3CCC(F)(F)CC3)cc2c(C(=O)NCc2c(OC)cc(C)[nH]c2=O)c1CC,458797,active
7433,CC(C)c1c(c(n(n1)c2ccccc2)Oc3cccc(c3)F)C[NH+](C[C@H](COCc4ccccc4)O)C5CC5,C36307981,inactive
7434,Cc1cc(C)c(CNC(=O)c2cc(cc3N(CCc23)C2CCOCC2)-c2ccc(CN3CCOCC3)cc2)c(=O)[nH]1,50205630,active
7435,CC(N1CCOCC1)c1cc(Cl)c2CCN(Cc3c(C)cc(C)[nH]c3=O)C(=O)c2c1Cl,435579,active
7436,Cc1noc(C)c1-c1cc(Cl)c2c(c1Cl)C(=O)N(Cc1c(C3CC3)cc(C)n(C)c1=O)CC2,CHEMBL5081796,active
7437,Cc1cccc(c1)NC(=O)c2ccccc2NC(=O)C[NH+](C)CC(=O)Nc3cc(ccc3OC)Cl,C21579868,inactive
7438,C/C(=[NH+]\CCNc1c(cc(c[nH+]1)C(F)(F)F)Cl)/CC(=O)Nc2ccc(cc2Cl)Cl,C08857245,inactive
7439,c1ccc(cc1)[C@@H](C(=O)Nc2ccc(cc2)S(=O)(=O)N)SC3=N[C@H]4C(=c5ccccc5=[NH+]4)N=N3,C39252927,inactive
7440,CC(=O)[C@]1(CC[C@@H]2[C@@]1(CC[C@@H]3[C@@H]2CCC4=C/C(=N/OCC(=O)N[C@@H](Cc5c[nH]cn5)C(=O)OC)/CC[C@]34C)C)O,C70680980,inactive
7441,CCOc1cc(ccc1OCc2nnc(n2C)SCC(=O)Nc3ccc(cc3C(C)C)I)C,C02862085,inactive
7442,C[C@@H](C(=O)N1CCc2c1cccc2)Sc3nnc(n3N)c4cc(ccc4Cl)Cl,C02633924,inactive
7443,CCCCCOc1ccc(cc1OCC)[C@@H]2C(=C(C(=O)N2CC[NH+]3CCOCC3)[O-])C(=O)c4ccc5c(c4)C[C@H](O5)C,C97969414,inactive
7444,c1ccc(cc1)[C@@H](CCC(=O)N/N=C/c2cc(ccc2OCc3ccccc3C#N)Br)O,C83325119,inactive
7445,C[C@@H](C(=O)Nc1ccccc1NC23CC4CC(C2)CC(C4)C3)NC5=NS(=O)(=O)c6c5cccc6,C72053459,inactive
7446,C[C@H]([C@H](c1cccs1)[NH+]2CCN(CC2)c3ccc(cc3)OC)NC(=O)C(=O)NCc4ccc5c(c4)OCO5,C33356482,inactive
7447,c1ccc(cc1)Cn2c(nnc2SCC(=O)Nc3ccc(cc3)Cl)c4ccc(cc4)O,C01221562,inactive
7448,c1cc2n(c(=O)c1)C[C@H]3C[C@@H]2C[NH+](C3)C[C@H]4CN5CC[C@H]4C[C@@H]5CNC(=S)Nc6ccc(cc6)n7cccn7,C67870843,inactive
7449,CC[C@H](C)[C@H](C(=O)N1CC[NH+](CC1)C/C=C/c2ccccc2)NC(=O)Nc3ccccc3Br,C34969900,inactive
7450,Cc1ccc(cc1C)OCCCCn2c3ccccc3[nH+]c2[C@@H](C)NC(=O)c4cc(c(c(c4)OC)OC)OC,C40293039,inactive
7451,c1cc(cc(c1)C(F)(F)F)C2(CC[NH+](CC2)Cc3cc4ccc(cc4n(c3=O)Cc5ccc[nH+]c5)F)O,C12152975,inactive
7452,COc1cc(cc(c1OC)OC)C(=O)c2cc(ccc2N/C=C(\C#N)/c3nc(cs3)c4ccc5c(c4)OCO5)Cl,C01783398,inactive
7453,c1ccc(cc1)c2c(cn(n2)c3ccccc3)C(=O)NNC(=O)CNC(=O)c4c(cccc4Cl)F,C97553662,inactive
7454,CCOC(=O)c1c2c(sc1NC(=O)CCCSc3ccc(cc3)OC)C([NH2+]C(C2)(C)C)(C)C,C09473041,inactive
7455,c1ccc(cc1)c2c3ccc4ccccc4c3n(c2c5ccccc5)C[C@H](CN6CC[NH+](CC6)CCO)O,C28296575,inactive
7456,C[NH+](C)CCCNC(=O)/C(=C/c1ccc(o1)c2ccc(cc2)Br)/NC(=O)c3ccccc3,C03014697,inactive
7457,c1ccc(c(c1)C(=O)OCC(=O)Nc2ccc(c(c2)F)F)SCC(=O)Nc3ccc(c(c3)F)F,C03295500,inactive
7458,CC(=O)N1CCC(CC1)n1ncc2c(cc(nc12)C1=CC(C)(C)NC(C)(C)C1)C(=O)NCc1c(C)cc(C)[nH]c1=O,325908,active
7459,CC(C)c1ccc(cc1)[C@H]2[C@H]3C(=c4ccccc4=[NH+]3)C[C@H]5N2C(=O)CN(C5=O)C[C@@H](c6ccccc6)O,C63137376,inactive
7460,c1ccc2c(c1)c(c[nH]2)C[NH+]3CC[C@H]([C@H](C3)CC[NH+]4C[C@@H]5C[C@H](C4)c6cccc(=O)n6C5)CC(=O)[O-],C12480987,inactive
7461,CCOc1ccccc1[C@H]2N[C@@H](CC(=N2)c3ccc(cc3)Br)c4cccc(c4O)OCC,C53364902,inactive
7462,c1ccc(cc1)CSc2nc3n(n2)[C@@H](C4=C(N3)CCCC4=O)c5ccc(cc5)OCC(=O)N6CCCCC6,C54642303,inactive
7463,Cc1cccc(c1OCCCOc2ccc(cc2)/C=C\3/C(=[NH2+])N4C(=[NH+]SC4=NC3=O)S(=O)(=O)C)C,C20206115,inactive
7464,CCN(C1CCC(CC1)NC(F)(F)F)c1c(CC)c(cc2n(C)ncc12)C(=O)NCc1c(C)cc(C)[nH]c1=O,516854,active
7465,c1ccc(c(c1)COc2ccc(cc2CNn3c(n[nH]c3=S)c4ccncc4)Br)Cl,C22110829,inactive
7466,c1ccc2c(c1)c(c[nH]2)[C@H](CC(=O)N3CC[NH+](CC3)Cc4ccc5c(c4)OCO5)c6ccc(c(c6)C(F)(F)F)Cl,C98021364,inactive
7467,Cc1ccc(cc1)S(=O)(=O)N/[NH+]=c/2\c(cc3cccc(c3o2)OC)C(=O)Nc4ccccc4OC,C59170736,inactive
7468,Cc1ccc(cc1)S(=O)(=O)/N=C(/C[NH+]2CCCCC2)\N3CCN([C@H]3c4ccc(cc4)OC)S(=O)(=O)c5ccccc5,C97961994,inactive
7469,COc1ccc(cc1)n2c(c3c(nc(nc3n2)N4CCN(CC4)c5cccc[nH+]5)c6cccc(c6)F)N,C37359188,inactive
7470,c1ccc(c(c1)C[NH+]2CCC3(CC2)Nc4ccccc4S(=O)(=O)[N-]3)OC(F)F,C24905561,inactive
7471,CCOc1ccc(cc1C[NH+]2C[C@H]3C[C@@H](C2)c4cccc(=O)n4C3)/C=N/NC(=O)c5ccccc5NC(=O)C,C20616177,inactive
7472,COc1ccc(c(c1)N(CC(=O)NCCSCc2ccc(cc2Cl)Cl)S(=O)(=O)c3ccccc3)OC,C59651370,inactive
7473,c1cc(ccc1c2nc(c(o2)NCC[NH+]3CCOCC3)S(=O)(=O)c4ccc(cc4)Br)F,C39844106,inactive
7474,Cc1ccc(cc1)NS(=O)(=O)c2ccsc2C(=O)NC[C@H](c3ccccc3Cl)[NH+](C)C,C62606781,inactive
7475,CCCCCOc1cccc(c1)[C@@H]2c3c(n[nH]c3C(=O)N2Cc4cc[nH+]cc4)c5ccccc5O,C38610063,inactive
7476,N[C@@H](CCSC[C@@H]1O[C@@H]([C@@H](O)[C@H]1O)n1cnc2c(N)ncnc12)C(=O)NCc1cc([nH]n1)-c1ccccc1,50597871,active
7477,CCOc1ccc(cc1)NC(=S)N/C(=N/c2nc(cc(n2)C)C)/N3CCN(CC3)c4cccc[nH+]4,C14159802,inactive
7478,Cc1ccccc1OCC(=O)N/N=C/c2cc(cc(c2OC(=O)c3ccccc3I)Br)Br,C98001663,inactive
7479,c1ccc(cc1)CCN2C(=O)N(C(=O)C23CC[NH+](CC3)Cc4ccccc4Cl)Cc5cccc[nH+]5,C14537358,inactive
7480,CCSc1nnc(s1)N2C3=C([C@H](C(=C2[NH3+])C#N)c4ccc(c(c4)OC)OC)C(=O)CC(C3)(C)C,C39426017,inactive
7481,CCC(OC)c1cc(Cl)c2CCN(Cc3c(C)cc(C)[nH]c3=O)C(=O)c2c1Cl,50246966,active
7482,CC[NH+](CC(=O)Nc1ccccc1C(F)(F)F)CC(=O)Nc2c(c3c(s2)CCC3)C(=O)OCC,C16588656,inactive
7483,CCCc1cc(C)[nH]c(=O)c1CNC(=O)c1cc(cc2n(Cc3ccccc3)ncc12)-c1ccc(nc1)N1CCN(CC1)C(C)C,50536603,active
7484,CC(=O)O[C@@]12[C@@H]3[C@H](C[C@@]([C@@H]3OC(=O)c4ccccc4)([C@@H]([C@@H]1O)OC)O)[C@]56[C@@H](CC[C@@]7([C@H]5[C@@H]([C@H]2[C@H]6[NH+](C7)C)OC)COC)OC,C85341036,inactive
7485,c1ccc(cc1)CCN(CCC(=O)N2CCN(CC2)c3ccccc3F)c4c5ccc(cc5[nH+]c(n4)C6CC6)Cl,C98009867,inactive
7486,CCN(C1CCOCC1)c1c(CC)c(cc2n(C)ncc12)C(=O)NCc1c(C)cc(C)[nH]c1=O,516846,active
7487,CC[NH+](CC)CCOC(=O)c1ccc(cc1)NC=C2C(=O)N(C(=S)N(C2=O)c3ccccc3)c4ccccc4,C97951045,inactive
7488,Cc1ccccc1NS(=O)(=O)c2ccc3c(c2)C[C@@H](N3C(=O)C)C,C06878201,inactive
7489,Cc1ccc(cc1)NC(=O)CN2c3ccccc3[C@]4(C2=O)[C@H]5[C@@H]([C@@H]([NH2+]4)CC(C)C)C(=O)N(C5=O)c6ccc(cc6)OC,C59587142,inactive
7490,CCc1ccc(cc1)NC(=O)/C(=C/c2cc(c(c(c2)Br)O)OC)/C#N,C06209563,inactive
7491,Cc1c(c(n(n1)c2ccccc2)Oc3ccccc3OC)C[NH+](Cc4ccc(cc4)F)C[C@H](CCC=C)O,C36302219,inactive
7492,C=CCOc1c(cc(cc1I)I)/C=N/Nc2[nH]nnn2,C59514289,inactive
7493,CCOc1cc(cc(c1OCc2ccccc2)Cl)/C=N/NC(=O)Cc3nnc(s3)NC(=O)c4ccccc4C,C01897907,inactive
7494,CCOc1ccc(cc1)C(=O)[C@H]2[C@H](N(C(=O)C2=O)CCc3c[nH]c4c3cccc4)c5ccc(cc5)C(=O)OC,C01411050,inactive
7495,CCCCc1ccc(cc1)n2c(c(c3c2nc4ccccc4[nH+]3)C(=O)Nc5c(c6c(s5)CCCC6)C(=O)OCC)N,C01758534,inactive
7496,CCS(=O)(=O)C1=[NH+]SC2=NC(=O)/C(=C\c3ccc(c(c3)Cl)OCc4ccc(cc4)F)/C(=[NH2+])N12,C20206844,inactive
7497,CC(C)CCNC(=O)[C@H](CC(C)C)NC(=O)[C@@H]1CC2=c3ccccc3=[NH+][C@@H]2[C@@H]4N1C(=O)c5c4cccc5,C63383712,inactive
7498,Cc1cccc(c1NC(=O)C[NH+]2CC[NH+](CC2)[C@H](C)C(=O)Nc3ccc(c(c3)OC)OC)C,C27542920,inactive
7499,CC(C)[NH+](Cc1[nH]c(=O)c2c(csc2n1)c3ccc(cc3)Cl)C[C@H](COc4ccc(cc4)Cl)O,C36207770,inactive
7500,c1ccc(c(c1)NC(=O)c2cc3n(n2)[C@H](C[C@@H](N3)c4ccc5c(c4)OCO5)C(F)(F)F)[NH+]6CCCCC6,C01326818,inactive
7501,CCc1cc(c(s1)SCC)[C@@H]2C(=C(N(C3=C2C(=O)CC(C3)(C)C)c4ccc(cc4)[N+](=O)[O-])[NH3+])C#N,C27550698,inactive
7502,CCN(CC)S(=O)(=O)c1ccc([nH+]c1)S[C@@H](C)C(=O)Nc2ccc(cc2)Br,C12609114,inactive
7503,CC(C)CN1CCC(CC1)[C@@H](C)c1sc2CCCN(Cc3c(C)cc(C)[nH]c3=O)C(=O)c2c1C,439132,active
7504,c1ccc(cc1)CN2[C@H]([C@H](OC2=O)c3ccc(cc3)NC(=O)c4ccccc4)C(=O)NCCc5cccc[nH+]5,C36216175,inactive
7505,Cc1n[nH]c(C)c1-c1cc(Cl)c2CCN(Cc3c(C)cc(C)[nH]c3=O)C(=O)c2c1Cl,50193712,active
7506,Cn1c2ccc(cc2c(=O)n(c1=O)C)S(=O)(=O)NC[C@H](c3ccc(c(c3)OC)OC)N4CCCCC4,C55104313,inactive
7507,CS(=O)(=O)Nc1nnc(s1)SCC(=O)Nc2c(cc(c[nH+]2)Br)Br,C08857458,inactive
7508,CC(=O)N1CCN(CC1)C(=O)c2coc(n2)C[NH+](CCc3c[nH]c4c3cccc4)Cc5ccccc5Cl,C36063995,inactive
7509,c1ccnc(c1)NC(=O)[C@](C(F)(F)F)(OC([C@@](C(F)(F)F)(OC(C(C(F)(F)F)(F)F)(F)F)F)(F)F)F,C68576083,inactive
7510,c1cc([nH+]cc1Br)N2C3=C([C@@H](C(=C2N)C#N)c4ccsc4)C(=O)CCC3,C00714588,inactive
7511,COc1cc(cc(c1OC)OC)C(=O)Oc2c(cc(cc2Br)Br)/C=N\NC(=O)c3ccc4c(c3)OCO4,C08442950,inactive
7512,CC1CCC(CC1)[NH2+][C@@H]2CC(=O)N(C2=O)c3ccc(cc3)N4C(=O)C[C@@H](C4=O)[NH2+]C5CCC(CC5)C,C13388258,inactive
7513,Cc1ccc(c(c1)C[NH+]2C[C@H](C[C@H]2C(=O)Nc3ccc4c(c3)nc(s4)C)Sc5nc(cc(n5)C)C)C,C12283301,inactive
7514,COc1ccc(cc1)[C@H]2C(=c3ccccc3=[NH+]2)SCCNC(=O)c4ccc(o4)Br,C63654883,inactive
7515,CNc1c2c(nc([nH+]1)N3CC[NH+](CC3)C(c4ccccc4)c5ccccc5)C[C@H](CC2=O)c6ccco6,C20503118,inactive
7516,Cn1c(nnc1SCC(=O)Nc2ccc3c(c2)sc(n3)SCc4ccc(cc4)Br)c5ccc(cc5Cl)Cl,C98002653,inactive
7517,COC(C1CCN(CC1)C(C)=O)c1cc(Cl)c2CCN(Cc3c(C)cc(C)[nH]c3=O)C(=O)c2c1Cl,50246939,active
7518,CCN(Cc1ccccc1)c2ccc(cc2)[C@H]3[C@@H]([C@@](N(C(=O)N3C)C)(C(F)(F)F)O)C(=O)c4ccccc4,C39888709,inactive
7519,COc1ccc(cc1)OCC(=O)O[C@H]2C[C@@H]3C[NH+]4CCc5c6ccc(cc6[nH]c5[C@H]4C[C@@H]3[C@@H]([C@H]2OC)C(=O)OC)OC,C08385821,inactive
7520,c1cc(c(cc1/C=N/Nc2c3c([nH]cn3)ncn2)OC([C@H](C(F)(F)F)F)(F)F)OC([C@H](C(F)(F)F)F)(F)F,C97965329,inactive
7521,c1ccc2c(c1)[C@]3(CCO2)C(=O)N(C(=O)N3)CC(=O)Nc4nc([nH]n4)SCc5ccc(cc5)Cl,C09254967,inactive
7522,Cc1ccc(cc1)/C=N/N=C\2/N=C([C@@H](S2)CC(=O)Nc3cccc(c3)C(F)(F)F)O,C00992282,inactive
7523,c1ccc(cc1)NC(=O)CN2C(=O)[C@@H]3[C@H]4C[C@@H]([C@@H]3C2=O)[C@@H]5[C@@H]4[C@@H](c6c([nH]c(=O)s6)S5)c7ccc[nH+]c7,C39871618,inactive
7524,CSc1cc(C)[nH]c(=O)c1CNC(=O)c1c(C)n([C@H](C)[C@H]2CC[C@H](N3CC(OC4CC4)C3)CC2)c2ncc(F)cc12,CHEMBL4638754,active
7525,Cc1ccc(cc1)c2nnc(n2c3ccc(cc3)OC)SCC(=O)N/N=C/c4ccc(c(c4)Br)OC,C01878136,inactive
7526,c1ccc2=[NH+]C([NH+]=c2c1)C3CCN(CC3)S(=O)(=O)c4ccc(cc4)NC(=O)CCC5CCCC5,C63699706,inactive
7527,C[NH+]1CCc2c(sc3c2C(=N[C@@H](N3)c4cc5c(cc4Br)OCO5)O)C1,C09270347,inactive
7528,CC[C@H](C)n1cc(C)c2c(cc(cc12)-c1ccc(nc1)N1CCN(CCCCCCCCCCCCOc2cccc3C(=O)N(C4CCC(=O)NC4=O)C(=O)c23)CC1)C(=O)NCc1c(C)cc(C)[nH]c1=O,50582385,active
7529,COc1ccc(cc1O)[C@H]2CC(=Nc3c2ncn3c4cccc(c4)Br)O,C40266661,inactive
7530,CC(C)[C@H](C(=O)Nc1ccc(cc1)N2CCOCC2)NS(=O)(=O)c3ccc(cc3)Br,C32999787,inactive
7531,c1ccc(cc1)C(c2ccccc2)[NH+]3CCN(CC3)C(=O)CN(Cc4ccc(cc4)Br)S(=O)(=O)c5ccccc5,C33355588,inactive
7532,c1ccc(c(c1)N2CCN(CC2)CCCNC(=O)c3ccc(cc3)CS[C@@H]4[NH+]=c5ccncc5=[NH+]4)F,C63502885,inactive
7533,Cc1ccc(cc1)[C@H](c2cccs2)NC(=O)C[NH+](C)CC(=O)Nc3cc(ccc3OC)Cl,C15441839,inactive
7534,c1ccc(cc1)C2=CCN(CC2)C(=O)CN3C(=O)[C@H](NC3=O)Cc4c[nH]c5c4cccc5,C14198301,inactive
7535,[H]/N=c/1\c2c(ncn1CCc3ccc(c(c3)OC)OC)Oc4ccc5ccccc5c4[C@H]2c6ccc(c(c6)OC)OC,C97954720,inactive
7536,CC(C)[NH+](Cc1[nH]c(=O)c2c(csc2n1)c3ccccc3OC)C[C@@H](COc4ccc(cc4)Cl)O,C36207132,inactive
7537,C[NH+](CC(=O)Nc1cccc(c1)F)CC(=O)Nc2ccc(c(c2)S(=O)(=O)N3CCCCC3)OC,C09492496,inactive
7538,CCCCCCCCN1C(=O)/C(=C/c2c(nc3c(cccn3c2=O)C)NCCCn4cc[nH+]c4)/SC1=S,C98228926,inactive
7539,c1ccc(cc1)NS(=O)(=O)c2ccc(cc2)C(=O)N[C@@H]3CCc4c3ccc(c4)F,C72022069,inactive
7540,CCOc1ccccc1NC2=Nc3ccccc3N4C2=[NH+]c5c(c(nn5c6ccccc6)C)[C@H]4c7ccc(c(c7)OC)OC,C02593633,inactive
7541,Cc1ccc(cc1)S(=O)(=O)N(C[C@@H](C[NH+]2CCCC2)O)c3ccc(cc3)NC(=O)C,C95117122,inactive
7542,c1ccc(cc1)CNC(=O)NCC(=O)N2CCN(CC2)S(=O)(=O)c3ccc(cc3)Br,C27075989,inactive
7543,CC[NH+](CC)c1ccc(cc1)/C=C\2/C(=O)c3ccc4c(c3O2)C[NH+](CO4)CCCc5ccccc5,C62993117,inactive
7544,Cc1cc(C)c(CNC(=O)c2cc(Br)cc3n(ncc23)C2CCN(CC2)C(=O)C(C)(C)C)c(=O)[nH]1,326115,active
7545,CCOC(=O)c1ccc(cc1)NC(=O)Cn2c3c(c4c(s3)CN(CC4)C(=O)C)c(=O)n(c2=O)c5ccccc5,C02693707,inactive
7546,CCN(C1CCC(CC1)N1CC(C1)OCC(F)(F)F)c1c(CC)c(cc2n(C)ncc12)C(=O)NCc1c(C)cc(C)[nH]c1=O,516864,active
7547,c1ccc2c(c1)-c3ccccc3C2COC(=O)N[C@@H](Cc4cn(c[nH+]4)C(=O)OCC5c6ccccc6-c7c5cccc7)C(=O)[O-],C98214695,inactive
7548,CCc1ccccc1NC(=O)CSc2c([nH+]c([nH]2)c3ccccc3)S(=O)(=O)c4ccccc4,C12112474,inactive
7549,COc1ccc(cc1OC)c2cc([nH+]c(c2C#N)SCC(=O)Nc3c(c4c(s3)CCCC4)C#N)c5ccccc5,C08426247,inactive
7550,Cc1cc(n([nH+]1)[C@@H](C)C(=O)Nc2ccc(cc2Cl)NC(=O)/C=C/c3ccccc3OC(F)F)C,C72038689,inactive
7551,C[C@H]1CCC[C@H]([C@@H]1C)NC(=O)[C@@H]2[C@@]34C=C[C@@H](O3)[C@@H]([C@@H]4C(=O)N2CC[NH+]5CCCC[C@@H]5C)C(=O)Nc6cccc(c6)Cl,C53229718,inactive
7552,c1cc(cc(c1)S(=O)(=O)/N=C\2/CCCN2)NC(=O)c3ccc(s3)Br,C34863171,inactive
7553,Cc1ccc(cc1)Cc2[nH+]c3cc(c(cc3n2CCC(=O)NCCc4ccc(c(c4)OC)OC)Cl)Cl,C96291143,inactive
7554,CC(C1COC1)c1cc(Cl)c2CCN(Cc3c4cc[nH]c4c(C)[nH]c3=O)C(=O)c2c1Cl,378914,active
7555,CCCCCCOc1ccc(cc1)N2C(=O)C[C@H](C2=O)S/C(=[NH+]\CC)/Nc3cccc(c3)C(F)(F)F,C08430170,inactive
7556,C/C(=N/NC(=O)CSc1[nH+]c2ccccc2n1Cc3ccccc3Cl)/c4ccc(cc4)c5ccccc5,C97447290,inactive
7557,CCN(c1cc(-c2ccc(CN3CCOCC3)cc2)cc(C(=O)NCC2C(=O)NC(C)c3cccc(F)c32)c1C)C1CCOCC1,CHEMBL5208744,active
7558,Cc1ccc(c(c1)NC(=O)[C@H](C(C)C)NS(=O)(=O)c2ccc3c(c2)OCCO3)C,C03404657,inactive
7559,Cc1ccc(cc1)S(=O)(=O)c2ccc(o2)C(=O)NC[C@H](c3ccc(c(c3)OC)OC)[NH+]4CCCCCC4,C40322884,inactive
7560,CC1=C([C@H](N2CCCSC2=[NH+]1)c3ccc(cc3)NC(=O)Nc4cccc(c4Cl)Cl)C(=O)OC,C33642466,inactive
7561,CCN([C@H]1CC[C@@H](CC1)N(C)C)c1cc(cc(C(=O)NCc2c(C)cc(C)[nH]c2=O)c1C)-c1ccsc1,172149,active
7562,Cc1ccc(c(c1)N/C(=[NH+]/[C@@H](C)[C@H](c2cccs2)[NH+]3CCOCC3)/[S-])C,C23182186,inactive
7563,Cc1cc(ccc1NC(=O)[C@H]2c3ccccc3C(=O)N([C@@H]2c4cn(c5c4cccc5)C)CCOC)Br,C59522926,inactive
7564,c1ccc(c(c1)/C=C/2\C(=O)N(C(=O)S2)CCNC(=O)CN3CCN(CC3)c4ccc(cc4)O)Cl,C33761544,inactive
7565,Cc1ccc(cc1)C(=O)N/C(=C\c2cn(nc2c3ccc(cc3)I)c4ccccc4)/C(=O)NCCC[NH+](C)C,C97947567,inactive
7566,CCN(c1cc(Cl)cc(C(=O)NCc2c(C)cc(C)[nH]c2=O)c1C)C1CCC(CO)CC1,CHEMBL3916617,active
7567,C[NH+](C)CCCN1[C@H](C(=C(C1=O)O)C(=O)c2ccc(cc2)OCc3ccccc3)c4cccc(c4OC)OC,C39826971,inactive
7568,c1ccc(cc1)[C@H]2C(=O)NCCN2S(=O)(=O)c3ccc4c(c3)CCC4,C62606767,inactive
7569,CCOc1cc(ccc1OCC=C)[C@H]2C(=C(C(=O)N2CC[NH+]3CCOCC3)O)C(=O)c4ccc5c(c4)OCCO5,C97968364,inactive
7570,CCOc1cc(ccc1OC(=O)c2cccs2)[C@H]3Nc4c(c5c(s4)C[C@H](CC5)C)C(=[NH+]3)O,C15947641,inactive
7571,CSc1cc(C)[nH]c(=O)c1CNC(=O)c1c(C)n([C@H](C)C2CCN(CC2)C2CC2)c2ncc(Cl)cc12,574927,active
7572,COc1ccc(cc1OC)CCN2C(=O)/C(=C/c3c(nc4ccccn4c3=O)NCCc5ccccc5)/SC2=S,C98229043,inactive
7573,CSc1c(c(n([nH+]1)CC(=O)Nc2ccccc2C(F)(F)F)N)c3nc(no3)c4ccc(cc4)Cl,C45895447,inactive
7574,CC(C)[C@@H](c1ccc(cc1)OC)NC(=O)c2ccc(cc2)NC(=O)CSc3[nH+]ccn3C,C25158069,inactive
7575,CC1(Cc2c(c(nc3c2c4c(s3)c(nc(n4)SC)NCC[NH+]5CCOCC5)N6CCOCC6)CO1)C,C13758826,inactive
7576,COc1ccc(cc1)NC(=O)CSc2nc(nn2CC(=O)Nc3ccccc3C(F)(F)F)c4cc[nH+]cc4,C01225091,inactive
7577,Cc1nc(cc(n1)SCCC(=O)Nc2nc3ccc(cc3s2)S(=O)(=O)N)c4ccccc4,C40171879,inactive
7578,CCCOc1ccc(cc1)C(=O)Oc2ccc(cc2/C=N/NC(=O)C(=O)Nc3cccc(c3)OC)Br,C04335823,inactive
7579,c1ccc(cc1)Oc2cccc(c2)/C=C(\C(=O)NCCCn3cc[nH+]c3)/NC(=O)c4ccc(cc4)Cl,C27017469,inactive
7580,CCN(C1CCOCC1)c1cc(cc(C(=O)NCc2c(C)cc(C)nc2=O)c1C)-c1ccc(cc1)C(=O)N1CCOCC1,172117,active
7581,Cc1ccccc1NC(=O)[C@@H](C)[NH+]2CC[NH+](CC2)CC(=O)Nc3ccc(cc3)OC(F)(F)F,C32541976,inactive
7582,c1ccc(cc1)CC2CC[NH+](CC2)CCNC(=O)c3nnc(s3)C(=O)Nc4ccc(cc4)F,C33060278,inactive
7583,Cn1c(nnn1)SCCC[NH2+]Cc2cc(ccc2OCc3ccc(cc3Cl)Cl)Br,C22109238,inactive
7584,CN(C)c1ccc(cc1)[C@@H](CNS(=O)(=O)c2ccccc2[N+](=O)[O-])[NH+]3CCN(CC3)c4ccc(cc4)F,C21755112,inactive
7585,C[C@H](c1nc2ccccc2c(n1)Nc3cccc(c3)OC)[NH+]4CCN(CC4)S(=O)(=O)c5ccc(cc5)F,C22052453,inactive
7586,COc1ccccc1[C@H]2[C@@H](C(=NC(=C2C(=O)OC)[O-])SCC(=O)Nc3ccc(cc3)Br)C#N,C97950989,inactive
7587,CCOc1ccc(cc1)[C@H]2C3=C(C[C@@H](CC3=O)c4ccc(cc4)OC(C)C)Nc5ccccc5N2,C21236738,inactive
7588,CC(C)[NH+]1CCc2c(sc(c2C(=O)N)NC(=O)CCCS(=O)(=O)c3ccc(cc3)Cl)C1,C09914546,inactive
7589,Cc1c(sc(n1)N2[C@@H]([C@H](C(=O)C2=O)C(=O)c3cccs3)c4ccc(cc4)O)C,C06812801,inactive
7590,c1ccc(cc1)CN(CCC(=O)N)C(=O)Cn2cnc3c(c2=O)c(cs3)c4ccc(cc4)Cl,C22057738,inactive
7591,CC(=O)Nc1ccc(cc1)S(=O)(=O)N2[C@H](C(=C([C@H]2C(=O)c3ccccc3)[NH3+])C#N)c4ccccc4,C20094984,inactive
7592,c1ccc(cc1)NC(=O)c2ccccc2/[NH+]=C\c3ccc(cc3)/C=N/c4ccccc4C(=O)Nc5ccccc5,C02842581,inactive
7593,Cc1cc(C)c(CNC(=O)c2cc3CC(C)(C)Oc3c(c2)-c2ccc(nc2)N2CCNCC2)c(=O)[nH]1,359740,active
7594,CCN(C1CCOCC1)c1cc(cc(C(=O)NCc2c(C)cc(C)[nH]c2=O)c1C)-c1ccc(CN2CCCN(C)CC2)cc1,172081,active
7595,CC(C)N(CC(=O)Nc1nc(cs1)CC(=O)NCC[NH+]2CCCC2)C(=O)c3ccc(c(c3)Cl)Cl,C00698188,inactive
7596,c1cc(ccc1NC(=O)c2ccc(o2)Br)NC(=O)c3ccc(o3)Br,C00842502,inactive
7597,CCCCCOc1cccc(c1)[C@@H]2C(=C(C(=O)N2CCC[NH+](CC)CC)O)C(=O)c3c(nc4n3cccc4)C,C35420407,inactive
7598,Cn1c(c(c(=O)n(c1=O)C)C(=O)CSc2nnc(n2c3ccc(cc3F)F)c4ccccc4)N,C03355546,inactive
7599,COc1cccc(c1)[C@H]2C[C@H](n3c(c(cn3)/C(=[NH+]/Cc4cccs4)/O)N2)C(F)(F)F,C00884182,inactive
7600,C[C@]12CCC(=O)C=C1CC[C@@H]3[C@H]2CC[C@]4([C@@H]3CC[C@@]4(C(=O)COC(=O)CCC(=O)NCCCn5cc[nH+]c5)O)C,C70705899,inactive
7601,CCOC(=O)c1c2cc(c(cc2n(c1CSC(=[NH2+])N)c3ccc(cc3)C)Br)OC(=O)C,C08453853,inactive
7602,CCN(CC)S(=O)(=O)c1ccc(cc1)Nc2c(c([nH+]cn2)Nc3ccc(cc3OC)OC)N,C40754429,inactive
7603,[H]/N=C/1\C(=C\c2cc(c(c(c2)Cl)O)Cl)\C(=O)N=C3N1C(=NS3)SCC,C04971112,inactive
7604,CCOc1cc(ccc1O)[C@@H]2c3c(nn(c3[NH+]=C4N2c5ccccc5N=C4Nc6ccc(c(c6)Cl)C)c7ccccc7)C,C01898619,inactive
7605,c1ccc(c(c1)C(=O)Nc2ccc(cc2)Br)NC(=O)C(=O)N/N=C/c3ccc(cc3)OC(=O)c4ccccc4I,C04282169,inactive
7606,CC\1(c2ccccc2N(/C1=C\C(=O)C[NH+]3CCN(CC3)S(=O)(=O)c4cc(n(c4)C)C(=O)N)C)C,C45620710,inactive
7607,CCOc1cc(ccc1OCc2c(cccc2Cl)Cl)/C=N/NC(=O)CSc3nnc(s3)N,C40947195,inactive
7608,COc1ccc(cc1)c2cc(n3c(n2)c(c(n3)C(=O)Nc4cccc(c4)O)Br)C(F)(F)F,C00825532,inactive
7609,C[C@H]1CCc2c(sc(c2C(=O)N)NC(=O)CCCS(=O)(=O)c3nc(cc(n3)C(F)(F)F)c4ccccc4OC)C1,C03655069,inactive
7610,CC(C)COC[C@H](C[NH+](CC(=O)N(CCc1c[nH]c2c1cccc2)Cc3ccc(cc3)C(C)(C)C)C(C)C)O,C35842651,inactive
7611,C[NH+]1C/C(=C\c2ccc(cc2)SC)/C3=C(C1)[C@@H](C(=C(O3)N)C#N)c4ccc(cc4)SC,C08448496,inactive
7612,c1ccc(cc1)C(=O)N/C(=C\c2ccc(o2)c3ccc(c(c3)Cl)Cl)/C(=O)NCCCn4cc[nH+]c4,C13551703,inactive
7613,Cc1cccc(c1)COc2ccc(cc2)C(=O)C3=C(C(=O)N([C@@H]3c4cccc(c4)Cl)Cc5ccc[nH+]c5)O,C13571305,inactive
7614,CC[NH+](CC)CCNC(=O)c1ccc2c(c1)[C@H]3C=CC[C@H]3[C@@H](N2)c4cc(ccc4Cl)[N+](=O)[O-],C14473571,inactive
7615,Cc1ccc(cc1)C2=NN([C@H](C2)c3ccc(cc3)Br)C(=[NH2+])S[C@@H]4CC(=O)N(C4=O)c5ccc(cc5)F,C59823926,inactive
7616,Cc1cc(ccc1S(=O)(=O)NC[C@H](c2ccc3c(c2)CCCN3C)[NH+]4CCCCC4)NC(=O)C,C08800272,inactive
7617,CCOC(=O)[C@@H]1[C@H](CC2=C(C1=O)[C@@H](C(=C(N2c3ccc(cc3)[N+](=O)[O-])N)C(=O)OCC)c4cccc(c4)F)c5cccs5,C98007114,inactive
7618,c1ccc(c(c1)NC(=O)c2ccc(cc2I)[N+](=O)[O-])NC(=O)c3cccs3,C72081208,inactive
7619,CS(=O)(=O)c1ccc(cc1)C(=O)NNc2nc3c(s2)ccc(c3Cl)Cl,C10046010,inactive
7620,Cc1cc(c(n1c2ccc(c(c2)Cl)Cl)C)/C=N\NC(=O)C(=O)NCc3ccc[nH+]c3,C83310629,inactive
7621,c1cc(ccc1C(=O)N2CCC[C@@H](C2)CO)N3CCC(CC3)[NH2+]CC4C5CC6CC(C5)CC4C6,C12456148,inactive
7622,Cc1ccc(cc1C)NS(=O)(=O)c2ccc3c(c2)[C@H]4C=CC[C@@H]4[C@@H](N3)c5cccnc5,C14547152,inactive
7623,Cc1nc2n(n1)c(c(s2)[C@H](c3ccc(c(c3)OC)OC)[NH+]4CCN(CC4)C(c5ccccc5)c6ccccc6)[O-],C22852772,inactive
7624,c1ccc(cc1)CC2CC[NH+](CC2)[C@H](c3ccc(cc3)Br)c4c(n5c(s4)nc(n5)c6ccco6)O,C97992528,inactive
7625,c1ccc(cc1)NC(=O)CN(Cc2ccc3c(c2)OCO3)S(=O)(=O)c4ccc(cc4)S(=O)(=O)N5CCCCC5,C01333370,inactive
7626,Cc1cc(C)c(CNC(=O)c2cc3[C@@H]4CCC[C@]4(C)Oc3c(Br)c2C)c(=O)[nH]1,359809,active
7627,CCCCCOc1cccc(c1)[C@H]2/C(=C(\c3ccc4c(c3)C[C@H](O4)C)/O)/C(=O)C(=O)N2CCCn5cc[nH+]c5,C09328952,inactive
7628,c1cnccc1/C=N/NC(=O)CNc2c(cc(cc2Br)Br)Br,C03150984,inactive
7629,c1ccc2c(c1)c(c[nH]2)C[C@@H](c3nnc4n3CCCCC4)NC(=O)c5ccccc5Cl,C03192023,inactive
7630,Cc1cc(ccc1Br)NS(=O)(=O)c2ccc(cc2)S(=O)(=O)NC,C71848846,inactive
7631,[H]/N=C\1/C(=C\c2ccc(c(c2)Cl)OCc3ccccc3C)/C(=O)N=C4N1N=C(S4)S(=O)(=O)C,C20208025,inactive
7632,COc1cc(C)[nH]c(=O)c1CN1CCN(C)c2c(Cl)cc(-c3ccc(N4CCOCC4)cc3)c(Cl)c2C1=O,CHEMBL5092735,active
7633,Cn1c2c(c(=O)n(c1=O)C)n(c([nH+]2)N/N=C/c3ccc(cc3)OCc4ccccc4)Cc5ccc(cc5)F,C08744240,inactive
7634,C[C@@H]1Cc2cc(ccc2O1)C(=O)C3=C(C(=O)N([C@@H]3c4cccc(c4)OCc5ccccc5)CCCn6cc[nH+]c6)[O-],C97954733,inactive
7635,Cc1ccc(cc1)CNc2ccc([nH+]n2)SCC(=O)NCc3ccccc3Br,C64944948,inactive
7636,CCOC(=O)c1c2c(sc1NC(=O)COC(=O)c3ccc(c(c3)N)OC)C[C@@H](CC2)c4ccccc4,C22868958,inactive
7637,c1ccc(cc1)/C=C/C(=O)N2CCC3(CC2)C(=O)N(CN3c4ccccc4)CC(=O)NCCc5cccc[nH+]5,C04185271,inactive
7638,CCN(c1cc(-c2ccc3c(c2)C(N2CCOCC2)CC3)cc(C(=O)NCc2c(OC)cc(C)[nH]c2=O)c1C)C1CCOCC1,CHEMBL5188577,active
7639,Cc1cccc([nH+]1)NC(=O)[C@H](Cc2ccccc2)NS(=O)(=O)c3ccc(s3)Br,C02498869,inactive
7640,Cc1cc(nc(n1)N/C(=N\C(=S)Nc2cc(cc(c2)OC)OC)/NC3CC([NH2+]C(C3)(C)C)(C)C)C,C14157989,inactive
7641,C[C@H](c1ccc(cc1)S(=O)(=O)N)[NH+](C)CC(=O)NC[C@@H]2COc3ccccc3O2,C16695064,inactive
7642,CCN(c1cc(-c2ccc(OCCOC)cc2)cc(C(=O)NCc2c(C)cc(C)[nH]c2=O)c1C)C1CCC(N(C)C)CC1,CHEMBL5187783,active
7643,CCCc1cc(C)[nH]c(=O)c1CNC(=O)c1cc(nc2n(ncc12)C(C)C)-c1ccc(nc1)N1CCN(C)CC1,50562605,active
7644,CCN(C1CCOCC1)c1cc(cc(C(=O)NCc2c(C)cc(C)[nH]c2=O)c1C)-c1ccc(OCCCCNC(=O)C[C@@H]2N=C(c3c(C)c(C)sc3-n3c(C)nnc23)c2ccc(Cl)cc2)cc1,50605634,active
7645,COC(=O)c1cc(cc(c1)Nc2c(c(nc[nH+]2)Nc3ccc(c(c3)Cl)Cl)N)C(=O)OC,C40703940,inactive
7646,Cc1cc(C)c(CNC(=O)c2cc3CCOc3c(c2)-c2ccc(nc2)N2CCOCC2)c(=O)[nH]1,359767,active
7647,Cc1ccc(cc1)[C@H](C(=O)NC(C)(C)C)N(c2cccc(c2)C)C(=O)CCC(=O)Nc3cccc[nH+]3,C08994898,inactive
7648,CSc1cc(C)[nH]c(=O)c1CN1CCc2c(Cl)c3OC(C)(Oc3c(C)c2C1=O)C12CCC(CC1)(CC2)N(C)C,588033,active
7649,COc1cccc(c1)[C@@H]2C[C@H](n3c(c(cn3)/C(=[NH+]/Cc4cccs4)/O)N2)C(F)(F)F,C00884184,inactive
7650,CC(C)(C)[C@H]([C@@H](n1cncn1)Oc2ccc(cc2)Cl)n3c(nnn3)[C@@H](c4ccccc4Cl)[NH+]5CCCCC5,C98001415,inactive
7651,Cc1ccc(c(c1)C)Nc2c3ccccc3c([nH+]n2)c4ccc(c(c4)S(=O)(=O)NCc5[nH]c6ccccc6n5)C,C06079679,inactive
7652,c1ccc(c(c1)CNC(=O)C2CCC(CC2)Cn3c(=O)c4ccccc4nc3SCC(=O)NC5CCCC5)Cl,C98009625,inactive
7653,Cc1cccc([nH+]1)C[NH+]2C[C@H](C[C@H]2C(=O)NCCc3cccc(c3)Cl)n4cc(nn4)C(=O)OC,C12246910,inactive
7654,c1ccc(c(c1)c2ccc(cc2)C(F)(F)F)C(=O)Nc3ccc4c(c3)CC[NH+](C4)Cc5nc[nH]n5,C33972842,inactive
7655,C[C@H](C1CCN(CC(F)(F)F)CC1)n1c(C)c(C(=O)NCc2c(SCc3ccccc3)cc(C)[nH]c2=O)c2ccccc12,50541899,active
7656,Cc1ccccc1COc2ccc(cc2)C(=O)C3=C(C(=O)N([C@H]3c4ccc(cc4)C(=O)OC)CCCn5cc[nH+]c5)O,C97969444,inactive
7657,c1cc(ccc1[C@@H]2CCC=C2)OC[C@H](C[NH+]3CCN(CC3)C[C@@H](COc4ccc(cc4)[C@H]5CCC=C5)O)O,C36077767,inactive
7658,CC1(Cc2c(c(sc2C([NH2+]1)(C)C)NC(=O)c3ccc(c(c3)[N+](=O)[O-])N4CCOCC4)C(=O)OC)C,C38806358,inactive
7659,c1cc(oc1)C(=O)Nc2ccc(c(c2)C(F)(F)F)NC(=O)c3cc(cc(c3)F)F,C10640982,inactive
7660,Cc1coc2c1C(=O)C(=O)c1c-2ccc2c1CC[C@@H](O)[C@]2(C)O,CHEMBL3287734,active
7661,C[C@H](C(=O)C(=C1Nc2ccccc2N1)C#N)[NH+]3CCN(CC3)C(c4ccc(cc4)F)c5ccc(cc5)F,C22926647,inactive
7662,Cc1ccc(cc1)C2=N[C@H](N[C@@H](C2)c3ccccc3O)c4cc(ccc4OC)OC,C58138133,inactive
7663,COc1ccc(cc1)c2c(cn(n2)c3ccccc3)/C=N/NC(=O)C(=O)Nc4c(c5c(s4)CCCC5)C#N,C04210521,inactive
7664,CC(C)[C@@H](C(=O)NC[C@H](c1ccccc1OC)[NH+]2CCCC2)NC(=O)c3ccccc3F,C12791914,inactive
7665,CN(C)c1cccc2c1cccc2S(=O)(=O)NCc3ccc(cc3)S(=O)(=O)N,C04362726,inactive
7666,C[C@@H]1Cc2ccccc2N1S(=O)(=O)c3cccc(c3)C(=O)OCC(=O)Nc4ccc(cc4)C(=O)N,C02630001,inactive
7667,CCc1c(c2c(c(sc2[nH+]c1C)C(=O)c3ccc(cc3)C(=O)c4c(c5c(c(c(nc5s4)C)CC)C)N)N)C,C08456778,inactive
7668,CCC[NH+](CC(=O)Nc1cccc(c1)S(=O)(=O)N)CC(=O)Nc2cc(ccc2Cl)Cl,C09590735,inactive
7669,CSc1cc(C)[nH]c(=O)c1CNC(=O)c1c(C)n([C@@H](C)C2COC2)c2ccccc12,574853,active
7670,CCOC(=O)c1c2c(sc1NC(=O)CSc3nc4c(c5ccccc5n4CCc6ccccc6)nn3)C[NH+](CC2)C,C98003528,inactive
7671,c1cc(ccc1/C=C/C(=O)N2CC[NH+](CC2)C(c3ccc(cc3)F)c4ccc(cc4)F)OCC(=O)N,C71808106,inactive
7672,c1ccc(cc1)CCNC(=O)[C@H]2C[C@H](C[NH+](C2)CCc3ccccc3)C(=O)Nc4ccc(cc4)F,C14542441,inactive
7673,Cc1cc(C)c(CNC(=O)c2cn(C(C)c3ccccc3)nc2C)c(=O)[nH]1,CHEMBL3605443,active
7674,c1ccc(cc1)c2c([nH+]c([nH]2)SCC(=O)NN3C(=O)C4(CCCCC4)NC3=O)c5ccccc5,C09335901,inactive
7675,CC(=O)N1CCC2(CC1)[NH2+][C@@H](CC(=N2)c3ccc(cc3)OC)c4cc(ccc4[O-])Cl,C32955255,inactive
7676,COc1cccc(c1O)[C@H]2CC(=N[C@H](N2)c3cc(ccc3OC)Br)c4ccc(cc4)Cl,C20764127,inactive
7677,c1cc(cc(c1)Br)[C@]2(CC=NN2C(=O)c3ccncc3)O,C59381746,inactive
7678,c1ccc(c(c1)C(=O)Nc2ccc(cc2)Cl)NC(=O)C(=O)N/N=C/c3ccc(cc3)OC(=O)c4cccc(c4)Br,C04261292,inactive
7679,COc1ccc(cc1)[C@@H](CNC(=O)c2ccc(cc2)S(=O)(=O)Nc3ccccc3)[NH+]4CCCC4,C15387701,inactive
7680,CC[NH+](CC)CCNC(=O)/C(=C\c1cn(c2c1cccc2)S(=O)(=O)N(C)C)/NC(=O)c3ccccc3,C33702617,inactive
7681,CNC(=O)NC(=O)CSc1nc2c(c(c(nn2)c3ccccc3)c4ccccc4)c(=[NH2+])n1C,C19897665,inactive
7682,COc1ccc(cc1)c2cc([nH+]c(c2C#N)SCC(=O)Nc3cccc(c3)C(F)(F)F)c4ccccc4,C06157121,inactive
7683,Cc1ccc(o1)[C@H]2c3ccc(cc3OC(=C2C#N)[NH3+])OC(=O)COc4ccc(cc4)Br,C38659114,inactive
7684,CCOC(=O)C1=C(OC(=C([C@@H]1c2ccc(c(c2)OC)OC)C#N)N)CSc3c(c(cc([nH+]3)C)C)C#N,C12139425,inactive
7685,CCN([C@H]1CC[C@@H](CC1)N(C)CCOC)c1cc(cc(C(=O)NCc2c(C)cc(C)[nH]c2=O)c1C)C#CCN1CCOCC1,155254,active
7686,CC1(C)CC(NC(=O)c2ccc(Oc3ccccc3C#N)cc2Cl)CC(C)(C)N1,CHEMBL3264772,inactive
7687,c1ccc(cc1)Cn2c(c3c(nc(nc3n2)N4CC[NH+](CC4)Cc5ccccc5)c6cccc(c6)F)N,C37360319,inactive
7688,Cc1c(c(=O)n(n1C)c2ccccc2)NC(=O)[C@@H](C)NC(=O)c3ccccc3NC(=O)c4ccccc4,C01174818,inactive
7689,CCN([C@H]1CC[C@@H](CC1)N(C)C)c1cc(cc(C(=O)NCc2c(C)cc(C)[nH]c2=O)c1C)-c1ccc(C)nc1,172150,active
7690,CCOc1ccc(cc1C)c2c(cn(n2)c3ccccc3)/C=C(\C#N)/C(=O)Nc4c(n(n(c4=O)c5ccccc5)C)C,C29490932,inactive
7691,c1ccc(cc1)C/N=C(/c2cccc(c2)n3c(=O)c4ccc(cc4[nH]c3=S)Cl)\O,C03043849,inactive
7692,c1ccc(c(c1)/[NH+]=C/c2cccc(c2O)[N+](=O)[O-])OCCCCOc3ccccc3/N=C/c4cccc(c4O)[N+](=O)[O-],C59211941,inactive
7693,C[C@@H]1[C@@H]([C@@H](N(N1)c2ccccc2)[NH+]3CCC(CC3)C(=O)NCCC4=c5ccccc5=[NH+]C4)NC(=O)C,C63694179,inactive
7694,c1ccc(cc1)[C@@H]2C/C(=C\3/C(=c4cc(ccc4=[NH+]C3=O)Cl)c5ccccc5)/NN2C(=O)CCC(=O)[O-],C13130473,inactive
7695,c1ccc(cc1)CCNS(=O)(=O)c2ccc(cc2)CCC(=O)Nc3ccc(cc3F)Br,C02853840,inactive
7696,CCCCCOc1ccccc1Cn2c3ccccc3[nH+]c2S[C@H]4[C@@H]([C@@H]([C@@H]([C@@H](O4)CO)O)O)O,C39915889,inactive
7697,c1ccc(cc1)CCNC(=O)c2ccccc2NC(=S)NC(=O)c3ccc(cc3)OCCc4ccccc4,C14041720,inactive
7698,CN1CC=C2[C@H](C1)[C@H](C(C(=C2C#N)[NH3+])(C#N)C#N)c3ccc(s3)Br,C16034415,inactive
7699,C[C@@H](c1cccn2c1[nH+]c(c2)c3ccc(cc3)C[C@@H](CNC(=O)C[NH+](C)C)NC(=O)c4ccc(c(c4)Cl)OC(C)C)O,C68151184,inactive
7700,c1ccc(cc1)n2cc(c(n2)c3cccc(c3)OCc4ccc(cc4)Cl)/C=C(/C#N)\C(=O)NCCCn5ccnc5,C97947244,inactive
7701,Cc1ccc(c(c1)NC(=O)/C(=C/c2cc(cc(c2O)OC)Br)/C#N)C,C15012903,inactive
7702,Cc1ccc(cc1)C(=O)N[C@H](C(Cl)Cl)N/C(=[NH+]\[C@H](C(Cl)Cl)NC(=O)c2ccc(cc2)C)/C,C97946905,inactive
7703,CCCOc1ccc(cc1)[C@@H]2/C(=C(/c3ccc(cc3)Br)\O)/C(=O)C(=O)N2CC[NH+](CC)CC,C08905450,inactive
7704,CCOC(=O)c1c(c2c3c(c([nH+]c2s1)C(C)C)CCCC3)NC(=S)NC(=O)c4ccccc4,C08914228,inactive
7705,c1ccc(cc1)C(=O)CSc2nnc(s2)NC(=O)/C=C/c3cn(nc3c4ccc(cc4)F)c5ccccc5,C02391086,inactive
7706,CCS(=O)(=O)N1Cc2ccccc2C[C@H]1C(=O)Nc3ccc(cc3)S(=O)(=O)N4CCCCC4,C03362075,inactive
7707,c1ccc(cc1)C(=O)N/C(=C\c2ccc3c(c2)OCO3)/C(=O)NNc4cc[nH+]c5c4ccc(c5)Cl,C05734061,inactive
7708,c1ccc(cc1)/C=C/C(=O)[C@@H]([C@H]2c3ccccc3C(=O)O2)C(=O)C(=O)Nc4ccccc4C(=O)N,C71776160,inactive
7709,CC(C)n1ncc2c(cc(nc12)C1=CCN(CC1)C1CCN(CC1)C(C)=O)C(=O)NCc1c(C)cc(C)[nH]c1=O,325962,active
7710,COc1ccc(cc1)S(=O)(=O)NCC(=O)NC[C@@H](c2ccccc2Cl)C3=c4ccccc4=[NH+]C3,C63920249,inactive
7711,CCCc1cc(C)[nH]c(=O)c1CNC(=O)c1cc(-c2ccc(N3CCN(C(C)C)CC3)nc2)cc2c1cnn2C,CHEMBL4539350,active
7712,Cc1ccc2c(c1)sc(n2)NC(=O)C(=O)NC[C@H](c3cccc4c3cccc4)[NH+](C)C,C10085789,inactive
7713,CC[C@@H]1[C@@]([C@@H]([C@H](C(=O)[C@@H](C[C@@]([C@@H]([C@H]([C@@H]([C@H](C(=O)O1)C)O[C@@H]2C[C@]([C@@H]([C@H](O2)C)O)(C)OC)C)O[C@@H]3[C@@H]([C@H](C[C@H](O3)C)[NH+](C)C)OC(=O)CC)(C)O)C)C)O)(C)O,C85867669,inactive
7714,CN(C)c1ccc(cc1)Nc2cc3c(cc2Nc4ccccc4)[n+](c5cc(ccc5n3)N(C)C)c6ccccc6,C43199470,inactive
7715,CCOC(=O)C1=C(n2c(=O)/c(=C\c3ccc(cc3)Br)/sc2=C([C@@H]1c4ccc(cc4)Br)C(=O)OC)N,C97968560,inactive
7716,CC(C)C[NH+](CCNC(=O)CN1c2ccccc2S/C(=C/c3ccc(cc3)C(F)(F)F)/C1=O)CC(C)C,C03051129,inactive
7717,Cc1ccccc1OCCOc2ccc(cc2)[C@H]3/C(=C(/c4cccs4)\O)/C(=O)C(=O)N3CCC[NH+](C)C,C09333753,inactive
7718,Cc1ccc(cc1)n2c(=O)c3c4c(sc3nc2SCC(=O)N)CO[C@@H](C4)C(C)C,C01252796,inactive
7719,CCN(C1CCOCC1)c1cc2oc(C)cc2c(C(=O)NCc2c(OC)cc(C)[nH]c2=O)c1C,50287125,active
7720,CC(c1ccccc1)n1ccc(cc1=O)C(=O)NCc1c(C)cc(C)[nH]c1=O,50110370,active
7721,CCN(CC)S(=O)(=O)c1ccc(cc1)Nc2c(c(nc[nH+]2)N3C[C@]4(C[C@@H]3CC(C4)(C)C)C)N,C40734828,inactive
7722,CCN(c1cc(-c2ccc(CN3CCN(C)CC3)cc2)cc(C(=O)NCc2c(C)cc(C)[nH]c2=O)c1C)C1CCOCC1,CHEMBL3697456,active
7723,COC(=O)c1c(c2cc(c[nH+]c2n1CCc3ccccc3)NC[C@H](CO)O)NC(=O)[C@H]4CCCO4,C14747301,inactive
7724,c1ccc2c(c1)C(=O)N(C2=O)CCC(=O)Nc3ccc(cc3)S(=O)(=O)N,C00856709,inactive
7725,Cc1cc(C)c(CNC(=O)c2cc3CC(C)(C)Oc3c(Br)c2)c(=O)[nH]1,359730,active
7726,Cc1ccc(cc1)c2csc(n2)NC(=O)[C@@H](c3ccccc3)Nc4ccc5c(c4)OCO5,C12568202,inactive
7727,Cc1cccc(c1NC(=O)C[NH+](CC(=O)Nc2c(cccc2C)C)CC(=O)N[C@@H](C)c3ccco3)C,C21579598,inactive
7728,CC1(CC2=NC(=C)C([C@H](C2C(=O)C1)c3ccc(o3)COc4cccc(c4)C(F)(F)F)C(=O)Nc5cccc[nH+]5)C,C08440157,inactive
7729,C[C@@H](C(=O)Nc1ccc(cc1)S(=O)(=O)N2CCCC2)[NH+]3CCC(=CC3)c4c[nH]c5c4cccc5,C24978867,inactive
7730,c1cc(ccc1S(=O)(=O)CCSCC(=O)Nc2cscc2S(=O)(=O)c3ccc(cc3)Cl)Cl,C03120341,inactive
7731,COc1ccc2OCCN(Cc3c(C)cc(C)[nH]c3=O)C(=O)c2c1Cl,50193725,active
7732,c1ccc(c(c1)OCCNC(=O)c2ccc(cc2)NC(=O)C[C@H]3C(=O)[NH+]=C(S3)N4CCCC4)F,C09728265,inactive
7733,Cc1cc(C)c(CNC(=O)c2cc(-c3cnn(C)c3)cc(N(C)C3CCOCC3)c2C)c(=O)[nH]1,CHEMBL3697405,active
7734,Cc1ccc(cc1S(=O)(=O)NC(C)(C)C#C)c2c3ccccc3c(n[nH+]2)Nc4ccc(cc4)OC(F)(F)Cl,C02191549,inactive
7735,CCOC(=O)c1c2c(sc1NC(=O)C(=O)N/N=C/c3cc(ccc3OC(=O)c4ccc(c(c4)OC)OC)Br)CCCC2,C04330570,inactive
7736,Cc1cc(C)c(CNC(=O)c2cc(nc3n(ncc23)C2COC2)C2=CC(C)(C)NC(C)(C)C2)c(=O)[nH]1,325921,active
7737,c1ccc(cc1)n2c(=O)c(c(cn2)Oc3ccc(cc3)Cl)Nc4cccc(c4)C(=O)NCc5cccc[nH+]5,C98015284,inactive
7738,CC(C)(C)c1c2c(n(n1)c3ccc(cc3)OC)N(C(=O)CS[C@@H]2c4ccc(c(c4)OC)OC)CC(=O)NCc5cc[nH+]cc5,C98011448,inactive
7739,Cc1ccc(cc1)S(=O)(=O)N[C@H](CC(C)C)C(=O)NCc2ccc(c(c2)F)n3cc[nH+]c3C,C72032928,inactive
7740,Cc1cccc([nH+]1)N[C@@H](c2ccsc2)c3c4c(sc3NC(=O)c5ccccc5)CCCC4,C35476882,inactive
7741,c1cc(cc(c1)Cl)NC(=O)c2c(ccs2)NC(=O)c3cnccn3,C67335999,inactive
7742,C=CCOc1ccc(cc1)C(=O)[C@@H]2[C@H]3CCC[NH+]3[C@@]4([C@@]25c6ccccc6NC5=O)c7ccccc7NC4=O,C09233747,inactive
7743,CCOc1ccc(cc1)NC(=S)N(CCc2c([nH]c3c2cc(cc3)C)C)Cc4cc[nH+]cc4,C37867943,inactive
7744,CCN(C1CCOCC1)c1cc(cc(C(=O)NCc2c(C)cc(C)[nH]c2=O)c1C)-c1ccc(nc1)N1CCNCC1,172165,active
7745,c1cc(c(cc1F)Cl)CNS(=O)(=O)c2cc(cs2)c3ccc(=O)[nH]n3,C65129072,inactive
7746,CCCc1cc(C)[nH]c(=O)c1CNC(=O)c1cc(-c2ccc(F)cc2)cc2c1cnn2C(C)C,CHEMBL4554500,active
7747,COc1ccc(cc1)[C@H]2CC(=NN2C(=O)C[NH+]3CC[NH+](CC3)CC(=O)NCC=C)c4ccccc4,C27558891,inactive
7748,c1cc(cc(c1)F)NC(=O)CSc2nnc(s2)NC(=O)[C@@H]3CC(=O)N(C3)c4ccc(cc4)F,C08908647,inactive
7749,CCN([C@H]1CC[C@@H](CC1)N(C)C)c1cc(cc(C(=O)NCc2c(C)cc(C)[nH]c2=O)c1C)C#CC1CC1,190199,active
7750,c1ccc2=[NH+][C@H]3C(=c2c1)N=NC(=N3)SCC(=O)Nc4ccc(cc4)S(=O)(=O)Nc5nccs5,C39345067,inactive
7751,CCC(CC)n1ncc2c(C(=O)NCc3c(C)cc(C)[nH]c3=O)cc(C#N)cc21,CHEMBL5187594,active
7752,CCN(c1cc(-c2ccc(CN3CCOCC3)cc2)cc(C(=O)NCc2c(C)cc(C)[nH]c2=O)c1C)C1CCCC1,CHEMBL3697428,active
7753,CCOc1cc(ccc1O)[C@H]2/C(=C(\c3ccc(cc3)OC(C)C)/O)/C(=O)C(=O)N2Cc4ccc[nH+]c4,C08741017,inactive
7754,COC(=O)[C@H]1C(=c2ccccc2=[NH+]1)NC(=O)CN3CC[NH+](CC3)C4c5ccccc5-c6c4cccc6,C38685276,inactive
7755,C[C@H](C1CCN(CC(C)(C)C)CC1)c1sc2CCCN(Cc3c(C)cc(C)[nH]c3=O)C(=O)c2c1C,439129,active
7756,COc1ccc(cc1COc2cccc(c2)C(F)(F)F)[C@H]3[C@@H]4CCCC=C4C(=C(C3(C#N)C#N)[NH3+])C#N,C00649354,inactive
7757,COc1ccc(cc1OC)[C@@H]2C[C@@H](n3c(c(c(n3)/C(=[NH+]/Cc4cccs4)/O)Cl)N2)C(F)(F)F,C00867116,inactive
7758,CCN(C1CCOCC1)c1cc(cc(C(=O)NCc2c(C)cc(C)nc2=O)c1C)-c1cccc(CN2CCOCC2)c1,172108,active
7759,C[C@H](C(=O)N/[NH+]=C/c1ccccc1O)Sc2nnc(n2CC=C)CNc3ccc(cc3)Cl,C02743338,inactive
7760,CN(C[C@@H]([C@@H]([C@@H]([C@@H](CO)O)O)O)O)c1ccnc2n1ncn2,C05913429,inactive
7761,CCCCCCOc1ccc(cc1C(=O)NC(=S)Nc2c(c(c(s2)C)C)C(=O)N)Br,C14648542,inactive
7762,c1ccc2c(c1)c3cc(ccc3n2C[C@@H](C[NH+]4CCN(CC4)C[C@H](Cn5c6ccc(cc6c7c5ccc(c7)Cl)Cl)O)O)Cl,C67997823,inactive
7763,C[NH+](C)CCN(c1nc2ccccc2s1)C(=O)c3ccccc3NS(=O)(=O)c4ccc(cc4)Cl,C36690266,inactive
7764,C[NH+]1CCc2c(c(c3c(c(sc3n2)C(=O)c4ccc(cc4)Cl)N)c5ccc(c(c5)OC)OC)C1,C40570150,inactive
7765,COc1cccc(c1O)[C@H]2CC(=N[C@@H]([NH2+]2)c3ccc(c(c3)Br)OC)c4ccc(cc4)Cl,C09542381,inactive
7766,COc1ccc(cc1CN2CCN(CC2)c3ccc(cc3)[N+](=O)[O-])[C@H]4c5c(c6ccccc6[nH]5)CC[NH2+]4,C53175317,inactive
7767,C[C@@H]1CC[C@H]([C@@H](C1)OC(=O)C2=C(N=C3[NH+]=CNN3[C@@H]2c4cc(ccc4OC)Br)C)C(C)C,C09942098,inactive
7768,C[C@H]1Cc2cc(ccc2O1)/C(=C/3\[C@@H](N(C(=O)C3=O)CCCn4cc[nH+]c4)c5ccc(c(c5)Cl)Cl)/O,C09328396,inactive
7769,Cc1cccc(c1)Oc2coc3cc(ccc3c2=O)OC[C@@H](C[NH+]4CCN(CC4)c5ccccc5Cl)O,C84213105,inactive
7770,CCN(CC)S(=O)(=O)c1ccc(cc1)NC(=O)CSc2nc([nH]n2)N/N=C(\C)/c3cc[nH+]cc3,C21082358,inactive
7771,COc1cc2c(cc1OC)[C@H]([NH2+]CC2)Cc3ccc(c(c3)c4cc(ccc4O)C[C@@H]5c6cc(c(cc6CC[NH2+]5)OC)OC)O,C04273395,inactive
7772,COc1ccc(cc1OC)CCn2cnc3c(c2=[NH2+])[C@H](c4ccc(cc4O3)O)c5ccc(c(c5)OC)OC,C13768273,inactive
7773,COC(c1cc(Cl)c2c(c1Cl)C(=O)N(Cc1c(C)cc(C)[nH]c1=O)CC2)C1CCN(C)CC1,CHEMBL4071056,active
7774,c1cc(ccc1C(F)(F)F)NC(=O)CSc2[nH+]cc(n2Cc3ccc4c(c3)OCO4)CO,C09650405,inactive
7775,CC(C)(C)OCOC(=O)C[C@@H]1C[NH2+]C[C@H](N1)CC(=O)OC(c2ccccc2)(c3ccccc3)c4ccccc4,C90636400,inactive
7776,COc1ccc2cc(c(nc2c1)N3CCC[C@H](C3)CO)C[NH2+]Cc4ccccc4C(F)(F)F,C39353634,inactive
7777,CN(c1ccc(cc1)NC(=O)NC[C@H](C[NH+]2CCc3ccccc3C2)O)C(=O)c4ccc(cc4)Cl,C72025908,inactive
7778,C[C@@H](c1ccc(cc1)CC(C)C)C(=O)NC(=S)Nc2ccc(cc2)S(=O)(=O)N3CC[NH+](CC3)C,C66199620,inactive
7779,CCN(C1CCOCC1)c1cc(cc(C(=O)NCc2c3CCCCCc3c(C)[nH]c2=O)c1C)-c1ccc(CN2CCOCC2)cc1,50594149,active
7780,CCOC(=O)N1CC=C2[C@@H](C1)[C@H](C(C(=C2C#N)[NH3+])(C#N)C#N)c3cc(c(c(c3)OC)OC)OC,C08816889,inactive
7781,CCN(C1CCOCC1)c1cc(cc(C(=O)NCc2c(cc(C)[nH]c2=O)C(C)C)c1C)-c1ccc(cc1)C(=O)NCCO,601703,active
7782,Cc1ccccc1C[NH2+]C[C@@H]2[C@H](CC[C@H](O2)Cc3cc(on3)CN4CCN(CC4)c5ccccc5)O,C96296065,inactive
7783,CC(C)[C@@H](c1nnnn1Cc2ccc(cc2)F)[NH+](Cc3ccco3)Cc4cc5cc(c(cc5[nH]c4=O)OC)OC,C01334535,inactive
7784,CC[NH2+][C@H](C(=O)COc1ccc(cc1OC)[C@H]2c3c([n-]c(n3)C(F)(F)F)OC(=C2C#N)[NH3+])NCC,C19324627,inactive
7785,C[NH+]1C2=C(CCCC2)[C@H](N1)C(=O)N(C)CC3=NN=C(C3)c4cccs4,C65462866,inactive
7786,CCOc1ccc(cc1)NC(=O)c2ccccc2NC(=O)C(=O)N/N=C/c3c4ccccc4cc5c3cccc5,C02520309,inactive
7787,COc1cc(ccc1NC(=O)c2cc3ccccc3o2)/[NH+]=C/c4cc(cc(c4O)OC)Br,C98086862,inactive
7788,CC[NH+]1C[C@H]2[C@H](C([C@H](C(=C2C=C1)C#N)N)(C#N)C#N)c3ccccc3C(F)(F)F,C13151287,inactive
7789,CCN([C@H]1CC[C@@H](CC1)N(C)C)c1cc(cc(C(=O)NCc2c(C)cc(C)[nH]c2=O)c1C)-c1cnc(N)nc1,172147,active
7790,CCOc1ccc(cc1)NC(=O)CCCCCN2C(=O)/C(=C/c3c[nH]c4c3cccc4)/SC2=S,C15044503,inactive
7791,c1ccc(cc1)[C@@H](C(=O)N2CCCC2)OC(=O)c3ccc(c(c3)S(=O)(=O)N)Cl,C12993761,inactive
7792,c1cc(oc1)c2nc3n(n2)c(c(s3)[C@H](c4ccc(cc4)Br)[NH+]5CCN(CC5)C(=O)c6ccco6)[O-],C97992536,inactive
7793,CC(C)CCOc1ccc(cc1OC)Cn2c3ccccc3[nH+]c2S[C@H]4[C@@H]([C@@H]([C@@H]([C@@H](O4)CO)O)O)O,C39915941,inactive
7794,Cc1ccc(o1)CN([C@@H](c2ccc(cc2)O)C(=O)NC(C)(C)CC(C)(C)C)C(=O)c3ccc(cc3)[N+](=O)[O-],C36603003,inactive
7795,c1ccc(c(c1)C2(CC[NH+](CC2)C[C@H](c3ccc(cc3)N4CCCC4=O)O)O)F,C12292126,inactive
7796,c1cc(cc(c1)S(=O)(=O)Nc2ccc(c(c2)C(F)(F)F)Cl)S(=O)(=O)N,C22409989,inactive
7797,[H]/N=C(/[C@@H]1[C@@H]2[C@H]([C@H]3[NH+]1C=Cc4c3cccc4)C(=O)N(C2=O)c5ccc(cc5)Br)\[O-],C43726910,inactive
7798,C[C@@H]1Cc2cc(ccc2O1)C(=O)C3=C(C(=O)N([C@H]3c4ccc(cc4)OCc5ccccc5)c6cccc[nH+]6)O,C34990468,inactive
7799,COC(C1CN(C1)C(=O)CO)c1cc(Cl)c2CCN(Cc3c(C)cc(C)[nH]c3=O)C(=O)c2c1Cl,435622,active
7800,c1ccc(cc1)N2CN(C(=O)C23CCN(CC3)C(=O)Nc4ccc(c(c4)F)F)CC(=O)NC5CCCCC5,C35349488,inactive
7801,C[C@@H]1c2c(c3ccccc3[nH]2)[C@@H](C[NH+]1[C@@H]4CC(=O)N(C4=O)c5cccc(c5)OC)c6ccccc6,C72459740,inactive
7802,c1ccc2=[NH+]CC(=c2c1)C[C@H](C(=O)NCCc3cccc[nH+]3)NS(=O)(=O)c4ccc(cc4)Cl,C63795736,inactive
7803,C1CCC(CC1)(CNC(=O)CCc2[nH]c(=O)c3c4c(sc3n2)CCCC4)[NH+]5CCCCC5,C11564274,inactive
7804,CC(=O)N[C@H]1C[C@](C[C@H]([C@@H]1O)O)(C(=O)N[C@@H](Cc2ccc(cc2)OC)C(=O)N)O,C03839678,inactive
7805,CCOC(=O)[C@H]1CC[C@@H](N(CC)c2cc(Cl)cc(C(=O)NCc3c(C)cc(C)[nH]c3=O)c2C)CC1,CHEMBL3902888,active
7806,c1ccc(c(c1)NC(=O)N2CCC[C@H](C2)c3nnc(s3)C(=O)Nc4ccc(cc4)F)Cl,C33106817,inactive
7807,CN(C)c1ccc(cc1)NC(=O)[C@@H](c2ccc(c(c2)OC)OC)N(Cc3ccc(cc3)F)C(=O)CN4c5ccccc5C(=O)C4=O,C08695739,inactive
7808,Cn1c(cc(n1)c2ccc(c(c2)OC)OC)[C@H]3C[NH+]4CC[C@H]3C[C@@H]4COC(=O)Nc5cccc(c5)C(F)(F)F,C67870658,inactive
7809,CN1CCCc2c1ccc(c2)[C@H](CNC(=O)C(=O)Nc3ccc(cc3)OC(F)(F)F)[NH+]4CCCC4,C09135617,inactive
7810,c1ccc(c(c1)CNc2ccc(cc2[N+](=O)[O-])N3C(=O)[C@H]4[C@@H]5C[C@H]([C@H]4C3=O)C=C5)Sc6ccccc6CO,C59525300,inactive
7811,C[C@H]1C[C@@H](C[NH+](C1)C[C@@H](C)NC(=O)c2ccc(cc2)NS(=O)(=O)c3ccc(c(c3)F)F)C,C60015709,inactive
7812,CC(C)n1ncc2c(cc(cc12)-c1ccc(nc1)N1CCN(C)CC1)C(=O)NCc1c(C)cc(C)[nH]c1=O,50400779,active
7813,COc1cc(ccc1NC(=O)CSc2[nH]c3ccccc3[nH+]2)c4ccc(c(c4)OC)NC(=O)CSc5[nH]c6ccccc6n5,C98023130,inactive
7814,Cc1cc(ccc1/C(=C/2\[C@@H](N(C(=O)C2=O)Cc3ccc[nH+]c3)c4cccs4)/O)OCc5ccccc5,C13569160,inactive
7815,Cc1c(c(=O)n(n1C)c2ccccc2)NC(=O)C[NH+](C)CC(=O)Nc3ccc(c(c3)C(F)(F)F)Cl,C02726041,inactive
7816,C[C@]12CC[C@H]3[C@H]([C@@H]1C[C@@H]([C@H]2O)[NH+]4CCCC4)CC[C@@H]5[C@@]3(C[C@@H]([C@H](C5)O)N6CCOCC6)C,C22011078,inactive
7817,CCN([C@H]1CC[C@@H](CC1)N(C)C)c1cc(Cl)cc(C(=O)NCc2c(C)[nH][nH]c2=O)c1C,310746,active
7818,Cc1cc(no1)NC(=O)CCC(=O)N(c2ccc(cc2)Cl)[C@H](c3ccc(cc3)OC)C(=O)NC(C)(C)C,C12492697,inactive
7819,Cc1ccc(cc1S(=O)(=O)NCc2[nH]c3ccccc3n2)c4c5ccccc5c(n[nH+]4)Nc6cccc(c6)Br,C06161706,inactive
7820,c1ccc(cc1)c2ccc(cc2)C[C@]3(CCC(=O)N3)CCC(=O)N[C@H](c4ccccc4)c5cc[nH+]cc5,C14987259,inactive
7821,COc1c(nccn1)NS(=O)(=O)c2ccc(cc2)NC(=S)NC(=O)Cc3ccc(cc3)Cl,C66200596,inactive
7822,C[C@]12CC[C@H]3[C@H]([C@]1(CC[C@@H]2C4=CC(=O)OC4)O)CC[C@]5([C@@]3(CC[C@@H](C5)O)/C=[NH+]/Cc6cc(c(c(c6)OC)OC)OC)O,C70692155,inactive
7823,Cn1c2c(c(=O)n(c1=O)C)n(c(n2)[NH2+]CCc3ccc(c(c3)OC)OC)Cc4ccccc4Br,C01127188,inactive
7824,CC1=NC2=C([C@H](C1C(=O)Nc3cccc(c3)F)c4ccc(c(c4)OC)O)C(=O)C[C@H](C2)c5cccs5,C12416292,inactive
7825,COc1ccccc1NC(=O)Cc2nnc(n2CC=C)SCC(=O)Nc3ccc(c(c3)Cl)Br,C02867100,inactive
7826,c1ccc(cc1)CNC(=O)CN(c2cccc(c2)C(F)(F)F)C(=O)CCC(=O)Nc3cccc[nH+]3,C13501277,inactive
7827,CCCCNC(=O)[C@@H](N)CCSC[C@H]1O[C@H]([C@H](O)[C@@H]1O)n1cnc2c(N)ncnc12,50063671,inactive
7828,COc1cc(c(cc1Nc2c(c(nc[nH+]2)N(Cc3ccccc3)c4cccc[nH+]4)N)Cl)OC,C40798534,inactive
7829,c1cc(ccc1[C@H]2/C(=C(/c3ccc(cc3)F)\O)/C(=O)C(=O)N2CCC[NH+]4CCOCC4)Br,C09109978,inactive
7830,C[C@H]1C[C@H](CN(C1)C(=O)C[NH+]2CC[NH+](CC2)CC(=O)Nc3ccccc3I)C,C22932325,inactive
7831,CCCc1cc(C)[nH]c(=O)c1CNC(=O)c1cc(-c2ccc(C(F)(F)F)cn2)cc2c1cnn2C(C)C,CHEMBL4520484,active
7832,Cc1c(c(ccc1NC(=O)CSc2nnc(n2CC=C)CC(=O)Nc3cccc(c3)OC)Br)C,C02859546,inactive
7833,COc1ccc2ccccc2c1[C@H]3[C@H]4C[NH+](CC=C4C(=C(C3(C#N)C#N)N)C#N)Cc5ccccc5,C27329748,inactive
7834,COc1ccc(cc1NS(=O)(=O)c2ccc(cc2)F)NC(=O)Cc3ccc(cc3)Br,C22131676,inactive
7835,Cc1cc(c(n1c2cccc(c2)Br)C)/C=N/NC(=O)C(=O)Nc3ccc(cc3)F,C58912935,inactive
7836,c1cc([nH+]cc1)N/N=C/c2ccc(cc2)O[C@@H]3OCCO[C@H]3Oc4ccc(cc4)/C=N/Nc5[nH+]cccc5,C12524174,inactive
7837,CC(C)n1ncc2c(cc(nc12)C1CCN(CC1)C(C)=O)C(=O)NCc1c(C)cc(C)[nH]c1=O,325987,active
7838,COc1ccc(cc1OC)CCNC(=O)CSc2nc3ccc(cc3s2)/[NH+]=C\c4ccccc4O,C00714064,inactive
7839,c1ccc2c(c1)ccn2CC(=O)NNC(=O)[C@H]3Cc4cc(ccc4OC3)F,C90401307,inactive
7840,c1ccc(c(c1)Cc2cnc(s2)NC(=O)c3ccc4c(c3)nc[nH]4)Br,C12525244,inactive
7841,CCCCCCCCCCCC/[NH+]=C/[C@]12CC[C@@H](C[C@]1(CC[C@@H]3[C@@H]2CC[C@]4([C@@]3(CC[C@H]4[C@@H]5C=CC(=O)O5)O)C)O)O,C70669813,inactive
7842,CCOc1ccc(cc1)[C@@H]2C(=C(C(=O)N2Cc3cc[nH+]cc3)O)C(=O)c4ccc(cc4)OCc5cccc(c5)C,C97952323,inactive
7843,COc1ccc(cn1)-c1cc(cc2CC(C)(Oc12)C(C)C)C(=O)NCc1c(C)cc(C)[nH]c1=O,359836,active
7844,CCCCOc1ccc(cc1)NC(=O)NC[C@@H](c2ccc3c(c2)CCCN3C)[NH+]4CCCC4,C38517575,inactive
7845,COc1cc(cc(c1OC)OC)C[NH2+]Cc2cc3ccc(cc3nc2N4CCC[C@@H](C4)CO)SC,C19798909,inactive
7846,CC(C)n1ncc2c(cc(nc12)C1CCN(CC1)C(=O)C1CCCN(C)C1)C(=O)NCc1c(C)cc(C)[nH]c1=O,325964,active
7847,CC(C)c1cc(C(=O)NCc2c(C)cc(C)[nH]c2=O)c2cnn(C3CCCC3)c2c1,326122,active
7848,Cc1ccc(cc1)S(=O)(=O)c2c([nH]c([nH+]2)c3ccccc3)SCC(=O)Nc4ccc(cc4)F,C12252757,inactive
7849,CC[NH+](CC)CCCN1[C@@H](/C(=C(/c2ccc(c(c2)Cl)OC)\O)/C(=O)C1=O)c3ccc(cc3)C(C)(C)C,C09273197,inactive
7850,CC1Cc2cc(cc(c2O1)-c1ccc(nc1)N1CCOCC1)C(=O)NCc1c(C)cc(C)[nH]c1=O,359763,active
7851,Cc1ccccc1c2csc3c2c(=O)[nH]c(n3)C[NH+](Cc4ccco4)C[C@H](COCc5ccco5)O,C36207654,inactive
7852,C[NH+](C)CC[NH+]1CCN(CC1)c2nc(c3c(n(nc3n2)c4cccc(c4)F)N)c5ccccc5OC,C37358734,inactive
7853,C[C@@H](c1ccc(cc1)Cl)OC[C@H](C[NH+]2CCC(CC2)NS(=O)(=O)c3ccccc3)O,C32900875,inactive
7854,c1cc(c[nH+]c1)NC(=O)Cc2ccc(cc2)NS(=O)(=O)c3ccc(c(c3)Cl)Cl,C08826196,inactive
7855,C[C@H](C1CCN(CC(F)(F)F)CC1)n1c(C)c(C(=O)NCc2c(Sc3ccccc3)cc(C)[nH]c2=O)c2ccccc12,50541898,active
7856,COc1ccc(cc1)OCCOc2ccc(cc2)/C=C/3\C(=[NH2+])N4C(=NC3=O)SC(=N4)c5ccccc5Cl,C97959130,inactive
7857,COc1ccc(cc1)c2cc([nH+]c3c2c(c(s3)C(=O)Nc4ccc(cc4)Br)N)c5ccc(cc5)OC,C01900849,inactive
7858,c1cc(ccc1[C@@H]2C(=C(C(=O)N2CCCn3cc[nH+]c3)O)C(=O)c4ccc(cc4)Br)Br,C53307673,inactive
7859,c1ccc(cc1)[C@H](C(=O)C2=c3ccccc3=[NH+]C2)[NH+]4CCC(CC4)C(=O)Nc5ccc6c(c5)OCO6,C39734251,inactive
7860,CC(=O)c1cccc(c1)N2C(=O)[C@@H]3[C@@H](N[C@@]([C@@H]3C2=O)(c4ccccc4)C(=O)OC)c5ccc(cc5)[NH+](C)C,C20150811,inactive
7861,Cn1c(cc(n1)c2ccc(c(c2)OC)OC)[C@H]3C[NH+]4CC[C@H]3C[C@@H]4CNC(=S)Nc5ccc(cc5)C#N,C08635530,inactive
7862,CC1(C)CC(CC(C)(C)N1)NC(=O)c1cc(F)c(Oc2ccccc2C#N)c(Br)c1,50010817,active
7863,CCOc1ccc(cc1)NC(=O)CSc2c(c(cc([nH+]2)c3ccc(cc3)OC)c4ccc(cc4)OC)C#N,C08441521,inactive
7864,Cc1cc(C)c(CNC(=O)c2c(C)n([C@@H](C)c3ccccc3)c3ccccc23)c(=O)[nH]1,CHEMBL3605447,active
7865,CCOC(=O)c1ccc(cc1)c2ccc(o2)/C=c\3/c(=[NH2+])n-4[nH]/c(=C/C(=O)N5CCCCC5)/sc4nc3=O,C49678159,inactive
7866,Cc1cc(nc([nH+]1)N[C@H](c2cccc(c2)Cl)c3cc(sc3NC(=O)c4ccco4)C)C,C38547971,inactive
7867,Cc1ccc(c(c1)C(=O)C2=C(C(=O)N([C@@H]2c3ccc(c(c3)OC)OCCC(C)C)Cc4cc[nH+]cc4)O)C,C33698361,inactive
7868,c1cc(cc(c1)[N+](=O)[O-])C(=O)N2CCC[C@@H](C2)C(=O)N[C@@H]3CCCC[C@H]3NC(=O)c4ccc(cc4)F,C34900138,inactive
7869,C[NH+]1CCN(CC1)C(=O)c2c(c3n(n2)[C@@H](C[C@H](N3)c4ccc(cc4)Br)C(F)(F)F)Cl,C06878804,inactive
7870,CC[NH+](CC)CCCN1[C@@H](C(=C(C1=O)O)C(=O)c2ccc3c(c2)C[C@H](O3)C)c4ccc(c(c4)OCC)OCC=C,C97955594,inactive
7871,c1ccc(cc1)[C@H](CNC(=O)CCSCc2[nH]c(=O)c3c4c(sc3n2)CCC4)[NH+]5CCCC5,C32217618,inactive
7872,Cc1cc(C)c(CNC(=O)c2c(C)n(C(C)c3ccccn3)c3ccccc23)c(=O)[nH]1,CHEMBL3605449,active
7873,[H]/N=C\1/C(=C/c2cc(c(c(c2)Cl)OCCOc3ccccc3OC)OCC)/C(=O)N=C4N1N=C(S4)CCC,C08452982,inactive
7874,Cc1ccc(cc1)S(=O)(=O)NCC(=O)N/N=C\c2cn(c3c2cccc3)C[C@H](C[NH+]4CCCCC4)O,C98031627,inactive
7875,Cc1cc(c(s1)SC)[C@@H]2C(=C(N(C3=C2C(=O)CC(C3)(C)C)c4cccc(c4)[N+](=O)[O-])[NH3+])C#N,C02381706,inactive
7876,C/C(=N/Nc1[nH]nc(n1)SCC(=O)Nc2ccccc2C(F)(F)F)/c3cc[nH+]cc3,C59023658,inactive
7877,C[C@@]12CC[C@@H]3[C@@]([C@H]1CC=C4[C@]2(CC[C@@]5([C@H]4[C@@H](C(CC5)(C)C)O)C(=O)O[C@H]6[C@@H]([C@H]([C@@H]([C@H](O6)CO)O)O)O)C)(C[C@H]([C@@H](C3(C)C)O)O)C,C77269370,inactive
7878,c1cc(cc(c1)NC(=O)C(=O)N2CCc3ccc(cc3C2)O)C4SCCCS4,C89779594,inactive
7879,CC(OCc1nccs1)c1c(C)c(cc2cccn12)C(=O)NCc1c(C)cc(C)[nH]c1=O,490140,active
7880,Cc1cc(cc(c1)N2C(=O)[C@@H]3[C@H](N[C@@]4([C@@H]3C2=O)c5ccccc5NC4=O)CC6=c7ccccc7=[NH+]C6)C,C63480108,inactive
7881,C[C@@H]1C[NH+](CCN1c2cccc(c2)OC)CC(=O)Nc3c4cc(ccc4[nH]c3C(=O)OC)Br,C35369363,inactive
7882,Cc1ccc(o1)CNC(=O)c2ccc(cc2)n3cc[nH+]c3SCC(=O)Nc4ccc(cc4)C(=O)C,C96324489,inactive
7883,[H]/[S+]=c/1\nc(c(c(n1C)[O-])C2=[NH+]c3ccccc3S[C@@H](C2)c4ccc(c(c4)OC)O)[O-],C20899218,inactive
7884,CC(=O)O[C@@H]1[C@H]([C@H](O[C@@H]([C@H]1OC(=O)C)OC/C(=N/NC(=O)N)/[C@H]2CC[C@@H]3[C@@]2(CC(=O)[C@@H]4[C@@H]3CC[C@@H]5[C@@]4(CC[C@H](C5)O)C)C)C(=O)OC)OC(=O)C,C98222090,inactive
7885,C[C@H]1C(=c2c(ccc(c2=[NH+]1)Cl)Cl)CC[NH2+]C3(CCCCC3)c4nnnn4c5ccc(cc5)OC,C63514070,inactive
7886,CCN([C@H]1CC[C@@H](CC1)N(C)C)c1cc(cc(C(=O)NCc2c(C)cc(C)[nH]c2=O)c1C)-c1cccc2cccnc12,172146,active
7887,COc1ccc(cc1)[C@H]2[C@@H]3CCCC[C@@]3(CC[NH+]2CC(=O)Nc4c(c5c(s4)CCCC5)C(=O)OC)O,C09318297,inactive
7888,CSCC[C@H](C(=O)N1CCC2(CC1)c3c([nH+]c[nH]3)CCN2)NC(=O)c4ccccc4Br,C25108255,inactive
7889,CCN([C@H]1CC[C@@H](CC1)N(C)C)c1cc(Cl)cc(C(=O)NCc2c(C)cc(C)[nH]c2=O)c1CC,190200,active
7890,Cc1ccc2c(c1)cc(c(n2)OCc3cccc(c3)F)C[NH2+]C[C@H](c4cccc[nH+]4)N5CCOCC5,C23361714,inactive
7891,CC(C)c1ccccc1n2cc[nH+]c2SCC(=O)NCC(=O)Nc3ccccc3Br,C19183712,inactive
7892,Cc1ccc(cc1)NC(=O)CN2c3ccccc3[C@@]4(C2=O)[C@H]5[C@@H]([C@@H]([NH2+]4)CCSC)C(=O)N(C5=O)Cc6ccccc6,C08439516,inactive
7893,Cc1cc(C)c(CNC(=O)c2cc(nc3n(ncc23)C2CCCC2)C2CC(C)(C)NC(C)(C)C2)c(=O)[nH]1,382207,active
7894,c1cc(oc1/C=N/NC(=O)CCCCCCCC(=O)N/N=C\c2ccc(o2)I)I,C97959603,inactive
7895,Cc1cc(ccc1/C(=C\2/[C@@H](N(C(=O)C2=O)CCC[NH+](C)C)c3ccc(cc3)Br)/O)OC(C)C,C08440543,inactive
7896,COc1ccc(cc1OC)CC(=O)Nc2ccc(cc2)Cn3cc([nH+]c3)C(=O)NCc4ccc(cc4)Cl,C49422268,inactive
7897,CCN([C@H]1CC[C@@H](CC1)N(C)C)c1cc(cc(C(=O)NCc2c(C)cc(C)[nH]c2=O)c1C)-c1cncnc1,172144,active
7898,c1ccc(cc1)[C@H](C(=O)Nc2ccc(cc2)Br)NS(=O)(=O)c3cccc4c3nsn4,C09692467,inactive
7899,CNCCN(C)Cc1ccc(cc1)-c1cc(C(=O)NCc2c(C)cc(C)[nH]c2=O)c2cnn(C(C)C)c2n1,382143,active
7900,c1ccn2cc([nH+]c2c1)c3cccc(c3)NC(=O)C[C@@H](c4ccc(cc4)Cl)NC(=O)C(F)(F)F,C08857267,inactive
7901,CN(c1ccccc1)S(=O)(=O)c2cccc(c2)NC(=O)C[NH2+][C@H](c3ccccc3)c4cccs4,C32739773,inactive
7902,Cc1cc(nc2c1ccc(c2)F)c3cc4c(c(c3)O)OCC[NH+](C4)Cc5ccc(cc5O)OC,C12027397,inactive
7903,COc1ccc2CCCN(Cc3c(C)cc(C)[nH]c3=O)C(=O)c2c1Cl,50193714,active
7904,CC[NH+](CC)CCCN1[C@H](C(=C(c2ccc(cc2)OC)O)C(=O)C1=O)c3cccc(c3)Oc4ccccc4,C16732282,inactive
7905,CNC1COC(OC1)[C@@H](C)n1c(C)c(C(=O)NCc2c(SC)cc(C)[nH]c2=O)c2ccccc12,574858,active
7906,CC(c1ccccc1)c1ccc(cc1)C(=O)NCc1c(C)cc(C)[nH]c1=O,50110371,active
7907,CC[NH+]1CCc2c(sc(c2C(=O)NC)NC(=O)c3ccc(cc3)S(=O)(=O)N4CCCCC4)C1,C08920333,inactive
7908,c1ccc(cc1)COc2ccc(cc2)[C@@H]3C[C@H]([NH+]=C4N3NC=N4)c5ccc(cc5)Br,C03642328,inactive
7909,c1ccc(c(c1)[C@H]2N(CCS2)C(=O)CN3CC[NH+](CC3)[C@H](c4ccc(cc4)Cl)C(=O)N)F,C22928846,inactive
7910,C=CCOc1ccc(cc1)/C(=C/2\[C@H](N(C(=O)C2=O)CCCn3cc[nH+]c3)c4cccc(c4)Br)/O,C09174605,inactive
7911,COc1ccc2c(c1)sc(n2)NC(=O)CSC3=N/C(=C/c4cc(c(c(c4)OC)OC)OC)/C(=O)N3c5ccccc5,C08416752,inactive
7912,CCC[NH+](Cc1c(nn(c1Oc2ccc(cc2F)F)c3ccccc3)C)C[C@@H](Cc4ccccc4)O,C36304169,inactive
7913,COc1ccc(c(c1)OC)NC(=O)C2(CCCC2)N(C3CC3)C(=O)CN4C[C@H](NC4=S)c5ccccc5,C08713832,inactive
7914,C[NH+](Cc1cc(ccc1OC)Br)C[C@H](COC(c2ccc(cc2)OC)c3ccc(cc3)OC)O,C03495904,inactive
7915,CN[C@H]1COC[C@H]1c2nc(no2)c3cc(cs3)Br,C90424150,inactive
7916,C[C@@H](C(=O)Nc1ccc(cc1Cl)Cl)NS(=O)(=O)c2ccc(cc2)Cl,C08220340,inactive
7917,CCN(C(=O)C1CC1)c1cc(cc(C(=O)NCc2c(C)cc(C)[nH]c2=O)c1C)-c1ccc(NC(=O)c2cccnc2)cc1,50575214,active
7918,c1ccc(cc1)Oc2cccc(c2)/C=N/Nc3[nH]nc(n3)SCC(=O)NCc4ccc(cc4)Cl,C58994641,inactive
7919,C[C@H]1CCc2c(sc3c2C(=[NH+][C@@H](N3)c4ccc(cc4)OC(=O)/C=C/c5ccc(cc5)OC)O)C1,C15947551,inactive
7920,Cc1cc(c(c(c1)C)S(=O)(=O)NC[C@@H](c2ccc3c(c2)OCO3)[NH+]4CCN(CC4)c5ccccc5F)C,C38620955,inactive
7921,CC(C)Cn1c(c(c2c1[nH+]cc(c2)NCc3ccc(cc3)C#CC(C)(C)O)NC(=O)c4ccoc4)C(=O)OC,C14743937,inactive
7922,C[C@H](C(=O)Nc1cccc(c1)Br)Sc2nnnn2c3ccc(cc3)O,C14922845,inactive
7923,CCN([C@H]1CC[C@@H](CC1)N(C)CCOC)c1cc(Cl)cc(C(=O)NCc2c(C)n(C)[nH]c2=O)c1C,310770,active
7924,CC(C)C[C@@H](C(=O)NCCCOC)NC(=O)[C@@H]1CC2=c3ccccc3=[NH+][C@@H]2[C@@H]4N1C(=O)c5c4cccc5,C63383545,inactive
7925,c1ccc(cc1)CN(c2ccc(cc2)CC(=O)NCc3ccc[nH+]c3)C(=O)c4ccc(cc4Cl)Cl,C34675948,inactive
7926,c1ccc2=[NH+]CC(=c2c1)CCN3C=N[C@@H]4[C@H](C3=O)C5=C(S4)C[C@@H](CC5)NCc6cccc(c6F)F,C64045354,inactive
7927,[H]/N=C\1/C(=C/c2ccc(cc2)OCCOc3cccc(c3)OC)/C(=O)N=C4N1N=C(S4)S(=O)(=O)CC,C41084097,inactive
7928,C[C@]12CC[C@@H](C[C@@H]1C[C@@H]3[C@@H]4[C@@H]2[C@@H]([C@@H]([C@@]5([C@@]4([C@@H](O3)C[C@@H]5C6=CC(=O)OC6)O)C)O)OC(=O)c7ccccc7)OC(=O)c8ccccc8,C98223052,inactive
7929,c1cc(ccc1NC(=O)C(=O)N/N=C/c2ccc(c(c2)Cl)Cl)Br,C13922835,inactive
7930,C[C@H]1C[C@H]2[C@@H]3CC[C@@]([C@]3(C[C@@H]([C@@H]2[C@@]4(C1=CC(=O)C=C4)C)O)C)(C(=O)C[O-])OC(=O)C,C39402613,inactive
7931,CCOc1cc(cc(c1O)/C=N/NC(=O)/C(=C\c2ccc(cc2)N(C)C)/NC(=O)c3ccccc3)[N+](=O)[O-],C38172942,inactive
7932,CC[C@@H](C(=O)Nc1ccc2c(c1)sc(n2)SCC(=O)NCc3ccco3)Sc4[nH+]ccn4C,C59853968,inactive
7933,C[C@](Cc1c[nH]c2c1cccc2)(C(=O)NCC3(CCCCC3)c4ccc(c[nH+]4)OC)NC(=O)Nc5ccc(cc5)[N+](=O)[O-],C03951093,inactive
7934,Cc1c2c(c(c[nH+]1)CO)Cc3c(nc(nc3SCC(=O)Nc4ccccc4)c5cccc(c5)Cl)O2,C09116228,inactive
7935,CCOc1c(cn(c1c2[nH+]c3cc(ccc3n2C)NC(=O)c4ccc(cc4)OC)C)C(=O)N,C36369946,inactive
7936,CCOc1ccc(cc1[N+](=O)[O-])c2c(cn(n2)c3ccccc3)/C=C\4/C(=O)N(C(=S)S4)NC(=O)c5ccc(cc5)C,C98221371,inactive
7937,CCCc1cc(C)[nH]c(=O)c1CNC(=O)c1cc(cc2n(ncc12)C(C)C)-c1ccc(nc1)N1CCNCC1,50536604,active
7938,c1cc(cc(c1)OCc2ccc(cc2)Cl)/C=N/NC(=O)c3c(nnn3c4c(non4)N)C[NH+]5CCCCC5,C02520778,inactive
7939,C[NH+]1CCN(CC1)S(=O)(=O)c2cccc(c2)NC(=O)Cc3csc(n3)c4ccccc4Cl,C72028484,inactive
7940,Cc1cc(C)c(CNC(=O)c2cc3[C@@H]4CCC[C@]4(C)Oc3c(c2)-c2ccc(nc2)N2CCNCC2)c(=O)[nH]1,359805,active
7941,c1ccc(c(c1)c2nnc(n2N)SCC(=O)N3CC[NH+](CC3)[C@@H]4CCS(=O)(=O)C4)Cl,C25445146,inactive
7942,c1ccc(cc1)C[NH2+][C@@H]2CC(=O)N(C2=O)c3ccc(cc3)N4C(=O)C[C@@H](C4=O)[NH2+]Cc5ccccc5,C13388233,inactive
7943,COc1ccc(cc1)C[NH+]2CCc3cc(c(cc3[C@H]2CNS(=O)(=O)c4ccc(cc4)Cl)OC)OC,C36048568,inactive
7944,CSc1cc(C)[nH]c(=O)c1CNC(=O)c1c(C)n([C@H](C)C23CC(C2)(C3)N(C)CC(F)(F)F)c2ccccc12,574848,active
7945,COc1ccc(cc1NS(=O)(=O)c2cc(ccc2F)F)S(=O)(=O)Nc3ccccc3Cl,C20627808,inactive
7946,c1ccc(cc1)C(=O)N2CCN(CC2)c3ccc(cc3)NC(=S)NC(=O)c4ccc5c(c4)nsn5,C57313956,inactive
7947,CCOC(=O)c1c(n(c2c1c3cc(ccc3c(c2O)/N=[NH+]\C(=O)N)Br)C)CN(C)C,C12470955,inactive
7948,COC(=O)C[NH2+][C@@H](c1ccccc1Cl)c2cc(ccc2NC(=O)c3ccccc3)Br,C01193951,inactive
7949,CCCOc1ccc(cc1)C(=O)Oc2ccc(cc2/C=N/NC(=O)c3ccc(cc3)OCc4ccc(cc4)Cl)Br,C04365658,inactive
7950,CCN(C1CCSCC1)c1cc(cc(C(=O)NCc2c(C)cc(C)nc2=O)c1C)-c1ccc(CN2CCOCC2)cc1,172126,active
7951,c1ccc(cc1)c2ccc([nH+]n2)N3CCC[C@H](C3)C(=O)Nc4ccc(cc4)S(=O)(=O)/N=c/5\[nH]ccs5,C22480806,inactive
7952,CN(C1CCOCC1)c1cc(cc(C(=O)NCc2c(C)cc(C)nc2=O)c1C)-c1cnn(CCN2CCOCC2)c1,514149,active
7953,Cc1ccc(cc1)NC2=Nc3ccccc3N4C2=[NH+]c5c(c(nn5c6ccccc6)C)[C@@H]4c7ccc(cc7)C(=O)OC,C01871414,inactive
7954,CC1(CC(CC([NH2+]1)(C)C)NC(=S)N(Cc2ccc(cc2)OC)Cc3cc(c(cc3OC)OC)OC)C,C21263693,inactive
7955,CCCC1=C2[C@H](C(=C(O[C@@H]2N=N1)[NH3+])C#N)c3cc(c(c(c3)Br)OCc4ccccc4)OC,C39243288,inactive
7956,COc1ccc(c(c1)OC)c2cc(c3c(c(sc3[nH+]2)C(=O)N4CCc5ccccc5C4)N)C(F)(F)F,C00804139,inactive
7957,Cc1cc(C)c(CNC(=O)c2cc(-c3ccc(CN4CCOCC4)nc3)cc(N(C)[C@H]3CC[C@@H](N)CC3)c2C)c(=O)[nH]1,CHEMBL3697440,active
7958,c1ccc2c(c1)nc(s2)n3c(=O)c(c([nH]3)CSc4ccc(cc4)Cl)/C=N/CCc5c[nH+]c[nH]5,C18244261,inactive
7959,c1ccc(c(c1)C(=O)NNC(=O)c2ccccc2Cl)NS(=O)(=O)c3cccs3,C14805180,inactive
7960,COc1cc2cc[nH+]c(c2cc1OC)Cc3cc(c(cc3NC(=O)c4c(c5ccccc5s4)Cl)OC)OC,C02362753,inactive
7961,c1ccc2=[NH+]CC(=c2c1)C[C@@H]3[C@H]4[C@H](C(=O)N(C4=O)C[C@@H]5CCCO5)[C@]6(N3)c7cc(ccc7NC6=O)F,C63480038,inactive
7962,COc1cc(C)[nH]c(=O)c1CN1CCN(C)c2ccc(-c3c(C)noc3C)c(Cl)c2C1=O,CHEMBL5079717,active
7963,COc1ccc(cc1COc2ccccc2C(=O)N)/C=N\NS(=O)(=O)c3cc(ccc3Cl)Cl,C32575548,inactive
7964,CCN([C@H]1CC[C@@H](CC1)N(C)C)c1cc(cc(C(=O)NCc2c(C)cc(C)[nH]c2=O)c1C)C#CCN1CCC[C@H](O)C1,601740,active
7965,CCOc1cc2c(cc1C/[NH+]=C(/c3cc(c(cc3Cl)Cl)S(=O)(=O)NC4CC4)\O)O[C@@H](C2)C,C09640996,inactive
7966,CC(C)CC(=O)Nc1ccc(cc1)NC(=O)CCCCCCCC(=O)Nc2ccc(cc2)NC(=O)CC(C)C,C09260287,inactive
7967,CC(C)(C)NC(=O)c1ccc2c(c1)[C@H]3C=CC[C@H]3[C@H](N2)c4cc(c(c(c4)OC)OC)OC,C20683876,inactive
7968,c1cc(ccc1C2(CC2)C(=O)NC3CCCCCC3)NS(=O)(=O)c4ccc5c(c4)CCCC5,C33115390,inactive
7969,Cc1c(nc(s1)NC(=O)[C@@H]2CS[C@]3(N2C(=O)CC3)C)c4ccc(cc4)OC,C07670632,inactive
7970,C[C@H](C(=O)NC1=c2cc(ccc2=[NH+][C@H]1C(=O)OC)Br)[NH+]3CCN(CC3)c4ccccc4OC,C38609935,inactive
7971,c1cc(cc(c1)C(=O)N2CCCN(CC2)C(=O)N)CSc3cc(ccc3Cl)Cl,C78503258,inactive
7972,Cc1ccccc1CN2c3ccccc3-c4c(cnc(n4)SCC(=O)NCCc5ccccc5)S2(=O)=O,C08673231,inactive
7973,Cc1cccc(c1)COc2ccc(cc2)C(=C3[C@H](N(C(=O)C3=O)Cc4cc[nH+]cc4)c5ccccc5F)O,C09461086,inactive
7974,CCOc1cc(cc(c1OCc2ccc(cc2Cl)Cl)Br)CNn3cnnc3SCc4ccc(cc4)F,C08443900,inactive
7975,C[C@H](C(=O)N/N=C/c1ccc(cc1)OC(=O)c2ccccc2I)Oc3ccc(cc3)[N+](=O)[O-],C04372907,inactive
7976,CCOc1ccc(cc1)C(=O)C2=C(C(=O)N([C@H]2c3cccc(c3)O)c4ccc(cc4)Br)O,C05921533,inactive
7977,CCc1c(c(n(n1)c2ccccc2)Oc3ccc(cc3)C)C[NH+](CCOC)C[C@@H](Cc4ccccc4)O,C36303042,inactive
7978,C[C@H]1CC[C@@]23CCC(=O)[C@H]2[C@]1([C@@H](C[C@@]([C@H]([C@@H]3C)O)(C)C=C)OC(=O)CSC(C)(C)CNC(=O)[C@@H](C(C)C)[NH3+])C,C77320005,inactive
7979,c1ccc(cc1)C(c2ccccc2)NC(=O)[C@@H](c3ccc(cc3Cl)Cl)NC(=O)c4ccccn4,C03146998,inactive
7980,CC(C)COC[C@H](C[NH+](Cc1[nH]c(=O)c2c(csc2n1)c3ccccc3F)C4CCCCC4)O,C36206263,inactive
7981,CS(=O)(=O)Nc1ccccc1NS(=O)(=O)c2cccc(c2)Br,C36833085,inactive
7982,CN(C)c1ccc(c[nH+]1)NC(=O)[C@@H](Cc2ccccc2)NS(=O)(=O)c3cccc4c3nsn4,C32889610,inactive
7983,C[NH+]1CCc2cc3c(c(c2[C@H]1c4nnnn4c5ccc(cc5)C(=O)N/N=C/c6ccc(cc6)N(C)C)OC)OCO3,C70670100,inactive
7984,Cc1cc(C)c(CNC(=O)c2cc(Br)nc3c2cnn3C2CCN(C(=O)OC(C)(C)C)CC2)c(=O)[nH]1,CHEMBL3771135,active
7985,c1cc(cc(c1)Br)CS(=O)(=O)c2[nH]c3cccnc3n2,C02504098,inactive
7986,Cn1c(=O)c2c3c(sc2nc1SCC(=O)Nc4ccc5c(c4)sc(n5)SCC(=O)OC)CCCC3,C02189393,inactive
7987,c1ccc2c(c1)ccc3c2c(co3)CC(=O)Nc4c(c5c(s4)CCCC5)C(=O)NCc6ccc[nH+]c6,C39882956,inactive
7988,COc1ccc(cc1)C[NH+]2CCc3cc(c(cc3[C@@H]2CNS(=O)(=O)c4ccc(cc4)OC)OC)OC,C36048571,inactive
7989,c1ccc(c(c1)Cn2c3ccccc3nc2SCC(=O)N/N=C/c4cc(cc(c4O)I)I)Cl,C05318875,inactive
7990,COC1CN(C1)C1CCC(CC1)N(C)c1cc(C(=O)NCc2c(C)cc(C)[nH]c2=O)c(C)c2n(C)ncc12,516878,inactive
7991,c1ccc2c(c1)nc(n2C[C@@H](C[NH+]3CCN(CC3)C[C@H](Cn4c5ccccc5nc4C(F)(F)F)O)O)C(F)(F)F,C98048156,inactive
7992,Cc1c(c(n(n1)Cc2ccc(c(c2)Cl)Cl)C)NC(=O)c3cnn4c3nc(cc4C(F)(F)F)c5ccccc5OC,C59620562,inactive
7993,Cc1ccccc1COc2ccc(cc2)C(=O)C3=C(C(=O)N([C@@H]3c4ccc(cc4)Cl)CCC[NH+](C)C)O,C35445237,inactive
7994,Cc1cc(Cl)c(CNC(=O)c2c(C)n([C@H](C)C3CCN(CC(F)(F)F)CC3)c3ccccc23)c(=O)[nH]1,CHEMBL4632988,active
7995,COC1CC(C1)N1CCC(CC1)[C@@H](C)n1c(C)c(C(=O)NCc2c(SC)cc(C)[nH]c2=O)c2ccccc12,575020,active
7996,CC[NH+]1CCN(CC1)c2ccc(cc2)NC(=S)NC(=O)c3cc(c(c(c3)OCC)OCC)OCC,C04123075,inactive
7997,COc1cc(cc(c1OC)OC)/C=N\c2ccc(cc2[C@@H](c3ccccc3Cl)NCC(=O)OC)Br,C97997082,inactive
7998,CCc1ccccc1NC(=O)CN(C)C(=O)[C@@H](C)[NH+](C)CC(=O)Nc2ccc(cc2)OC(F)(F)F,C25182272,inactive
7999,Cn1c2c(c(=O)[nH]c1=O)n(c([nH+]2)SCCO)C[C@@H](COc3ccc(cc3)Cl)O,C02373214,inactive
8000,COC(=O)CC[C@H](C(=O)OC)NC(=O)N1CCc2c([nH]c[nH+]2)[C@@H]1c3ccc(cc3F)Br,C36579970,inactive
8001,Cc1cccc(c1)C2=NN3C(=[NH2+])/C(=C\c4cc(c(c(c4)OC)OCCOc5ccccc5Cl)OC)/C(=O)N=C3S2,C97958810,inactive
8002,Cc1c2c(c(c[nH+]1)CO)Cc3c(nc(nc3SCC(=O)Nc4ccc(cc4)F)c5ccccc5OC)O2,C09116186,inactive
8003,C[NH+](C)c1ccc(cc1)[C@H](CNc2ccc(cn2)S(=O)(=O)N3CCCC3)C4=c5ccccc5=[NH+]C4,C63228973,inactive
8004,CSc1cc(C)[nH]c(=O)c1CNC(=O)c1c(C)n([C@H](C)CO)c2ccccc12,574880,active
8005,Cc1ccc2c(cc(=O)oc2c1)CC(=O)Nc3ccc(cc3)S(=O)(=O)Nc4cc(nc(n4)C)C,C09565573,inactive
8006,C[C@H](Cc1ccccc1)NC(=O)CSc2nc3c(c4c(s3)COC(C4)(C)C)c(=O)n2c5ccc(cc5)OC,C97952352,inactive
8007,c1ccc2=[NH+]C([NH+]=c2c1)CNC(=O)C3=CN(CC(=C3[O-])C(=O)NC4CCCCCC4)C5CC5,C64053325,inactive
8008,COc1ccc(c(c1)OC)NC(=O)CSc2c(nc(o2)c3ccccc3)S(=O)(=O)c4ccc(cc4)Cl,C02721631,inactive
8009,c1cc(ccc1C[C@H]2C(=O)NC(=O)N(C2=O)CCNc3c(cc(c[nH+]3)C(F)(F)F)Cl)Cl,C03105951,inactive
8010,c1cc(ccc1C2=C[C@@H](N=N2)[C@@H]3N=N[C@@H](N3[NH3+])SCC(=O)Nc4cc(ccc4Cl)C(F)(F)F)F,C39592638,inactive
8011,CCN(C1CCOCC1)c1cc(cc(C(=O)NCc2c(C)cc(C)[nH]c2=O)c1C)-c1cnc(cn1)C(F)(F)F,601724,active
8012,C[C@H](C(=O)Nc1ccc(cc1)S(=O)(=O)N)Sc2ccc(cc2)NC(=O)c3ccc(cc3)[N+](=O)[O-],C22822480,inactive
8013,C[C@]1(CC(=O)[C@H]([C@@H]([C@@H]1C(=O)Nc2ccccc2OC)c3cccc[nH+]3)C(=O)Nc4ccccc4OC)O,C41006179,inactive
8014,C[C@H](C1CCN(CC2(C)CCC2)CC1)c1sc2CCCN(Cc3c(C)cc(C)[nH]c3=O)C(=O)c2c1C,439192,active
8015,Cn1c2c(c(=O)[nH]c1=O)n(c(n2)N/N=C/c3ccc(cc3)Br)C[C@@H](COc4ccc(cc4)Cl)O,C05351550,inactive
8016,COc1ccc(cc1)[C@@H]2c3c(c4ccccc4[nH]3)C[C@@H]5N2C(=O)CN(C5=O)CCc6c[nH]c7c6cccc7,C02147809,inactive
8017,CCS(=O)(=O)N1CCC([C@@H](C)n2c(C)c(C(=O)NCc3c(OCC(F)(F)F)cc(C)[nH]c3=O)c3ccccc32)CC1,CHEMBL3605459,active
8018,CCCN1c2ccccc2[C@]3(C1=O)C(=C(N(C4=C3C(=O)CCC4)c5ccc(cc5)F)N)C#N,C13567612,inactive
8019,CC(=O)c1ccc(cc1)NC(=O)N2C[C@@H]3C[C@H](C2)c4ccc(c(=O)n4C3)NC(=O)C[NH+](C)C,C05413680,inactive
8020,c1cc(cc(c1)[N+](=O)[O-])/C=C/C(=O)NCC[NH+]2CCN(CC2)c3nc4ccc(cc4s3)Br,C38774038,inactive
8021,CCC[NH+]1CCc2c(sc(c2C(=O)OCC)NC(=O)CCCS(=O)(=O)c3ccc(cc3)Cl)C1,C09914549,inactive
8022,COc1ccc(cc1)/C=N\Nc2c(=O)n(c3c([nH+]2)cccn3)CCNc4c(cc(cn4)C(F)(F)F)Cl,C33929676,inactive
8023,c1ccc(cc1)c2cnc(c3c2nc(cc3)C(F)(F)F)N4CC[NH+](CC4)CCNc5c6c([nH]cn6)ncn5,C24912825,inactive
8024,CCN([C@H]1CC[C@@H](CC1)N(C)C)c1cc(cc(C(=O)NCc2c(C)cc(C)[nH]c2=O)c1C)-c1ccc(CN2CC[C@H](O)C2)nc1,601730,active
8025,c1ccc(c(c1)c2ccc(o2)[C@H]3[C@@H]([C@@](NC(=[NH+]3)O)(C(F)(F)F)O)C(=O)c4ccc(cc4)F)[N+](=O)[O-],C08691773,inactive
8026,C=C1C([C@@H](C2C(=N1)C[C@H](CC2=O)c3ccccc3)c4ccc(o4)c5cccc(c5)Cl)C(=O)Nc6cccc[nH+]6,C08440202,inactive
8027,Cc1cc(nc2c1cc(cc2)N/C(=[NH+]/CC[NH+]3CCc4ccccc4C3)/[S-])N5CC[NH+](CC5)C,C15961505,inactive
8028,CC(C)n1ncc2c(cc(nc12)C1=CCN(CC1)C(=O)C1CCN(C)CC1)C(=O)NCc1c(C)cc(C)[nH]c1=O,325940,active
8029,Cc1ccc(cc1NS(=O)(=O)c2ccc(cc2)NC(=O)CN(c3cccc(c3)C(=O)C)S(=O)(=O)C)Cl,C59626705,inactive
8030,CCOc1ccc(cc1)/N=c/2\c(cc3c(c[nH+]c(c3o2)C)CO)C(=O)Nc4ccc(cc4)Br,C02955719,inactive
8031,CCC[NH+](CCC)CN1c2ccc(cc2/C(=N\NC(=O)CO/N=C/c3ccccc3)/C1=O)Br,C13943971,inactive
8032,CSc1cc(C)[nH]c(=O)c1CNC(=O)c1c(C)n([C@H](C)C2CN(CC(F)(F)F)C2)c2ccccc12,574908,active
8033,CCc1ccccc1NC(=O)CSc2c3c(nc(n2)c4ccccc4F)Oc5c([nH+]cc(c5C3)CO)C,C09116317,inactive
8034,c1cc(ccc1[C@@H]2C(=C(C(=O)N2CCC[NH+]3CCOCC3)O)C(=O)c4ccc(cc4)Br)Cl,C09310105,inactive
8035,COc1cccc(c1)C[NH+]2CCc3cc(c(cc3[C@H]2CNC(=S)NC4CC4)OC)OC,C36040827,inactive
8036,CCc1nnc(s1)NC(=O)CSc2nnc(n2N)NN=C(Cc3ccccc3)Cc4ccccc4,C20918758,inactive
8037,c1cc[nH+]c(c1)CN(Cc2ccc(c(c2)Cl)Cl)C(=O)CCCOc3ccc4c(c3)CCC(=O)N4,C72052650,inactive
8038,Cc1ccc(cc1)S(=O)(=O)N[C@H](Cc2ccccc2)C(=O)N[C@H](CC3=c4ccccc4=[NH+]C3)C(=O)OC,C63761415,inactive
8039,Cc1c2c(n(n1)c3ccccc3)[NH+]=C4C(=Nc5ccccc5N4[C@H]2c6ccc(cc6)C(=O)OC)Nc7cccc(c7)F,C01871813,inactive
8040,c1ccc(cc1)N(c2nc(nc(n2)N/N=C/c3c(cccc3)Br)N/N=C/c4c(cccc4)Br)c5ccccc5,C95100420,inactive
8041,CC1=NC2=C([C@H](C1C(=O)Nc3ccc(c[nH+]3)Br)c4ccccc4OC)C(=O)CC(C2)(C)C,C09861114,inactive
8042,c1cc(ccc1N2C(=O)/C(=C/c3cc(ccc3O)Cl)/C(=O)NC2=O)Br,C83327232,inactive
8043,CCOc1ccc(cc1)n2c(=[NH2+])c3c(n[nH]c3nc2SCC(=O)NCCc4ccc(c(c4)OC)OC)C,C02927228,inactive
8044,CCCCCOc1ccc(cc1OCC)[C@H]2C(=C(C(=O)N2CC[NH+](C)C)O)C(=O)c3c(nc4n3cccc4)C,C35420000,inactive
8045,c1cc2n(c(=O)c1)C[C@@H]3C[C@H]2CN(C3)c4ccc(cc4/N=C(/c5cccnc5)\O)/C(=[NH+]/Cc6cccs6)/O,C34858102,inactive
8046,Cc1ccccc1COc2ccc(cc2)C(=C3[C@@H](N(C(=O)C3=O)CCCn4cc[nH+]c4)c5cccs5)O,C09425081,inactive
8047,C[C@H]1Cc2cc(ccc2N1C(=O)C)S(=O)(=O)N[C@H](Cc3ccccc3)C(=O)NC4CCC(CC4)C,C09429002,inactive
8048,c1cc(ccc1CS(=O)(=O)N)NC(=O)[C@H]2CCCN2S(=O)(=O)c3ccc(s3)Cl,C25584125,inactive
8049,CN1CCCc2c1ccc(c2)[C@@H](CNC(=O)c3ccc(cc3)S(=O)(=O)N4CCCCC4)[NH+]5CCCCC5,C38671085,inactive
8050,Cc1cc(c(n1c2ccccc2C(F)(F)F)C)/C=N/NC(=O)C(=O)Nc3cccc4c3cccc4,C02966646,inactive
8051,COc1c(ccc2c1nc(s2)N3CC[NH+](CC3)CCNC(=O)CSc4ccc(cc4)Cl)Cl,C38791176,inactive
8052,C/C(=N/NC(=[NH2+])S[C@@H]1CC(=O)N(C1=O)c2ccc(cc2)OC)/c3ccc(cc3)C4CCCCC4,C83261323,inactive
8053,CCOc1ccc(cc1)NS(=O)(=O)c2cccc(c2)C(=O)NC[C@@H](c3ccco3)[NH+]4CCCC4,C17702374,inactive
8054,c1ccc(cc1)Cn2c(=O)c3ccccc3c(n2)C(=O)N4Cc5ccccc5C[C@H]4C(=O)N,C09741603,inactive
8055,CCN([C@H]1CC[C@@H](CC1)N(C)C)c1cc(Cl)cc(C(=O)NCc2cn(C)[nH]c2=O)c1C,310744,active
8056,CC(C)N1CCN(CC1)c1ccc(cn1)-c1cc(C(=O)NCc2c3CCCc3c(C)[nH]c2=O)c2cnn(C(C)C)c2c1,50536567,active
8057,CCOC(=O)C1=C(NC(=[NH+][C@H]1c2cn(nc2c3ccc(c(c3)Br)OC)c4ccccc4)O)C,C13581782,inactive
8058,Cc1cc(C)c(CNC(=O)c2cc(Br)nc3n(ncc23)C2CCOCC2)c(=O)[nH]1,50149879,active
8059,CC(C)Oc1ccc(cc1)[C@@H]2[C@H]3CN(CC=C3C(=C(C2(C#N)C#N)[NH3+])C#N)C(=O)OCc4ccccc4,C20058116,inactive
8060,Cc1c(sc(n1)NC(=O)CSc2nnc(n2N)C(C)C)C(=O)C,C05605591,inactive
8061,CC[NH+](CC)c1ccc(cc1)N2C(=O)[C@@H]3[C@H]4C=C[C@@H]([C@H]3C2=O)[C@@H]5[C@@H]4C(=O)N(C5=O)c6ccc(cc6)N(CC)CC,C08399747,inactive
8062,COc1cccc(C(=O)NCc2c(C)cc(C)[nH]c2=O)c1F,CHEMBL3964489,inactive
8063,[H]/N=C\1/C(=C/c2cc(ccc2OCc3ccccc3F)Br)/C(=O)N=C4N1N=C(S4)CCCCCCC,C08452988,inactive
8064,C/C(=N/Nc1[nH]nc(n1)SCC(=O)Nc2nnc(s2)SCc3ccccc3)/c4cc[nH+]cc4,C59023859,inactive
8065,Cc1cccc(c1)COc2ccc(cc2)C(=O)C3=C(C(=O)N([C@H]3c4cccs4)c5nc(c(s5)C(=O)C)C)O,C98048011,inactive
8066,CCN([C@H]1CC[C@@H](CC1)N(C)Cc1cccc(OC)c1)c1cc(Cl)cc(C(=O)NCc2c(OC)nn(C)c2N2CCCCC2)c1C,310797,inactive
8067,Cc1c(c2c(c(sc2[nH+]c1C)C(=O)N(C)CCOC(=O)c3c(c4c(c(c(nc4s3)C)C)C)N)N)C,C12372285,inactive
8068,COc1ccc(cc1)NC(=O)[C@H](c2ccc(cc2)F)N(Cc3ccc(cc3)Cl)C(=O)CN4c5ccccc5C(=O)C4=O,C08713459,inactive
8069,C/C(=N/N=C\1/NC(=O)C[C@H](S1)C(=O)Nc2ccc(cc2)Cl)/C=C/c3ccc(cc3)[NH+](C)C,C15974244,inactive
8070,c1ccc(cc1)CCNC(=S)N(CC[NH+]2CCOCC2)Cc3cc4cc5c(cc4nc3O)OCO5,C06446449,inactive
8071,CCOc1ccccc1c2nc(cs2)CC(=O)Nc3nc(cs3)c4c[nH]c5c4cccc5,C10188520,inactive
8072,CCCOc1ccc(cc1)[C@@H]2C(=C(C(=O)N2CCC[NH+](CC)CC)O)C(=O)c3cc4cccc(c4o3)OC,C33813694,inactive
8073,CCN(CC)S(=O)(=O)c1cccc(c1)C(=O)N[C@H](c2ccccc2)c3ccc4c(c3)[nH]c[nH+]4,C12540129,inactive
8074,CC(=O)O[C@]12[C@@H]3[C@@H](C[C@@]([C@@H]3OC(=O)c4ccccc4)([C@@H]([C@@H]1O)OC)O)[C@]56[C@H](CC[C@@]7([C@H]5[C@H]([C@H]2[C@H]6N(C7)C)OC)COC)OC,C77301157,inactive
8075,CCN([C@H]1CC[C@@H](CC1)NC(C)=O)c1cc(cc(C(=O)NCc2c(C)cc(C)nc2=O)c1C)-c1ccc(CN2CCOCC2)cc1,172123,active
8076,COc1cc(ccc1OCCBr)/C=N/Nc2cc(nc([nH+]2)N3CCCCC3)N4CCCCC4,C41078039,inactive
8077,CCCOc1c(cccc1OC)[C@H]2C3=C(C[C@@H](CC3=O)c4ccc(cc4)C)Nc5ccccc5N2,C21229627,inactive
8078,Cc1ccc(cc1)NC(=O)[C@@H](CC2=c3ccccc3=[NH+]C2)NC(=O)C(c4ccccc4)c5ccccc5,C63503194,inactive
8079,CN(c1ccccc1C(=O)Nc2ccc(cc2)S(=O)(=O)NCC(F)(F)F)C(=O)c3cccs3,C25710030,inactive
8080,Cn1c2ccc(cc2nc1SCC(=O)N[C@H]3CCCc4c3cccc4)S(=O)(=O)N,C32946582,inactive
8081,COc1ccc(cc1)CC/[NH+]=C(/Nc2ccc(cc2)F)\S[C@H]3CC(=O)N(C3=O)c4ccccc4OC,C59446181,inactive
8082,C[C@H](C1CCN(CC(F)(F)F)CC1)n1c(C)c(C(=O)NCc2c(SC(F)F)cc(C)[nH]c2=O)c2ccccc12,574975,active
8083,CCCc1cc(C)[nH]c(=O)c1CNC(=O)c1cc2CC(C)(Oc2c(c1)-c1cnc(nc1)N1CCNCC1)C(C)=C,359846,active
8084,COc1ccc2c(c1)c3c([nH]2)[C@H]4C[C@H]5[C@@H](C[C@@H]([C@@H]([C@@H]5C(=O)OC)OC)OC(=O)c6cc(c(c(c6)OC)OC)OC)C[NH+]4CC3,C05062979,inactive
8085,c1ccc(cc1)COc2ccccc2/C=N/NC(=O)C(=O)Nc3cccc(c3Cl)Cl,C43190583,inactive
8086,Cc1ccc(cc1)C2=N[C@@H](SC2)NC(=O)CCc3nc(no3)CS[C@@H]4[NH+]=c5ccc(cc5=[NH+]4)C,C64604228,inactive
8087,C[NH+](Cc1cccc(c1)OCCN2CCN(CC2)S(=O)(=O)c3cccc(c3)Cl)C[C@H]4CCC(=O)N4,C14986809,inactive
8088,Cc1c(c(=O)n(n1C)c2ccccc2)/[NH+]=C/c3cc(c(c(c3)I)O)OC,C01501984,inactive
8089,CCCc1cc(C)[nH]c(=O)c1CNC(=O)c1cc(C2CCNCC2)cc2c1cnn2C(C)C,CHEMBL4569399,active
8090,COc1ccc(cc1OC)NC(=O)NC[C@H](c2ccc3c(c2)OCO3)[NH+]4CCN(CC4)c5ccccc5F,C38621300,inactive
8091,COc1cc(cc(c1OC)OC)/C=N\NC(=O)CSc2[nH+]c3ccccc3n2Cc4ccccc4Cl,C33341953,inactive
8092,C[C@H]1CCCC[NH+]1CCNC(=O)c2ccc(cc2)NC(=O)c3nnc(s3)COc4ccc(cc4)F,C33032335,inactive
8093,CCc1ccccc1NC(=O)C[NH+](C)[C@@H](C)C(=O)Nc2ccc(c(c2)C(F)(F)F)Cl,C14123419,inactive
8094,CC[NH+](CC)CCN1[C@@H](C(=C(C1=O)O)C(=O)c2c(n3cccc(c3n2)C)C)c4ccc(cc4)Br,C35484492,inactive
8095,CCN([C@H]1CC[C@@H](CC1)N(C)C)c1cc(Br)c(C)c(C(=O)NCc2c(C)cc(C)[nH]c2=O)c1C,190209,active
8096,Cc1cc(c(n1c2ccc(c(c2)Cl)Cl)C)C=NNC(=O)CN(CCc3ccccc3)S(=O)(=O)c4ccc(cc4)Cl,C08450492,inactive
